{
"type": "FeatureCollection",
"name": "geofence_heatmaps_mask",
"crs": { "type": "name", "properties": { "name": "urn:ogc:def:crs:OGC:1.3:CRS84" } },
"features": [
{ "type": "Feature", "properties": { "_uid0_": 1 }, "geometry": { "type": "MultiPolygon", "coordinates": [ [ [ [ -180.0, 90.0 ], [ 180.0, 90.0 ], [ 180.0, -90.0 ], [ -180.0, -90.0 ], [ -180.0, 90.0 ] ], [ [ 10.469652, 46.854909 ], [ 10.480527, 46.858156 ], [ 10.481961, 46.855096 ], [ 10.494461, 46.851578 ], [ 10.498478, 46.848021 ], [ 10.520761, 46.845763 ], [ 10.552405, 46.85001 ], [ 10.554971, 46.848628 ], [ 10.556035, 46.846843 ], [ 10.552405, 46.842568 ], [ 10.550905, 46.840559 ], [ 10.552405, 46.839494 ], [ 10.569065, 46.842213 ], [ 10.576198, 46.847261 ], [ 10.589487, 46.850557 ], [ 10.59595, 46.85698 ], [ 10.611852, 46.859384 ], [ 10.624282, 46.864407 ], [ 10.651011, 46.866165 ], [ 10.667369, 46.87549 ], [ 10.672942, 46.870849 ], [ 10.688281, 46.867759 ], [ 10.69342, 46.864508 ], [ 10.695225, 46.852899 ], [ 10.698457, 46.850383 ], [ 10.715195, 46.846354 ], [ 10.723495, 46.838443 ], [ 10.754916, 46.832415 ], [ 10.763847, 46.822628 ], [ 10.754916, 46.816764 ], [ 10.751085, 46.814248 ], [ 10.742886, 46.802649 ], [ 10.726094, 46.797845 ], [ 10.73033, 46.78833 ], [ 10.754916, 46.785617 ], [ 10.757031, 46.785384 ], [ 10.778507, 46.791239 ], [ 10.785925, 46.795814 ], [ 10.797321, 46.789989 ], [ 10.814308, 46.775677 ], [ 10.826474, 46.773843 ], [ 10.832601, 46.780342 ], [ 10.838291, 46.781777 ], [ 10.853255, 46.774241 ], [ 10.866308, 46.772192 ], [ 10.870862, 46.76562 ], [ 10.885862, 46.763167 ], [ 10.895047, 46.769239 ], [ 10.899715, 46.768933 ], [ 10.906128, 46.768684 ], [ 10.920162, 46.775061 ], [ 10.928549, 46.773328 ], [ 10.950831, 46.774811 ], [ 10.99542, 46.76729 ], [ 11.013473, 46.771532 ], [ 11.02225, 46.76541 ], [ 11.036063, 46.793063 ], [ 11.04312, 46.800826 ], [ 11.040616, 46.805178 ], [ 11.05654, 46.808579 ], [ 11.074025, 46.819629 ], [ 11.082425, 46.822026 ], [ 11.078412, 46.832905 ], [ 11.071286, 46.838367 ], [ 11.074186, 46.84351 ], [ 11.071869, 46.854927 ], [ 11.078944, 46.860604 ], [ 11.089078, 46.878529 ], [ 11.100539, 46.888601 ], [ 11.097289, 46.892425 ], [ 11.09923, 46.899369 ], [ 11.095357, 46.907747 ], [ 11.096578, 46.912433 ], [ 11.1095, 46.916821 ], [ 11.110218, 46.926092 ], [ 11.114575, 46.930637 ], [ 11.139709, 46.928156 ], [ 11.155945, 46.934867 ], [ 11.168126, 46.945038 ], [ 11.16335, 46.949553 ], [ 11.164282, 46.965722 ], [ 11.175185, 46.963181 ], [ 11.188171, 46.969772 ], [ 11.196146, 46.969941 ], [ 11.20235, 46.96797 ], [ 11.207432, 46.963131 ], [ 11.221719, 46.969179 ], [ 11.241653, 46.969665 ], [ 11.24337, 46.970847 ], [ 11.244397, 46.971989 ], [ 11.249286, 46.974179 ], [ 11.256062, 46.974572 ], [ 11.26268, 46.980135 ], [ 11.275835, 46.980443 ], [ 11.286265, 46.984606 ], [ 11.288699, 46.985578 ], [ 11.306374, 46.98393 ], [ 11.319988, 46.991837 ], [ 11.338363, 46.985185 ], [ 11.345696, 46.990107 ], [ 11.359092, 46.990198 ], [ 11.375868, 46.979004 ], [ 11.382209, 46.971052 ], [ 11.402169, 46.965138 ], [ 11.416812, 46.966847 ], [ 11.43488, 46.974093 ], [ 11.441973, 46.976606 ], [ 11.452906, 46.99193 ], [ 11.460002, 46.99196 ], [ 11.468611, 46.99516 ], [ 11.470113, 47.002061 ], [ 11.480286, 47.010793 ], [ 11.500474, 47.009416 ], [ 11.512823, 47.004567 ], [ 11.517279, 46.999855 ], [ 11.532125, 46.991678 ], [ 11.538537, 46.984082 ], [ 11.551929, 46.989831 ], [ 11.579056, 46.996377 ], [ 11.582036, 47.002004 ], [ 11.589901, 47.005395 ], [ 11.593353, 47.005752 ], [ 11.599346, 47.005503 ], [ 11.604065, 47.006928 ], [ 11.605511, 47.008486 ], [ 11.607633, 47.009069 ], [ 11.609823, 47.011018 ], [ 11.616238, 47.012596 ], [ 11.621614, 47.011404 ], [ 11.62437, 47.01276 ], [ 11.6272, 47.013299 ], [ 11.636639, 47.003006 ], [ 11.663293, 46.99297 ], [ 11.689088, 46.994988 ], [ 11.710693, 46.992374 ], [ 11.727761, 46.973526 ], [ 11.747029, 46.968872 ], [ 11.764935, 46.973556 ], [ 11.771629, 46.983764 ], [ 11.775171, 46.986435 ], [ 11.782268, 46.991787 ], [ 11.809616, 46.990198 ], [ 11.83534, 46.993093 ], [ 11.843801, 47.000784 ], [ 11.852712, 47.00083 ], [ 11.867911, 47.01104 ], [ 11.874046, 47.010078 ], [ 11.878822, 47.015784 ], [ 11.892168, 47.016779 ], [ 11.917068, 47.032618 ], [ 11.933321, 47.037213 ], [ 11.947627, 47.034191 ], [ 11.952952, 47.039686 ], [ 11.956969, 47.042744 ], [ 11.968102, 47.040954 ], [ 11.979127, 47.050001 ], [ 11.985757, 47.047551 ], [ 11.991827, 47.048687 ], [ 11.995566, 47.049386 ], [ 12.019783, 47.047276 ], [ 12.029898, 47.050427 ], [ 12.03455, 47.057138 ], [ 12.041567, 47.060743 ], [ 12.052901, 47.061542 ], [ 12.059507, 47.058528 ], [ 12.076448, 47.059684 ], [ 12.081558, 47.06834 ], [ 12.095742, 47.077132 ], [ 12.103712, 47.07798 ], [ 12.119373, 47.073742 ], [ 12.13323, 47.077909 ], [ 12.136014, 47.080667 ], [ 12.152136, 47.079815 ], [ 12.186276, 47.091748 ], [ 12.225088, 47.082704 ], [ 12.240746, 47.069168 ], [ 12.236524, 47.065491 ], [ 12.216878, 47.058103 ], [ 12.21621, 47.045433 ], [ 12.204867, 47.026976 ], [ 12.180462, 47.025 ], [ 12.164202, 47.019541 ], [ 12.147088, 47.024412 ], [ 12.127173, 47.013669 ], [ 12.121344, 47.007002 ], [ 12.12958, 46.993723 ], [ 12.129062, 46.985485 ], [ 12.137526, 46.981702 ], [ 12.136439, 46.966494 ], [ 12.132057, 46.962785 ], [ 12.138801, 46.956617 ], [ 12.158718, 46.949772 ], [ 12.16823, 46.937452 ], [ 12.167503, 46.933596 ], [ 12.16107, 46.929025 ], [ 12.15261, 46.91742 ], [ 12.143811, 46.91378 ], [ 12.162586, 46.907572 ], [ 12.169933, 46.90957 ], [ 12.189693, 46.905702 ], [ 12.198546, 46.896792 ], [ 12.200734, 46.887569 ], [ 12.218509, 46.873949 ], [ 12.22127, 46.878779 ], [ 12.231349, 46.880316 ], [ 12.236768, 46.888593 ], [ 12.241871, 46.890263 ], [ 12.27192, 46.885044 ], [ 12.277385, 46.879205 ], [ 12.276633, 46.872657 ], [ 12.291847, 46.865193 ], [ 12.289919, 46.856925 ], [ 12.292097, 46.850837 ], [ 12.296583, 46.84409 ], [ 12.305764, 46.841275 ], [ 12.305468, 46.834137 ], [ 12.283914, 46.815443 ], [ 12.291277, 46.802816 ], [ 12.287034, 46.795296 ], [ 12.280238, 46.791937 ], [ 12.285518, 46.783169 ], [ 12.31007, 46.784458 ], [ 12.331047, 46.779371 ], [ 12.354628, 46.775436 ], [ 12.357431, 46.774968 ], [ 12.369171, 46.741595 ], [ 12.37628, 46.730725 ], [ 12.378284, 46.721993 ], [ 12.38406, 46.716332 ], [ 12.409536, 46.70553 ], [ 12.414509, 46.700769 ], [ 12.427037, 46.69909 ], [ 12.429025, 46.695081 ], [ 12.441984, 46.68922 ], [ 12.450247, 46.689824 ], [ 12.474329, 46.685925 ], [ 12.477924, 46.679835 ], [ 12.481005, 46.677473 ], [ 12.490292, 46.676897 ], [ 12.502828, 46.68006 ], [ 12.507323, 46.678124 ], [ 12.51756, 46.677936 ], [ 12.527256, 46.674104 ], [ 12.530134, 46.669984 ], [ 12.547099, 46.659299 ], [ 12.551244, 46.658758 ], [ 12.557765, 46.657121 ], [ 12.561654, 46.652798 ], [ 12.570072, 46.651453 ], [ 12.577965, 46.656276 ], [ 12.602934, 46.656367 ], [ 12.619671, 46.661594 ], [ 12.631037, 46.661389 ], [ 12.6335, 46.655587 ], [ 12.638201, 46.653886 ], [ 12.642401, 46.652366 ], [ 12.662519, 46.657328 ], [ 12.665486, 46.657859 ], [ 12.6675, 46.657556 ], [ 12.66949, 46.657256 ], [ 12.672687, 46.657426 ], [ 12.690635, 46.656972 ], [ 12.700627, 46.651334 ], [ 12.715312, 46.648857 ], [ 12.731393, 46.634288 ], [ 12.744086, 46.637747 ], [ 12.748991, 46.643936 ], [ 12.755963, 46.646934 ], [ 12.778383, 46.64618 ], [ 12.794375, 46.642295 ], [ 12.799507, 46.636043 ], [ 12.80896, 46.63187 ], [ 12.819827, 46.628656 ], [ 12.830383, 46.630701 ], [ 12.835917, 46.627378 ], [ 12.833574, 46.611188 ], [ 12.840886, 46.607053 ], [ 12.853427, 46.604914 ], [ 12.8664, 46.609356 ], [ 12.888081, 46.60664 ], [ 12.890212, 46.607223 ], [ 12.897701, 46.609454 ], [ 12.905276, 46.608081 ], [ 12.929447, 46.610223 ], [ 12.947811, 46.602852 ], [ 12.95743, 46.605915 ], [ 12.987308, 46.599654 ], [ 12.998552, 46.602088 ], [ 13.007798, 46.5997 ], [ 13.021839, 46.601518 ], [ 13.032034, 46.596318 ], [ 13.047279, 46.595689 ], [ 13.056068, 46.597593 ], [ 13.070637, 46.599516 ], [ 13.087607, 46.601258 ], [ 13.10377, 46.595113 ], [ 13.13919, 46.590218 ], [ 13.145054, 46.587633 ], [ 13.1517, 46.589657 ], [ 13.168601, 46.588899 ], [ 13.169377, 46.58508 ], [ 13.180053, 46.577823 ], [ 13.194842, 46.57202 ], [ 13.203336, 46.572245 ], [ 13.209151, 46.569695 ], [ 13.217403, 46.569888 ], [ 13.231702, 46.559553 ], [ 13.232567, 46.55362 ], [ 13.23945, 46.552304 ], [ 13.241612, 46.555169 ], [ 13.250898, 46.559553 ], [ 13.256121, 46.559553 ], [ 13.261263, 46.557723 ], [ 13.266618, 46.559553 ], [ 13.268386, 46.560787 ], [ 13.27165, 46.560928 ], [ 13.278856, 46.559553 ], [ 13.285125, 46.55762 ], [ 13.289918, 46.559553 ], [ 13.2955, 46.560401 ], [ 13.299195, 46.559553 ], [ 13.307263, 46.554839 ], [ 13.318743, 46.552411 ], [ 13.332078, 46.559553 ], [ 13.343809, 46.56913 ], [ 13.352263, 46.566994 ], [ 13.362893, 46.570065 ], [ 13.369439, 46.568456 ], [ 13.36908, 46.574269 ], [ 13.372423, 46.578594 ], [ 13.381952, 46.576862 ], [ 13.406877, 46.571408 ], [ 13.408262, 46.569486 ], [ 13.40803, 46.561966 ], [ 13.423485, 46.558575 ], [ 13.436575, 46.558853 ], [ 13.444573, 46.556691 ], [ 13.454169, 46.559243 ], [ 13.472923, 46.557445 ], [ 13.50425, 46.566304 ], [ 13.506342, 46.556396 ], [ 13.510979, 46.554897 ], [ 13.514796, 46.548814 ], [ 13.519895, 46.546901 ], [ 13.545858, 46.553399 ], [ 13.562715, 46.551056 ], [ 13.568221, 46.545933 ], [ 13.569756, 46.54016 ], [ 13.574642, 46.538468 ], [ 13.581273, 46.539369 ], [ 13.592154, 46.545894 ], [ 13.60199, 46.543378 ], [ 13.621895, 46.542197 ], [ 13.673853, 46.523263 ], [ 13.690159, 46.521295 ], [ 13.714185, 46.522703 ], [ 13.72214, 46.523164 ], [ 13.733488, 46.518673 ], [ 13.755489, 46.517716 ], [ 13.765874, 46.514962 ], [ 13.777143, 46.517083 ], [ 13.78409, 46.511094 ], [ 13.79472, 46.506141 ], [ 13.798942, 46.506541 ], [ 13.812539, 46.506421 ], [ 13.831629, 46.518285 ], [ 13.854061, 46.513974 ], [ 13.878002, 46.519414 ], [ 13.882606, 46.522221 ], [ 13.901132, 46.518972 ], [ 13.907923, 46.519841 ], [ 13.912559, 46.520716 ], [ 13.922041, 46.518646 ], [ 13.927777, 46.514376 ], [ 13.941938, 46.51157 ], [ 13.952243, 46.507073 ], [ 13.968232, 46.497652 ], [ 13.975322, 46.498134 ], [ 13.975636, 46.498266 ], [ 13.987908, 46.492694 ], [ 13.990568, 46.488444 ], [ 13.998125, 46.486585 ], [ 14.006515, 46.48136 ], [ 14.021388, 46.482276 ], [ 14.038938, 46.49242 ], [ 14.052269, 46.492249 ], [ 14.073832, 46.487211 ], [ 14.085947, 46.48571 ], [ 14.094336, 46.484672 ], [ 14.099273, 46.480061 ], [ 14.101615, 46.479219 ], [ 14.111435, 46.478804 ], [ 14.120138, 46.476672 ], [ 14.12522, 46.471056 ], [ 14.127766, 46.468243 ], [ 14.135075, 46.458034 ], [ 14.136394, 46.449877 ], [ 14.150935, 46.442436 ], [ 14.153397, 46.436779 ], [ 14.163513, 46.4337 ], [ 14.173994, 46.433996 ], [ 14.176483, 46.433958 ], [ 14.1911, 46.443927 ], [ 14.205919, 46.439647 ], [ 14.219379, 46.442805 ], [ 14.228608, 46.435117 ], [ 14.237186, 46.432236 ], [ 14.257186, 46.438669 ], [ 14.265066, 46.438724 ], [ 14.2832, 46.443498 ], [ 14.300785, 46.438206 ], [ 14.308851, 46.430853 ], [ 14.32755, 46.43124 ], [ 14.349702, 46.437174 ], [ 14.382406, 46.439387 ], [ 14.396966, 46.443805 ], [ 14.411097, 46.445484 ], [ 14.429098, 46.446514 ], [ 14.434501, 46.442943 ], [ 14.438047, 46.441283 ], [ 14.431737, 46.438618 ], [ 14.430992, 46.435378 ], [ 14.441163, 46.427999 ], [ 14.442091, 46.423741 ], [ 14.447197, 46.421966 ], [ 14.468592, 46.421373 ], [ 14.476978, 46.418584 ], [ 14.479567, 46.414145 ], [ 14.491323, 46.413507 ], [ 14.505781, 46.423943 ], [ 14.521087, 46.426419 ], [ 14.530737, 46.415907 ], [ 14.539336, 46.411678 ], [ 14.542629, 46.403466 ], [ 14.553202, 46.392104 ], [ 14.557007, 46.377142 ], [ 14.565176, 46.372453 ], [ 14.567192, 46.375061 ], [ 14.578872, 46.37821 ], [ 14.579733, 46.384602 ], [ 14.586942, 46.395053 ], [ 14.589076, 46.411785 ], [ 14.583572, 46.417533 ], [ 14.587302, 46.429546 ], [ 14.597496, 46.436665 ], [ 14.613709, 46.439648 ], [ 14.629541, 46.439348 ], [ 14.641474, 46.442231 ], [ 14.643924, 46.442823 ], [ 14.659776, 46.444849 ], [ 14.667611, 46.450042 ], [ 14.674581, 46.450687 ], [ 14.678624, 46.457424 ], [ 14.676756, 46.46174 ], [ 14.682769, 46.466961 ], [ 14.692913, 46.46407 ], [ 14.700885, 46.465615 ], [ 14.701832, 46.469405 ], [ 14.698507, 46.474951 ], [ 14.702598, 46.47994 ], [ 14.709226, 46.481793 ], [ 14.710645, 46.486063 ], [ 14.715, 46.499159 ], [ 14.72086, 46.498317 ], [ 14.729601, 46.492462 ], [ 14.741475, 46.504591 ], [ 14.748335, 46.497599 ], [ 14.759093, 46.504442 ], [ 14.765915, 46.50439 ], [ 14.776379, 46.504059 ], [ 14.781582, 46.501021 ], [ 14.786624, 46.500167 ], [ 14.805795, 46.507253 ], [ 14.818606, 46.509383 ], [ 14.818424, 46.521765 ], [ 14.824392, 46.529776 ], [ 14.82275, 46.534542 ], [ 14.831861, 46.539322 ], [ 14.823367, 46.544116 ], [ 14.827682, 46.547832 ], [ 14.832164, 46.549769 ], [ 14.837163, 46.557403 ], [ 14.837163, 46.559148 ], [ 14.835322, 46.564129 ], [ 14.837163, 46.565657 ], [ 14.839323, 46.567448 ], [ 14.841673, 46.573815 ], [ 14.851769, 46.581405 ], [ 14.855519, 46.587729 ], [ 14.858465, 46.592698 ], [ 14.864772, 46.593302 ], [ 14.868171, 46.605205 ], [ 14.878335, 46.608924 ], [ 14.879666, 46.611248 ], [ 14.884301, 46.611744 ], [ 14.900039, 46.611321 ], [ 14.906095, 46.605565 ], [ 14.914744, 46.605643 ], [ 14.919312, 46.602548 ], [ 14.922469, 46.603712 ], [ 14.922072, 46.607933 ], [ 14.922679, 46.620016 ], [ 14.931786, 46.615983 ], [ 14.941955, 46.620937 ], [ 14.947814, 46.625753 ], [ 14.955677, 46.632728 ], [ 14.969414, 46.625636 ], [ 14.974213, 46.613068 ], [ 14.979315, 46.601397 ], [ 14.994781, 46.61381 ], [ 14.995461, 46.621743 ], [ 15.015989, 46.640211 ], [ 15.039571, 46.650394 ], [ 15.065121, 46.652112 ], [ 15.0824, 46.645145 ], [ 15.089158, 46.651927 ], [ 15.09773, 46.653494 ], [ 15.107133, 46.658142 ], [ 15.108692, 46.658913 ], [ 15.113696, 46.658145 ], [ 15.118681, 46.653782 ], [ 15.123326, 46.653833 ], [ 15.129397, 46.650803 ], [ 15.134801, 46.656513 ], [ 15.141165, 46.658432 ], [ 15.144347, 46.659392 ], [ 15.156072, 46.656235 ], [ 15.160205, 46.657113 ], [ 15.169025, 46.654246 ], [ 15.182737, 46.655682 ], [ 15.195603, 46.646707 ], [ 15.20526, 46.645195 ], [ 15.224869, 46.643014 ], [ 15.236186, 46.639681 ], [ 15.251821, 46.642113 ], [ 15.262724, 46.644512 ], [ 15.278059, 46.644003 ], [ 15.294545, 46.652336 ], [ 15.307996, 46.652438 ], [ 15.308221, 46.652418 ], [ 15.320196, 46.648435 ], [ 15.327815, 46.652587 ], [ 15.33548, 46.653183 ], [ 15.342938, 46.651086 ], [ 15.352638, 46.65448 ], [ 15.357186, 46.651588 ], [ 15.374328, 46.650466 ], [ 15.382897, 46.651624 ], [ 15.40198, 46.653548 ], [ 15.419194, 46.65489 ], [ 15.422675, 46.652611 ], [ 15.422655, 46.647596 ], [ 15.429877, 46.646251 ], [ 15.436831, 46.641026 ], [ 15.452975, 46.640779 ], [ 15.456352, 46.638374 ], [ 15.455882, 46.629714 ], [ 15.462133, 46.625946 ], [ 15.462682, 46.616425 ], [ 15.467288, 46.613655 ], [ 15.476244, 46.612597 ], [ 15.483163, 46.617848 ], [ 15.492571, 46.620194 ], [ 15.499328, 46.617837 ], [ 15.500436, 46.614682 ], [ 15.510593, 46.616801 ], [ 15.514551, 46.622608 ], [ 15.52007, 46.621535 ], [ 15.532239, 46.630164 ], [ 15.536386, 46.633104 ], [ 15.540329, 46.633221 ], [ 15.542442, 46.629951 ], [ 15.550205, 46.639812 ], [ 15.54467, 46.646413 ], [ 15.547063, 46.648203 ], [ 15.551366, 46.647698 ], [ 15.552913, 46.651894 ], [ 15.546774, 46.666774 ], [ 15.54628, 46.670153 ], [ 15.551715, 46.672228 ], [ 15.559183, 46.671156 ], [ 15.567387, 46.675335 ], [ 15.570154, 46.68091 ], [ 15.573251, 46.680017 ], [ 15.58896, 46.683943 ], [ 15.591072, 46.68635 ], [ 15.595283, 46.689536 ], [ 15.600884, 46.689485 ], [ 15.607365, 46.687402 ], [ 15.605318, 46.682038 ], [ 15.614548, 46.682169 ], [ 15.622964, 46.679567 ], [ 15.63355, 46.681297 ], [ 15.633277, 46.686326 ], [ 15.639234, 46.691181 ], [ 15.652657, 46.691171 ], [ 15.653956, 46.698306 ], [ 15.649988, 46.705757 ], [ 15.656843, 46.706451 ], [ 15.66523, 46.706392 ], [ 15.670077, 46.706912 ], [ 15.678886, 46.70597 ], [ 15.696884, 46.698839 ], [ 15.712768, 46.69715 ], [ 15.715019, 46.697022 ], [ 15.71886, 46.696276 ], [ 15.720804, 46.695899 ], [ 15.723066, 46.69581 ], [ 15.725703, 46.696174 ], [ 15.729968, 46.697572 ], [ 15.738983, 46.699595 ], [ 15.747122, 46.698973 ], [ 15.752444, 46.697969 ], [ 15.768947, 46.699396 ], [ 15.775829, 46.702434 ], [ 15.786422, 46.707469 ], [ 15.791148, 46.710416 ], [ 15.802688, 46.715616 ], [ 15.816973, 46.719087 ], [ 15.81885, 46.719484 ], [ 15.821608, 46.720067 ], [ 15.832637, 46.721974 ], [ 15.836002, 46.722279 ], [ 15.840877, 46.722385 ], [ 15.856136, 46.722326 ], [ 15.858612, 46.722223 ], [ 15.862296, 46.722069 ], [ 15.870458, 46.721055 ], [ 15.877156, 46.719671 ], [ 15.877844, 46.719513 ], [ 15.88445, 46.717409 ], [ 15.892815, 46.713976 ], [ 15.895497, 46.713382 ], [ 15.898329, 46.712982 ], [ 15.904189, 46.712098 ], [ 15.908678, 46.711006 ], [ 15.913911, 46.709225 ], [ 15.918297, 46.707214 ], [ 15.920237, 46.70603 ], [ 15.921829, 46.705058 ], [ 15.935146, 46.695773 ], [ 15.936675, 46.694746 ], [ 15.941949, 46.691204 ], [ 15.944288, 46.690104 ], [ 15.947065, 46.689066 ], [ 15.951192, 46.68799 ], [ 15.955003, 46.687438 ], [ 15.960004, 46.687006 ], [ 15.983621, 46.684615 ], [ 15.986825, 46.683849 ], [ 15.989231, 46.683273 ], [ 15.991409, 46.682685 ], [ 15.9962, 46.681391 ], [ 15.998362, 46.680583 ], [ 16.000386, 46.679461 ], [ 16.002522, 46.677714 ], [ 16.003479, 46.676609 ], [ 16.010867, 46.665214 ], [ 16.033453, 46.657894 ], [ 16.038086, 46.656145 ], [ 16.040113, 46.661476 ], [ 16.040139, 46.662926 ], [ 16.039802, 46.665498 ], [ 16.040718, 46.668322 ], [ 16.040706, 46.679051 ], [ 16.041429, 46.682424 ], [ 16.042027, 46.684296 ], [ 16.042508, 46.6858 ], [ 16.039504, 46.690902 ], [ 16.029632, 46.700881 ], [ 16.029722, 46.711014 ], [ 16.021784, 46.711494 ], [ 16.013707, 46.716896 ], [ 16.005465, 46.716524 ], [ 16.002402, 46.723652 ], [ 15.993867, 46.730606 ], [ 15.988236, 46.745062 ], [ 15.985648, 46.752479 ], [ 15.989209, 46.758121 ], [ 15.989034, 46.774937 ], [ 15.993793, 46.791804 ], [ 15.993038, 46.804336 ], [ 15.997087, 46.81184 ], [ 15.98879, 46.819131 ], [ 15.985942, 46.826485 ], [ 15.996236, 46.835398 ], [ 16.007658, 46.830641 ], [ 16.012325, 46.835082 ], [ 16.019448, 46.836925 ], [ 16.028756, 46.839953 ], [ 16.033462, 46.8334 ], [ 16.042413, 46.840069 ], [ 16.050514, 46.837992 ], [ 16.054699, 46.839845 ], [ 16.058391, 46.83867 ], [ 16.064383, 46.844616 ], [ 16.06572, 46.849894 ], [ 16.072521, 46.85279 ], [ 16.078899, 46.852623 ], [ 16.091932, 46.86458 ], [ 16.098345, 46.861557 ], [ 16.104587, 46.864255 ], [ 16.113849, 46.869068 ], [ 16.11773, 46.864077 ], [ 16.123937, 46.862432 ], [ 16.126874, 46.857543 ], [ 16.134729, 46.856119 ], [ 16.156086, 46.853706 ], [ 16.164486, 46.859667 ], [ 16.175274, 46.857096 ], [ 16.185773, 46.865795 ], [ 16.200146, 46.868088 ], [ 16.226694, 46.871051 ], [ 16.231448, 46.87551 ], [ 16.237384, 46.876295 ], [ 16.241759, 46.876286 ], [ 16.259984, 46.872467 ], [ 16.291386, 46.872833 ], [ 16.297451, 46.866444 ], [ 16.300547, 46.860541 ], [ 16.307655, 46.85908 ], [ 16.309924, 46.856652 ], [ 16.318127, 46.855985 ], [ 16.32968, 46.845395 ], [ 16.337835, 46.846416 ], [ 16.34322, 46.843231 ], [ 16.347205, 46.840436 ], [ 16.350006, 46.83103 ], [ 16.344931, 46.828959 ], [ 16.343566, 46.822878 ], [ 16.340469, 46.820711 ], [ 16.34136, 46.812845 ], [ 16.339888, 46.803981 ], [ 16.31297, 46.797639 ], [ 16.312162, 46.778002 ], [ 16.329971, 46.7779 ], [ 16.318734, 46.755613 ], [ 16.331654, 46.748453 ], [ 16.342923, 46.737011 ], [ 16.345347, 46.736225 ], [ 16.34991, 46.729721 ], [ 16.347215, 46.72453 ], [ 16.352712, 46.72423 ], [ 16.357164, 46.716082 ], [ 16.364441, 46.717767 ], [ 16.370794, 46.722243 ], [ 16.379312, 46.712475 ], [ 16.368554, 46.704229 ], [ 16.383584, 46.698265 ], [ 16.420254, 46.695892 ], [ 16.426546, 46.694937 ], [ 16.426625, 46.691881 ], [ 16.422152, 46.681741 ], [ 16.424343, 46.67864 ], [ 16.420875, 46.674939 ], [ 16.424517, 46.671484 ], [ 16.424127, 46.668088 ], [ 16.419395, 46.664765 ], [ 16.419798, 46.658479 ], [ 16.404267, 46.659273 ], [ 16.396834, 46.664285 ], [ 16.3929, 46.663756 ], [ 16.393413, 46.661803 ], [ 16.39073, 46.655756 ], [ 16.385458, 46.652277 ], [ 16.390332, 46.638207 ], [ 16.392133, 46.634395 ], [ 16.401104, 46.632958 ], [ 16.404418, 46.632351 ], [ 16.412845, 46.62679 ], [ 16.421412, 46.616864 ], [ 16.424857, 46.613164 ], [ 16.431648, 46.61306 ], [ 16.433663, 46.613149 ], [ 16.445419, 46.610979 ], [ 16.4521, 46.600977 ], [ 16.461969, 46.595982 ], [ 16.467697, 46.587729 ], [ 16.469148, 46.585638 ], [ 16.474428, 46.586552 ], [ 16.48289, 46.578793 ], [ 16.482797, 46.566205 ], [ 16.482996, 46.566038 ], [ 16.494474, 46.56299 ], [ 16.498735, 46.563686 ], [ 16.50842, 46.565269 ], [ 16.50998, 46.563375 ], [ 16.516481, 46.555431 ], [ 16.518859, 46.546978 ], [ 16.516161, 46.541209 ], [ 16.519013, 46.535922 ], [ 16.527091, 46.534638 ], [ 16.531496, 46.531327 ], [ 16.530345, 46.525114 ], [ 16.524987, 46.519475 ], [ 16.525805, 46.515556 ], [ 16.532514, 46.51347 ], [ 16.529855, 46.508418 ], [ 16.524859, 46.507471 ], [ 16.525221, 46.504548 ], [ 16.556424, 46.491543 ], [ 16.56129, 46.489391 ], [ 16.567498, 46.488376 ], [ 16.570731, 46.484568 ], [ 16.584923, 46.477252 ], [ 16.596805, 46.475902 ], [ 16.598631, 46.477234 ], [ 16.604941, 46.47573 ], [ 16.600992, 46.473098 ], [ 16.601586, 46.470462 ], [ 16.612841, 46.468292 ], [ 16.615782, 46.465044 ], [ 16.625723, 46.468162 ], [ 16.631216, 46.462165 ], [ 16.63673, 46.464124 ], [ 16.650641, 46.463622 ], [ 16.66335, 46.459455 ], [ 16.666458, 46.455787 ], [ 16.660903, 46.447702 ], [ 16.670232, 46.448743 ], [ 16.67474, 46.444885 ], [ 16.685517, 46.431542 ], [ 16.717782, 46.392417 ], [ 16.721745, 46.392684 ], [ 16.726019, 46.399891 ], [ 16.734308, 46.400618 ], [ 16.738811, 46.397786 ], [ 16.738914, 46.390176 ], [ 16.742183, 46.385854 ], [ 16.754268, 46.387451 ], [ 16.758147, 46.380809 ], [ 16.761683, 46.379239 ], [ 16.766728, 46.384041 ], [ 16.771776, 46.384801 ], [ 16.778269, 46.379215 ], [ 16.788047, 46.385595 ], [ 16.794728, 46.38641 ], [ 16.801374, 46.384313 ], [ 16.803588, 46.377634 ], [ 16.810803, 46.376751 ], [ 16.813704, 46.371884 ], [ 16.822649, 46.372607 ], [ 16.826927, 46.368105 ], [ 16.833122, 46.374073 ], [ 16.836225, 46.373942 ], [ 16.836796, 46.365234 ], [ 16.849644, 46.361217 ], [ 16.854755, 46.350441 ], [ 16.861649, 46.354308 ], [ 16.865391, 46.354017 ], [ 16.866402, 46.351297 ], [ 16.862662, 46.346222 ], [ 16.872057, 46.34326 ], [ 16.872607, 46.337501 ], [ 16.878883, 46.335809 ], [ 16.873346, 46.325411 ], [ 16.876044, 46.320602 ], [ 16.876864, 46.308172 ], [ 16.884425, 46.300165 ], [ 16.885957, 46.286903 ], [ 16.885832, 46.281408 ], [ 16.890605, 46.278129 ], [ 16.901825, 46.274395 ], [ 16.909372, 46.265174 ], [ 16.917898, 46.260216 ], [ 16.927371, 46.258809 ], [ 16.931122, 46.256939 ], [ 16.933615, 46.254417 ], [ 16.95219, 46.240654 ], [ 16.957729, 46.240837 ], [ 16.960027, 46.241039 ], [ 16.9727, 46.242155 ], [ 16.974758, 46.240213 ], [ 16.973225, 46.236873 ], [ 16.974572, 46.224707 ], [ 16.983953, 46.223086 ], [ 16.989503, 46.224373 ], [ 16.994627, 46.221419 ], [ 17.006422, 46.222551 ], [ 17.0469, 46.205342 ], [ 17.050421, 46.203815 ], [ 17.066674, 46.202171 ], [ 17.069136, 46.194426 ], [ 17.082398, 46.186486 ], [ 17.091238, 46.188977 ], [ 17.101328, 46.18609 ], [ 17.104081, 46.181146 ], [ 17.111344, 46.177124 ], [ 17.122733, 46.17888 ], [ 17.126489, 46.168824 ], [ 17.13364, 46.16872 ], [ 17.140726, 46.172603 ], [ 17.158805, 46.169588 ], [ 17.157517, 46.159017 ], [ 17.161769, 46.155647 ], [ 17.169162, 46.156092 ], [ 17.178801, 46.151074 ], [ 17.177708, 46.14573 ], [ 17.181151, 46.141079 ], [ 17.180482, 46.13793 ], [ 17.185259, 46.133499 ], [ 17.175233, 46.128243 ], [ 17.181193, 46.119003 ], [ 17.175879, 46.11211 ], [ 17.176899, 46.108246 ], [ 17.181719, 46.106316 ], [ 17.199461, 46.111429 ], [ 17.209381, 46.109848 ], [ 17.214033, 46.113573 ], [ 17.218493, 46.109089 ], [ 17.210787, 46.099099 ], [ 17.21997, 46.097967 ], [ 17.230278, 46.099378 ], [ 17.232495, 46.096935 ], [ 17.223642, 46.093369 ], [ 17.21792, 46.082757 ], [ 17.205935, 46.082895 ], [ 17.201276, 46.080076 ], [ 17.206659, 46.076903 ], [ 17.2199, 46.080137 ], [ 17.23394, 46.079133 ], [ 17.238935, 46.075863 ], [ 17.241475, 46.066743 ], [ 17.247541, 46.063883 ], [ 17.242975, 46.062122 ], [ 17.233086, 46.064893 ], [ 17.23207, 46.06122 ], [ 17.240447, 46.058495 ], [ 17.260487, 46.057693 ], [ 17.268966, 46.057018 ], [ 17.270803, 46.054166 ], [ 17.257974, 46.045927 ], [ 17.258871, 46.037574 ], [ 17.262505, 46.033568 ], [ 17.291951, 46.032014 ], [ 17.29538, 46.027837 ], [ 17.292076, 46.023364 ], [ 17.273701, 46.020655 ], [ 17.258245, 46.01161 ], [ 17.28672, 46.000397 ], [ 17.302492, 46.003323 ], [ 17.305268, 46.000207 ], [ 17.303626, 45.995517 ], [ 17.296413, 45.993118 ], [ 17.294325, 45.988544 ], [ 17.299088, 45.983249 ], [ 17.308498, 45.982254 ], [ 17.31325, 45.989624 ], [ 17.320767, 45.990085 ], [ 17.322679, 45.984749 ], [ 17.317136, 45.976537 ], [ 17.308845, 45.970235 ], [ 17.313428, 45.966669 ], [ 17.324623, 45.967349 ], [ 17.331408, 45.971826 ], [ 17.336776, 45.980548 ], [ 17.335585, 45.984802 ], [ 17.328246, 45.989704 ], [ 17.331939, 45.995517 ], [ 17.335641, 45.99616 ], [ 17.337876, 45.995659 ], [ 17.34431, 45.982712 ], [ 17.353606, 45.975631 ], [ 17.359457, 45.977965 ], [ 17.363753, 45.98978 ], [ 17.368953, 45.990136 ], [ 17.372164, 45.990356 ], [ 17.373745, 45.983604 ], [ 17.368953, 45.976595 ], [ 17.368953, 45.975219 ], [ 17.374592, 45.969872 ], [ 17.368953, 45.969325 ], [ 17.362594, 45.968708 ], [ 17.359889, 45.964078 ], [ 17.362897, 45.961873 ], [ 17.368953, 45.961307 ], [ 17.371035, 45.961112 ], [ 17.383999, 45.964714 ], [ 17.386249, 45.965339 ], [ 17.390055, 45.96314 ], [ 17.390295, 45.959716 ], [ 17.383999, 45.956761 ], [ 17.368953, 45.957607 ], [ 17.361961, 45.958001 ], [ 17.353074, 45.953758 ], [ 17.348063, 45.959248 ], [ 17.344377, 45.959425 ], [ 17.3404, 45.954651 ], [ 17.341324, 45.949835 ], [ 17.345074, 45.944269 ], [ 17.347172, 45.94327 ], [ 17.351889, 45.941025 ], [ 17.361032, 45.94327 ], [ 17.368953, 45.945215 ], [ 17.380131, 45.94796 ], [ 17.383999, 45.946146 ], [ 17.387006, 45.944735 ], [ 17.386596, 45.94327 ], [ 17.384934, 45.93734 ], [ 17.388774, 45.932286 ], [ 17.394645, 45.93109 ], [ 17.410359, 45.939202 ], [ 17.412807, 45.930299 ], [ 17.424576, 45.927637 ], [ 17.433873, 45.928662 ], [ 17.43683, 45.933069 ], [ 17.429115, 45.94327 ], [ 17.432657, 45.948679 ], [ 17.441215, 45.950086 ], [ 17.470036, 45.94327 ], [ 17.471797, 45.942837 ], [ 17.486212, 45.941361 ], [ 17.519408, 45.937961 ], [ 17.521406, 45.936982 ], [ 17.526472, 45.934498 ], [ 17.532841, 45.933897 ], [ 17.559249, 45.937938 ], [ 17.572123, 45.934778 ], [ 17.582096, 45.928756 ], [ 17.587543, 45.924885 ], [ 17.593415, 45.921806 ], [ 17.599324, 45.916125 ], [ 17.619864, 45.905857 ], [ 17.632432, 45.892191 ], [ 17.637785, 45.8824 ], [ 17.648075, 45.865606 ], [ 17.651499, 45.847835 ], [ 17.653628, 45.845358 ], [ 17.657091, 45.841327 ], [ 17.660442, 45.839283 ], [ 17.672352, 45.835014 ], [ 17.690765, 45.838413 ], [ 17.698214, 45.837181 ], [ 17.707001, 45.831954 ], [ 17.736088, 45.829971 ], [ 17.744902, 45.827266 ], [ 17.758972, 45.812224 ], [ 17.77502, 45.817172 ], [ 17.788065, 45.814178 ], [ 17.800633, 45.805799 ], [ 17.815028, 45.804672 ], [ 17.821038, 45.809221 ], [ 17.827593, 45.808008 ], [ 17.831214, 45.803474 ], [ 17.834097, 45.790932 ], [ 17.840442, 45.78606 ], [ 17.852125, 45.783249 ], [ 17.854925, 45.772615 ], [ 17.862824, 45.767516 ], [ 17.868769, 45.768621 ], [ 17.875464, 45.778938 ], [ 17.900429, 45.791124 ], [ 17.91209, 45.79078 ], [ 17.928858, 45.785961 ], [ 17.945217, 45.791256 ], [ 17.94907, 45.792373 ], [ 17.953493, 45.792808 ], [ 17.955525, 45.792457 ], [ 17.964562, 45.789673 ], [ 17.969255, 45.788818 ], [ 17.973124, 45.788974 ], [ 17.977549, 45.790092 ], [ 17.981783, 45.791816 ], [ 17.985296, 45.793671 ], [ 17.994689, 45.795086 ], [ 18.001266, 45.793515 ], [ 18.016158, 45.782285 ], [ 18.026567, 45.777452 ], [ 18.026831, 45.777401 ], [ 18.058626, 45.771721 ], [ 18.077646, 45.765211 ], [ 18.08639, 45.764542 ], [ 18.091814, 45.765587 ], [ 18.095069, 45.765854 ], [ 18.099041, 45.766899 ], [ 18.106713, 45.77063 ], [ 18.109431, 45.772815 ], [ 18.113795, 45.777851 ], [ 18.115595, 45.780752 ], [ 18.116844, 45.782765 ], [ 18.123705, 45.788895 ], [ 18.147379, 45.787689 ], [ 18.150288, 45.787166 ], [ 18.152451, 45.786319 ], [ 18.160996, 45.779311 ], [ 18.169054, 45.776256 ], [ 18.186186, 45.786427 ], [ 18.197798, 45.785293 ], [ 18.205483, 45.781476 ], [ 18.22989, 45.778574 ], [ 18.242535, 45.761638 ], [ 18.244866, 45.760948 ], [ 18.259538, 45.761011 ], [ 18.276247, 45.755885 ], [ 18.286856, 45.758877 ], [ 18.289591, 45.760128 ], [ 18.292504, 45.760902 ], [ 18.294922, 45.760933 ], [ 18.299147, 45.760311 ], [ 18.306136, 45.75727 ], [ 18.327047, 45.754457 ], [ 18.334521, 45.752574 ], [ 18.335816, 45.750899 ], [ 18.338825, 45.747006 ], [ 18.344943, 45.750899 ], [ 18.356751, 45.766123 ], [ 18.365853, 45.766317 ], [ 18.364006, 45.772835 ], [ 18.379657, 45.76447 ], [ 18.381773, 45.763956 ], [ 18.389603, 45.762628 ], [ 18.397138, 45.75351 ], [ 18.399792, 45.754863 ], [ 18.398972, 45.750899 ], [ 18.397915, 45.745786 ], [ 18.408086, 45.739528 ], [ 18.427211, 45.74113 ], [ 18.446536, 45.737838 ], [ 18.4499, 45.745144 ], [ 18.448545, 45.750899 ], [ 18.446151, 45.76106 ], [ 18.456251, 45.768666 ], [ 18.465398, 45.766083 ], [ 18.480962, 45.766904 ], [ 18.490462, 45.794716 ], [ 18.500947, 45.793993 ], [ 18.508644, 45.785587 ], [ 18.521454, 45.78319 ], [ 18.522452, 45.78783 ], [ 18.531252, 45.792536 ], [ 18.553896, 45.794386 ], [ 18.559888, 45.803042 ], [ 18.574938, 45.800228 ], [ 18.573462, 45.81028 ], [ 18.574299, 45.813835 ], [ 18.591948, 45.819585 ], [ 18.603695, 45.827865 ], [ 18.600758, 45.833702 ], [ 18.622486, 45.839575 ], [ 18.61479, 45.853267 ], [ 18.623364, 45.85469 ], [ 18.626906, 45.866317 ], [ 18.63065, 45.874317 ], [ 18.638657, 45.868537 ], [ 18.655226, 45.874275 ], [ 18.652369, 45.876087 ], [ 18.645163, 45.882225 ], [ 18.641661, 45.884334 ], [ 18.641062, 45.888771 ], [ 18.661507, 45.896351 ], [ 18.659465, 45.915139 ], [ 18.662825, 45.916721 ], [ 18.669739, 45.911266 ], [ 18.677096, 45.914696 ], [ 18.692402, 45.916462 ], [ 18.704624, 45.918041 ], [ 18.709272, 45.912857 ], [ 18.714051, 45.90935 ], [ 18.719374, 45.906246 ], [ 18.72354, 45.90461 ], [ 18.735878, 45.901226 ], [ 18.756599, 45.896299 ], [ 18.761299, 45.888987 ], [ 18.773202, 45.8877 ], [ 18.788898, 45.879084 ], [ 18.80641, 45.879114 ], [ 18.809659, 45.880697 ], [ 18.812732, 45.890376 ], [ 18.808401, 45.903313 ], [ 18.817848, 45.91159 ], [ 18.821306, 45.914383 ], [ 18.830271, 45.905206 ], [ 18.866714, 45.911152 ], [ 18.865379, 45.918806 ], [ 18.876208, 45.915928 ], [ 18.889734, 45.92118 ], [ 18.907273, 45.93492 ], [ 18.961139, 45.926234 ], [ 18.98695, 45.931722 ], [ 18.99533, 45.924181 ], [ 19.00761, 45.923638 ], [ 18.999563, 45.94327 ], [ 18.998372, 45.946176 ], [ 19.005203, 45.957573 ], [ 19.009411, 45.960129 ], [ 19.033449, 45.96463 ], [ 19.078459, 45.963857 ], [ 19.06567, 46.00003 ], [ 19.073031, 46.006641 ], [ 19.075991, 46.009972 ], [ 19.08984, 46.02354 ], [ 19.10092, 46.03529 ], [ 19.10458, 46.039982 ], [ 19.11361, 46.03796 ], [ 19.125473, 46.037437 ], [ 19.133789, 46.037071 ], [ 19.139111, 46.027721 ], [ 19.139983, 46.025197 ], [ 19.144381, 46.012481 ], [ 19.147181, 46.007969 ], [ 19.145661, 46.001331 ], [ 19.14773, 45.996101 ], [ 19.16561, 45.995972 ], [ 19.165671, 45.99424 ], [ 19.204911, 45.992679 ], [ 19.19956, 45.998169 ], [ 19.206591, 45.998852 ], [ 19.23272, 45.999328 ], [ 19.236651, 45.99506 ], [ 19.28534, 45.996761 ], [ 19.29653, 45.9878 ], [ 19.30271, 45.99155 ], [ 19.28163, 46.014541 ], [ 19.36417, 46.052158 ], [ 19.380565, 46.036467 ], [ 19.395378, 46.041895 ], [ 19.41475, 46.045855 ], [ 19.438168, 46.065993 ], [ 19.465524, 46.081351 ], [ 19.465531, 46.095501 ], [ 19.482003, 46.104021 ], [ 19.509138, 46.110953 ], [ 19.525666, 46.120253 ], [ 19.509335, 46.132931 ], [ 19.508516, 46.137632 ], [ 19.503537, 46.141774 ], [ 19.516741, 46.151729 ], [ 19.526439, 46.14826 ], [ 19.536899, 46.153241 ], [ 19.559028, 46.165708 ], [ 19.562252, 46.170198 ], [ 19.560874, 46.173837 ], [ 19.566936, 46.178252 ], [ 19.6052, 46.173179 ], [ 19.631355, 46.169677 ], [ 19.660706, 46.189202 ], [ 19.68341, 46.180011 ], [ 19.698099, 46.187931 ], [ 19.715281, 46.177157 ], [ 19.721302, 46.170292 ], [ 19.733479, 46.169021 ], [ 19.740556, 46.165425 ], [ 19.758678, 46.148109 ], [ 19.796277, 46.139446 ], [ 19.817229, 46.12854 ], [ 19.843474, 46.141108 ], [ 19.845289, 46.142621 ], [ 19.853256, 46.149266 ], [ 19.86539, 46.150334 ], [ 19.87336, 46.151359 ], [ 19.87797, 46.152821 ], [ 19.916533, 46.164714 ], [ 19.937041, 46.176208 ], [ 20.013644, 46.17666 ], [ 20.02297, 46.173321 ], [ 20.033748, 46.146854 ], [ 20.042042, 46.144869 ], [ 20.057256, 46.147484 ], [ 20.06374, 46.143661 ], [ 20.068411, 46.15015 ], [ 20.0761, 46.158561 ], [ 20.085303, 46.167293 ], [ 20.095801, 46.17725 ], [ 20.10512, 46.174575 ], [ 20.104459, 46.166999 ], [ 20.107257, 46.162614 ], [ 20.132119, 46.149936 ], [ 20.138443, 46.144574 ], [ 20.149653, 46.145877 ], [ 20.182151, 46.159307 ], [ 20.198667, 46.149799 ], [ 20.208031, 46.14394 ], [ 20.210329, 46.13546 ], [ 20.22983, 46.12907 ], [ 20.234143, 46.124463 ], [ 20.248631, 46.128981 ], [ 20.250833, 46.12653 ], [ 20.249874, 46.120335 ], [ 20.254346, 46.116624 ], [ 20.262621, 46.125541 ], [ 20.264296, 46.126373 ], [ 20.26979, 46.127716 ], [ 20.272177, 46.132386 ], [ 20.296425, 46.151532 ], [ 20.308783, 46.155718 ], [ 20.314521, 46.151171 ], [ 20.324787, 46.155773 ], [ 20.355646, 46.169605 ], [ 20.368021, 46.153752 ], [ 20.379576, 46.157723 ], [ 20.393514, 46.15323 ], [ 20.3986, 46.156849 ], [ 20.417098, 46.148513 ], [ 20.447957, 46.142071 ], [ 20.459541, 46.143475 ], [ 20.472826, 46.152369 ], [ 20.493949, 46.170153 ], [ 20.495678, 46.17755 ], [ 20.493007, 46.181133 ], [ 20.496965, 46.18435 ], [ 20.496738, 46.187985 ], [ 20.501525, 46.189936 ], [ 20.507047, 46.187814 ], [ 20.523205, 46.181612 ], [ 20.547487, 46.177817 ], [ 20.57777, 46.159223 ], [ 20.580951, 46.157782 ], [ 20.595279, 46.14986 ], [ 20.60895, 46.146195 ], [ 20.615359, 46.139921 ], [ 20.622129, 46.137094 ], [ 20.634091, 46.12668 ], [ 20.640813, 46.127754 ], [ 20.648257, 46.13412 ], [ 20.649886, 46.144098 ], [ 20.655351, 46.149236 ], [ 20.667889, 46.150345 ], [ 20.677706, 46.14564 ], [ 20.685594, 46.145301 ], [ 20.691336, 46.149312 ], [ 20.694588, 46.157611 ], [ 20.701935, 46.160483 ], [ 20.705304, 46.160937 ], [ 20.714553, 46.16767 ], [ 20.722386, 46.186586 ], [ 20.733121, 46.192431 ], [ 20.726335, 46.197071 ], [ 20.727376, 46.207413 ], [ 20.761239, 46.205256 ], [ 20.749375, 46.250412 ], [ 20.7756, 46.27591 ], [ 20.783422, 46.273594 ], [ 20.789242, 46.273083 ], [ 20.799518, 46.27512 ], [ 20.804699, 46.275976 ], [ 20.806579, 46.276286 ], [ 20.808451, 46.276505 ], [ 20.810914, 46.276981 ], [ 20.820605, 46.27853 ], [ 20.832988, 46.280355 ], [ 20.840723, 46.281875 ], [ 20.868305, 46.286486 ], [ 20.873414, 46.287418 ], [ 20.8759, 46.285097 ], [ 20.877705, 46.282478 ], [ 20.882147, 46.279482 ], [ 20.885785, 46.275976 ], [ 20.890559, 46.271376 ], [ 20.922232, 46.261763 ], [ 20.925035, 46.275976 ], [ 20.946686, 46.279163 ], [ 20.94787, 46.275976 ], [ 20.950877, 46.267885 ], [ 20.952507, 46.264841 ], [ 20.957228, 46.2635 ], [ 20.961162, 46.262258 ], [ 20.970794, 46.260991 ], [ 20.990363, 46.259531 ], [ 21.024768, 46.265779 ], [ 21.03685, 46.248476 ], [ 21.065733, 46.243492 ], [ 21.071371, 46.253125 ], [ 21.079412, 46.252668 ], [ 21.095322, 46.262419 ], [ 21.103315, 46.263659 ], [ 21.107281, 46.275976 ], [ 21.115546, 46.301631 ], [ 21.122591, 46.30089 ], [ 21.145382, 46.304693 ], [ 21.147616, 46.299245 ], [ 21.151554, 46.297552 ], [ 21.169912, 46.298355 ], [ 21.179547, 46.304299 ], [ 21.173732, 46.317932 ], [ 21.177077, 46.32375 ], [ 21.176976, 46.335062 ], [ 21.182021, 46.33668 ], [ 21.189676, 46.339136 ], [ 21.195275, 46.343841 ], [ 21.199256, 46.349106 ], [ 21.197393, 46.369706 ], [ 21.200979, 46.385834 ], [ 21.206252, 46.402192 ], [ 21.216062, 46.402574 ], [ 21.219292, 46.410522 ], [ 21.225365, 46.413527 ], [ 21.252844, 46.409668 ], [ 21.274115, 46.406766 ], [ 21.283458, 46.403616 ], [ 21.294732, 46.406454 ], [ 21.290267, 46.414967 ], [ 21.311199, 46.440008 ], [ 21.313489, 46.448725 ], [ 21.317476, 46.450656 ], [ 21.311437, 46.458006 ], [ 21.305461, 46.464669 ], [ 21.302422, 46.468558 ], [ 21.29549, 46.475948 ], [ 21.27462, 46.477235 ], [ 21.260873, 46.502138 ], [ 21.275497, 46.533857 ], [ 21.275222, 46.541186 ], [ 21.28069, 46.54458 ], [ 21.289429, 46.54495 ], [ 21.304766, 46.561175 ], [ 21.303469, 46.564254 ], [ 21.319882, 46.582372 ], [ 21.305551, 46.587603 ], [ 21.302074, 46.592421 ], [ 21.314637, 46.617779 ], [ 21.327578, 46.629997 ], [ 21.353242, 46.63078 ], [ 21.366524, 46.637297 ], [ 21.377415, 46.633394 ], [ 21.383026, 46.628065 ], [ 21.408888, 46.622399 ], [ 21.413991, 46.634472 ], [ 21.416409, 46.641832 ], [ 21.420719, 46.645612 ], [ 21.441398, 46.651467 ], [ 21.454327, 46.661109 ], [ 21.455353, 46.665994 ], [ 21.444068, 46.666377 ], [ 21.438333, 46.670219 ], [ 21.430976, 46.678945 ], [ 21.428111, 46.688309 ], [ 21.43007, 46.693813 ], [ 21.43415, 46.695562 ], [ 21.45109, 46.689019 ], [ 21.473534, 46.69532 ], [ 21.489718, 46.686527 ], [ 21.493152, 46.686704 ], [ 21.499805, 46.694965 ], [ 21.50715, 46.698811 ], [ 21.511926, 46.71125 ], [ 21.528647, 46.720517 ], [ 21.528906, 46.732353 ], [ 21.524809, 46.739934 ], [ 21.511475, 46.745402 ], [ 21.494236, 46.756735 ], [ 21.486211, 46.758492 ], [ 21.483476, 46.764635 ], [ 21.489983, 46.774797 ], [ 21.508004, 46.782515 ], [ 21.521588, 46.808392 ], [ 21.518808, 46.823657 ], [ 21.521119, 46.837418 ], [ 21.533978, 46.839927 ], [ 21.538739, 46.84708 ], [ 21.548175, 46.848798 ], [ 21.557226, 46.853374 ], [ 21.567709, 46.854156 ], [ 21.595049, 46.860934 ], [ 21.603097, 46.868408 ], [ 21.60136, 46.878481 ], [ 21.603297, 46.883953 ], [ 21.614269, 46.886527 ], [ 21.607248, 46.903282 ], [ 21.602242, 46.905003 ], [ 21.599454, 46.908921 ], [ 21.598661, 46.927442 ], [ 21.606044, 46.932351 ], [ 21.63738, 46.933273 ], [ 21.641457, 46.93904 ], [ 21.649671, 46.94352 ], [ 21.657956, 46.955196 ], [ 21.672631, 46.954274 ], [ 21.67931, 46.96163 ], [ 21.680744, 46.967092 ], [ 21.668602, 46.970925 ], [ 21.670588, 46.978286 ], [ 21.676877, 46.987687 ], [ 21.678449, 46.996481 ], [ 21.687474, 46.999438 ], [ 21.687247, 47.00278 ], [ 21.680946, 47.006808 ], [ 21.677268, 47.017987 ], [ 21.658955, 47.022131 ], [ 21.648788, 47.038961 ], [ 21.682075, 47.045807 ], [ 21.685341, 47.052003 ], [ 21.703577, 47.063407 ], [ 21.702558, 47.068583 ], [ 21.714952, 47.07482 ], [ 21.713351, 47.082868 ], [ 21.726137, 47.098614 ], [ 21.75162, 47.105631 ], [ 21.772023, 47.108694 ], [ 21.792839, 47.107243 ], [ 21.790297, 47.113383 ], [ 21.791795, 47.123118 ], [ 21.799621, 47.129864 ], [ 21.80334, 47.144139 ], [ 21.811087, 47.163248 ], [ 21.817624, 47.172243 ], [ 21.827572, 47.174401 ], [ 21.831744, 47.178374 ], [ 21.839106, 47.178075 ], [ 21.847338, 47.184245 ], [ 21.85777, 47.187151 ], [ 21.858365, 47.218511 ], [ 21.848481, 47.222027 ], [ 21.851964, 47.238921 ], [ 21.866321, 47.257966 ], [ 21.874589, 47.264046 ], [ 21.881318, 47.266487 ], [ 21.886911, 47.271632 ], [ 21.887345, 47.27747 ], [ 21.878608, 47.286074 ], [ 21.888692, 47.294672 ], [ 21.889107, 47.296084 ], [ 21.895509, 47.314594 ], [ 21.919671, 47.339146 ], [ 21.925192, 47.352984 ], [ 21.938868, 47.367263 ], [ 21.939333, 47.372806 ], [ 21.955763, 47.376262 ], [ 21.96154, 47.381232 ], [ 21.975125, 47.38018 ], [ 21.977453, 47.378415 ], [ 21.984109, 47.379713 ], [ 21.986791, 47.381484 ], [ 21.994268, 47.380786 ], [ 21.999539, 47.377289 ], [ 22.01212, 47.376719 ], [ 22.027821, 47.400437 ], [ 22.035209, 47.413937 ], [ 22.030643, 47.422213 ], [ 22.034464, 47.428646 ], [ 22.026559, 47.441484 ], [ 22.031895, 47.450542 ], [ 22.020371, 47.455577 ], [ 22.007229, 47.48064 ], [ 22.012704, 47.50075 ], [ 22.02297, 47.517809 ], [ 22.045169, 47.538891 ], [ 22.061013, 47.529775 ], [ 22.068636, 47.535549 ], [ 22.069924, 47.538589 ], [ 22.055571, 47.547004 ], [ 22.060846, 47.552679 ], [ 22.078839, 47.561946 ], [ 22.086106, 47.560992 ], [ 22.090689, 47.557434 ], [ 22.098952, 47.562906 ], [ 22.103881, 47.570992 ], [ 22.108339, 47.573636 ], [ 22.114517, 47.575872 ], [ 22.121557, 47.582285 ], [ 22.128466, 47.589632 ], [ 22.12832, 47.598089 ], [ 22.138427, 47.597934 ], [ 22.147581, 47.594537 ], [ 22.171308, 47.591837 ], [ 22.180838, 47.600094 ], [ 22.183043, 47.605809 ], [ 22.189406, 47.611329 ], [ 22.193801, 47.627912 ], [ 22.199096, 47.636245 ], [ 22.20345, 47.653943 ], [ 22.2119, 47.654593 ], [ 22.221217, 47.661424 ], [ 22.223561, 47.683666 ], [ 22.228659, 47.690847 ], [ 22.233214, 47.693658 ], [ 22.252511, 47.695249 ], [ 22.258789, 47.698167 ], [ 22.262186, 47.714111 ], [ 22.259952, 47.718735 ], [ 22.264553, 47.731152 ], [ 22.267086, 47.730953 ], [ 22.285648, 47.729849 ], [ 22.312052, 47.742262 ], [ 22.317373, 47.744038 ], [ 22.320478, 47.753748 ], [ 22.31726, 47.765922 ], [ 22.328732, 47.765517 ], [ 22.339702, 47.758953 ], [ 22.347784, 47.752303 ], [ 22.354073, 47.750175 ], [ 22.385883, 47.745619 ], [ 22.395678, 47.747561 ], [ 22.408533, 47.746548 ], [ 22.413064, 47.742417 ], [ 22.430131, 47.740966 ], [ 22.42646, 47.7523 ], [ 22.432349, 47.76229 ], [ 22.440997, 47.791853 ], [ 22.44563, 47.799343 ], [ 22.448892, 47.802974 ], [ 22.466871, 47.805389 ], [ 22.481429, 47.810906 ], [ 22.488505, 47.805894 ], [ 22.539938, 47.782006 ], [ 22.548338, 47.773831 ], [ 22.549542, 47.772659 ], [ 22.558172, 47.772701 ], [ 22.56308, 47.772612 ], [ 22.569469, 47.772543 ], [ 22.609702, 47.772104 ], [ 22.617018, 47.777232 ], [ 22.627315, 47.776772 ], [ 22.636365, 47.780333 ], [ 22.651445, 47.780196 ], [ 22.661639, 47.782636 ], [ 22.668149, 47.787421 ], [ 22.673844, 47.788024 ], [ 22.679643, 47.788111 ], [ 22.682504, 47.790332 ], [ 22.700433, 47.814124 ], [ 22.701438, 47.820013 ], [ 22.708791, 47.824382 ], [ 22.709712, 47.827866 ], [ 22.709856, 47.828481 ], [ 22.710052, 47.829314 ], [ 22.714294, 47.83623 ], [ 22.727249, 47.837968 ], [ 22.737799, 47.835332 ], [ 22.754683, 47.834829 ], [ 22.765972, 47.841504 ], [ 22.776229, 47.843835 ], [ 22.777099, 47.852008 ], [ 22.772536, 47.86244 ], [ 22.762766, 47.866684 ], [ 22.767797, 47.878228 ], [ 22.759221, 47.885766 ], [ 22.757472, 47.891183 ], [ 22.760388, 47.894826 ], [ 22.767601, 47.894121 ], [ 22.79476, 47.892473 ], [ 22.832451, 47.909319 ], [ 22.847474, 47.908843 ], [ 22.857783, 47.917891 ], [ 22.865873, 47.92499 ], [ 22.873891, 47.937464 ], [ 22.884749, 47.945238 ], [ 22.887212, 47.951106 ], [ 22.896271, 47.95412 ], [ 22.891475, 47.957867 ], [ 22.892397, 47.966284 ], [ 22.880186, 47.9642 ], [ 22.878162, 47.967479 ], [ 22.87139, 47.96904 ], [ 22.872555, 47.97391 ], [ 22.869531, 47.976306 ], [ 22.864803, 47.974862 ], [ 22.857783, 47.978282 ], [ 22.84993, 47.982108 ], [ 22.84092, 47.980949 ], [ 22.842922, 47.984952 ], [ 22.837473, 47.989781 ], [ 22.8379, 47.99208 ], [ 22.847931, 47.998728 ], [ 22.848474, 48.00187 ], [ 22.856087, 48.00784 ], [ 22.857783, 48.008719 ], [ 22.864797, 48.01203 ], [ 22.8652, 48.021389 ], [ 22.872953, 48.025335 ], [ 22.880369, 48.036388 ], [ 22.880978, 48.054069 ], [ 22.873817, 48.055368 ], [ 22.87029, 48.051767 ], [ 22.86093, 48.057781 ], [ 22.863742, 48.059713 ], [ 22.859725, 48.074517 ], [ 22.857783, 48.075808 ], [ 22.847552, 48.082611 ], [ 22.837546, 48.079973 ], [ 22.836621, 48.083889 ], [ 22.838643, 48.08545 ], [ 22.834266, 48.087981 ], [ 22.833871, 48.092614 ], [ 22.828439, 48.095736 ], [ 22.829991, 48.111454 ], [ 22.825665, 48.116159 ], [ 22.819507, 48.118433 ], [ 22.813176, 48.11589 ], [ 22.809796, 48.111454 ], [ 22.8058, 48.106209 ], [ 22.801869, 48.109352 ], [ 22.802948, 48.111454 ], [ 22.805665, 48.118191 ], [ 22.800894, 48.121308 ], [ 22.789833, 48.117686 ], [ 22.772608, 48.120488 ], [ 22.771482, 48.117715 ], [ 22.77541, 48.111454 ], [ 22.771229, 48.109244 ], [ 22.764231, 48.11055 ], [ 22.763411, 48.111454 ], [ 22.759661, 48.115589 ], [ 22.755244, 48.120003 ], [ 22.744379, 48.118057 ], [ 22.73469, 48.119518 ], [ 22.729763, 48.115329 ], [ 22.720696, 48.114948 ], [ 22.710932, 48.111454 ], [ 22.705708, 48.109585 ], [ 22.682504, 48.096194 ], [ 22.678801, 48.09338 ], [ 22.67644, 48.092369 ], [ 22.67421, 48.091949 ], [ 22.666388, 48.092242 ], [ 22.656828, 48.095212 ], [ 22.636265, 48.095972 ], [ 22.631619, 48.097654 ], [ 22.624449, 48.10326 ], [ 22.619761, 48.103679 ], [ 22.61875, 48.105303 ], [ 22.60481, 48.104165 ], [ 22.591131, 48.108074 ], [ 22.59208, 48.111454 ], [ 22.592502, 48.112957 ], [ 22.598431, 48.116911 ], [ 22.592749, 48.124414 ], [ 22.594453, 48.135434 ], [ 22.58849, 48.140339 ], [ 22.597179, 48.146427 ], [ 22.592659, 48.151393 ], [ 22.587537, 48.152804 ], [ 22.582844, 48.158863 ], [ 22.575378, 48.159719 ], [ 22.569469, 48.170858 ], [ 22.56213, 48.184688 ], [ 22.569469, 48.186641 ], [ 22.569968, 48.194458 ], [ 22.569469, 48.195755 ], [ 22.556817, 48.198722 ], [ 22.543112, 48.208256 ], [ 22.531242, 48.210271 ], [ 22.513472, 48.22624 ], [ 22.514435, 48.237715 ], [ 22.50322, 48.239231 ], [ 22.498506, 48.239953 ], [ 22.502597, 48.244754 ], [ 22.501041, 48.248534 ], [ 22.488111, 48.253172 ], [ 22.473127, 48.247671 ], [ 22.466934, 48.243563 ], [ 22.458382, 48.242159 ], [ 22.449379, 48.24391 ], [ 22.434315, 48.251122 ], [ 22.429858, 48.247757 ], [ 22.417656, 48.25019 ], [ 22.403486, 48.248993 ], [ 22.383979, 48.235615 ], [ 22.371063, 48.244269 ], [ 22.365471, 48.256409 ], [ 22.358886, 48.266011 ], [ 22.338619, 48.27903 ], [ 22.34025, 48.283155 ], [ 22.3372, 48.290241 ], [ 22.339666, 48.296089 ], [ 22.337033, 48.306824 ], [ 22.320611, 48.315604 ], [ 22.318832, 48.321911 ], [ 22.313654, 48.325933 ], [ 22.319652, 48.33812 ], [ 22.317751, 48.354049 ], [ 22.300406, 48.353696 ], [ 22.26725, 48.360939 ], [ 22.26161, 48.367038 ], [ 22.252589, 48.379376 ], [ 22.241179, 48.386644 ], [ 22.243166, 48.38895 ], [ 22.254564, 48.392129 ], [ 22.259701, 48.397369 ], [ 22.26216, 48.400458 ], [ 22.264081, 48.404491 ], [ 22.26562, 48.408729 ], [ 22.26507, 48.409919 ], [ 22.26228, 48.41066 ], [ 22.25865, 48.411091 ], [ 22.253229, 48.410949 ], [ 22.245841, 48.410149 ], [ 22.232097, 48.411759 ], [ 22.211287, 48.425358 ], [ 22.201656, 48.424065 ], [ 22.18944, 48.417129 ], [ 22.18676, 48.415779 ], [ 22.159647, 48.410888 ], [ 22.155954, 48.408062 ], [ 22.155306, 48.403396 ], [ 22.154218, 48.397585 ], [ 22.147636, 48.39437 ], [ 22.130788, 48.390826 ], [ 22.135343, 48.384967 ], [ 22.135238, 48.380991 ], [ 22.126321, 48.380575 ], [ 22.121078, 48.378311 ], [ 22.110374, 48.380913 ], [ 22.10175, 48.376615 ], [ 22.093185, 48.37771 ], [ 22.086205, 48.372537 ], [ 22.083271, 48.381264 ], [ 22.07595, 48.386593 ], [ 22.069992, 48.382529 ], [ 22.059402, 48.381859 ], [ 22.056699, 48.377942 ], [ 22.051459, 48.379678 ], [ 22.049048, 48.381337 ], [ 22.045067, 48.384076 ], [ 22.042693, 48.384762 ], [ 22.028181, 48.391833 ], [ 22.021312, 48.392744 ], [ 22.022658, 48.3892 ], [ 21.998285, 48.378948 ], [ 21.984109, 48.378467 ], [ 21.961143, 48.379588 ], [ 21.960462, 48.377877 ], [ 21.957543, 48.378514 ], [ 21.950574, 48.3788 ], [ 21.946279, 48.374913 ], [ 21.939229, 48.374566 ], [ 21.934013, 48.370597 ], [ 21.927305, 48.369927 ], [ 21.930873, 48.363313 ], [ 21.923667, 48.362829 ], [ 21.910315, 48.367743 ], [ 21.891014, 48.363532 ], [ 21.886732, 48.368774 ], [ 21.882307, 48.363139 ], [ 21.875563, 48.360591 ], [ 21.87469, 48.35657 ], [ 21.869591, 48.358056 ], [ 21.865127, 48.359344 ], [ 21.864578, 48.356411 ], [ 21.862017, 48.356123 ], [ 21.857904, 48.363918 ], [ 21.853466, 48.365717 ], [ 21.836988, 48.362801 ], [ 21.836082, 48.356636 ], [ 21.837491, 48.350432 ], [ 21.834148, 48.335169 ], [ 21.817242, 48.332835 ], [ 21.817607, 48.336603 ], [ 21.810802, 48.338276 ], [ 21.798586, 48.342023 ], [ 21.783057, 48.339338 ], [ 21.7674, 48.339151 ], [ 21.765602, 48.339059 ], [ 21.74552, 48.348145 ], [ 21.726963, 48.349341 ], [ 21.721548, 48.351556 ], [ 21.712599, 48.358009 ], [ 21.714253, 48.366303 ], [ 21.705698, 48.366678 ], [ 21.703252, 48.369878 ], [ 21.702395, 48.37115 ], [ 21.705038, 48.375376 ], [ 21.702265, 48.38002 ], [ 21.683356, 48.390238 ], [ 21.669502, 48.389553 ], [ 21.665475, 48.391802 ], [ 21.667051, 48.398474 ], [ 21.664525, 48.415331 ], [ 21.659013, 48.419407 ], [ 21.651221, 48.436315 ], [ 21.647322, 48.438 ], [ 21.646394, 48.439006 ], [ 21.644605, 48.441265 ], [ 21.639322, 48.447418 ], [ 21.631379, 48.450701 ], [ 21.630441, 48.45926 ], [ 21.621896, 48.466881 ], [ 21.622048, 48.472211 ], [ 21.621841, 48.485706 ], [ 21.618306, 48.497988 ], [ 21.614768, 48.498766 ], [ 21.611345, 48.51008 ], [ 21.605108, 48.508091 ], [ 21.594249, 48.512925 ], [ 21.585976, 48.511371 ], [ 21.579778, 48.505271 ], [ 21.573078, 48.504833 ], [ 21.565374, 48.505785 ], [ 21.560639, 48.510871 ], [ 21.542786, 48.508855 ], [ 21.539184, 48.514577 ], [ 21.526262, 48.522306 ], [ 21.515588, 48.54056 ], [ 21.517124, 48.544094 ], [ 21.515006, 48.550048 ], [ 21.507213, 48.554561 ], [ 21.501182, 48.555386 ], [ 21.499078, 48.55947 ], [ 21.488117, 48.558652 ], [ 21.48174, 48.56395 ], [ 21.471997, 48.56598 ], [ 21.460114, 48.57454 ], [ 21.449551, 48.576211 ], [ 21.439003, 48.584724 ], [ 21.428615, 48.582534 ], [ 21.422666, 48.578085 ], [ 21.421474, 48.564102 ], [ 21.416812, 48.559826 ], [ 21.40954, 48.559261 ], [ 21.402672, 48.563272 ], [ 21.395736, 48.563479 ], [ 21.391147, 48.562318 ], [ 21.379609, 48.55819 ], [ 21.359471, 48.560594 ], [ 21.324386, 48.558351 ], [ 21.323489, 48.561879 ], [ 21.318114, 48.559631 ], [ 21.316685, 48.555869 ], [ 21.326131, 48.554753 ], [ 21.323526, 48.552409 ], [ 21.314187, 48.55088 ], [ 21.321144, 48.54723 ], [ 21.319912, 48.544955 ], [ 21.317193, 48.543448 ], [ 21.317094, 48.539715 ], [ 21.310196, 48.539322 ], [ 21.315321, 48.533642 ], [ 21.311562, 48.53066 ], [ 21.302943, 48.526276 ], [ 21.30769, 48.525339 ], [ 21.305224, 48.522787 ], [ 21.29525, 48.522199 ], [ 21.287118, 48.524294 ], [ 21.267102, 48.526259 ], [ 21.251675, 48.532213 ], [ 21.239276, 48.539671 ], [ 21.233599, 48.538601 ], [ 21.232355, 48.53473 ], [ 21.221405, 48.536958 ], [ 21.216232, 48.532203 ], [ 21.210066, 48.532905 ], [ 21.209116, 48.52737 ], [ 21.198364, 48.52469 ], [ 21.192855, 48.525766 ], [ 21.182838, 48.519692 ], [ 21.176704, 48.519526 ], [ 21.172801, 48.521539 ], [ 21.161496, 48.520884 ], [ 21.144697, 48.509235 ], [ 21.140735, 48.506069 ], [ 21.138353, 48.502894 ], [ 21.133485, 48.495555 ], [ 21.1283, 48.492396 ], [ 21.117438, 48.491053 ], [ 21.102623, 48.494181 ], [ 21.096011, 48.499128 ], [ 21.097646, 48.509875 ], [ 21.093159, 48.515272 ], [ 21.0661, 48.525261 ], [ 21.054253, 48.522724 ], [ 21.053199, 48.526153 ], [ 21.033929, 48.527085 ], [ 21.02865, 48.530816 ], [ 21.022321, 48.530013 ], [ 21.015519, 48.53182 ], [ 21.004073, 48.527344 ], [ 21.002756, 48.527462 ], [ 20.991747, 48.526472 ], [ 20.987648, 48.520852 ], [ 20.98266, 48.518448 ], [ 20.975502, 48.523878 ], [ 20.965781, 48.520821 ], [ 20.958367, 48.52144 ], [ 20.955353, 48.533494 ], [ 20.941644, 48.536414 ], [ 20.941716, 48.542889 ], [ 20.934625, 48.538338 ], [ 20.92839, 48.554153 ], [ 20.921686, 48.559185 ], [ 20.916272, 48.560169 ], [ 20.9053, 48.557538 ], [ 20.884217, 48.552483 ], [ 20.878202, 48.551273 ], [ 20.874159, 48.55332 ], [ 20.868125, 48.552478 ], [ 20.863625, 48.555181 ], [ 20.85523, 48.566812 ], [ 20.846564, 48.566438 ], [ 20.849393, 48.579217 ], [ 20.837717, 48.574913 ], [ 20.838647, 48.580492 ], [ 20.836348, 48.582837 ], [ 20.802152, 48.575105 ], [ 20.796089, 48.575225 ], [ 20.757116, 48.571587 ], [ 20.735832, 48.57011 ], [ 20.733807, 48.56705 ], [ 20.7271, 48.564407 ], [ 20.725303, 48.569219 ], [ 20.7085, 48.569453 ], [ 20.67949, 48.559514 ], [ 20.671904, 48.562028 ], [ 20.663022, 48.560508 ], [ 20.653863, 48.561411 ], [ 20.646097, 48.553804 ], [ 20.640901, 48.554539 ], [ 20.633998, 48.551268 ], [ 20.623649, 48.550408 ], [ 20.61526, 48.543863 ], [ 20.600009, 48.542198 ], [ 20.585486, 48.536245 ], [ 20.572814, 48.539308 ], [ 20.561575, 48.542087 ], [ 20.546241, 48.543329 ], [ 20.536098, 48.528258 ], [ 20.525269, 48.530944 ], [ 20.519089, 48.537518 ], [ 20.506705, 48.53405 ], [ 20.502937, 48.529307 ], [ 20.503513, 48.519567 ], [ 20.509817, 48.513389 ], [ 20.50729, 48.509504 ], [ 20.50525, 48.489008 ], [ 20.494872, 48.48709 ], [ 20.487026, 48.474674 ], [ 20.474353, 48.46685 ], [ 20.463937, 48.463967 ], [ 20.469313, 48.459096 ], [ 20.4699, 48.45244 ], [ 20.451544, 48.44799 ], [ 20.434442, 48.430614 ], [ 20.417914, 48.420098 ], [ 20.417726, 48.419933 ], [ 20.414658, 48.411606 ], [ 20.419905, 48.404458 ], [ 20.416448, 48.393696 ], [ 20.407985, 48.384967 ], [ 20.405818, 48.38378 ], [ 20.40372, 48.381986 ], [ 20.411824, 48.369736 ], [ 20.407658, 48.363398 ], [ 20.398564, 48.35698 ], [ 20.384066, 48.351185 ], [ 20.385711, 48.347363 ], [ 20.379836, 48.340577 ], [ 20.367618, 48.33219 ], [ 20.374268, 48.326993 ], [ 20.365676, 48.317045 ], [ 20.357442, 48.312896 ], [ 20.356516, 48.309527 ], [ 20.33545, 48.298806 ], [ 20.333741, 48.29113 ], [ 20.334841, 48.288877 ], [ 20.328023, 48.288012 ], [ 20.324787, 48.273391 ], [ 20.306646, 48.271799 ], [ 20.310954, 48.265595 ], [ 20.286195, 48.261994 ], [ 20.280319, 48.265865 ], [ 20.270511, 48.268149 ], [ 20.260606, 48.274823 ], [ 20.240418, 48.280233 ], [ 20.227973, 48.277236 ], [ 20.233588, 48.272614 ], [ 20.233337, 48.269449 ], [ 20.227734, 48.263284 ], [ 20.221382, 48.262766 ], [ 20.215181, 48.259439 ], [ 20.204235, 48.261346 ], [ 20.206155, 48.250983 ], [ 20.187075, 48.248122 ], [ 20.172499, 48.250782 ], [ 20.153751, 48.25084 ], [ 20.14344, 48.255446 ], [ 20.133826, 48.253437 ], [ 20.132934, 48.247571 ], [ 20.139073, 48.241808 ], [ 20.133256, 48.227879 ], [ 20.131067, 48.223183 ], [ 20.112385, 48.21538 ], [ 20.10164, 48.208743 ], [ 20.100777, 48.206069 ], [ 20.095467, 48.204002 ], [ 20.090484, 48.197253 ], [ 20.085303, 48.196631 ], [ 20.076383, 48.195561 ], [ 20.068307, 48.188537 ], [ 20.077432, 48.1833 ], [ 20.070854, 48.179209 ], [ 20.061266, 48.177589 ], [ 20.051879, 48.167704 ], [ 20.047505, 48.167356 ], [ 20.044536, 48.168078 ], [ 20.041668, 48.173579 ], [ 20.029191, 48.177176 ], [ 20.017884, 48.175945 ], [ 20.011781, 48.172399 ], [ 20.003638, 48.172286 ], [ 19.992685, 48.168255 ], [ 19.987671, 48.162601 ], [ 19.974389, 48.166009 ], [ 19.963851, 48.152874 ], [ 19.952891, 48.151363 ], [ 19.938554, 48.137653 ], [ 19.937304, 48.13189 ], [ 19.923634, 48.129435 ], [ 19.9091, 48.129334 ], [ 19.899319, 48.124798 ], [ 19.898269, 48.128872 ], [ 19.902319, 48.135873 ], [ 19.909209, 48.13961 ], [ 19.911413, 48.144088 ], [ 19.913362, 48.147138 ], [ 19.905643, 48.152173 ], [ 19.898741, 48.166317 ], [ 19.891051, 48.164706 ], [ 19.88907, 48.164091 ], [ 19.882705, 48.164742 ], [ 19.879182, 48.169754 ], [ 19.858441, 48.170287 ], [ 19.854365, 48.17787 ], [ 19.845289, 48.168461 ], [ 19.845277, 48.162746 ], [ 19.834674, 48.162471 ], [ 19.830698, 48.16362 ], [ 19.828593, 48.167215 ], [ 19.820935, 48.16873 ], [ 19.815026, 48.167178 ], [ 19.807876, 48.161899 ], [ 19.805852, 48.154736 ], [ 19.79529, 48.153923 ], [ 19.789672, 48.158256 ], [ 19.78253, 48.165291 ], [ 19.78867, 48.168252 ], [ 19.789586, 48.173526 ], [ 19.804594, 48.183514 ], [ 19.801275, 48.193005 ], [ 19.797426, 48.194411 ], [ 19.787743, 48.193138 ], [ 19.781619, 48.200554 ], [ 19.765412, 48.206843 ], [ 19.761179, 48.213098 ], [ 19.751523, 48.215001 ], [ 19.740556, 48.215243 ], [ 19.735202, 48.215361 ], [ 19.72112, 48.201477 ], [ 19.705623, 48.201669 ], [ 19.692172, 48.204457 ], [ 19.686087, 48.209527 ], [ 19.680524, 48.212562 ], [ 19.674164, 48.221486 ], [ 19.673763, 48.232229 ], [ 19.670485, 48.235258 ], [ 19.669627, 48.238871 ], [ 19.665176, 48.241138 ], [ 19.658906, 48.24095 ], [ 19.652431, 48.238042 ], [ 19.646304, 48.238859 ], [ 19.630822, 48.250079 ], [ 19.606365, 48.236904 ], [ 19.602548, 48.232319 ], [ 19.592874, 48.227762 ], [ 19.577649, 48.216116 ], [ 19.575448, 48.215707 ], [ 19.568118, 48.215415 ], [ 19.562853, 48.213431 ], [ 19.556007, 48.209388 ], [ 19.546858, 48.206139 ], [ 19.5413, 48.209324 ], [ 19.526568, 48.203128 ], [ 19.528645, 48.190495 ], [ 19.52194, 48.183698 ], [ 19.512793, 48.182086 ], [ 19.505914, 48.172812 ], [ 19.512675, 48.15664 ], [ 19.510194, 48.152308 ], [ 19.507579, 48.147622 ], [ 19.493444, 48.140206 ], [ 19.496095, 48.135826 ], [ 19.494239, 48.128313 ], [ 19.496543, 48.123841 ], [ 19.491083, 48.112102 ], [ 19.492727, 48.111454 ], [ 19.494492, 48.110759 ], [ 19.485592, 48.105216 ], [ 19.485805, 48.099711 ], [ 19.47965, 48.095503 ], [ 19.470148, 48.093286 ], [ 19.468143, 48.085239 ], [ 19.461671, 48.083074 ], [ 19.451824, 48.092859 ], [ 19.451925, 48.096133 ], [ 19.455869, 48.097607 ], [ 19.454044, 48.100287 ], [ 19.442639, 48.101273 ], [ 19.435767, 48.099029 ], [ 19.423204, 48.089532 ], [ 19.41741, 48.087924 ], [ 19.413294, 48.088884 ], [ 19.400325, 48.083414 ], [ 19.385478, 48.09172 ], [ 19.373083, 48.089736 ], [ 19.370597, 48.086466 ], [ 19.35763, 48.090429 ], [ 19.35283, 48.08887 ], [ 19.351535, 48.088674 ], [ 19.327804, 48.090383 ], [ 19.32584, 48.09031 ], [ 19.314212, 48.087617 ], [ 19.300332, 48.087987 ], [ 19.284642, 48.082238 ], [ 19.276698, 48.074279 ], [ 19.261103, 48.073256 ], [ 19.253612, 48.069526 ], [ 19.24636, 48.056737 ], [ 19.239999, 48.054096 ], [ 19.22894, 48.05673 ], [ 19.224847, 48.059859 ], [ 19.222663, 48.062058 ], [ 19.216608, 48.062989 ], [ 19.211788, 48.064039 ], [ 19.190591, 48.060673 ], [ 19.181169, 48.061274 ], [ 19.163451, 48.065684 ], [ 19.155063, 48.065996 ], [ 19.149334, 48.067364 ], [ 19.14393, 48.070566 ], [ 19.13517, 48.073986 ], [ 19.125473, 48.071995 ], [ 19.122075, 48.070084 ], [ 19.120679, 48.067703 ], [ 19.106921, 48.065637 ], [ 19.097084, 48.068592 ], [ 19.088876, 48.072456 ], [ 19.08216, 48.071958 ], [ 19.071769, 48.065392 ], [ 19.065715, 48.06424 ], [ 19.058174, 48.057988 ], [ 19.046375, 48.065898 ], [ 19.033555, 48.06532 ], [ 19.014323, 48.077736 ], [ 19.009246, 48.075439 ], [ 19.007765, 48.070119 ], [ 18.995411, 48.067252 ], [ 18.990319, 48.059027 ], [ 18.982163, 48.054301 ], [ 18.960097, 48.058317 ], [ 18.941188, 48.058705 ], [ 18.928392, 48.056832 ], [ 18.90926, 48.051547 ], [ 18.89151, 48.055342 ], [ 18.886676, 48.058688 ], [ 18.882498, 48.050986 ], [ 18.874103, 48.047385 ], [ 18.860889, 48.049704 ], [ 18.853918, 48.047914 ], [ 18.845587, 48.052578 ], [ 18.837975, 48.047513 ], [ 18.832919, 48.04722 ], [ 18.829207, 48.041506 ], [ 18.827029, 48.042065 ], [ 18.823825, 48.042888 ], [ 18.822724, 48.042986 ], [ 18.821657, 48.04208 ], [ 18.82017, 48.039842 ], [ 18.821265, 48.039223 ], [ 18.820698, 48.038543 ], [ 18.826292, 48.031463 ], [ 18.819168, 48.024066 ], [ 18.816115, 48.020599 ], [ 18.820372, 48.00689 ], [ 18.816791, 47.995206 ], [ 18.812057, 47.990702 ], [ 18.807578, 47.988184 ], [ 18.799111, 47.985344 ], [ 18.786941, 47.986542 ], [ 18.768965, 47.984867 ], [ 18.754816, 47.975082 ], [ 18.757341, 47.9709 ], [ 18.771286, 47.962444 ], [ 18.775729, 47.956837 ], [ 18.772139, 47.949581 ], [ 18.772873, 47.944885 ], [ 18.772856, 47.944661 ], [ 18.773745, 47.938468 ], [ 18.770236, 47.929711 ], [ 18.758646, 47.920308 ], [ 18.759981, 47.914941 ], [ 18.762254, 47.910269 ], [ 18.757673, 47.898123 ], [ 18.761077, 47.893192 ], [ 18.76357, 47.877975 ], [ 18.763581, 47.872982 ], [ 18.769933, 47.868946 ], [ 18.777661, 47.868964 ], [ 18.782659, 47.865822 ], [ 18.791869, 47.865121 ], [ 18.799658, 47.857467 ], [ 18.800527, 47.857146 ], [ 18.813364, 47.855333 ], [ 18.820883, 47.850887 ], [ 18.82301, 47.842128 ], [ 18.829847, 47.833554 ], [ 18.839783, 47.829244 ], [ 18.849505, 47.82972 ], [ 18.852768, 47.828004 ], [ 18.854767, 47.825519 ], [ 18.848478, 47.818228 ], [ 18.846532, 47.81639 ], [ 18.821326, 47.818791 ], [ 18.797278, 47.822588 ], [ 18.781432, 47.820982 ], [ 18.74763, 47.815084 ], [ 18.739465, 47.812808 ], [ 18.734002, 47.808652 ], [ 18.729364, 47.793899 ], [ 18.724985, 47.78872 ], [ 18.696572, 47.774332 ], [ 18.670263, 47.763165 ], [ 18.655442, 47.760081 ], [ 18.620364, 47.757477 ], [ 18.606743, 47.75864 ], [ 18.6048, 47.759056 ], [ 18.570845, 47.765584 ], [ 18.561342, 47.76573 ], [ 18.538823, 47.764211 ], [ 18.51599, 47.755862 ], [ 18.512324, 47.75518 ], [ 18.489327, 47.753348 ], [ 18.462721, 47.764242 ], [ 18.451778, 47.764994 ], [ 18.430671, 47.756142 ], [ 18.404716, 47.752309 ], [ 18.391567, 47.751066 ], [ 18.381773, 47.747862 ], [ 18.371744, 47.744579 ], [ 18.339533, 47.738371 ], [ 18.335489, 47.737597 ], [ 18.292983, 47.731396 ], [ 18.278836, 47.732577 ], [ 18.255744, 47.739061 ], [ 18.209344, 47.741782 ], [ 18.202147, 47.740463 ], [ 18.198238, 47.740026 ], [ 18.196262, 47.739926 ], [ 18.194281, 47.739906 ], [ 18.191273, 47.740021 ], [ 18.173444, 47.74121 ], [ 18.145193, 47.747777 ], [ 18.087504, 47.756364 ], [ 18.037827, 47.756544 ], [ 18.019987, 47.752258 ], [ 18.016772, 47.750932 ], [ 18.007161, 47.747761 ], [ 17.998324, 47.747638 ], [ 17.994689, 47.749149 ], [ 17.97919, 47.755591 ], [ 17.970567, 47.756675 ], [ 17.963414, 47.754934 ], [ 17.944967, 47.744935 ], [ 17.913568, 47.743483 ], [ 17.893923, 47.739457 ], [ 17.861806, 47.745494 ], [ 17.848678, 47.742948 ], [ 17.827617, 47.740218 ], [ 17.806911, 47.744354 ], [ 17.794564, 47.741536 ], [ 17.784473, 47.73942 ], [ 17.775989, 47.740822 ], [ 17.763831, 47.748927 ], [ 17.743264, 47.750751 ], [ 17.723375, 47.753912 ], [ 17.712311, 47.755508 ], [ 17.705437, 47.758992 ], [ 17.690019, 47.774001 ], [ 17.670379, 47.783565 ], [ 17.666858, 47.785547 ], [ 17.665172, 47.786569 ], [ 17.663564, 47.787542 ], [ 17.660174, 47.789462 ], [ 17.65669, 47.791305 ], [ 17.653118, 47.793069 ], [ 17.651512, 47.793809 ], [ 17.649461, 47.794752 ], [ 17.646892, 47.795783 ], [ 17.641492, 47.79795 ], [ 17.638731, 47.799203 ], [ 17.636049, 47.800531 ], [ 17.633452, 47.801933 ], [ 17.630943, 47.803407 ], [ 17.618519, 47.813953 ], [ 17.605742, 47.82225 ], [ 17.587588, 47.820493 ], [ 17.572597, 47.814342 ], [ 17.566413, 47.816166 ], [ 17.560826, 47.820839 ], [ 17.549578, 47.832745 ], [ 17.543423, 47.844304 ], [ 17.542129, 47.85282 ], [ 17.535181, 47.857004 ], [ 17.533941, 47.857945 ], [ 17.532781, 47.858921 ], [ 17.53142, 47.860263 ], [ 17.528018, 47.864391 ], [ 17.526843, 47.865445 ], [ 17.5211, 47.867322 ], [ 17.497698, 47.867997 ], [ 17.486212, 47.873489 ], [ 17.473819, 47.879413 ], [ 17.458686, 47.882945 ], [ 17.451344, 47.887997 ], [ 17.432066, 47.921298 ], [ 17.4129, 47.934033 ], [ 17.400745, 47.949442 ], [ 17.383999, 47.955503 ], [ 17.37932, 47.957197 ], [ 17.372773, 47.96228 ], [ 17.370755, 47.964535 ], [ 17.368953, 47.966547 ], [ 17.367919, 47.967702 ], [ 17.36677, 47.968825 ], [ 17.364803, 47.970507 ], [ 17.363342, 47.97167 ], [ 17.361758, 47.972757 ], [ 17.360059, 47.973764 ], [ 17.356968, 47.975315 ], [ 17.355113, 47.976345 ], [ 17.352483, 47.978007 ], [ 17.350705, 47.979299 ], [ 17.347987, 47.981492 ], [ 17.346526, 47.982887 ], [ 17.336804, 47.991685 ], [ 17.328501, 47.994629 ], [ 17.300597, 47.99585 ], [ 17.28055, 47.993935 ], [ 17.251363, 48.001699 ], [ 17.247909, 48.005693 ], [ 17.247428, 48.012009 ], [ 17.241788, 48.022465 ], [ 17.237096, 48.019071 ], [ 17.226548, 48.016418 ], [ 17.203327, 48.019666 ], [ 17.192526, 48.017915 ], [ 17.160798, 48.006656 ], [ 17.150065, 48.013572 ], [ 17.14827, 48.01507 ], [ 17.143844, 48.020188 ], [ 17.134869, 48.022843 ], [ 17.126145, 48.021734 ], [ 17.110966, 48.030627 ], [ 17.090336, 48.020478 ], [ 17.075626, 48.02755 ], [ 17.068633, 48.031794 ], [ 17.087018, 48.046095 ], [ 17.083531, 48.050333 ], [ 17.069906, 48.054797 ], [ 17.070162, 48.057012 ], [ 17.071704, 48.056247 ], [ 17.07549, 48.059073 ], [ 17.086788, 48.065366 ], [ 17.07223, 48.070456 ], [ 17.073183, 48.071568 ], [ 17.078908, 48.078244 ], [ 17.071552, 48.080931 ], [ 17.07485, 48.082647 ], [ 17.073133, 48.083381 ], [ 17.074558, 48.085921 ], [ 17.07643, 48.086207 ], [ 17.089633, 48.092237 ], [ 17.091319, 48.090571 ], [ 17.093165, 48.091422 ], [ 17.089489, 48.095863 ], [ 17.090166, 48.100134 ], [ 17.078862, 48.105724 ], [ 17.074149, 48.111454 ], [ 17.074585, 48.113887 ], [ 17.066741, 48.118681 ], [ 17.062179, 48.123028 ], [ 17.067845, 48.1248 ], [ 17.057376, 48.14179 ], [ 17.05719, 48.143729 ], [ 17.045025, 48.140848 ], [ 17.039042, 48.139863 ], [ 17.033803, 48.139799 ], [ 17.030717, 48.140138 ], [ 17.027366, 48.140744 ], [ 17.025158, 48.141564 ], [ 17.023354, 48.142748 ], [ 17.018499, 48.148523 ], [ 17.013251, 48.152898 ], [ 17.009493, 48.154889 ], [ 16.999672, 48.158715 ], [ 16.993805, 48.161635 ], [ 16.984014, 48.168155 ], [ 16.978455, 48.171066 ], [ 16.976203, 48.172244 ], [ 16.97662, 48.187101 ], [ 16.976401, 48.189491 ], [ 16.975461, 48.191346 ], [ 16.971966, 48.195526 ], [ 16.969904, 48.201483 ], [ 16.967122, 48.205133 ], [ 16.965216, 48.21023 ], [ 16.962499, 48.213478 ], [ 16.961944, 48.215385 ], [ 16.962093, 48.21749 ], [ 16.960027, 48.22273 ], [ 16.959383, 48.224363 ], [ 16.946314, 48.236722 ], [ 16.950787, 48.254653 ], [ 16.957182, 48.26348 ], [ 16.956014, 48.264517 ], [ 16.952178, 48.265759 ], [ 16.949729, 48.268204 ], [ 16.94315, 48.270642 ], [ 16.932452, 48.270933 ], [ 16.921104, 48.273309 ], [ 16.900724, 48.297922 ], [ 16.895069, 48.311912 ], [ 16.907344, 48.321564 ], [ 16.90743, 48.326111 ], [ 16.872572, 48.338019 ], [ 16.870117, 48.34079 ], [ 16.874344, 48.345456 ], [ 16.872759, 48.348143 ], [ 16.846645, 48.349551 ], [ 16.843024, 48.352436 ], [ 16.84324, 48.35734 ], [ 16.842196, 48.360131 ], [ 16.839636, 48.364908 ], [ 16.840713, 48.371792 ], [ 16.833793, 48.381417 ], [ 16.837204, 48.383412 ], [ 16.845349, 48.382209 ], [ 16.850664, 48.383496 ], [ 16.850875, 48.390199 ], [ 16.855586, 48.39666 ], [ 16.850638, 48.409465 ], [ 16.862639, 48.419849 ], [ 16.851641, 48.435092 ], [ 16.851106, 48.438635 ], [ 16.850673, 48.44878 ], [ 16.862322, 48.452974 ], [ 16.860481, 48.459991 ], [ 16.865283, 48.465204 ], [ 16.873476, 48.467595 ], [ 16.880764, 48.477467 ], [ 16.889236, 48.476922 ], [ 16.895756, 48.485942 ], [ 16.890998, 48.492195 ], [ 16.896084, 48.49633 ], [ 16.904753, 48.498135 ], [ 16.913507, 48.494672 ], [ 16.916974, 48.497908 ], [ 16.913212, 48.509758 ], [ 16.915186, 48.512285 ], [ 16.921131, 48.513459 ], [ 16.921446, 48.515779 ], [ 16.922542, 48.520025 ], [ 16.942107, 48.52186 ], [ 16.94078, 48.526848 ], [ 16.943226, 48.53034 ], [ 16.945977, 48.53214 ], [ 16.948423, 48.53324 ], [ 16.949379, 48.534463 ], [ 16.949778, 48.535792 ], [ 16.953112, 48.543953 ], [ 16.943753, 48.551564 ], [ 16.944134, 48.559908 ], [ 16.938509, 48.565377 ], [ 16.935977, 48.573018 ], [ 16.938855, 48.583755 ], [ 16.934834, 48.60224 ], [ 16.937704, 48.603032 ], [ 16.939501, 48.603621 ], [ 16.941051, 48.604805 ], [ 16.942024, 48.606233 ], [ 16.942203, 48.60823 ], [ 16.941999, 48.610391 ], [ 16.939969, 48.612963 ], [ 16.939326, 48.614492 ], [ 16.940278, 48.617245 ], [ 16.920054, 48.622389 ], [ 16.919719, 48.626231 ], [ 16.928409, 48.638637 ], [ 16.921297, 48.645202 ], [ 16.919883, 48.651147 ], [ 16.922894, 48.658145 ], [ 16.923057, 48.670187 ], [ 16.911959, 48.674719 ], [ 16.910479, 48.678691 ], [ 16.917743, 48.693795 ], [ 16.915992, 48.700358 ], [ 16.90374, 48.710762 ], [ 16.905088, 48.715022 ], [ 16.902164, 48.717053 ], [ 16.887148, 48.716334 ], [ 16.879319, 48.722193 ], [ 16.86832, 48.712606 ], [ 16.842332, 48.711802 ], [ 16.83419, 48.71583 ], [ 16.825906, 48.710988 ], [ 16.812941, 48.710845 ], [ 16.806557, 48.711734 ], [ 16.801389, 48.707545 ], [ 16.789511, 48.713334 ], [ 16.775138, 48.712462 ], [ 16.764326, 48.717932 ], [ 16.760462, 48.71679 ], [ 16.753679, 48.721062 ], [ 16.747371, 48.731323 ], [ 16.736303, 48.729977 ], [ 16.723505, 48.737992 ], [ 16.700361, 48.735925 ], [ 16.682586, 48.727792 ], [ 16.682544, 48.728087 ], [ 16.673856, 48.740961 ], [ 16.680119, 48.749553 ], [ 16.679839, 48.756187 ], [ 16.675746, 48.769658 ], [ 16.665384, 48.774699 ], [ 16.665814, 48.778064 ], [ 16.662095, 48.781247 ], [ 16.645052, 48.785694 ], [ 16.635201, 48.785438 ], [ 16.628501, 48.780583 ], [ 16.593232, 48.782793 ], [ 16.593636, 48.784438 ], [ 16.593636, 48.786847 ], [ 16.583167, 48.791697 ], [ 16.565019, 48.794239 ], [ 16.540749, 48.814284 ], [ 16.534051, 48.810827 ], [ 16.533893, 48.809492 ], [ 16.532784, 48.807672 ], [ 16.51937, 48.798834 ], [ 16.514673, 48.802367 ], [ 16.498735, 48.802243 ], [ 16.479741, 48.802094 ], [ 16.464473, 48.80989 ], [ 16.46041, 48.809027 ], [ 16.459035, 48.808082 ], [ 16.462816, 48.806301 ], [ 16.461014, 48.805849 ], [ 16.461892, 48.804639 ], [ 16.453517, 48.801829 ], [ 16.448696, 48.799379 ], [ 16.447085, 48.790394 ], [ 16.436216, 48.777932 ], [ 16.438776, 48.772947 ], [ 16.434998, 48.76563 ], [ 16.43193, 48.764153 ], [ 16.430019, 48.763232 ], [ 16.428224, 48.762647 ], [ 16.421256, 48.760775 ], [ 16.413683, 48.75371 ], [ 16.40898, 48.742937 ], [ 16.40178, 48.741305 ], [ 16.395991, 48.736993 ], [ 16.388977, 48.738133 ], [ 16.380815, 48.729707 ], [ 16.361051, 48.728302 ], [ 16.352615, 48.733365 ], [ 16.35629, 48.737663 ], [ 16.354403, 48.740047 ], [ 16.346395, 48.741511 ], [ 16.342498, 48.744752 ], [ 16.340385, 48.742551 ], [ 16.336399, 48.733263 ], [ 16.33181, 48.731654 ], [ 16.312303, 48.733391 ], [ 16.301496, 48.739544 ], [ 16.299017, 48.739717 ], [ 16.298472, 48.738436 ], [ 16.296629, 48.737664 ], [ 16.294502, 48.738114 ], [ 16.288293, 48.740189 ], [ 16.28516, 48.739878 ], [ 16.281782, 48.740981 ], [ 16.277899, 48.741514 ], [ 16.273018, 48.741277 ], [ 16.268323, 48.741337 ], [ 16.264028, 48.738101 ], [ 16.263055, 48.737008 ], [ 16.253971, 48.738473 ], [ 16.248704, 48.739627 ], [ 16.240455, 48.73962 ], [ 16.23375, 48.74023 ], [ 16.223501, 48.740104 ], [ 16.207893, 48.742422 ], [ 16.204406, 48.74294 ], [ 16.195418, 48.743129 ], [ 16.189001, 48.743264 ], [ 16.185773, 48.743787 ], [ 16.156227, 48.748031 ], [ 16.149886, 48.743193 ], [ 16.146248, 48.743736 ], [ 16.143066, 48.74421 ], [ 16.139269, 48.745407 ], [ 16.138938, 48.742749 ], [ 16.120434, 48.746229 ], [ 16.117974, 48.746691 ], [ 16.117168, 48.748253 ], [ 16.114732, 48.747816 ], [ 16.111776, 48.747287 ], [ 16.112032, 48.745874 ], [ 16.106869, 48.745354 ], [ 16.102885, 48.745396 ], [ 16.098524, 48.746036 ], [ 16.092823, 48.746872 ], [ 16.088977, 48.747823 ], [ 16.080345, 48.7498 ], [ 16.074806, 48.751931 ], [ 16.069583, 48.753398 ], [ 16.066624, 48.754271 ], [ 16.064669, 48.754848 ], [ 16.052833, 48.76102 ], [ 16.048597, 48.762027 ], [ 15.995511, 48.778991 ], [ 15.970063, 48.795317 ], [ 15.958021, 48.799466 ], [ 15.950033, 48.805563 ], [ 15.952235, 48.813917 ], [ 15.959883, 48.81979 ], [ 15.956497, 48.82328 ], [ 15.94727, 48.823158 ], [ 15.946887, 48.826586 ], [ 15.943939, 48.827616 ], [ 15.940949, 48.826676 ], [ 15.939509, 48.819751 ], [ 15.930081, 48.821107 ], [ 15.925006, 48.824409 ], [ 15.929397, 48.833551 ], [ 15.922061, 48.836663 ], [ 15.917149, 48.838746 ], [ 15.90594, 48.83604 ], [ 15.895092, 48.835965 ], [ 15.894074, 48.839985 ], [ 15.901285, 48.838925 ], [ 15.902352, 48.842186 ], [ 15.89566, 48.847077 ], [ 15.888623, 48.843832 ], [ 15.884675, 48.84411 ], [ 15.878114, 48.858074 ], [ 15.873015, 48.859689 ], [ 15.873639, 48.854805 ], [ 15.864711, 48.852698 ], [ 15.856958, 48.857368 ], [ 15.843523, 48.859578 ], [ 15.842082, 48.861718 ], [ 15.851617, 48.86716 ], [ 15.844139, 48.87303 ], [ 15.845, 48.875693 ], [ 15.837971, 48.876703 ], [ 15.827987, 48.871459 ], [ 15.793018, 48.873842 ], [ 15.780197, 48.874512 ], [ 15.774748, 48.869691 ], [ 15.770508, 48.864108 ], [ 15.753634, 48.852178 ], [ 15.751158, 48.852143 ], [ 15.745388, 48.853334 ], [ 15.74173, 48.854435 ], [ 15.738103, 48.855146 ], [ 15.735601, 48.855371 ], [ 15.72902, 48.855962 ], [ 15.724973, 48.856326 ], [ 15.713586, 48.858051 ], [ 15.714713, 48.859651 ], [ 15.710128, 48.860492 ], [ 15.692574, 48.855528 ], [ 15.686835, 48.857326 ], [ 15.654986, 48.881575 ], [ 15.635957, 48.887094 ], [ 15.635404, 48.88494 ], [ 15.629735, 48.885686 ], [ 15.619362, 48.895323 ], [ 15.613563, 48.897634 ], [ 15.587094, 48.895986 ], [ 15.583866, 48.896099 ], [ 15.580679, 48.895697 ], [ 15.577868, 48.895882 ], [ 15.575232, 48.896691 ], [ 15.569358, 48.89998 ], [ 15.559466, 48.904326 ], [ 15.549028, 48.906221 ], [ 15.54245, 48.907697 ], [ 15.512939, 48.914734 ], [ 15.506067, 48.920367 ], [ 15.501371, 48.935964 ], [ 15.482541, 48.943663 ], [ 15.478555, 48.944325 ], [ 15.468531, 48.95114 ], [ 15.456122, 48.945971 ], [ 15.447576, 48.950314 ], [ 15.429544, 48.951186 ], [ 15.415184, 48.955665 ], [ 15.402891, 48.963005 ], [ 15.393471, 48.965607 ], [ 15.388153, 48.972507 ], [ 15.365883, 48.981707 ], [ 15.349399, 48.984518 ], [ 15.33266, 48.984186 ], [ 15.321735, 48.976124 ], [ 15.312846, 48.980123 ], [ 15.305471, 48.978486 ], [ 15.296095, 48.981298 ], [ 15.291863, 48.984288 ], [ 15.292933, 48.989226 ], [ 15.289483, 48.992729 ], [ 15.277507, 48.993384 ], [ 15.276028, 48.986203 ], [ 15.280904, 48.978709 ], [ 15.272595, 48.967514 ], [ 15.266661, 48.966001 ], [ 15.268539, 48.958178 ], [ 15.262472, 48.956991 ], [ 15.261449, 48.953923 ], [ 15.245341, 48.9593 ], [ 15.237757, 48.958027 ], [ 15.224397, 48.959628 ], [ 15.210072, 48.956908 ], [ 15.19048, 48.943703 ], [ 15.177254, 48.947064 ], [ 15.160247, 48.941686 ], [ 15.156297, 48.947402 ], [ 15.169395, 48.963062 ], [ 15.167331, 48.967833 ], [ 15.160622, 48.972146 ], [ 15.161935, 48.977079 ], [ 15.151771, 48.98084 ], [ 15.157704, 48.986181 ], [ 15.157331, 48.991779 ], [ 15.141165, 48.997197 ], [ 15.132925, 48.999959 ], [ 15.121293, 48.99774 ], [ 15.110098, 48.999251 ], [ 15.105643, 48.996206 ], [ 15.101306, 48.994377 ], [ 15.066294, 48.999552 ], [ 15.064466, 49.002504 ], [ 15.066929, 49.008017 ], [ 15.063994, 49.014284 ], [ 15.053873, 49.015257 ], [ 15.039855, 49.011923 ], [ 15.020642, 49.020525 ], [ 15.005377, 49.012767 ], [ 14.995902, 49.015055 ], [ 14.991378, 49.009492 ], [ 14.999917, 49.003353 ], [ 14.996384, 48.995463 ], [ 14.997828, 48.991957 ], [ 14.984054, 48.985827 ], [ 14.97656, 48.970968 ], [ 14.97706, 48.954272 ], [ 14.986056, 48.936961 ], [ 14.979378, 48.92984 ], [ 14.983862, 48.923072 ], [ 14.989905, 48.915064 ], [ 14.99156, 48.897308 ], [ 14.988419, 48.895706 ], [ 14.988337, 48.8916 ], [ 14.983718, 48.889888 ], [ 14.983319, 48.875391 ], [ 14.973135, 48.873376 ], [ 14.973996, 48.853878 ], [ 14.984404, 48.844107 ], [ 14.983182, 48.842586 ], [ 14.972499, 48.841605 ], [ 14.969044, 48.836663 ], [ 14.968134, 48.835361 ], [ 14.968534, 48.824792 ], [ 14.969743, 48.823902 ], [ 14.958447, 48.813941 ], [ 14.959609, 48.804664 ], [ 14.956351, 48.801606 ], [ 14.953263, 48.789781 ], [ 14.973586, 48.783072 ], [ 14.979224, 48.779351 ], [ 14.978242, 48.771382 ], [ 14.963741, 48.763151 ], [ 14.955757, 48.75883 ], [ 14.947986, 48.762295 ], [ 14.939479, 48.761734 ], [ 14.930147, 48.766682 ], [ 14.917316, 48.769112 ], [ 14.907266, 48.767159 ], [ 14.901148, 48.770005 ], [ 14.895054, 48.77219 ], [ 14.8866, 48.77105 ], [ 14.885466, 48.776401 ], [ 14.879956, 48.780003 ], [ 14.869188, 48.780464 ], [ 14.856036, 48.776286 ], [ 14.842177, 48.783261 ], [ 14.82929, 48.780487 ], [ 14.824778, 48.783173 ], [ 14.80895, 48.777955 ], [ 14.807247, 48.771221 ], [ 14.811656, 48.76277 ], [ 14.800863, 48.747552 ], [ 14.808139, 48.73388 ], [ 14.798625, 48.731448 ], [ 14.780703, 48.715233 ], [ 14.77146, 48.711118 ], [ 14.758283, 48.709251 ], [ 14.754897, 48.70387 ], [ 14.736677, 48.698795 ], [ 14.727621, 48.687465 ], [ 14.723459, 48.6757 ], [ 14.712956, 48.651145 ], [ 14.717537, 48.64886 ], [ 14.722101, 48.638326 ], [ 14.714486, 48.617612 ], [ 14.72031, 48.602249 ], [ 14.710645, 48.5949 ], [ 14.707234, 48.592306 ], [ 14.705434, 48.58496 ], [ 14.700387, 48.583349 ], [ 14.691014, 48.584302 ], [ 14.664123, 48.582294 ], [ 14.654984, 48.602428 ], [ 14.64649, 48.609235 ], [ 14.641474, 48.607496 ], [ 14.630951, 48.603848 ], [ 14.626738, 48.604355 ], [ 14.613442, 48.626209 ], [ 14.60512, 48.628012 ], [ 14.598862, 48.624921 ], [ 14.592611, 48.619081 ], [ 14.581083, 48.616557 ], [ 14.567192, 48.609297 ], [ 14.564872, 48.608085 ], [ 14.562308, 48.604165 ], [ 14.554883, 48.605756 ], [ 14.547134, 48.613802 ], [ 14.52704, 48.614803 ], [ 14.516254, 48.619563 ], [ 14.502669, 48.6181 ], [ 14.495715, 48.622615 ], [ 14.493348, 48.63226 ], [ 14.481975, 48.63638 ], [ 14.476251, 48.642754 ], [ 14.469159, 48.646469 ], [ 14.459661, 48.643775 ], [ 14.444255, 48.642639 ], [ 14.455307, 48.62604 ], [ 14.448052, 48.620308 ], [ 14.448291, 48.613805 ], [ 14.443557, 48.604144 ], [ 14.429344, 48.588979 ], [ 14.413065, 48.592626 ], [ 14.385769, 48.591788 ], [ 14.38774, 48.584233 ], [ 14.393657, 48.577474 ], [ 14.387564, 48.571928 ], [ 14.37899, 48.56944 ], [ 14.369395, 48.570142 ], [ 14.365418, 48.575229 ], [ 14.358626, 48.574402 ], [ 14.353207, 48.569258 ], [ 14.352214, 48.563099 ], [ 14.346745, 48.560856 ], [ 14.341415, 48.554684 ], [ 14.333209, 48.551826 ], [ 14.32724, 48.554728 ], [ 14.324075, 48.563427 ], [ 14.31007, 48.564408 ], [ 14.280472, 48.573767 ], [ 14.270392, 48.580994 ], [ 14.256012, 48.581423 ], [ 14.240734, 48.578262 ], [ 14.232974, 48.583184 ], [ 14.221553, 48.58644 ], [ 14.182933, 48.593526 ], [ 14.175426, 48.591212 ], [ 14.163534, 48.589235 ], [ 14.161648, 48.592239 ], [ 14.154191, 48.595345 ], [ 14.14121, 48.594319 ], [ 14.131425, 48.597257 ], [ 14.12522, 48.594018 ], [ 14.115935, 48.589171 ], [ 14.101615, 48.591329 ], [ 14.095584, 48.592238 ], [ 14.09552, 48.598952 ], [ 14.07564, 48.599555 ], [ 14.068962, 48.597533 ], [ 14.067255, 48.604851 ], [ 14.054652, 48.605248 ], [ 14.049426, 48.610154 ], [ 14.042194, 48.612856 ], [ 14.046864, 48.627463 ], [ 14.031182, 48.627474 ], [ 14.01057, 48.639653 ], [ 14.02283, 48.646005 ], [ 14.025653, 48.652444 ], [ 14.035533, 48.654293 ], [ 14.053291, 48.653628 ], [ 14.059642, 48.664423 ], [ 14.058608, 48.671556 ], [ 14.059284, 48.673702 ], [ 14.034577, 48.678245 ], [ 14.026851, 48.683307 ], [ 14.025266, 48.688657 ], [ 14.01732, 48.691936 ], [ 14.01748, 48.695903 ], [ 14.011045, 48.695571 ], [ 14.01223, 48.698621 ], [ 14.004449, 48.707766 ], [ 13.976493, 48.711092 ], [ 13.956952, 48.71456 ], [ 13.952888, 48.720369 ], [ 13.940377, 48.722735 ], [ 13.92634, 48.734691 ], [ 13.915015, 48.743948 ], [ 13.89726, 48.755925 ], [ 13.87696, 48.765974 ], [ 13.867747, 48.769449 ], [ 13.839507, 48.771605 ], [ 13.832023, 48.770917 ], [ 13.815294, 48.773379 ], [ 13.804115, 48.781237 ], [ 13.807891, 48.783087 ], [ 13.80982, 48.787 ], [ 13.810405, 48.78899 ], [ 13.812084, 48.792829 ], [ 13.813914, 48.793891 ], [ 13.815319, 48.7969 ], [ 13.797025, 48.813921 ], [ 13.795882, 48.81979 ], [ 13.789088, 48.825616 ], [ 13.791678, 48.83023 ], [ 13.770588, 48.831584 ], [ 13.765419, 48.834427 ], [ 13.764028, 48.836663 ], [ 13.749998, 48.859215 ], [ 13.750122, 48.866769 ], [ 13.739879, 48.878026 ], [ 13.735265, 48.886266 ], [ 13.730595, 48.886454 ], [ 13.724042, 48.881277 ], [ 13.716579, 48.878548 ], [ 13.70579, 48.880616 ], [ 13.70026, 48.881246 ], [ 13.689605, 48.87868 ], [ 13.673853, 48.879851 ], [ 13.667628, 48.890953 ], [ 13.654388, 48.895598 ], [ 13.645302, 48.911371 ], [ 13.638537, 48.918966 ], [ 13.636569, 48.9269 ], [ 13.623038, 48.938851 ], [ 13.630759, 48.947104 ], [ 13.627162, 48.949097 ], [ 13.621532, 48.948698 ], [ 13.607632, 48.941331 ], [ 13.591666, 48.951982 ], [ 13.591954, 48.961714 ], [ 13.583038, 48.969674 ], [ 13.57733, 48.970475 ], [ 13.571714, 48.966522 ], [ 13.563865, 48.970102 ], [ 13.551579, 48.967787 ], [ 13.545145, 48.967859 ], [ 13.537195, 48.972945 ], [ 13.531067, 48.973891 ], [ 13.517006, 48.969288 ], [ 13.508612, 48.968823 ], [ 13.506031, 48.959998 ], [ 13.50787, 48.948459 ], [ 13.508258, 48.942166 ], [ 13.4962, 48.941634 ], [ 13.490135, 48.944534 ], [ 13.48742, 48.946371 ], [ 13.483812, 48.948142 ], [ 13.48347, 48.951464 ], [ 13.480195, 48.951992 ], [ 13.477867, 48.953251 ], [ 13.475988, 48.953149 ], [ 13.473, 48.953903 ], [ 13.469614, 48.954633 ], [ 13.466983, 48.955639 ], [ 13.465364, 48.957095 ], [ 13.462688, 48.95893 ], [ 13.461503, 48.960555 ], [ 13.459986, 48.962584 ], [ 13.45737, 48.963176 ], [ 13.454439, 48.963082 ], [ 13.45091, 48.963941 ], [ 13.44913, 48.965239 ], [ 13.442914, 48.965988 ], [ 13.433347, 48.972118 ], [ 13.426961, 48.972704 ], [ 13.424091, 48.976914 ], [ 13.416652, 48.980035 ], [ 13.403015, 48.988166 ], [ 13.402614, 48.994305 ], [ 13.408974, 49.004165 ], [ 13.400399, 49.016409 ], [ 13.405567, 49.023266 ], [ 13.399542, 49.036095 ], [ 13.393052, 49.041394 ], [ 13.397429, 49.045994 ], [ 13.396825, 49.050854 ], [ 13.39249, 49.053744 ], [ 13.386565, 49.053579 ], [ 13.381952, 49.057352 ], [ 13.376812, 49.05818 ], [ 13.370128, 49.067512 ], [ 13.363684, 49.069869 ], [ 13.347652, 49.08172 ], [ 13.343785, 49.088624 ], [ 13.32364, 49.100292 ], [ 13.312292, 49.104287 ], [ 13.290637, 49.117623 ], [ 13.281601, 49.120449 ], [ 13.235948, 49.113731 ], [ 13.204349, 49.122903 ], [ 13.183102, 49.13432 ], [ 13.171723, 49.143312 ], [ 13.176709, 49.163497 ], [ 13.170908, 49.173579 ], [ 13.162017, 49.174963 ], [ 13.147164, 49.184401 ], [ 13.129704, 49.196309 ], [ 13.109971, 49.203179 ], [ 13.113728, 49.21789 ], [ 13.093993, 49.225052 ], [ 13.087203, 49.228798 ], [ 13.087617, 49.238447 ], [ 13.080728, 49.247425 ], [ 13.072263, 49.246736 ], [ 13.060007, 49.251031 ], [ 13.057857, 49.261154 ], [ 13.054861, 49.263758 ], [ 13.033699, 49.264844 ], [ 13.026254, 49.278169 ], [ 13.029009, 49.28476 ], [ 13.028642, 49.303773 ], [ 13.007573, 49.305997 ], [ 13.002594, 49.312944 ], [ 12.97072, 49.33454 ], [ 12.957884, 49.337273 ], [ 12.945811, 49.343638 ], [ 12.919902, 49.34344 ], [ 12.914125, 49.344707 ], [ 12.902496, 49.349338 ], [ 12.881176, 49.350189 ], [ 12.881099, 49.344197 ], [ 12.888178, 49.334189 ], [ 12.885537, 49.33252 ], [ 12.876348, 49.332832 ], [ 12.860094, 49.338407 ], [ 12.853336, 49.338733 ], [ 12.845149, 49.34475 ], [ 12.834705, 49.340822 ], [ 12.802076, 49.341841 ], [ 12.786287, 49.345398 ], [ 12.778915, 49.34921 ], [ 12.780644, 49.360622 ], [ 12.767414, 49.366168 ], [ 12.758661, 49.374882 ], [ 12.760671, 49.383042 ], [ 12.757288, 49.394428 ], [ 12.732572, 49.409816 ], [ 12.715517, 49.414133 ], [ 12.708057, 49.424423 ], [ 12.679172, 49.426458 ], [ 12.655894, 49.434547 ], [ 12.656939, 49.444588 ], [ 12.656987, 49.444731 ], [ 12.657236, 49.451695 ], [ 12.649058, 49.467084 ], [ 12.638201, 49.473552 ], [ 12.633764, 49.476195 ], [ 12.638201, 49.480397 ], [ 12.643767, 49.485666 ], [ 12.643726, 49.487652 ], [ 12.643593, 49.494137 ], [ 12.640178, 49.500498 ], [ 12.641816, 49.509744 ], [ 12.644176, 49.523057 ], [ 12.641206, 49.526821 ], [ 12.638201, 49.52915 ], [ 12.635105, 49.53155 ], [ 12.631495, 49.531064 ], [ 12.627906, 49.527315 ], [ 12.621688, 49.526659 ], [ 12.601165, 49.532773 ], [ 12.589878, 49.538052 ], [ 12.593779, 49.542191 ], [ 12.586885, 49.546441 ], [ 12.574307, 49.559964 ], [ 12.571388, 49.569143 ], [ 12.576665, 49.585899 ], [ 12.564408, 49.596582 ], [ 12.562308, 49.609408 ], [ 12.557478, 49.613669 ], [ 12.56067, 49.619634 ], [ 12.547028, 49.621159 ], [ 12.52933, 49.618406 ], [ 12.52752, 49.621658 ], [ 12.533444, 49.626034 ], [ 12.523383, 49.628408 ], [ 12.523163, 49.63369 ], [ 12.528211, 49.639295 ], [ 12.519042, 49.64326 ], [ 12.517987, 49.645506 ], [ 12.524973, 49.65377 ], [ 12.522986, 49.66018 ], [ 12.529215, 49.666251 ], [ 12.522718, 49.677614 ], [ 12.5216, 49.685855 ], [ 12.517899, 49.686823 ], [ 12.511683, 49.686823 ], [ 12.505313, 49.685625 ], [ 12.493578, 49.685963 ], [ 12.489736, 49.686823 ], [ 12.485201, 49.687838 ], [ 12.482091, 49.694515 ], [ 12.457787, 49.701602 ], [ 12.44702, 49.702298 ], [ 12.44149, 49.705087 ], [ 12.425901, 49.729617 ], [ 12.413477, 49.732955 ], [ 12.404543, 49.744938 ], [ 12.401524, 49.758373 ], [ 12.404829, 49.76231 ], [ 12.471798, 49.786489 ], [ 12.473945, 49.788786 ], [ 12.473378, 49.791374 ], [ 12.466281, 49.795369 ], [ 12.470343, 49.80096 ], [ 12.46567, 49.811712 ], [ 12.474305, 49.817726 ], [ 12.474142, 49.835097 ], [ 12.481178, 49.840704 ], [ 12.486514, 49.841587 ], [ 12.497529, 49.83848 ], [ 12.497328, 49.852621 ], [ 12.49846, 49.85647 ], [ 12.510909, 49.85886 ], [ 12.516247, 49.864665 ], [ 12.521807, 49.881335 ], [ 12.532937, 49.889336 ], [ 12.53996, 49.8912 ], [ 12.550989, 49.905088 ], [ 12.547375, 49.920015 ], [ 12.53622, 49.924874 ], [ 12.50615, 49.928988 ], [ 12.494169, 49.933346 ], [ 12.493171, 49.936547 ], [ 12.478405, 49.935672 ], [ 12.471058, 49.944768 ], [ 12.470911, 49.948797 ], [ 12.47889, 49.957035 ], [ 12.489773, 49.958924 ], [ 12.49403, 49.969174 ], [ 12.499332, 49.971983 ], [ 12.489498, 49.981163 ], [ 12.476738, 49.98149 ], [ 12.468643, 49.99184 ], [ 12.46161, 49.994399 ], [ 12.456135, 49.993971 ], [ 12.441985, 49.987355 ], [ 12.432238, 49.985167 ], [ 12.426731, 49.991298 ], [ 12.434654, 49.994247 ], [ 12.434812, 49.998442 ], [ 12.430479, 50.002107 ], [ 12.424057, 50.000477 ], [ 12.423137, 50.000759 ], [ 12.414714, 50.004327 ], [ 12.403153, 50.005603 ], [ 12.398974, 50.009143 ], [ 12.40091, 50.014343 ], [ 12.384107, 50.013055 ], [ 12.379598, 50.014507 ], [ 12.377349, 50.018832 ], [ 12.368184, 50.018041 ], [ 12.354628, 50.029752 ], [ 12.346969, 50.036367 ], [ 12.340988, 50.038731 ], [ 12.337193, 50.039143 ], [ 12.331181, 50.033556 ], [ 12.326521, 50.033034 ], [ 12.323332, 50.039901 ], [ 12.316593, 50.045884 ], [ 12.317513, 50.052332 ], [ 12.297829, 50.058483 ], [ 12.27992, 50.055679 ], [ 12.27053, 50.060993 ], [ 12.260799, 50.058156 ], [ 12.261489, 50.064824 ], [ 12.274285, 50.076182 ], [ 12.266348, 50.078952 ], [ 12.251696, 50.090599 ], [ 12.246428, 50.092224 ], [ 12.246859, 50.096661 ], [ 12.240564, 50.09628 ], [ 12.2336, 50.094148 ], [ 12.228197, 50.097578 ], [ 12.228261, 50.101466 ], [ 12.221694, 50.103188 ], [ 12.209945, 50.102751 ], [ 12.201574, 50.108889 ], [ 12.201544, 50.11625 ], [ 12.196538, 50.127676 ], [ 12.195154, 50.141758 ], [ 12.203607, 50.145835 ], [ 12.201661, 50.152827 ], [ 12.210996, 50.158949 ], [ 12.215127, 50.166447 ], [ 12.208541, 50.171509 ], [ 12.201001, 50.187789 ], [ 12.190918, 50.194809 ], [ 12.194032, 50.198555 ], [ 12.184184, 50.200274 ], [ 12.183983, 50.20356 ], [ 12.174496, 50.211976 ], [ 12.159608, 50.212704 ], [ 12.162686, 50.217988 ], [ 12.160679, 50.219849 ], [ 12.15808, 50.22644 ], [ 12.146867, 50.230398 ], [ 12.150471, 50.235408 ], [ 12.144326, 50.234591 ], [ 12.140325, 50.231003 ], [ 12.126901, 50.23277 ], [ 12.109746, 50.23826 ], [ 12.107979, 50.242218 ], [ 12.106264, 50.246057 ], [ 12.097627, 50.246832 ], [ 12.092099, 50.250529 ], [ 12.09219, 50.252405 ], [ 12.101972, 50.256183 ], [ 12.098987, 50.262479 ], [ 12.128029, 50.270174 ], [ 12.139185, 50.277703 ], [ 12.1348, 50.283863 ], [ 12.123356, 50.290954 ], [ 12.119617, 50.298934 ], [ 12.124596, 50.307975 ], [ 12.100901, 50.318028 ], [ 12.106924, 50.321833 ], [ 12.114488, 50.320089 ], [ 12.115944, 50.316311 ], [ 12.123962, 50.315616 ], [ 12.132424, 50.319235 ], [ 12.146921, 50.321548 ], [ 12.1758, 50.322858 ], [ 12.184022, 50.321756 ], [ 12.183456, 50.316639 ], [ 12.187064, 50.312033 ], [ 12.197259, 50.308097 ], [ 12.200438, 50.308618 ], [ 12.19629, 50.295808 ], [ 12.201521, 50.288082 ], [ 12.19998, 50.27427 ], [ 12.213522, 50.270378 ], [ 12.228953, 50.271028 ], [ 12.245701, 50.268662 ], [ 12.253341, 50.270479 ], [ 12.265478, 50.258899 ], [ 12.264211, 50.251197 ], [ 12.256081, 50.251927 ], [ 12.249819, 50.255009 ], [ 12.240308, 50.247437 ], [ 12.248283, 50.242218 ], [ 12.25829, 50.235668 ], [ 12.276744, 50.23151 ], [ 12.284282, 50.226303 ], [ 12.282959, 50.222879 ], [ 12.291416, 50.221047 ], [ 12.283207, 50.212259 ], [ 12.283752, 50.210002 ], [ 12.287891, 50.208626 ], [ 12.287001, 50.203984 ], [ 12.277758, 50.199498 ], [ 12.275712, 50.196687 ], [ 12.278157, 50.191479 ], [ 12.289833, 50.184935 ], [ 12.290956, 50.176788 ], [ 12.294939, 50.174678 ], [ 12.33512, 50.172007 ], [ 12.3362, 50.173703 ], [ 12.328244, 50.176446 ], [ 12.325855, 50.181096 ], [ 12.336554, 50.18964 ], [ 12.336262, 50.194597 ], [ 12.324461, 50.206447 ], [ 12.327693, 50.216751 ], [ 12.333767, 50.219275 ], [ 12.330334, 50.225428 ], [ 12.329966, 50.237081 ], [ 12.333338, 50.241683 ], [ 12.350108, 50.237831 ], [ 12.354628, 50.24105 ], [ 12.357062, 50.242218 ], [ 12.356586, 50.245213 ], [ 12.354628, 50.247727 ], [ 12.350106, 50.253534 ], [ 12.352418, 50.261347 ], [ 12.354628, 50.263572 ], [ 12.360261, 50.269242 ], [ 12.363787, 50.278839 ], [ 12.37157, 50.285172 ], [ 12.382415, 50.288918 ], [ 12.39397, 50.289927 ], [ 12.400127, 50.295278 ], [ 12.40252, 50.301211 ], [ 12.398489, 50.308951 ], [ 12.399376, 50.321666 ], [ 12.404454, 50.323648 ], [ 12.43143, 50.32335 ], [ 12.436962, 50.327971 ], [ 12.437191, 50.335044 ], [ 12.443912, 50.342481 ], [ 12.46368, 50.352868 ], [ 12.470211, 50.35427 ], [ 12.482567, 50.347605 ], [ 12.489205, 50.350272 ], [ 12.492528, 50.355952 ], [ 12.488183, 50.362582 ], [ 12.487442, 50.37126 ], [ 12.514233, 50.397339 ], [ 12.517191, 50.39733 ], [ 12.527149, 50.396988 ], [ 12.534153, 50.399434 ], [ 12.541287, 50.398498 ], [ 12.546571, 50.400305 ], [ 12.558201, 50.399544 ], [ 12.583779, 50.407079 ], [ 12.602285, 50.406528 ], [ 12.620077, 50.415856 ], [ 12.627073, 50.415829 ], [ 12.637491, 50.412808 ], [ 12.638201, 50.412586 ], [ 12.642324, 50.411296 ], [ 12.645497, 50.410751 ], [ 12.649173, 50.410745 ], [ 12.651972, 50.411269 ], [ 12.654912, 50.411178 ], [ 12.658498, 50.411651 ], [ 12.662268, 50.412165 ], [ 12.667163, 50.41445 ], [ 12.674591, 50.416016 ], [ 12.681679, 50.410093 ], [ 12.707057, 50.397317 ], [ 12.708371, 50.408299 ], [ 12.729238, 50.421678 ], [ 12.734962, 50.431874 ], [ 12.753414, 50.43779 ], [ 12.774864, 50.443265 ], [ 12.79493, 50.449447 ], [ 12.799824, 50.442571 ], [ 12.802715, 50.439555 ], [ 12.807947, 50.436946 ], [ 12.808929, 50.444282 ], [ 12.823286, 50.457959 ], [ 12.893942, 50.430002 ], [ 12.902823, 50.423323 ], [ 12.912958, 50.423106 ], [ 12.934568, 50.412643 ], [ 12.936259, 50.407075 ], [ 12.948145, 50.404311 ], [ 12.947103, 50.406483 ], [ 12.941024, 50.408339 ], [ 12.942717, 50.411402 ], [ 12.981985, 50.419264 ], [ 12.993354, 50.430447 ], [ 12.998384, 50.435048 ], [ 13.016935, 50.444414 ], [ 13.022231, 50.451398 ], [ 13.019, 50.466595 ], [ 13.023745, 50.488277 ], [ 13.031765, 50.500395 ], [ 13.031689, 50.508836 ], [ 13.041815, 50.510387 ], [ 13.044075, 50.510733 ], [ 13.04597, 50.50977 ], [ 13.050794, 50.507334 ], [ 13.051773, 50.505863 ], [ 13.053247, 50.503382 ], [ 13.055983, 50.501259 ], [ 13.059458, 50.501047 ], [ 13.083085, 50.500245 ], [ 13.101367, 50.503132 ], [ 13.13102, 50.517912 ], [ 13.137743, 50.512509 ], [ 13.138989, 50.506599 ], [ 13.154316, 50.508235 ], [ 13.175907, 50.503858 ], [ 13.186091, 50.503712 ], [ 13.19336, 50.503172 ], [ 13.196379, 50.505472 ], [ 13.195534, 50.515686 ], [ 13.207381, 50.522175 ], [ 13.210185, 50.530149 ], [ 13.220626, 50.540666 ], [ 13.222318, 50.545872 ], [ 13.22856, 50.549878 ], [ 13.2238, 50.563663 ], [ 13.23604, 50.571433 ], [ 13.23423, 50.578635 ], [ 13.254408, 50.594875 ], [ 13.26075, 50.592624 ], [ 13.280351, 50.592049 ], [ 13.291497, 50.575705 ], [ 13.301397, 50.578837 ], [ 13.32208, 50.581349 ], [ 13.324671, 50.58538 ], [ 13.3194, 50.602166 ], [ 13.325036, 50.604654 ], [ 13.326153, 50.607948 ], [ 13.333731, 50.607388 ], [ 13.338745, 50.612329 ], [ 13.35214, 50.614627 ], [ 13.360866, 50.61864 ], [ 13.364255, 50.6181 ], [ 13.377153, 50.628334 ], [ 13.371752, 50.649916 ], [ 13.375598, 50.649595 ], [ 13.381952, 50.645259 ], [ 13.391208, 50.64594 ], [ 13.392907, 50.642147 ], [ 13.405375, 50.633719 ], [ 13.413625, 50.620319 ], [ 13.414807, 50.617085 ], [ 13.42086, 50.615991 ], [ 13.425472, 50.616446 ], [ 13.428366, 50.610998 ], [ 13.442261, 50.610511 ], [ 13.462718, 50.601827 ], [ 13.479232, 50.616462 ], [ 13.493031, 50.624088 ], [ 13.497543, 50.631293 ], [ 13.501846, 50.633643 ], [ 13.518381, 50.636986 ], [ 13.523551, 50.63958 ], [ 13.524365, 50.647877 ], [ 13.516115, 50.649391 ], [ 13.513799, 50.655015 ], [ 13.529284, 50.666923 ], [ 13.540574, 50.669596 ], [ 13.539184, 50.673531 ], [ 13.543721, 50.677906 ], [ 13.540884, 50.688175 ], [ 13.52572, 50.703067 ], [ 13.540293, 50.708155 ], [ 13.556102, 50.714385 ], [ 13.586605, 50.712945 ], [ 13.602253, 50.710058 ], [ 13.625194, 50.71552 ], [ 13.626123, 50.722014 ], [ 13.642939, 50.729203 ], [ 13.652174, 50.73036 ], [ 13.658929, 50.730647 ], [ 13.667314, 50.731291 ], [ 13.673853, 50.727689 ], [ 13.688497, 50.71962 ], [ 13.707373, 50.716994 ], [ 13.71201, 50.720015 ], [ 13.709553, 50.725058 ], [ 13.714783, 50.725898 ], [ 13.728115, 50.733186 ], [ 13.739423, 50.727766 ], [ 13.746766, 50.72834 ], [ 13.758022, 50.735055 ], [ 13.769611, 50.73338 ], [ 13.778254, 50.73582 ], [ 13.791391, 50.733089 ], [ 13.806664, 50.732956 ], [ 13.825907, 50.724619 ], [ 13.834904, 50.726522 ], [ 13.845481, 50.725606 ], [ 13.856905, 50.728433 ], [ 13.86295, 50.742626 ], [ 13.879094, 50.738333 ], [ 13.884298, 50.739083 ], [ 13.898493, 50.744953 ], [ 13.901629, 50.753147 ], [ 13.889855, 50.763072 ], [ 13.88791, 50.76967 ], [ 13.899241, 50.784732 ], [ 13.896508, 50.789201 ], [ 13.898356, 50.792149 ], [ 13.903472, 50.793532 ], [ 13.924867, 50.788801 ], [ 13.940197, 50.790551 ], [ 13.954859, 50.800399 ], [ 13.955653, 50.808122 ], [ 13.971488, 50.811593 ], [ 13.990036, 50.819175 ], [ 14.001621, 50.815055 ], [ 14.003461, 50.810267 ], [ 14.016713, 50.810966 ], [ 14.030682, 50.80443 ], [ 14.03523, 50.805491 ], [ 14.039622, 50.810358 ], [ 14.048441, 50.810183 ], [ 14.07838, 50.812411 ], [ 14.079174, 50.818313 ], [ 14.088523, 50.825363 ], [ 14.101615, 50.828138 ], [ 14.12522, 50.833139 ], [ 14.12965, 50.834078 ], [ 14.132873, 50.833995 ], [ 14.136847, 50.836059 ], [ 14.140099, 50.838174 ], [ 14.144892, 50.840879 ], [ 14.149217, 50.842328 ], [ 14.161933, 50.847172 ], [ 14.201905, 50.851706 ], [ 14.216443, 50.859878 ], [ 14.223293, 50.859236 ], [ 14.235583, 50.875543 ], [ 14.236366, 50.881503 ], [ 14.23315, 50.887524 ], [ 14.250368, 50.887554 ], [ 14.269604, 50.895187 ], [ 14.28167, 50.8924 ], [ 14.292397, 50.885318 ], [ 14.304501, 50.884232 ], [ 14.312855, 50.886998 ], [ 14.319365, 50.888739 ], [ 14.326033, 50.889602 ], [ 14.348081, 50.893122 ], [ 14.349421, 50.899786 ], [ 14.372505, 50.896567 ], [ 14.388335, 50.900299 ], [ 14.386919, 50.915973 ], [ 14.402144, 50.924073 ], [ 14.40012, 50.933548 ], [ 14.396728, 50.93649 ], [ 14.387852, 50.941014 ], [ 14.37307, 50.93864 ], [ 14.368767, 50.941864 ], [ 14.361625, 50.941802 ], [ 14.343712, 50.948936 ], [ 14.325714, 50.94978 ], [ 14.312401, 50.953725 ], [ 14.316624, 50.960001 ], [ 14.303801, 50.965612 ], [ 14.314445, 50.972568 ], [ 14.327387, 50.973171 ], [ 14.326471, 50.979375 ], [ 14.32999, 50.982396 ], [ 14.321809, 50.985135 ], [ 14.309161, 50.983548 ], [ 14.298106, 50.979134 ], [ 14.284594, 50.977408 ], [ 14.276116, 50.982579 ], [ 14.25853, 50.987989 ], [ 14.259103, 50.992122 ], [ 14.267576, 50.99994 ], [ 14.261373, 51.008187 ], [ 14.267509, 51.009083 ], [ 14.281972, 51.015589 ], [ 14.278636, 51.019113 ], [ 14.285622, 51.026197 ], [ 14.285496, 51.03095 ], [ 14.274164, 51.039068 ], [ 14.288337, 51.039415 ], [ 14.301412, 51.054419 ], [ 14.317874, 51.054699 ], [ 14.334988, 51.040074 ], [ 14.344938, 51.039079 ], [ 14.346779, 51.041117 ], [ 14.350971, 51.042717 ], [ 14.353518, 51.043264 ], [ 14.356494, 51.043129 ], [ 14.361987, 51.045425 ], [ 14.373586, 51.039423 ], [ 14.381921, 51.038221 ], [ 14.383731, 51.028637 ], [ 14.391606, 51.02366 ], [ 14.395908, 51.022366 ], [ 14.400585, 51.022092 ], [ 14.405322, 51.020834 ], [ 14.41128, 51.018973 ], [ 14.421599, 51.019728 ], [ 14.454285, 51.035623 ], [ 14.465637, 51.034744 ], [ 14.474618, 51.029314 ], [ 14.476201, 51.025386 ], [ 14.491415, 51.02371 ], [ 14.493963, 51.035887 ], [ 14.491221, 51.04353 ], [ 14.499451, 51.0461 ], [ 14.505861, 51.043893 ], [ 14.507452, 51.041051 ], [ 14.501455, 51.031699 ], [ 14.499363, 51.022345 ], [ 14.53308, 51.015871 ], [ 14.539076, 51.011111 ], [ 14.533763, 51.006046 ], [ 14.53503, 51.003815 ], [ 14.542783, 51.00477 ], [ 14.54759, 51.005362 ], [ 14.549873, 51.005345 ], [ 14.555698, 51.007107 ], [ 14.560385, 51.007295 ], [ 14.56114, 51.008422 ], [ 14.563839, 51.009553 ], [ 14.568706, 51.004558 ], [ 14.578189, 51.000184 ], [ 14.582539, 50.99307 ], [ 14.598787, 50.986241 ], [ 14.5998, 50.978569 ], [ 14.596378, 50.969329 ], [ 14.592793, 50.967024 ], [ 14.595745, 50.962477 ], [ 14.586269, 50.952696 ], [ 14.580936, 50.942409 ], [ 14.571401, 50.936945 ], [ 14.560662, 50.925374 ], [ 14.564872, 50.918687 ], [ 14.583007, 50.914716 ], [ 14.617385, 50.925216 ], [ 14.625826, 50.925615 ], [ 14.628373, 50.925736 ], [ 14.647322, 50.931534 ], [ 14.651773, 50.926651 ], [ 14.652565, 50.906245 ], [ 14.637506, 50.898612 ], [ 14.633678, 50.887285 ], [ 14.625826, 50.874816 ], [ 14.619432, 50.864658 ], [ 14.6188, 50.857804 ], [ 14.625826, 50.856602 ], [ 14.631448, 50.855641 ], [ 14.648275, 50.849016 ], [ 14.659915, 50.850111 ], [ 14.679516, 50.843267 ], [ 14.688574, 50.838496 ], [ 14.706869, 50.840613 ], [ 14.711859, 50.838134 ], [ 14.71881, 50.833584 ], [ 14.716586, 50.825071 ], [ 14.722308, 50.822162 ], [ 14.741087, 50.8291 ], [ 14.743274, 50.828862 ], [ 14.7466, 50.828501 ], [ 14.750729, 50.824699 ], [ 14.758984, 50.824301 ], [ 14.767534, 50.819771 ], [ 14.778559, 50.820249 ], [ 14.790496, 50.824085 ], [ 14.792877, 50.819947 ], [ 14.80097, 50.824097 ], [ 14.803196, 50.836861 ], [ 14.810893, 50.850726 ], [ 14.820658, 50.858919 ], [ 14.824712, 50.867743 ], [ 14.823362, 50.87055 ], [ 14.817733, 50.879065 ], [ 14.821637, 50.887199 ], [ 14.842402, 50.900062 ], [ 14.852469, 50.910644 ], [ 14.867327, 50.9177 ], [ 14.876664, 50.931562 ], [ 14.890922, 50.935605 ], [ 14.89534, 50.939475 ], [ 14.893865, 50.950781 ], [ 14.897567, 50.958583 ], [ 14.902376, 50.961006 ], [ 14.900588, 50.964304 ], [ 14.903723, 50.971162 ], [ 14.906558, 50.972176 ], [ 14.918939, 50.975563 ], [ 14.917596, 50.994822 ], [ 14.920059, 50.997107 ], [ 14.92896, 50.998676 ], [ 14.938282, 51.012852 ], [ 14.935959, 51.019847 ], [ 14.94139, 51.025887 ], [ 14.946921, 51.027905 ], [ 14.948369, 51.033139 ], [ 14.950884, 51.036806 ], [ 14.950032, 51.042405 ], [ 14.963932, 51.050643 ], [ 14.962461, 51.055886 ], [ 14.97022, 51.065817 ], [ 14.968665, 51.071243 ], [ 14.978863, 51.077825 ], [ 14.976627, 51.085096 ], [ 14.982687, 51.090715 ], [ 14.983631, 51.100979 ], [ 14.979117, 51.107721 ], [ 14.981643, 51.116318 ], [ 14.989037, 51.116949 ], [ 14.996121, 51.12084 ], [ 14.996275, 51.133113 ], [ 14.991622, 51.141993 ], [ 15.000176, 51.149809 ], [ 14.99357, 51.161731 ], [ 15.004268, 51.167874 ], [ 15.002348, 51.172513 ], [ 15.008101, 51.183882 ], [ 15.005502, 51.190539 ], [ 15.012897, 51.19483 ], [ 15.014133, 51.198266 ], [ 15.008641, 51.199555 ], [ 15.007854, 51.203686 ], [ 15.01267, 51.208867 ], [ 15.010386, 51.213207 ], [ 15.015469, 51.214778 ], [ 15.017766, 51.219894 ], [ 15.01696, 51.227083 ], [ 15.025743, 51.232314 ], [ 15.028242, 51.240819 ], [ 15.033632, 51.24146 ], [ 15.036565, 51.243964 ], [ 15.029141, 51.250499 ], [ 15.02567, 51.249665 ], [ 15.024069, 51.251042 ], [ 15.026107, 51.253788 ], [ 15.037293, 51.258569 ], [ 15.037398, 51.269794 ], [ 15.04116, 51.273472 ], [ 15.034839, 51.278001 ], [ 15.032679, 51.293593 ], [ 15.021506, 51.300551 ], [ 15.012991, 51.300849 ], [ 15.012859, 51.307423 ], [ 15.007636, 51.311219 ], [ 15.008274, 51.316133 ], [ 14.994093, 51.322678 ], [ 14.992833, 51.327804 ], [ 14.987006, 51.329566 ], [ 14.981398, 51.335519 ], [ 14.975501, 51.357284 ], [ 14.966002, 51.361245 ], [ 14.974183, 51.36395 ], [ 14.98275, 51.373525 ], [ 14.969905, 51.379484 ], [ 14.965346, 51.386263 ], [ 14.965016, 51.391982 ], [ 14.959491, 51.395747 ], [ 14.968604, 51.399393 ], [ 14.959588, 51.409936 ], [ 14.966722, 51.417021 ], [ 14.965599, 51.426408 ], [ 14.959759, 51.429968 ], [ 14.960047, 51.432491 ], [ 14.970754, 51.43318 ], [ 14.973887, 51.44115 ], [ 14.956831, 51.45793 ], [ 14.955395, 51.464646 ], [ 14.948007, 51.471262 ], [ 14.926993, 51.473613 ], [ 14.924034, 51.480593 ], [ 14.917451, 51.483349 ], [ 14.898626, 51.482236 ], [ 14.887284, 51.487281 ], [ 14.872363, 51.485096 ], [ 14.864403, 51.490328 ], [ 14.852202, 51.489897 ], [ 14.831519, 51.503729 ], [ 14.818801, 51.507235 ], [ 14.812283, 51.506527 ], [ 14.804592, 51.514091 ], [ 14.795569, 51.51762 ], [ 14.784794, 51.51811 ], [ 14.765732, 51.519178 ], [ 14.759874, 51.523013 ], [ 14.750544, 51.522423 ], [ 14.743274, 51.52429 ], [ 14.736687, 51.525982 ], [ 14.729977, 51.530753 ], [ 14.726847, 51.539064 ], [ 14.730719, 51.544928 ], [ 14.728775, 51.549739 ], [ 14.717436, 51.555244 ], [ 14.711871, 51.562019 ], [ 14.728265, 51.57692 ], [ 14.729862, 51.581777 ], [ 14.743274, 51.592954 ], [ 14.750923, 51.595503 ], [ 14.761044, 51.602882 ], [ 14.765035, 51.608196 ], [ 14.763272, 51.618629 ], [ 14.753982, 51.627894 ], [ 14.755438, 51.645496 ], [ 14.751533, 51.652247 ], [ 14.755042, 51.655851 ], [ 14.757208, 51.66066 ], [ 14.752694, 51.667096 ], [ 14.746527, 51.675706 ], [ 14.743274, 51.676929 ], [ 14.738059, 51.678888 ], [ 14.737136, 51.687675 ], [ 14.725316, 51.690299 ], [ 14.702186, 51.704218 ], [ 14.691564, 51.708236 ], [ 14.677046, 51.722763 ], [ 14.667717, 51.726807 ], [ 14.657205, 51.740917 ], [ 14.659576, 51.748387 ], [ 14.657854, 51.752725 ], [ 14.663122, 51.757422 ], [ 14.650965, 51.762284 ], [ 14.654938, 51.773482 ], [ 14.651084, 51.785962 ], [ 14.644838, 51.795353 ], [ 14.633365, 51.800921 ], [ 14.625826, 51.800849 ], [ 14.623418, 51.800826 ], [ 14.60584, 51.804711 ], [ 14.597625, 51.816536 ], [ 14.590146, 51.821026 ], [ 14.592148, 51.838974 ], [ 14.596328, 51.841227 ], [ 14.604019, 51.841122 ], [ 14.605546, 51.846689 ], [ 14.610244, 51.84734 ], [ 14.608537, 51.852773 ], [ 14.611259, 51.856223 ], [ 14.624475, 51.858228 ], [ 14.625826, 51.859101 ], [ 14.635488, 51.86534 ], [ 14.643719, 51.867528 ], [ 14.65217, 51.874761 ], [ 14.656021, 51.884367 ], [ 14.663608, 51.890102 ], [ 14.673482, 51.890066 ], [ 14.675123, 51.894085 ], [ 14.692845, 51.90128 ], [ 14.692847, 51.909892 ], [ 14.699302, 51.914296 ], [ 14.704819, 51.923863 ], [ 14.703461, 51.930659 ], [ 14.706708, 51.934923 ], [ 14.712553, 51.936797 ], [ 14.71888, 51.942071 ], [ 14.720921, 51.952094 ], [ 14.708141, 51.964625 ], [ 14.705407, 51.976367 ], [ 14.707312, 51.979184 ], [ 14.71618, 51.983136 ], [ 14.7213, 51.996173 ], [ 14.716716, 52.001188 ], [ 14.715375, 52.004523 ], [ 14.724414, 52.008061 ], [ 14.727475, 52.014129 ], [ 14.740744, 52.023284 ], [ 14.740931, 52.028699 ], [ 14.743274, 52.029965 ], [ 14.747893, 52.03246 ], [ 14.749554, 52.04241 ], [ 14.745831, 52.053833 ], [ 14.757449, 52.061585 ], [ 14.758553, 52.065793 ], [ 14.755227, 52.070025 ], [ 14.74481, 52.082294 ], [ 14.743274, 52.08326 ], [ 14.733575, 52.08936 ], [ 14.723243, 52.093705 ], [ 14.699186, 52.098802 ], [ 14.682779, 52.113801 ], [ 14.68386, 52.125621 ], [ 14.679311, 52.142616 ], [ 14.682826, 52.148307 ], [ 14.695592, 52.157515 ], [ 14.704899, 52.167638 ], [ 14.702669, 52.178336 ], [ 14.699415, 52.18127 ], [ 14.685613, 52.193713 ], [ 14.68862, 52.198689 ], [ 14.70446, 52.207552 ], [ 14.711146, 52.217963 ], [ 14.715567, 52.23432 ], [ 14.705372, 52.242886 ], [ 14.699794, 52.251325 ], [ 14.69269, 52.255745 ], [ 14.661371, 52.261886 ], [ 14.64484, 52.263064 ], [ 14.625826, 52.268723 ], [ 14.616947, 52.271366 ], [ 14.600892, 52.272052 ], [ 14.593282, 52.274601 ], [ 14.587973, 52.282549 ], [ 14.57518, 52.290011 ], [ 14.575666, 52.296016 ], [ 14.583661, 52.302181 ], [ 14.584638, 52.306327 ], [ 14.578717, 52.312961 ], [ 14.575233, 52.321936 ], [ 14.561745, 52.328332 ], [ 14.56249, 52.339357 ], [ 14.552483, 52.353255 ], [ 14.551255, 52.375386 ], [ 14.534362, 52.395008 ], [ 14.53593, 52.400354 ], [ 14.545793, 52.411933 ], [ 14.545575, 52.413915 ], [ 14.544294, 52.425528 ], [ 14.549663, 52.433547 ], [ 14.560467, 52.43904 ], [ 14.578196, 52.44143 ], [ 14.608797, 52.46387 ], [ 14.611398, 52.470954 ], [ 14.613462, 52.476877 ], [ 14.625826, 52.484505 ], [ 14.629996, 52.487078 ], [ 14.635093, 52.495809 ], [ 14.630975, 52.50205 ], [ 14.625826, 52.50442 ], [ 14.613205, 52.510231 ], [ 14.60619, 52.52587 ], [ 14.604481, 52.53374 ], [ 14.614018, 52.545603 ], [ 14.615725, 52.55401 ], [ 14.620214, 52.5579 ], [ 14.625826, 52.560738 ], [ 14.637543, 52.566662 ], [ 14.6396, 52.571176 ], [ 14.637002, 52.575323 ], [ 14.625826, 52.580076 ], [ 14.619012, 52.582975 ], [ 14.611834, 52.58913 ], [ 14.608274, 52.598852 ], [ 14.596685, 52.610011 ], [ 14.565063, 52.624497 ], [ 14.514602, 52.63994 ], [ 14.498477, 52.64735 ], [ 14.468249, 52.659744 ], [ 14.461731, 52.664423 ], [ 14.457668, 52.673451 ], [ 14.453349, 52.676801 ], [ 14.436438, 52.6799 ], [ 14.430687, 52.683958 ], [ 14.424279, 52.695712 ], [ 14.413078, 52.701492 ], [ 14.41128, 52.703587 ], [ 14.404834, 52.711099 ], [ 14.384394, 52.725326 ], [ 14.373394, 52.736379 ], [ 14.361311, 52.74056 ], [ 14.350842, 52.751313 ], [ 14.324778, 52.761169 ], [ 14.303889, 52.765991 ], [ 14.279913, 52.77419 ], [ 14.257355, 52.787178 ], [ 14.253048, 52.789817 ], [ 14.21555, 52.817127 ], [ 14.207346, 52.819171 ], [ 14.142299, 52.824165 ], [ 14.130717, 52.828349 ], [ 14.127624, 52.831662 ], [ 14.12522, 52.833726 ], [ 14.124115, 52.834675 ], [ 14.122989, 52.837555 ], [ 14.122904, 52.842955 ], [ 14.124115, 52.845943 ], [ 14.12522, 52.846895 ], [ 14.157416, 52.874604 ], [ 14.161129, 52.88789 ], [ 14.156692, 52.895591 ], [ 14.152629, 52.90024 ], [ 14.151697, 52.909653 ], [ 14.143788, 52.930883 ], [ 14.142788, 52.933567 ], [ 14.143762, 52.944527 ], [ 14.139504, 52.9515 ], [ 14.143658, 52.961368 ], [ 14.162247, 52.965653 ], [ 14.17089, 52.974655 ], [ 14.191232, 52.980482 ], [ 14.205813, 52.98713 ], [ 14.218356, 52.988727 ], [ 14.240538, 52.995184 ], [ 14.29306, 53.020927 ], [ 14.313058, 53.035709 ], [ 14.344197, 53.050881 ], [ 14.357842, 53.067667 ], [ 14.367413, 53.082517 ], [ 14.371032, 53.095188 ], [ 14.370186, 53.103706 ], [ 14.378753, 53.112967 ], [ 14.382117, 53.130343 ], [ 14.386482, 53.142531 ], [ 14.371263, 53.157309 ], [ 14.366936, 53.173321 ], [ 14.374514, 53.188218 ], [ 14.377755, 53.201564 ], [ 14.404324, 53.209686 ], [ 14.409171, 53.223765 ], [ 14.41128, 53.225628 ], [ 14.419474, 53.232865 ], [ 14.432034, 53.240422 ], [ 14.435696, 53.248946 ], [ 14.441223, 53.25436 ], [ 14.4502, 53.261539 ], [ 14.445247, 53.274435 ], [ 14.420923, 53.277405 ], [ 14.414965, 53.301033 ], [ 14.41128, 53.304825 ], [ 14.407401, 53.308815 ], [ 14.41128, 53.316267 ], [ 14.414964, 53.323345 ], [ 14.412157, 53.329636 ], [ 14.41128, 53.33178 ], [ 14.405118, 53.346833 ], [ 14.390297, 53.353747 ], [ 14.39526, 53.36946 ], [ 14.391742, 53.382326 ], [ 14.377906, 53.401874 ], [ 14.373518, 53.409241 ], [ 14.369161, 53.43392 ], [ 14.371062, 53.455318 ], [ 14.35784, 53.458333 ], [ 14.35369, 53.484087 ], [ 14.35034, 53.495737 ], [ 14.327008, 53.504279 ], [ 14.316501, 53.524232 ], [ 14.318875, 53.530122 ], [ 14.316685, 53.535228 ], [ 14.306316, 53.544074 ], [ 14.306476, 53.546001 ], [ 14.306862, 53.550633 ], [ 14.303437, 53.554243 ], [ 14.313322, 53.564986 ], [ 14.312593, 53.570745 ], [ 14.3121, 53.574644 ], [ 14.311886, 53.576782 ], [ 14.311881, 53.579408 ], [ 14.312334, 53.583012 ], [ 14.312662, 53.585624 ], [ 14.314984, 53.604274 ], [ 14.31659, 53.617172 ], [ 14.300865, 53.623945 ], [ 14.298252, 53.625607 ], [ 14.294589, 53.627938 ], [ 14.284243, 53.634906 ], [ 14.284387, 53.65853 ], [ 14.279648, 53.662409 ], [ 14.274823, 53.662846 ], [ 14.271468, 53.666813 ], [ 14.281336, 53.67363 ], [ 14.283396, 53.681925 ], [ 14.273147, 53.689588 ], [ 14.267542, 53.697806 ], [ 14.253364, 53.694044 ], [ 14.242756, 53.694264 ], [ 14.218912, 53.699702 ], [ 14.215386, 53.703159 ], [ 14.217115, 53.707517 ], [ 14.232954, 53.712943 ], [ 14.251616, 53.719959 ], [ 14.258818, 53.727767 ], [ 14.265279, 53.730868 ], [ 14.266729, 53.736202 ], [ 14.271236, 53.73886 ], [ 14.267042, 53.746317 ], [ 14.254237, 53.756488 ], [ 14.234009, 53.761308 ], [ 14.229263, 53.760647 ], [ 14.2165, 53.752293 ], [ 14.210479, 53.747828 ], [ 14.206308, 53.746317 ], [ 14.190093, 53.738089 ], [ 14.180566, 53.735338 ], [ 14.17386, 53.735985 ], [ 14.166212, 53.741594 ], [ 14.145532, 53.741229 ], [ 14.138781, 53.739276 ], [ 14.12522, 53.737428 ], [ 14.101615, 53.741665 ], [ 14.085273, 53.744598 ], [ 14.061633, 53.754114 ], [ 14.049119, 53.753401 ], [ 14.032106, 53.757647 ], [ 14.006722, 53.766362 ], [ 14.00334, 53.766994 ], [ 13.988117, 53.769838 ], [ 13.972862, 53.772589 ], [ 13.943941, 53.78796 ], [ 13.933682, 53.796113 ], [ 13.922023, 53.798915 ], [ 13.915762, 53.804955 ], [ 13.906489, 53.802668 ], [ 13.897596, 53.804934 ], [ 13.887713, 53.813728 ], [ 13.875883, 53.820106 ], [ 13.871126, 53.831273 ], [ 13.859683, 53.838365 ], [ 13.845371, 53.843199 ], [ 13.831704, 53.843883 ], [ 13.819153, 53.841945 ], [ 13.81693, 53.843681 ], [ 13.820321, 53.846464 ], [ 13.814259, 53.847846 ], [ 13.814887, 53.853282 ], [ 13.807636, 53.85568 ], [ 13.807718, 53.859648 ], [ 13.815464, 53.863567 ], [ 13.818616, 53.863567 ], [ 13.824135, 53.86521 ], [ 13.822393, 53.872532 ], [ 13.826154, 53.877628 ], [ 13.842401, 53.878331 ], [ 13.848212, 53.879225 ], [ 13.852002, 53.888622 ], [ 13.854761, 53.891053 ], [ 13.864973, 53.900053 ], [ 13.884576, 53.909147 ], [ 13.902576, 53.910834 ], [ 13.912873, 53.918385 ], [ 13.913553, 53.922825 ], [ 13.908526, 53.92994 ], [ 13.898786, 53.936061 ], [ 13.893633, 53.942534 ], [ 13.884567, 53.944435 ], [ 13.881942, 53.949005 ], [ 13.875043, 53.951542 ], [ 13.862405, 53.950011 ], [ 13.854206, 53.952218 ], [ 13.852105, 53.954899 ], [ 13.853283, 53.9647 ], [ 13.844161, 53.97252 ], [ 13.842401, 53.974058 ], [ 13.837346, 53.978962 ], [ 13.833229, 53.984074 ], [ 13.814227, 53.993372 ], [ 13.795548, 53.996292 ], [ 13.767125, 54.011608 ], [ 13.760971, 54.01577 ], [ 13.757583, 54.026302 ], [ 13.755846, 54.027591 ], [ 13.75366, 54.026465 ], [ 13.747171, 54.027197 ], [ 13.743165, 54.03058 ], [ 13.74751, 54.033333 ], [ 13.75366, 54.034742 ], [ 13.764483, 54.037162 ], [ 13.767233, 54.038953 ], [ 13.784257, 54.050045 ], [ 13.784054, 54.055592 ], [ 13.777511, 54.056484 ], [ 13.774935, 54.059874 ], [ 13.783501, 54.06454 ], [ 13.789766, 54.065075 ], [ 13.789996, 54.071421 ], [ 13.795169, 54.078354 ], [ 13.79348, 54.08451 ], [ 13.795765, 54.090027 ], [ 13.805794, 54.096891 ], [ 13.804617, 54.103107 ], [ 13.797778, 54.106303 ], [ 13.781382, 54.108266 ], [ 13.784481, 54.111354 ], [ 13.767233, 54.12576 ], [ 13.752101, 54.132597 ], [ 13.747718, 54.13757 ], [ 13.73295, 54.137541 ], [ 13.701626, 54.148915 ], [ 13.697623, 54.158321 ], [ 13.701626, 54.158894 ], [ 13.710368, 54.160146 ], [ 13.717277, 54.163518 ], [ 13.713502, 54.168232 ], [ 13.705192, 54.171617 ], [ 13.701626, 54.171634 ], [ 13.69572, 54.171662 ], [ 13.680059, 54.164014 ], [ 13.677556, 54.162792 ], [ 13.649101, 54.152709 ], [ 13.627775, 54.141079 ], [ 13.57924, 54.132241 ], [ 13.576176, 54.131843 ], [ 13.550856, 54.130159 ], [ 13.530036, 54.130857 ], [ 13.50763, 54.127837 ], [ 13.492264, 54.124978 ], [ 13.478137, 54.119169 ], [ 13.478463, 54.113792 ], [ 13.483171, 54.110754 ], [ 13.486852, 54.101293 ], [ 13.49425, 54.094621 ], [ 13.500571, 54.088581 ], [ 13.500013, 54.085101 ], [ 13.49245, 54.083895 ], [ 13.463754, 54.088581 ], [ 13.456641, 54.092172 ], [ 13.45687, 54.09701 ], [ 13.449217, 54.101269 ], [ 13.440205, 54.111411 ], [ 13.439446, 54.1214 ], [ 13.427024, 54.138097 ], [ 13.418933, 54.142012 ], [ 13.408993, 54.146989 ], [ 13.406468, 54.151369 ], [ 13.395774, 54.145507 ], [ 13.384896, 54.14372 ], [ 13.380181, 54.151796 ], [ 13.405028, 54.162702 ], [ 13.405913, 54.164014 ], [ 13.406899, 54.165477 ], [ 13.405107, 54.168177 ], [ 13.376957, 54.175241 ], [ 13.34925, 54.167251 ], [ 13.331869, 54.165491 ], [ 13.33642, 54.176717 ], [ 13.344254, 54.181203 ], [ 13.332942, 54.182929 ], [ 13.326924, 54.184538 ], [ 13.319396, 54.193506 ], [ 13.306092, 54.205027 ], [ 13.297478, 54.224072 ], [ 13.290301, 54.233531 ], [ 13.280981, 54.236913 ], [ 13.259191, 54.240917 ], [ 13.220933, 54.24036 ], [ 13.211609, 54.244421 ], [ 13.215696, 54.249369 ], [ 13.211342, 54.251916 ], [ 13.201861, 54.257461 ], [ 13.190867, 54.259391 ], [ 13.185767, 54.26568 ], [ 13.174396, 54.263335 ], [ 13.166986, 54.26585 ], [ 13.160318, 54.259159 ], [ 13.147726, 54.25404 ], [ 13.142707, 54.254283 ], [ 13.142928, 54.25743 ], [ 13.158843, 54.26679 ], [ 13.165401, 54.267965 ], [ 13.175986, 54.26686 ], [ 13.177316, 54.27084 ], [ 13.164949, 54.277056 ], [ 13.150701, 54.268448 ], [ 13.133702, 54.269019 ], [ 13.109913, 54.279014 ], [ 13.104496, 54.283567 ], [ 13.103496, 54.288352 ], [ 13.104932, 54.294074 ], [ 13.110823, 54.300746 ], [ 13.111153, 54.305811 ], [ 13.097812, 54.316553 ], [ 13.088028, 54.320369 ], [ 13.077403, 54.34057 ], [ 13.075832, 54.345801 ], [ 13.077605, 54.350451 ], [ 13.091059, 54.36326 ], [ 13.093519, 54.365601 ], [ 13.08509, 54.377002 ], [ 13.075549, 54.382074 ], [ 13.05547, 54.380824 ], [ 13.049012, 54.380421 ], [ 13.041815, 54.386424 ], [ 13.039822, 54.388086 ], [ 13.029831, 54.393733 ], [ 13.029591, 54.393868 ], [ 13.025649, 54.397197 ], [ 13.021715, 54.412791 ], [ 13.024075, 54.420583 ], [ 13.033906, 54.425061 ], [ 13.031543, 54.434625 ], [ 13.016619, 54.439051 ], [ 13.004459, 54.437902 ], [ 12.999946, 54.435907 ], [ 12.995608, 54.428504 ], [ 12.989453, 54.425884 ], [ 12.958886, 54.422734 ], [ 12.953576, 54.417244 ], [ 12.925, 54.413262 ], [ 12.89823, 54.401515 ], [ 12.896711, 54.395928 ], [ 12.894519, 54.393733 ], [ 12.886119, 54.385316 ], [ 12.883662, 54.370832 ], [ 12.879669, 54.366748 ], [ 12.869153, 54.36326 ], [ 12.865055, 54.3619 ], [ 12.859055, 54.357624 ], [ 12.847328, 54.351434 ], [ 12.82883, 54.351636 ], [ 12.818455, 54.35103 ], [ 12.809754, 54.345661 ], [ 12.808344, 54.349716 ], [ 12.808756, 54.35841 ], [ 12.806684, 54.36326 ], [ 12.803446, 54.370839 ], [ 12.797879, 54.376525 ], [ 12.79052, 54.378518 ], [ 12.78599, 54.382105 ], [ 12.782718, 54.392121 ], [ 12.776813, 54.388653 ], [ 12.770573, 54.376413 ], [ 12.766166, 54.372935 ], [ 12.755908, 54.372732 ], [ 12.745091, 54.377895 ], [ 12.736442, 54.372851 ], [ 12.725477, 54.372566 ], [ 12.715564, 54.38468 ], [ 12.71351, 54.393733 ], [ 12.713093, 54.395571 ], [ 12.703939, 54.397479 ], [ 12.698929, 54.39497 ], [ 12.698464, 54.393733 ], [ 12.695373, 54.385501 ], [ 12.684313, 54.372351 ], [ 12.676334, 54.370922 ], [ 12.681727, 54.379433 ], [ 12.690818, 54.385581 ], [ 12.686586, 54.393733 ], [ 12.691186, 54.400118 ], [ 12.711965, 54.403954 ], [ 12.707375, 54.410282 ], [ 12.683913, 54.406996 ], [ 12.661796, 54.406908 ], [ 12.661473, 54.400195 ], [ 12.67021, 54.393733 ], [ 12.670633, 54.391981 ], [ 12.655945, 54.384076 ], [ 12.645374, 54.380844 ], [ 12.638201, 54.378517 ], [ 12.618618, 54.372163 ], [ 12.600812, 54.370309 ], [ 12.598326, 54.36326 ], [ 12.597382, 54.360582 ], [ 12.585252, 54.356178 ], [ 12.57519, 54.358858 ], [ 12.575793, 54.36326 ], [ 12.576175, 54.366058 ], [ 12.580664, 54.372762 ], [ 12.568647, 54.371364 ], [ 12.555082, 54.375653 ], [ 12.552198, 54.371325 ], [ 12.535044, 54.364973 ], [ 12.536626, 54.36326 ], [ 12.549972, 54.359941 ], [ 12.553254, 54.356431 ], [ 12.539787, 54.351518 ], [ 12.536177, 54.345781 ], [ 12.538229, 54.342047 ], [ 12.528775, 54.335056 ], [ 12.522351, 54.333641 ], [ 12.513332, 54.334985 ], [ 12.494802, 54.330513 ], [ 12.475735, 54.330231 ], [ 12.471476, 54.324008 ], [ 12.479304, 54.311604 ], [ 12.477573, 54.30385 ], [ 12.432648, 54.295395 ], [ 12.417804, 54.288396 ], [ 12.408433, 54.27775 ], [ 12.409672, 54.269317 ], [ 12.41855, 54.258749 ], [ 12.450233, 54.254267 ], [ 12.458942, 54.250771 ], [ 12.458354, 54.247761 ], [ 12.436278, 54.245433 ], [ 12.418564, 54.246536 ], [ 12.399733, 54.25079 ], [ 12.377317, 54.260898 ], [ 12.363874, 54.267082 ], [ 12.376783, 54.272168 ], [ 12.380957, 54.27775 ], [ 12.366751, 54.28943 ], [ 12.359397, 54.302186 ], [ 12.365539, 54.309436 ], [ 12.376835, 54.309322 ], [ 12.383128, 54.310957 ], [ 12.393869, 54.322462 ], [ 12.396254, 54.324008 ], [ 12.39593, 54.332133 ], [ 12.386201, 54.339776 ], [ 12.391714, 54.343342 ], [ 12.399525, 54.34287 ], [ 12.40809, 54.336747 ], [ 12.415827, 54.336005 ], [ 12.421016, 54.343817 ], [ 12.420057, 54.353101 ], [ 12.416354, 54.35627 ], [ 12.415433, 54.36326 ], [ 12.415147, 54.365435 ], [ 12.419264, 54.370847 ], [ 12.432932, 54.375879 ], [ 12.436139, 54.379089 ], [ 12.495118, 54.382235 ], [ 12.502916, 54.380707 ], [ 12.521035, 54.37246 ], [ 12.52373, 54.378708 ], [ 12.549463, 54.389052 ], [ 12.578179, 54.388322 ], [ 12.585035, 54.389249 ], [ 12.593012, 54.387759 ], [ 12.596581, 54.390521 ], [ 12.578026, 54.397094 ], [ 12.576357, 54.400623 ], [ 12.578637, 54.403998 ], [ 12.586408, 54.407063 ], [ 12.609056, 54.409732 ], [ 12.619433, 54.41845 ], [ 12.638201, 54.424597 ], [ 12.640326, 54.424378 ], [ 12.652682, 54.411679 ], [ 12.66315, 54.409126 ], [ 12.667632, 54.411296 ], [ 12.672226, 54.422329 ], [ 12.68762, 54.428485 ], [ 12.690949, 54.42754 ], [ 12.689575, 54.425008 ], [ 12.67938, 54.422763 ], [ 12.676154, 54.420097 ], [ 12.67861, 54.416011 ], [ 12.699177, 54.418401 ], [ 12.703977, 54.417754 ], [ 12.720083, 54.415585 ], [ 12.728478, 54.416303 ], [ 12.729296, 54.420267 ], [ 12.725272, 54.423979 ], [ 12.710632, 54.426108 ], [ 12.706319, 54.428437 ], [ 12.719961, 54.43126 ], [ 12.740559, 54.415773 ], [ 12.762074, 54.413388 ], [ 12.771466, 54.41691 ], [ 12.776813, 54.416763 ], [ 12.788077, 54.416452 ], [ 12.801201, 54.40984 ], [ 12.813657, 54.41757 ], [ 12.830228, 54.422296 ], [ 12.857959, 54.420407 ], [ 12.877051, 54.414654 ], [ 12.900364, 54.419953 ], [ 12.913162, 54.420966 ], [ 12.921729, 54.424092 ], [ 12.928228, 54.429112 ], [ 12.917444, 54.436275 ], [ 12.917032, 54.444842 ], [ 12.859527, 54.440847 ], [ 12.81763, 54.440153 ], [ 12.776813, 54.440766 ], [ 12.703977, 54.44186 ], [ 12.674609, 54.442301 ], [ 12.638201, 54.446804 ], [ 12.63447, 54.447265 ], [ 12.585252, 54.452364 ], [ 12.558526, 54.455144 ], [ 12.543806, 54.459759 ], [ 12.529682, 54.468698 ], [ 12.527134, 54.479841 ], [ 12.52253, 54.483682 ], [ 12.509606, 54.480711 ], [ 12.493209, 54.464219 ], [ 12.467275, 54.421541 ], [ 12.444035, 54.398406 ], [ 12.435734, 54.391605 ], [ 12.406608, 54.376796 ], [ 12.396117, 54.36326 ], [ 12.390761, 54.356348 ], [ 12.364148, 54.324008 ], [ 12.3627, 54.322469 ], [ 12.354628, 54.314742 ], [ 12.336128, 54.297027 ], [ 12.311491, 54.284332 ], [ 12.293275, 54.27775 ], [ 12.285531, 54.274952 ], [ 12.221152, 54.253501 ], [ 12.218149, 54.252185 ], [ 12.201068, 54.244695 ], [ 12.175743, 54.229328 ], [ 12.152142, 54.204969 ], [ 12.130829, 54.188497 ], [ 12.11123, 54.179938 ], [ 12.098125, 54.177991 ], [ 12.102828, 54.170974 ], [ 12.119838, 54.176506 ], [ 12.141059, 54.173197 ], [ 12.13934, 54.164014 ], [ 12.1384, 54.158992 ], [ 12.124807, 54.156361 ], [ 12.122651, 54.154542 ], [ 12.112494, 54.157698 ], [ 12.109139, 54.153358 ], [ 12.10524, 54.154212 ], [ 12.102941, 54.151272 ], [ 12.098522, 54.151217 ], [ 12.098482, 54.120158 ], [ 12.103024, 54.110767 ], [ 12.118508, 54.097934 ], [ 12.126681, 54.096184 ], [ 12.147914, 54.097463 ], [ 12.150778, 54.096302 ], [ 12.149474, 54.094675 ], [ 12.135004, 54.093238 ], [ 12.110923, 54.095591 ], [ 12.099116, 54.101926 ], [ 12.08941, 54.111977 ], [ 12.086404, 54.122302 ], [ 12.089542, 54.133292 ], [ 12.08546, 54.143783 ], [ 12.092112, 54.154205 ], [ 12.094577, 54.164014 ], [ 12.095593, 54.168055 ], [ 12.093007, 54.176286 ], [ 12.086892, 54.182895 ], [ 12.058086, 54.177908 ], [ 12.037854, 54.176662 ], [ 12.013443, 54.177859 ], [ 11.998485, 54.17497 ], [ 11.991827, 54.173536 ], [ 11.987562, 54.172617 ], [ 11.961544, 54.166168 ], [ 11.946179, 54.164876 ], [ 11.942194, 54.164014 ], [ 11.927571, 54.160853 ], [ 11.889037, 54.151285 ], [ 11.858801, 54.146132 ], [ 11.835657, 54.144552 ], [ 11.815321, 54.145482 ], [ 11.809691, 54.14574 ], [ 11.783622, 54.148785 ], [ 11.760374, 54.154468 ], [ 11.69655, 54.153741 ], [ 11.693783, 54.15371 ], [ 11.681735, 54.152524 ], [ 11.664685, 54.143033 ], [ 11.621507, 54.114348 ], [ 11.602631, 54.104617 ], [ 11.592537, 54.100912 ], [ 11.562501, 54.096219 ], [ 11.554871, 54.09242 ], [ 11.534501, 54.077388 ], [ 11.534591, 54.053949 ], [ 11.540294, 54.054882 ], [ 11.5495, 54.065844 ], [ 11.575713, 54.081224 ], [ 11.584537, 54.090703 ], [ 11.599501, 54.095529 ], [ 11.602152, 54.100717 ], [ 11.607802, 54.102814 ], [ 11.614567, 54.100748 ], [ 11.625355, 54.088349 ], [ 11.623402, 54.078005 ], [ 11.6131, 54.070183 ], [ 11.602342, 54.067538 ], [ 11.593554, 54.066812 ], [ 11.583091, 54.063129 ], [ 11.586289, 54.046196 ], [ 11.576952, 54.036025 ], [ 11.561779, 54.028088 ], [ 11.54146, 54.025518 ], [ 11.52734, 54.03293 ], [ 11.524183, 54.032776 ], [ 11.51801, 54.027019 ], [ 11.531157, 54.025457 ], [ 11.533396, 54.020835 ], [ 11.5079, 54.010355 ], [ 11.49706, 53.995916 ], [ 11.491107, 53.993061 ], [ 11.492839, 53.989592 ], [ 11.499774, 53.986115 ], [ 11.498506, 53.982056 ], [ 11.491664, 53.977078 ], [ 11.493552, 53.971525 ], [ 11.491499, 53.969259 ], [ 11.48804, 53.969143 ], [ 11.485811, 53.974132 ], [ 11.481212, 53.971211 ], [ 11.47393, 53.970613 ], [ 11.466552, 53.965966 ], [ 11.466936, 53.964364 ], [ 11.475924, 53.963395 ], [ 11.479489, 53.967804 ], [ 11.482498, 53.967386 ], [ 11.480371, 53.960944 ], [ 11.481781, 53.950364 ], [ 11.479816, 53.938308 ], [ 11.480723, 53.927016 ], [ 11.473614, 53.928069 ], [ 11.458266, 53.917046 ], [ 11.445592, 53.911777 ], [ 11.447498, 53.905282 ], [ 11.454783, 53.90264 ], [ 11.45629, 53.899601 ], [ 11.443169, 53.899249 ], [ 11.436182, 53.900792 ], [ 11.436435, 53.907093 ], [ 11.431606, 53.911203 ], [ 11.414466, 53.916168 ], [ 11.402265, 53.922814 ], [ 11.40186, 53.928382 ], [ 11.406551, 53.93405 ], [ 11.404739, 53.935705 ], [ 11.388557, 53.938903 ], [ 11.367359, 53.934961 ], [ 11.351617, 53.942287 ], [ 11.338198, 53.957099 ], [ 11.330488, 53.958522 ], [ 11.325897, 53.956097 ], [ 11.313368, 53.941561 ], [ 11.300782, 53.936742 ], [ 11.286523, 53.931282 ], [ 11.2754, 53.931876 ], [ 11.268203, 53.93226 ], [ 11.260585, 53.934635 ], [ 11.256062, 53.936992 ], [ 11.246411, 53.942022 ], [ 11.241481, 53.954145 ], [ 11.246056, 53.972731 ], [ 11.253907, 53.974554 ], [ 11.256062, 53.977241 ], [ 11.258725, 53.981264 ], [ 11.256062, 53.986181 ], [ 11.250194, 53.987092 ], [ 11.241231, 53.982751 ], [ 11.235567, 53.98221 ], [ 11.224381, 53.983194 ], [ 11.209423, 53.987566 ], [ 11.201364, 53.991662 ], [ 11.19385, 54.000354 ], [ 11.190753, 54.009699 ], [ 11.181089, 54.0147 ], [ 11.157851, 54.012569 ], [ 11.146327, 54.009803 ], [ 11.123566, 54.011185 ], [ 11.093915, 54.013721 ], [ 11.047076, 54.007557 ], [ 11.033506, 54.004347 ], [ 11.0271, 54.002832 ], [ 10.975661, 53.985073 ], [ 10.934051, 53.96525 ], [ 10.909227, 53.958293 ], [ 10.903662, 53.956822 ], [ 10.88316, 53.959385 ], [ 10.885568, 53.962053 ], [ 10.882381, 53.967667 ], [ 10.884216, 53.97879 ], [ 10.874918, 53.988438 ], [ 10.859725, 53.993662 ], [ 10.840886, 53.991894 ], [ 10.821377, 53.994798 ], [ 10.799731, 53.992699 ], [ 10.786935, 53.997796 ], [ 10.772864, 54.009191 ], [ 10.754916, 54.033363 ], [ 10.751779, 54.037586 ], [ 10.751144, 54.044904 ], [ 10.754916, 54.053081 ], [ 10.754916, 54.054193 ], [ 10.765828, 54.062005 ], [ 10.785377, 54.07123 ], [ 10.799801, 54.084148 ], [ 10.802069, 54.097603 ], [ 10.809199, 54.097104 ], [ 10.813006, 54.098738 ], [ 10.815319, 54.093581 ], [ 10.822782, 54.089817 ], [ 10.853517, 54.088826 ], [ 10.865613, 54.085483 ], [ 10.885352, 54.091638 ], [ 10.895235, 54.098324 ], [ 10.909227, 54.108991 ], [ 10.92526, 54.117918 ], [ 10.943167, 54.132996 ], [ 10.957552, 54.142079 ], [ 11.014162, 54.164014 ], [ 11.033506, 54.171507 ], [ 11.047358, 54.176871 ], [ 11.063887, 54.189202 ], [ 11.078542, 54.195621 ], [ 11.090889, 54.19746 ], [ 11.093389, 54.199741 ], [ 11.090979, 54.218871 ], [ 11.08259, 54.246481 ], [ 11.083891, 54.270369 ], [ 11.083555, 54.27775 ], [ 11.083424, 54.280631 ], [ 11.076667, 54.302645 ], [ 11.071982, 54.337347 ], [ 11.073251, 54.345625 ], [ 11.063016, 54.344759 ], [ 11.05865, 54.351744 ], [ 11.059856, 54.355353 ], [ 11.06352, 54.357813 ], [ 11.069227, 54.357992 ], [ 11.082633, 54.353243 ], [ 11.091095, 54.358702 ], [ 11.093915, 54.35994 ], [ 11.101472, 54.36326 ], [ 11.124934, 54.373563 ], [ 11.130349, 54.387591 ], [ 11.120139, 54.392985 ], [ 11.109091, 54.389897 ], [ 11.110244, 54.395803 ], [ 11.107646, 54.396909 ], [ 11.093915, 54.392715 ], [ 11.091833, 54.392079 ], [ 11.082633, 54.383589 ], [ 11.079035, 54.378547 ], [ 11.06909, 54.375593 ], [ 11.033506, 54.369669 ], [ 11.022131, 54.367775 ], [ 11.006607, 54.372426 ], [ 10.998317, 54.369884 ], [ 10.991619, 54.370806 ], [ 10.980845, 54.37618 ], [ 10.982892, 54.380323 ], [ 10.979912, 54.381551 ], [ 10.960181, 54.381961 ], [ 10.94897, 54.384288 ], [ 10.931433, 54.381729 ], [ 10.922647, 54.377805 ], [ 10.909227, 54.368713 ], [ 10.889371, 54.36326 ], [ 10.873662, 54.358945 ], [ 10.842369, 54.338916 ], [ 10.840706, 54.337347 ], [ 10.828042, 54.329457 ], [ 10.799199, 54.316189 ], [ 10.769756, 54.307598 ], [ 10.754916, 54.306412 ], [ 10.738017, 54.309397 ], [ 10.713751, 54.305072 ], [ 10.690129, 54.308205 ], [ 10.683256, 54.311463 ], [ 10.678726, 54.317 ], [ 10.678102, 54.321134 ], [ 10.657496, 54.32866 ], [ 10.649596, 54.335346 ], [ 10.64772, 54.337347 ], [ 10.636261, 54.349044 ], [ 10.598887, 54.36326 ], [ 10.594391, 54.36497 ], [ 10.585942, 54.367143 ], [ 10.583898, 54.367669 ], [ 10.552405, 54.37577 ], [ 10.539545, 54.379883 ], [ 10.485521, 54.389282 ], [ 10.444865, 54.403197 ], [ 10.421203, 54.411706 ], [ 10.394942, 54.424241 ], [ 10.379422, 54.427703 ], [ 10.376147, 54.42827 ], [ 10.366915, 54.429869 ], [ 10.358537, 54.431319 ], [ 10.328839, 54.435723 ], [ 10.302889, 54.43337 ], [ 10.27776, 54.422205 ], [ 10.278438, 54.420621 ], [ 10.289476, 54.425179 ], [ 10.293058, 54.424175 ], [ 10.288862, 54.419727 ], [ 10.280328, 54.418351 ], [ 10.241036, 54.416176 ], [ 10.22829, 54.413808 ], [ 10.20993, 54.396259 ], [ 10.210323, 54.393129 ], [ 10.201361, 54.3813 ], [ 10.195051, 54.379116 ], [ 10.195562, 54.366383 ], [ 10.185273, 54.36326 ], [ 10.179776, 54.361591 ], [ 10.177682, 54.354956 ], [ 10.174162, 54.345745 ], [ 10.165515, 54.328252 ], [ 10.14922, 54.323469 ], [ 10.154854, 54.33991 ], [ 10.144834, 54.354627 ], [ 10.145798, 54.36326 ], [ 10.146124, 54.365279 ], [ 10.161415, 54.375776 ], [ 10.166915, 54.385553 ], [ 10.190078, 54.39569 ], [ 10.188154, 54.409835 ], [ 10.168517, 54.432845 ], [ 10.169887, 54.435187 ], [ 10.175896, 54.437231 ], [ 10.18456, 54.446652 ], [ 10.195114, 54.44988 ], [ 10.197695, 54.455242 ], [ 10.184963, 54.459877 ], [ 10.182141, 54.461496 ], [ 10.158933, 54.47481 ], [ 10.134713, 54.483958 ], [ 10.125471, 54.48508 ], [ 10.054753, 54.478347 ], [ 10.029259, 54.47592 ], [ 10.026255, 54.475634 ], [ 10.022524, 54.475547 ], [ 9.995446, 54.468406 ], [ 9.969314, 54.467565 ], [ 9.939414, 54.462967 ], [ 9.926554, 54.46223 ], [ 9.924925, 54.461496 ], [ 9.926351, 54.459118 ], [ 9.915349, 54.453555 ], [ 9.90803, 54.452436 ], [ 9.90183, 54.451488 ], [ 9.875022, 54.449376 ], [ 9.864218, 54.448525 ], [ 9.84772, 54.458119 ], [ 9.845157, 54.461496 ], [ 9.841936, 54.465738 ], [ 9.840693, 54.474607 ], [ 9.848381, 54.476192 ], [ 9.862793, 54.473321 ], [ 9.875706, 54.475847 ], [ 9.90183, 54.483797 ], [ 9.90803, 54.485683 ], [ 9.922469, 54.490076 ], [ 9.938153, 54.493359 ], [ 9.963891, 54.50233 ], [ 9.975384, 54.510078 ], [ 9.983722, 54.512393 ], [ 9.997925, 54.521444 ], [ 10.004885, 54.530488 ], [ 10.008657, 54.535388 ], [ 10.01552, 54.545184 ], [ 10.022524, 54.547488 ], [ 10.026984, 54.553996 ], [ 10.026334, 54.567762 ], [ 10.026187, 54.581006 ], [ 10.023747, 54.58259 ], [ 10.026654, 54.585461 ], [ 10.025933, 54.595628 ], [ 10.02811, 54.606784 ], [ 10.029259, 54.609888 ], [ 10.032397, 54.618365 ], [ 10.033397, 54.621065 ], [ 10.03117, 54.636575 ], [ 10.033695, 54.657057 ], [ 10.031031, 54.660103 ], [ 10.029259, 54.659775 ], [ 10.022524, 54.658529 ], [ 10.009289, 54.662567 ], [ 10.002635, 54.673566 ], [ 9.994495, 54.666325 ], [ 9.989512, 54.666546 ], [ 9.988851, 54.669221 ], [ 9.976211, 54.673613 ], [ 9.959366, 54.675453 ], [ 9.950214, 54.674432 ], [ 9.941827, 54.666876 ], [ 9.938691, 54.66058 ], [ 9.941111, 54.655042 ], [ 9.937664, 54.650741 ], [ 9.938444, 54.645834 ], [ 9.945232, 54.636725 ], [ 9.93682, 54.628732 ], [ 9.937757, 54.623937 ], [ 9.929092, 54.622113 ], [ 9.921889, 54.618365 ], [ 9.919021, 54.616873 ], [ 9.90803, 54.614564 ], [ 9.904453, 54.613813 ], [ 9.90183, 54.612325 ], [ 9.878457, 54.599255 ], [ 9.875022, 54.598427 ], [ 9.850909, 54.592611 ], [ 9.846795, 54.589493 ], [ 9.841971, 54.589857 ], [ 9.838148, 54.585051 ], [ 9.830847, 54.58289 ], [ 9.82103, 54.582739 ], [ 9.817915, 54.577863 ], [ 9.800201, 54.565378 ], [ 9.777075, 54.55383 ], [ 9.776231, 54.557427 ], [ 9.767939, 54.556472 ], [ 9.762695, 54.550654 ], [ 9.749685, 54.546518 ], [ 9.740521, 54.534338 ], [ 9.742107, 54.530488 ], [ 9.733729, 54.524242 ], [ 9.725623, 54.52188 ], [ 9.724866, 54.527727 ], [ 9.721994, 54.528307 ], [ 9.71477, 54.518171 ], [ 9.700207, 54.516126 ], [ 9.708393, 54.508093 ], [ 9.711866, 54.500743 ], [ 9.708471, 54.491706 ], [ 9.696744, 54.490131 ], [ 9.686936, 54.493987 ], [ 9.683683, 54.495266 ], [ 9.673871, 54.496409 ], [ 9.663681, 54.507114 ], [ 9.645122, 54.510429 ], [ 9.635496, 54.50893 ], [ 9.628766, 54.512143 ], [ 9.611102, 54.507853 ], [ 9.594597, 54.505958 ], [ 9.581241, 54.501923 ], [ 9.56248, 54.501768 ], [ 9.554093, 54.503967 ], [ 9.547139, 54.508563 ], [ 9.549269, 54.511083 ], [ 9.555461, 54.512546 ], [ 9.585806, 54.510419 ], [ 9.597324, 54.518615 ], [ 9.604232, 54.52087 ], [ 9.605156, 54.526779 ], [ 9.628971, 54.530181 ], [ 9.632319, 54.525859 ], [ 9.626631, 54.521359 ], [ 9.632883, 54.514638 ], [ 9.639988, 54.521421 ], [ 9.672463, 54.525167 ], [ 9.686936, 54.526117 ], [ 9.696016, 54.526712 ], [ 9.703089, 54.520477 ], [ 9.708272, 54.520036 ], [ 9.717443, 54.528682 ], [ 9.717259, 54.530488 ], [ 9.716985, 54.533178 ], [ 9.73097, 54.53187 ], [ 9.734333, 54.532509 ], [ 9.735528, 54.534338 ], [ 9.738425, 54.542539 ], [ 9.753976, 54.557367 ], [ 9.767366, 54.565067 ], [ 9.765133, 54.570251 ], [ 9.768889, 54.578753 ], [ 9.776146, 54.578927 ], [ 9.775231, 54.575729 ], [ 9.788001, 54.573743 ], [ 9.792981, 54.574426 ], [ 9.79786, 54.577659 ], [ 9.81129, 54.581594 ], [ 9.811021, 54.584411 ], [ 9.805285, 54.58432 ], [ 9.806637, 54.586941 ], [ 9.820622, 54.585703 ], [ 9.82609, 54.590338 ], [ 9.837249, 54.593966 ], [ 9.837489, 54.597845 ], [ 9.861525, 54.603711 ], [ 9.875022, 54.609497 ], [ 9.884693, 54.618557 ], [ 9.893371, 54.623578 ], [ 9.901452, 54.625689 ], [ 9.90803, 54.628205 ], [ 9.90803, 54.628583 ], [ 9.90803, 54.632271 ], [ 9.909469, 54.633337 ], [ 9.915083, 54.629181 ], [ 9.928439, 54.6273 ], [ 9.93211, 54.628643 ], [ 9.936333, 54.633022 ], [ 9.934533, 54.633402 ], [ 9.931761, 54.63161 ], [ 9.930501, 54.640066 ], [ 9.932917, 54.646114 ], [ 9.935247, 54.660815 ], [ 9.942202, 54.673758 ], [ 9.947315, 54.677466 ], [ 9.960928, 54.678583 ], [ 9.968418, 54.682894 ], [ 9.978315, 54.683122 ], [ 9.979181, 54.686528 ], [ 9.973834, 54.690397 ], [ 9.982816, 54.700616 ], [ 9.992008, 54.695996 ], [ 9.991024, 54.683996 ], [ 10.017089, 54.69229 ], [ 10.021224, 54.691697 ], [ 10.027296, 54.687973 ], [ 10.026609, 54.685724 ], [ 10.029259, 54.685348 ], [ 10.029892, 54.680129 ], [ 10.032939, 54.678641 ], [ 10.036541, 54.687119 ], [ 10.033072, 54.691356 ], [ 10.029259, 54.693384 ], [ 10.022524, 54.696964 ], [ 9.989605, 54.71762 ], [ 9.985603, 54.724787 ], [ 9.97811, 54.750977 ], [ 9.971768, 54.763053 ], [ 9.963617, 54.769817 ], [ 9.956883, 54.779483 ], [ 9.939283, 54.785542 ], [ 9.90803, 54.797126 ], [ 9.902559, 54.789202 ], [ 9.901771, 54.775636 ], [ 9.906695, 54.768786 ], [ 9.903912, 54.763534 ], [ 9.900213, 54.766718 ], [ 9.889693, 54.767979 ], [ 9.88191, 54.762826 ], [ 9.875022, 54.753988 ], [ 9.873659, 54.752184 ], [ 9.848527, 54.755354 ], [ 9.832828, 54.760658 ], [ 9.829733, 54.763053 ], [ 9.802573, 54.783614 ], [ 9.79257, 54.79698 ], [ 9.776602, 54.795662 ], [ 9.768559, 54.797193 ], [ 9.764533, 54.799297 ], [ 9.727452, 54.806658 ], [ 9.709612, 54.809308 ], [ 9.686936, 54.816391 ], [ 9.678043, 54.819168 ], [ 9.665615, 54.822023 ], [ 9.660396, 54.823338 ], [ 9.650664, 54.821924 ], [ 9.633578, 54.828396 ], [ 9.623105, 54.831487 ], [ 9.612401, 54.829941 ], [ 9.604434, 54.830772 ], [ 9.590906, 54.844165 ], [ 9.590228, 54.851636 ], [ 9.600188, 54.86668 ], [ 9.603389, 54.869022 ], [ 9.611824, 54.875192 ], [ 9.591319, 54.876559 ], [ 9.58827, 54.875018 ], [ 9.585444, 54.869022 ], [ 9.583852, 54.865645 ], [ 9.580025, 54.864668 ], [ 9.573928, 54.863112 ], [ 9.563239, 54.854541 ], [ 9.539279, 54.847579 ], [ 9.524944, 54.838443 ], [ 9.515661, 54.83763 ], [ 9.502057, 54.8256 ], [ 9.49195, 54.822635 ], [ 9.463987, 54.82035 ], [ 9.453298, 54.809342 ], [ 9.440764, 54.803031 ], [ 9.434494, 54.796158 ], [ 9.430796, 54.80052 ], [ 9.434494, 54.810015 ], [ 9.422934, 54.823223 ], [ 9.420152, 54.831956 ], [ 9.416767, 54.833793 ], [ 9.417008, 54.838469 ], [ 9.410322, 54.842033 ], [ 9.396845, 54.839072 ], [ 9.382708, 54.838532 ], [ 9.380028, 54.834238 ], [ 9.374782, 54.832395 ], [ 9.372616, 54.820566 ], [ 9.365429, 54.81798 ], [ 9.355176, 54.814292 ], [ 9.343267, 54.806344 ], [ 9.345334, 54.802078 ], [ 9.343731, 54.800148 ], [ 9.330378, 54.804138 ], [ 9.329428, 54.805565 ], [ 9.327227, 54.805778 ], [ 9.324659, 54.806026 ], [ 9.308849, 54.807552 ], [ 9.293411, 54.808937 ], [ 9.292082, 54.806148 ], [ 9.295564, 54.803074 ], [ 9.294858, 54.801681 ], [ 9.286256, 54.804325 ], [ 9.284118, 54.809612 ], [ 9.281133, 54.809776 ], [ 9.273376, 54.811756 ], [ 9.270549, 54.81216 ], [ 9.26595, 54.810825 ], [ 9.258175, 54.810558 ], [ 9.250086, 54.809711 ], [ 9.245956, 54.817157 ], [ 9.235627, 54.83248 ], [ 9.236196, 54.836129 ], [ 9.244082, 54.843677 ], [ 9.240282, 54.849945 ], [ 9.230594, 54.852402 ], [ 9.205847, 54.858679 ], [ 9.187608, 54.86113 ], [ 9.184797, 54.863425 ], [ 9.177965, 54.864925 ], [ 9.172786, 54.866073 ], [ 9.160033, 54.869022 ], [ 9.142332, 54.873115 ], [ 9.113097, 54.873601 ], [ 9.090766, 54.870403 ], [ 9.078553, 54.871677 ], [ 9.048545, 54.872132 ], [ 9.036519, 54.87577 ], [ 9.026859, 54.88144 ], [ 9.014567, 54.886322 ], [ 8.985639, 54.891868 ], [ 8.972997, 54.896641 ], [ 8.9483, 54.902458 ], [ 8.913758, 54.902451 ], [ 8.906114, 54.903172 ], [ 8.892476, 54.90446 ], [ 8.883102, 54.902057 ], [ 8.880022, 54.902057 ], [ 8.859395, 54.897055 ], [ 8.856726, 54.897111 ], [ 8.848698, 54.897281 ], [ 8.844952, 54.899219 ], [ 8.842241, 54.900963 ], [ 8.836998, 54.90546 ], [ 8.832986, 54.906677 ], [ 8.824736, 54.906652 ], [ 8.817053, 54.904044 ], [ 8.810188, 54.905649 ], [ 8.801005, 54.904722 ], [ 8.776401, 54.895435 ], [ 8.774731, 54.892902 ], [ 8.752148, 54.896664 ], [ 8.735124, 54.893005 ], [ 8.721056, 54.894807 ], [ 8.680804, 54.910358 ], [ 8.669041, 54.911086 ], [ 8.658685, 54.908935 ], [ 8.637725, 54.911466 ], [ 8.635926, 54.911683 ], [ 8.637725, 54.902259 ], [ 8.637725, 54.897631 ], [ 8.634945, 54.893674 ], [ 8.628644, 54.891257 ], [ 8.6024, 54.88701 ], [ 8.56973, 54.886518 ], [ 8.564044, 54.886325 ], [ 8.514464, 54.884412 ], [ 8.48855, 54.879322 ], [ 8.48535, 54.87711 ], [ 8.467934, 54.877637 ], [ 8.435417, 54.876525 ], [ 8.424454, 54.87809 ], [ 8.407771, 54.883465 ], [ 8.38051, 54.892247 ], [ 8.371387, 54.898113 ], [ 8.362976, 54.908748 ], [ 8.361715, 54.928068 ], [ 8.360195, 54.935141 ], [ 8.362447, 54.944234 ], [ 8.358787, 54.950811 ], [ 8.360814, 54.95755 ], [ 8.353678, 54.967721 ], [ 8.370342, 54.988784 ], [ 8.379301, 54.996269 ], [ 8.394467, 55.003503 ], [ 8.407771, 55.006118 ], [ 8.415849, 55.007705 ], [ 8.440061, 55.017208 ], [ 8.439924, 55.02271 ], [ 8.431469, 55.025733 ], [ 8.427856, 55.031203 ], [ 8.434501, 55.037388 ], [ 8.428406, 55.036994 ], [ 8.424012, 55.033963 ], [ 8.407771, 55.034513 ], [ 8.401809, 55.034715 ], [ 8.39833, 55.037131 ], [ 8.396545, 55.045829 ], [ 8.407771, 55.046707 ], [ 8.432407, 55.048636 ], [ 8.448412, 55.042685 ], [ 8.462105, 55.045262 ], [ 8.462411, 55.046915 ], [ 8.442421, 55.050617 ], [ 8.41719, 55.058165 ], [ 8.410856, 55.057712 ], [ 8.407771, 55.056644 ], [ 8.398121, 55.053301 ], [ 8.382335, 55.036119 ], [ 8.352262, 54.992016 ], [ 8.330517, 54.961596 ], [ 8.321999, 54.949671 ], [ 8.309766, 54.930708 ], [ 8.298062, 54.910861 ], [ 8.290509, 54.889626 ], [ 8.282269, 54.795713 ], [ 8.280651, 54.775095 ], [ 8.278975, 54.752607 ], [ 8.291325, 54.741925 ], [ 8.296046, 54.740338 ], [ 8.298303, 54.742539 ], [ 8.294431, 54.758149 ], [ 8.299818, 54.76409 ], [ 8.30106, 54.775095 ], [ 8.296417, 54.777693 ], [ 8.292608, 54.78456 ], [ 8.294404, 54.794043 ], [ 8.294756, 54.798573 ], [ 8.29917, 54.80359 ], [ 8.297161, 54.811273 ], [ 8.299785, 54.817754 ], [ 8.293645, 54.826955 ], [ 8.299554, 54.849365 ], [ 8.308551, 54.85901 ], [ 8.330517, 54.862894 ], [ 8.334083, 54.873148 ], [ 8.339997, 54.879121 ], [ 8.34868, 54.87621 ], [ 8.362806, 54.875381 ], [ 8.378682, 54.858621 ], [ 8.401024, 54.849398 ], [ 8.415352, 54.847783 ], [ 8.428573, 54.852806 ], [ 8.452939, 54.857397 ], [ 8.47962, 54.870657 ], [ 8.509943, 54.881073 ], [ 8.535393, 54.882778 ], [ 8.543716, 54.881718 ], [ 8.564237, 54.883931 ], [ 8.603369, 54.885708 ], [ 8.612414, 54.877516 ], [ 8.611423, 54.869022 ], [ 8.608177, 54.841218 ], [ 8.637725, 54.822959 ], [ 8.644705, 54.818645 ], [ 8.659325, 54.79581 ], [ 8.680937, 54.79116 ], [ 8.683892, 54.793168 ], [ 8.700449, 54.775095 ], [ 8.697471, 54.761054 ], [ 8.707276, 54.752209 ], [ 8.708953, 54.744115 ], [ 8.714586, 54.738463 ], [ 8.710571, 54.735793 ], [ 8.689882, 54.730885 ], [ 8.692659, 54.726035 ], [ 8.707785, 54.72367 ], [ 8.719913, 54.725189 ], [ 8.741187, 54.716011 ], [ 8.751175, 54.699021 ], [ 8.749916, 54.68948 ], [ 8.75409, 54.681931 ], [ 8.779497, 54.666584 ], [ 8.809925, 54.658958 ], [ 8.829321, 54.653223 ], [ 8.830615, 54.651406 ], [ 8.847158, 54.625144 ], [ 8.856726, 54.620026 ], [ 8.864258, 54.615997 ], [ 8.882664, 54.610463 ], [ 8.892223, 54.598014 ], [ 8.869373, 54.56331 ], [ 8.873567, 54.555431 ], [ 8.877877, 54.542694 ], [ 8.872342, 54.530488 ], [ 8.871671, 54.529008 ], [ 8.864548, 54.523602 ], [ 8.856726, 54.518427 ], [ 8.854755, 54.517123 ], [ 8.836869, 54.508494 ], [ 8.818597, 54.505329 ], [ 8.809925, 54.500858 ], [ 8.806361, 54.49671 ], [ 8.809925, 54.489921 ], [ 8.81845, 54.486393 ], [ 8.809925, 54.476775 ], [ 8.807076, 54.473891 ], [ 8.806662, 54.471282 ], [ 8.807253, 54.470145 ], [ 8.809925, 54.468876 ], [ 8.826179, 54.463059 ], [ 8.842955, 54.460668 ], [ 8.856726, 54.460743 ], [ 8.893467, 54.460944 ], [ 8.906114, 54.466554 ], [ 8.91293, 54.469577 ], [ 8.916775, 54.474691 ], [ 8.923976, 54.477791 ], [ 8.931065, 54.49095 ], [ 8.948509, 54.500634 ], [ 8.946432, 54.512611 ], [ 8.960405, 54.517493 ], [ 8.983176, 54.524682 ], [ 8.987049, 54.524306 ], [ 8.990804, 54.52331 ], [ 8.991552, 54.520903 ], [ 8.990359, 54.512096 ], [ 9.00715, 54.498091 ], [ 9.014504, 54.484044 ], [ 9.004441, 54.479143 ], [ 9.025145, 54.472203 ], [ 9.014527, 54.474072 ], [ 9.001699, 54.46198 ], [ 8.961462, 54.453291 ], [ 8.95533, 54.448691 ], [ 8.94945, 54.438579 ], [ 8.933147, 54.432016 ], [ 8.91217, 54.416643 ], [ 8.906114, 54.414903 ], [ 8.872675, 54.40529 ], [ 8.856726, 54.403125 ], [ 8.831709, 54.408438 ], [ 8.801269, 54.408307 ], [ 8.741811, 54.398908 ], [ 8.710799, 54.398768 ], [ 8.69886, 54.396695 ], [ 8.673132, 54.399506 ], [ 8.655446, 54.391571 ], [ 8.649696, 54.382631 ], [ 8.650033, 54.37899 ], [ 8.657171, 54.37456 ], [ 8.690365, 54.373432 ], [ 8.693316, 54.367406 ], [ 8.692471, 54.36326 ], [ 8.690781, 54.354967 ], [ 8.659084, 54.346967 ], [ 8.654562, 54.348826 ], [ 8.647858, 54.345988 ], [ 8.647806, 54.343803 ], [ 8.652766, 54.342901 ], [ 8.647572, 54.339434 ], [ 8.646062, 54.338441 ], [ 8.644107, 54.338161 ], [ 8.640207, 54.337723 ], [ 8.637725, 54.337782 ], [ 8.633925, 54.337872 ], [ 8.622045, 54.342824 ], [ 8.603265, 54.340417 ], [ 8.602049, 54.337724 ], [ 8.606014, 54.328735 ], [ 8.599985, 54.327626 ], [ 8.602377, 54.314496 ], [ 8.609696, 54.308126 ], [ 8.630086, 54.301848 ], [ 8.637725, 54.29656 ], [ 8.652997, 54.285984 ], [ 8.673667, 54.279091 ], [ 8.690352, 54.279633 ], [ 8.704255, 54.286696 ], [ 8.70647, 54.293145 ], [ 8.722395, 54.288936 ], [ 8.73969, 54.293742 ], [ 8.748944, 54.289487 ], [ 8.759889, 54.290119 ], [ 8.768693, 54.288567 ], [ 8.771284, 54.282345 ], [ 8.782628, 54.281069 ], [ 8.792462, 54.282159 ], [ 8.809925, 54.287537 ], [ 8.821349, 54.291277 ], [ 8.829152, 54.289779 ], [ 8.836609, 54.284413 ], [ 8.842135, 54.277465 ], [ 8.844805, 54.266328 ], [ 8.843625, 54.257327 ], [ 8.836301, 54.251269 ], [ 8.832427, 54.24002 ], [ 8.839268, 54.232061 ], [ 8.834286, 54.216374 ], [ 8.818816, 54.205137 ], [ 8.810126, 54.190019 ], [ 8.807766, 54.175185 ], [ 8.809638, 54.170903 ], [ 8.817322, 54.166828 ], [ 8.825394, 54.147024 ], [ 8.837211, 54.133395 ], [ 8.854713, 54.1279 ], [ 8.856726, 54.12358 ], [ 8.857763, 54.121354 ], [ 8.863719, 54.12135 ], [ 8.886339, 54.130673 ], [ 8.906114, 54.134721 ], [ 8.908022, 54.135111 ], [ 8.925041, 54.132284 ], [ 8.932191, 54.12377 ], [ 8.934967, 54.118648 ], [ 8.937955, 54.113326 ], [ 8.938795, 54.11183 ], [ 8.941537, 54.106947 ], [ 8.953462, 54.087814 ], [ 8.975694, 54.071355 ], [ 8.974914, 54.068738 ], [ 8.959526, 54.065724 ], [ 8.959063, 54.064087 ], [ 8.966157, 54.062253 ], [ 8.970976, 54.063402 ], [ 8.981593, 54.061744 ], [ 8.985229, 54.058917 ], [ 8.982898, 54.050137 ], [ 8.982214, 54.048507 ], [ 8.981187, 54.045985 ], [ 8.980085, 54.04426 ], [ 8.979021, 54.042821 ], [ 8.977758, 54.041562 ], [ 8.960612, 54.034438 ], [ 8.955629, 54.035464 ], [ 8.945995, 54.033957 ], [ 8.920934, 54.04184 ], [ 8.906114, 54.042904 ], [ 8.878254, 54.044903 ], [ 8.849218, 54.038631 ], [ 8.825662, 54.026178 ], [ 8.832592, 54.023929 ], [ 8.843518, 54.010263 ], [ 8.848519, 54.008193 ], [ 8.856726, 53.999699 ], [ 8.874398, 53.981404 ], [ 8.892944, 53.952096 ], [ 8.906114, 53.935959 ], [ 8.914034, 53.926252 ], [ 8.935235, 53.915767 ], [ 8.939057, 53.910723 ], [ 8.963567, 53.895351 ], [ 8.972319, 53.891898 ], [ 9.01831, 53.896309 ], [ 9.02242, 53.879517 ], [ 9.036474, 53.88101 ], [ 9.052706, 53.881441 ], [ 9.059377, 53.881126 ], [ 9.075284, 53.880513 ], [ 9.082767, 53.880067 ], [ 9.105396, 53.879841 ], [ 9.119777, 53.878826 ], [ 9.142332, 53.877685 ], [ 9.199751, 53.880104 ], [ 9.215254, 53.878957 ], [ 9.230586, 53.877772 ], [ 9.232872, 53.874856 ], [ 9.25731, 53.871573 ], [ 9.272733, 53.867662 ], [ 9.274395, 53.857847 ], [ 9.253147, 53.859732 ], [ 9.230594, 53.861831 ], [ 9.217544, 53.863045 ], [ 9.175621, 53.864263 ], [ 9.142332, 53.864523 ], [ 9.081472, 53.859367 ], [ 9.070259, 53.854381 ], [ 9.054655, 53.852696 ], [ 9.029695, 53.843907 ], [ 9.020411, 53.842278 ], [ 9.01427, 53.84009 ], [ 9.018513, 53.834841 ], [ 8.985506, 53.840023 ], [ 8.949091, 53.836298 ], [ 8.906114, 53.828762 ], [ 8.859548, 53.830593 ], [ 8.83015, 53.833679 ], [ 8.821793, 53.832002 ], [ 8.80129, 53.833435 ], [ 8.786166, 53.834925 ], [ 8.763441, 53.842278 ], [ 8.728242, 53.85706 ], [ 8.727041, 53.860475 ], [ 8.703218, 53.877851 ], [ 8.694538, 53.876838 ], [ 8.690449, 53.878354 ], [ 8.683588, 53.885537 ], [ 8.687173, 53.891908 ], [ 8.668157, 53.891448 ], [ 8.64113, 53.886841 ], [ 8.637725, 53.885779 ], [ 8.62697, 53.882423 ], [ 8.613825, 53.881393 ], [ 8.602471, 53.874856 ], [ 8.603806, 53.870637 ], [ 8.588075, 53.858275 ], [ 8.576048, 53.845337 ], [ 8.566556, 53.845455 ], [ 8.563762, 53.842278 ], [ 8.561886, 53.839436 ], [ 8.560985, 53.83807 ], [ 8.560111, 53.83669 ], [ 8.559081, 53.835061 ], [ 8.557239, 53.832357 ], [ 8.5563, 53.830912 ], [ 8.555577, 53.829799 ], [ 8.554372, 53.828038 ], [ 8.553205, 53.82633 ], [ 8.552603, 53.825306 ], [ 8.550903, 53.822726 ], [ 8.542149, 53.807291 ], [ 8.538192, 53.79407 ], [ 8.543548, 53.787903 ], [ 8.538103, 53.786466 ], [ 8.519466, 53.752949 ], [ 8.520708, 53.74881 ], [ 8.510228, 53.737759 ], [ 8.483304, 53.693599 ], [ 8.481909, 53.674221 ], [ 8.484201, 53.656268 ], [ 8.489688, 53.648775 ], [ 8.508428, 53.62317 ], [ 8.520411, 53.606205 ], [ 8.484343, 53.599776 ], [ 8.502412, 53.574429 ], [ 8.504201, 53.571919 ], [ 8.537169, 53.550378 ], [ 8.554849, 53.536117 ], [ 8.55848, 53.531022 ], [ 8.554898, 53.525131 ], [ 8.550343, 53.537464 ], [ 8.535223, 53.540866 ], [ 8.523007, 53.546476 ], [ 8.517178, 53.550544 ], [ 8.515637, 53.555772 ], [ 8.503681, 53.551198 ], [ 8.474621, 53.553858 ], [ 8.461885, 53.552962 ], [ 8.43499, 53.562058 ], [ 8.407771, 53.567417 ], [ 8.398215, 53.569298 ], [ 8.384545, 53.574429 ], [ 8.348361, 53.60617 ], [ 8.334117, 53.612549 ], [ 8.308003, 53.616147 ], [ 8.276827, 53.607526 ], [ 8.255931, 53.595349 ], [ 8.243676, 53.582795 ], [ 8.241503, 53.574429 ], [ 8.2313, 53.521546 ], [ 8.265565, 53.518706 ], [ 8.303439, 53.52519 ], [ 8.310734, 53.521704 ], [ 8.314909, 53.516265 ], [ 8.31575, 53.506598 ], [ 8.316296, 53.500327 ], [ 8.315171, 53.462393 ], [ 8.311847, 53.454166 ], [ 8.308091, 53.448221 ], [ 8.296711, 53.441643 ], [ 8.295076, 53.43575 ], [ 8.297223, 53.430676 ], [ 8.292036, 53.424727 ], [ 8.278105, 53.41269 ], [ 8.258801, 53.401158 ], [ 8.246391, 53.397813 ], [ 8.227429, 53.398975 ], [ 8.202321, 53.403723 ], [ 8.195555, 53.409171 ], [ 8.190752, 53.409778 ], [ 8.193491, 53.413873 ], [ 8.152344, 53.447295 ], [ 8.136876, 53.452418 ], [ 8.115016, 53.449865 ], [ 8.110339, 53.447423 ], [ 8.098999, 53.445677 ], [ 8.078254, 53.458414 ], [ 8.069886, 53.466962 ], [ 8.065258, 53.473763 ], [ 8.06029, 53.496024 ], [ 8.061327, 53.505957 ], [ 8.075065, 53.502466 ], [ 8.085734, 53.50187 ], [ 8.115049, 53.506598 ], [ 8.156169, 53.515704 ], [ 8.166003, 53.526796 ], [ 8.16425, 53.529278 ], [ 8.158412, 53.529242 ], [ 8.157788, 53.53299 ], [ 8.16871, 53.542838 ], [ 8.157397, 53.559129 ], [ 8.152405, 53.561195 ], [ 8.153477, 53.564528 ], [ 8.146078, 53.574429 ], [ 8.143166, 53.578324 ], [ 8.153423, 53.582908 ], [ 8.154943, 53.585983 ], [ 8.14928, 53.600562 ], [ 8.123959, 53.599012 ], [ 8.115016, 53.615233 ], [ 8.091291, 53.638109 ], [ 8.081362, 53.644708 ], [ 8.073929, 53.646545 ], [ 8.057154, 53.641936 ], [ 8.046705, 53.640605 ], [ 8.042426, 53.641873 ], [ 8.037663, 53.648775 ], [ 8.032859, 53.655733 ], [ 8.027367, 53.677635 ], [ 8.023019, 53.682591 ], [ 8.023889, 53.691526 ], [ 8.03126, 53.699501 ], [ 8.031811, 53.704671 ], [ 8.027825, 53.707426 ], [ 8.014255, 53.71112 ], [ 7.998824, 53.712634 ], [ 7.963707, 53.716078 ], [ 7.912979, 53.717722 ], [ 7.87319, 53.714534 ], [ 7.831947, 53.71123 ], [ 7.814211, 53.711593 ], [ 7.809896, 53.707662 ], [ 7.807615, 53.71058 ], [ 7.791334, 53.709648 ], [ 7.770168, 53.704222 ], [ 7.761692, 53.70176 ], [ 7.737471, 53.699634 ], [ 7.715984, 53.699789 ], [ 7.703279, 53.703216 ], [ 7.630104, 53.688937 ], [ 7.606466, 53.686654 ], [ 7.587282, 53.680163 ], [ 7.574022, 53.68026 ], [ 7.572015, 53.677633 ], [ 7.550173, 53.675037 ], [ 7.542551, 53.675335 ], [ 7.521685, 53.67154 ], [ 7.498097, 53.678231 ], [ 7.481595, 53.682912 ], [ 7.432825, 53.684206 ], [ 7.406047, 53.682393 ], [ 7.378604, 53.681959 ], [ 7.357062, 53.686485 ], [ 7.317348, 53.683545 ], [ 7.291604, 53.679708 ], [ 7.281184, 53.674399 ], [ 7.263703, 53.672692 ], [ 7.243682, 53.667782 ], [ 7.200666, 53.648775 ], [ 7.183722, 53.641285 ], [ 7.168155, 53.628188 ], [ 7.159037, 53.628765 ], [ 7.155786, 53.622782 ], [ 7.15249, 53.623753 ], [ 7.146974, 53.612902 ], [ 7.140764, 53.607775 ], [ 7.132425, 53.603915 ], [ 7.112042, 53.594478 ], [ 7.090713, 53.579644 ], [ 7.089346, 53.574429 ], [ 7.088352, 53.570641 ], [ 7.119017, 53.551417 ], [ 7.118738, 53.547893 ], [ 7.127259, 53.542136 ], [ 7.132425, 53.541519 ], [ 7.134833, 53.541232 ], [ 7.133496, 53.539383 ], [ 7.137852, 53.535894 ], [ 7.132425, 53.532254 ], [ 7.122485, 53.525583 ], [ 7.100756, 53.524319 ], [ 7.098771, 53.5213 ], [ 7.103283, 53.511568 ], [ 7.09578, 53.511721 ], [ 7.088881, 53.516999 ], [ 7.083579, 53.527108 ], [ 7.077884, 53.531938 ], [ 7.075729, 53.532169 ], [ 7.07269, 53.527931 ], [ 7.063173, 53.524602 ], [ 7.050238, 53.534076 ], [ 7.038988, 53.536704 ], [ 7.033759, 53.533132 ], [ 7.0381, 53.520744 ], [ 7.048156, 53.507709 ], [ 7.047105, 53.506598 ], [ 7.024539, 53.482739 ], [ 7.025176, 53.475734 ], [ 7.010696, 53.426231 ], [ 7.012668, 53.407577 ], [ 7.007759, 53.393553 ], [ 7.010637, 53.385356 ], [ 7.007064, 53.377472 ], [ 6.9986, 53.371487 ], [ 6.999447, 53.359887 ], [ 7.013605, 53.344082 ], [ 7.023314, 53.337918 ], [ 7.032227, 53.336347 ], [ 7.050238, 53.338361 ], [ 7.061572, 53.334733 ], [ 7.132425, 53.335347 ], [ 7.166309, 53.33564 ], [ 7.235868, 53.331956 ], [ 7.25815, 53.329476 ], [ 7.264243, 53.327512 ], [ 7.2643, 53.325526 ], [ 7.249551, 53.323932 ], [ 7.242361, 53.303161 ], [ 7.230221, 53.293927 ], [ 7.236577, 53.287985 ], [ 7.235999, 53.274844 ], [ 7.226087, 53.256076 ], [ 7.219416, 53.248914 ], [ 7.208935, 53.243064 ], [ 7.206013, 53.237441 ], [ 7.201566, 53.237166 ], [ 7.17539, 53.24088 ], [ 7.162786, 53.244807 ], [ 7.146083, 53.245858 ], [ 7.132425, 53.250527 ], [ 7.104542, 53.252665 ], [ 7.092713, 53.257017 ], [ 7.082262, 53.263849 ], [ 7.079483, 53.269963 ], [ 7.084594, 53.29481 ], [ 7.089759, 53.303195 ], [ 7.072669, 53.301028 ], [ 7.042838, 53.301273 ], [ 7.015846, 53.305819 ], [ 7.009384, 53.311853 ], [ 6.997061, 53.311129 ], [ 6.932469, 53.327188 ], [ 6.932469, 53.328619 ], [ 6.936643, 53.331567 ], [ 6.932469, 53.333872 ], [ 6.900912, 53.351297 ], [ 6.890656, 53.378094 ], [ 6.887685, 53.394759 ], [ 6.874905, 53.408013 ], [ 6.875915, 53.420836 ], [ 6.882584, 53.435245 ], [ 6.880829, 53.441055 ], [ 6.864438, 53.450839 ], [ 6.847049, 53.455317 ], [ 6.840039, 53.449426 ], [ 6.842262, 53.444551 ], [ 6.829266, 53.4452 ], [ 6.823936, 53.450713 ], [ 6.830713, 53.452308 ], [ 6.832602, 53.45706 ], [ 6.81673, 53.462515 ], [ 6.795784, 53.456491 ], [ 6.752833, 53.465689 ], [ 6.694529, 53.462089 ], [ 6.658251, 53.457421 ], [ 6.601146, 53.442646 ], [ 6.545481, 53.432927 ], [ 6.54182, 53.432353 ], [ 6.537896, 53.431738 ], [ 6.510026, 53.430545 ], [ 6.489356, 53.427471 ], [ 6.449687, 53.422923 ], [ 6.426437, 53.421262 ], [ 6.383122, 53.417047 ], [ 6.366941, 53.415258 ], [ 6.34259, 53.409339 ], [ 6.340318, 53.410203 ], [ 6.336149, 53.406727 ], [ 6.308443, 53.396704 ], [ 6.303409, 53.397255 ], [ 6.295881, 53.402088 ], [ 6.263168, 53.413277 ], [ 6.251934, 53.415574 ], [ 6.217026, 53.410128 ], [ 6.21233, 53.411184 ], [ 6.208689, 53.408509 ], [ 6.201396, 53.408992 ], [ 6.199531, 53.411797 ], [ 6.191302, 53.410938 ], [ 6.183752, 53.414312 ], [ 6.176786, 53.414464 ], [ 6.136413, 53.403942 ], [ 6.090623, 53.408262 ], [ 6.085199, 53.405345 ], [ 6.068103, 53.407521 ], [ 6.015613, 53.403483 ], [ 5.987867, 53.398036 ], [ 5.976125, 53.396861 ], [ 5.971701, 53.397962 ], [ 5.948221, 53.393117 ], [ 5.920945, 53.387488 ], [ 5.888177, 53.388345 ], [ 5.883449, 53.384966 ], [ 5.848208, 53.376495 ], [ 5.840758, 53.372578 ], [ 5.77704, 53.354417 ], [ 5.763888, 53.350668 ], [ 5.718973, 53.334626 ], [ 5.686741, 53.325697 ], [ 5.677313, 53.323627 ], [ 5.663287, 53.3215 ], [ 5.653226, 53.320638 ], [ 5.64802, 53.318895 ], [ 5.640694, 53.316441 ], [ 5.635473, 53.314435 ], [ 5.585523, 53.300392 ], [ 5.560961, 53.285249 ], [ 5.553486, 53.274466 ], [ 5.537837, 53.265618 ], [ 5.523151, 53.256272 ], [ 5.481751, 53.240425 ], [ 5.44756, 53.219815 ], [ 5.436961, 53.21016 ], [ 5.421389, 53.185827 ], [ 5.425342, 53.184236 ], [ 5.419016, 53.181671 ], [ 5.409602, 53.173534 ], [ 5.414229, 53.164811 ], [ 5.411229, 53.151724 ], [ 5.408196, 53.131693 ], [ 5.403816, 53.122012 ], [ 5.395649, 53.115003 ], [ 5.37911, 53.108289 ], [ 5.37758, 53.098594 ], [ 5.371063, 53.093123 ], [ 5.343102, 53.077496 ], [ 5.293898, 53.069414 ], [ 5.240359, 53.041109 ], [ 5.164384, 53.00091 ], [ 5.150841, 52.993827 ], [ 5.058613, 52.945553 ], [ 5.048981, 52.942335 ], [ 5.049572, 52.937524 ], [ 5.041553, 52.933506 ], [ 5.029069, 52.936958 ], [ 5.01401, 52.934589 ], [ 5.000893, 52.935802 ], [ 4.969131, 52.930253 ], [ 4.959423, 52.92553 ], [ 4.957826, 52.921571 ], [ 4.953217, 52.915327 ], [ 4.939837, 52.905165 ], [ 4.922782, 52.900211 ], [ 4.908328, 52.894991 ], [ 4.874322, 52.88985 ], [ 4.850002, 52.900359 ], [ 4.84129, 52.901479 ], [ 4.81028, 52.913646 ], [ 4.791874, 52.935594 ], [ 4.793566, 52.943747 ], [ 4.802586, 52.955852 ], [ 4.800824, 52.963299 ], [ 4.793592, 52.962934 ], [ 4.795778, 52.958935 ], [ 4.792523, 52.955624 ], [ 4.787852, 52.954706 ], [ 4.776911, 52.957738 ], [ 4.77577, 52.960216 ], [ 4.778623, 52.96317 ], [ 4.776055, 52.965218 ], [ 4.76303, 52.965551 ], [ 4.733661, 52.962415 ], [ 4.720076, 52.951262 ], [ 4.715548, 52.941948 ], [ 4.709466, 52.883575 ], [ 4.678769, 52.808405 ], [ 4.649071, 52.756177 ], [ 4.639604, 52.728118 ], [ 4.63362, 52.694581 ], [ 4.63384, 52.686687 ], [ 4.638279, 52.68386 ], [ 4.633333, 52.682136 ], [ 4.626969, 52.661885 ], [ 4.609677, 52.573401 ], [ 4.608762, 52.566399 ], [ 4.60624, 52.557237 ], [ 4.60128, 52.539522 ], [ 4.598908, 52.531808 ], [ 4.596472, 52.523881 ], [ 4.590049, 52.50569 ], [ 4.58702, 52.499065 ], [ 4.583914, 52.49227 ], [ 4.581895, 52.48919 ], [ 4.568133, 52.469563 ], [ 4.595707, 52.473217 ], [ 4.598445, 52.472453 ], [ 4.59743, 52.468465 ], [ 4.588468, 52.464041 ], [ 4.572929, 52.462061 ], [ 4.567147, 52.45892 ], [ 4.555227, 52.460111 ], [ 4.560963, 52.445793 ], [ 4.560597, 52.437426 ], [ 4.559229, 52.432594 ], [ 4.55731, 52.427917 ], [ 4.555324, 52.423676 ], [ 4.551192, 52.415842 ], [ 4.547067, 52.409437 ], [ 4.541317, 52.401468 ], [ 4.493848, 52.32826 ], [ 4.445236, 52.264253 ], [ 4.409821, 52.224548 ], [ 4.40535, 52.219533 ], [ 4.374233, 52.18709 ], [ 4.368254, 52.18127 ], [ 4.365567, 52.178653 ], [ 4.349737, 52.165058 ], [ 4.341084, 52.157623 ], [ 4.3315, 52.150001 ], [ 4.324506, 52.144432 ], [ 4.306006, 52.130073 ], [ 4.303329, 52.128266 ], [ 4.261324, 52.102343 ], [ 4.261946, 52.09973 ], [ 4.265717, 52.09981 ], [ 4.264705, 52.098339 ], [ 4.256828, 52.098572 ], [ 4.215952, 52.067697 ], [ 4.198019, 52.054144 ], [ 4.162828, 52.02953 ], [ 4.127789, 52.000542 ], [ 4.097651, 51.984866 ], [ 4.081465, 51.981929 ], [ 4.07182, 51.976512 ], [ 4.034262, 51.987161 ], [ 4.02181, 51.985478 ], [ 4.001714, 51.988034 ], [ 3.983386, 51.983837 ], [ 3.966131, 51.969764 ], [ 3.960691, 51.960881 ], [ 3.977769, 51.930659 ], [ 3.982341, 51.924427 ], [ 3.99612, 51.916438 ], [ 4.00131, 51.915998 ], [ 4.006159, 51.916618 ], [ 4.008854, 51.917248 ], [ 4.040459, 51.923311 ], [ 4.04983, 51.91974 ], [ 4.054513, 51.915557 ], [ 4.034518, 51.895683 ], [ 4.031185, 51.887254 ], [ 4.033913, 51.882073 ], [ 4.065313, 51.852385 ], [ 4.067506, 51.8453 ], [ 4.053178, 51.838798 ], [ 4.053256, 51.83548 ], [ 4.048836, 51.83194 ], [ 4.032962, 51.826425 ], [ 4.0296, 51.827061 ], [ 4.016792, 51.834243 ], [ 4.011872, 51.840704 ], [ 4.003827, 51.842905 ], [ 4.01497, 51.847676 ], [ 4.007689, 51.849944 ], [ 3.959237, 51.842219 ], [ 3.912444, 51.827287 ], [ 3.86772, 51.81788 ], [ 3.858479, 51.811245 ], [ 3.856246, 51.806376 ], [ 3.865723, 51.781428 ], [ 3.855752, 51.766012 ], [ 3.839083, 51.758297 ], [ 3.828974, 51.753779 ], [ 3.821341, 51.743406 ], [ 3.816655, 51.740877 ], [ 3.791357, 51.742763 ], [ 3.768055, 51.742217 ], [ 3.737074, 51.73655 ], [ 3.718696, 51.735972 ], [ 3.702323, 51.728642 ], [ 3.686088, 51.715489 ], [ 3.679097, 51.703715 ], [ 3.680618, 51.69046 ], [ 3.691856, 51.676611 ], [ 3.705837, 51.6691 ], [ 3.72285, 51.665332 ], [ 3.729485, 51.668538 ], [ 3.752351, 51.672807 ], [ 3.775368, 51.681479 ], [ 3.786362, 51.686507 ], [ 3.795142, 51.695163 ], [ 3.813212, 51.695651 ], [ 3.821548, 51.691767 ], [ 3.826606, 51.683095 ], [ 3.842772, 51.678387 ], [ 3.858414, 51.676307 ], [ 3.873538, 51.667959 ], [ 3.885054, 51.652911 ], [ 3.892355, 51.633373 ], [ 3.922238, 51.62894 ], [ 3.938435, 51.632187 ], [ 3.947659, 51.624871 ], [ 3.971411, 51.614494 ], [ 4.00859, 51.617805 ], [ 4.044775, 51.629282 ], [ 4.058202, 51.628966 ], [ 4.066846, 51.631332 ], [ 4.09847, 51.650966 ], [ 4.103696, 51.658703 ], [ 4.098945, 51.666237 ], [ 4.103454, 51.669827 ], [ 4.146575, 51.676774 ], [ 4.149947, 51.67624 ], [ 4.15661, 51.670198 ], [ 4.15671, 51.664448 ], [ 4.155265, 51.661168 ], [ 4.143429, 51.657254 ], [ 4.14876, 51.65585 ], [ 4.15609, 51.656824 ], [ 4.165136, 51.650101 ], [ 4.184343, 51.646318 ], [ 4.191255, 51.641296 ], [ 4.193678, 51.635617 ], [ 4.147328, 51.65033 ], [ 4.121322, 51.653542 ], [ 4.100961, 51.6418 ], [ 4.099083, 51.63766 ], [ 4.101294, 51.630934 ], [ 4.116403, 51.624425 ], [ 4.126234, 51.612902 ], [ 4.15403, 51.612202 ], [ 4.172139, 51.615079 ], [ 4.173707, 51.612912 ], [ 4.170035, 51.609586 ], [ 4.17362, 51.608264 ], [ 4.173124, 51.606483 ], [ 4.158331, 51.603911 ], [ 4.153128, 51.605263 ], [ 4.115619, 51.601368 ], [ 4.107306, 51.604153 ], [ 4.100706, 51.610512 ], [ 4.074626, 51.61298 ], [ 4.053242, 51.608936 ], [ 4.046125, 51.604713 ], [ 4.037212, 51.603586 ], [ 4.02376, 51.59757 ], [ 4.008854, 51.595938 ], [ 3.989483, 51.592071 ], [ 3.983094, 51.582907 ], [ 3.988687, 51.576809 ], [ 4.008854, 51.573157 ], [ 4.024909, 51.565738 ], [ 4.029111, 51.561403 ], [ 4.028627, 51.556047 ], [ 4.049815, 51.551767 ], [ 4.052323, 51.547354 ], [ 4.060147, 51.544019 ], [ 4.063986, 51.534836 ], [ 4.068836, 51.533076 ], [ 4.07361, 51.527752 ], [ 4.102239, 51.524178 ], [ 4.12436, 51.523674 ], [ 4.133781, 51.525246 ], [ 4.141842, 51.521372 ], [ 4.150177, 51.523533 ], [ 4.163769, 51.522326 ], [ 4.17281, 51.515134 ], [ 4.170122, 51.508167 ], [ 4.17438, 51.502654 ], [ 4.213395, 51.491592 ], [ 4.215952, 51.489049 ], [ 4.217558, 51.487452 ], [ 4.22228, 51.463643 ], [ 4.220198, 51.456441 ], [ 4.222701, 51.443111 ], [ 4.222516, 51.438774 ], [ 4.215952, 51.438143 ], [ 4.213553, 51.437912 ], [ 4.189343, 51.443111 ], [ 4.182876, 51.443786 ], [ 4.179193, 51.443111 ], [ 4.152357, 51.4335 ], [ 4.140121, 51.43206 ], [ 4.133218, 51.432693 ], [ 4.107553, 51.443111 ], [ 4.093372, 51.446969 ], [ 4.084788, 51.457845 ], [ 4.078218, 51.459843 ], [ 4.05946, 51.475937 ], [ 4.056133, 51.481187 ], [ 4.058631, 51.487764 ], [ 4.053422, 51.495154 ], [ 4.052313, 51.50245 ], [ 4.042995, 51.502825 ], [ 4.013714, 51.518429 ], [ 4.008854, 51.520345 ], [ 4.003455, 51.516925 ], [ 4.001682, 51.520892 ], [ 3.971697, 51.528248 ], [ 3.954896, 51.529735 ], [ 3.940179, 51.526657 ], [ 3.925222, 51.54422 ], [ 3.912253, 51.545643 ], [ 3.897487, 51.541543 ], [ 3.88495, 51.543104 ], [ 3.869229, 51.541688 ], [ 3.865224, 51.545222 ], [ 3.872397, 51.552723 ], [ 3.893017, 51.558179 ], [ 3.897747, 51.561738 ], [ 3.891012, 51.572115 ], [ 3.893337, 51.57568 ], [ 3.887039, 51.576531 ], [ 3.874103, 51.591115 ], [ 3.86184, 51.599222 ], [ 3.842964, 51.602382 ], [ 3.837435, 51.60493 ], [ 3.821947, 51.602849 ], [ 3.806713, 51.605005 ], [ 3.781409, 51.601394 ], [ 3.774688, 51.598233 ], [ 3.763292, 51.599046 ], [ 3.724, 51.591826 ], [ 3.717151, 51.59206 ], [ 3.698991, 51.599088 ], [ 3.68457, 51.598756 ], [ 3.680044, 51.600178 ], [ 3.669707, 51.596267 ], [ 3.657141, 51.594637 ], [ 3.65291, 51.593491 ], [ 3.648491, 51.591946 ], [ 3.645072, 51.591626 ], [ 3.640704, 51.591081 ], [ 3.636066, 51.589919 ], [ 3.633691, 51.589208 ], [ 3.624058, 51.588346 ], [ 3.612727, 51.592089 ], [ 3.58868, 51.594755 ], [ 3.579174, 51.594478 ], [ 3.556021, 51.589438 ], [ 3.487866, 51.563587 ], [ 3.437486, 51.541337 ], [ 3.433731, 51.5283 ], [ 3.439494, 51.522586 ], [ 3.46154, 51.508623 ], [ 3.496, 51.494077 ], [ 3.526885, 51.463062 ], [ 3.550449, 51.450394 ], [ 3.560137, 51.448051 ], [ 3.574059, 51.439652 ], [ 3.594773, 51.441364 ], [ 3.599275, 51.448679 ], [ 3.607025, 51.441362 ], [ 3.63078, 51.44155 ], [ 3.653672, 51.451201 ], [ 3.661574, 51.457988 ], [ 3.673167, 51.458319 ], [ 3.676634, 51.461243 ], [ 3.689935, 51.462503 ], [ 3.701058, 51.466816 ], [ 3.705217, 51.470797 ], [ 3.702042, 51.474261 ], [ 3.704161, 51.475882 ], [ 3.711753, 51.471589 ], [ 3.716979, 51.473842 ], [ 3.718733, 51.472971 ], [ 3.714429, 51.463583 ], [ 3.707526, 51.464441 ], [ 3.69345, 51.458985 ], [ 3.704083, 51.453835 ], [ 3.709968, 51.454306 ], [ 3.719561, 51.446472 ], [ 3.719108, 51.444223 ], [ 3.711695, 51.445725 ], [ 3.706379, 51.443881 ], [ 3.704077, 51.450613 ], [ 3.692588, 51.455916 ], [ 3.685353, 51.456628 ], [ 3.678169, 51.449317 ], [ 3.692913, 51.443111 ], [ 3.710237, 51.432827 ], [ 3.715021, 51.426261 ], [ 3.719875, 51.42646 ], [ 3.725411, 51.41568 ], [ 3.732643, 51.412014 ], [ 3.743113, 51.411438 ], [ 3.753669, 51.414322 ], [ 3.764774, 51.410437 ], [ 3.77491, 51.409652 ], [ 3.776179, 51.404935 ], [ 3.799451, 51.393843 ], [ 3.809922, 51.386245 ], [ 3.816306, 51.384987 ], [ 3.842964, 51.389054 ], [ 3.857807, 51.391319 ], [ 3.873065, 51.397076 ], [ 3.89349, 51.393218 ], [ 3.899195, 51.394552 ], [ 3.925863, 51.434861 ], [ 3.922181, 51.443111 ], [ 3.925539, 51.445663 ], [ 3.925949, 51.449987 ], [ 3.934107, 51.448174 ], [ 3.949882, 51.454912 ], [ 3.962605, 51.456263 ], [ 3.97545, 51.461145 ], [ 3.992734, 51.451194 ], [ 4.00739, 51.442083 ], [ 4.012319, 51.445277 ], [ 4.017497, 51.439945 ], [ 4.030622, 51.436556 ], [ 4.036415, 51.432564 ], [ 4.045442, 51.429968 ], [ 4.054144, 51.41863 ], [ 4.079185, 51.407844 ], [ 4.152391, 51.395307 ], [ 4.18831, 51.404295 ], [ 4.198792, 51.404751 ], [ 4.207006, 51.400254 ], [ 4.215952, 51.398733 ], [ 4.218398, 51.398317 ], [ 4.231666, 51.393402 ], [ 4.240739, 51.384231 ], [ 4.24367, 51.374729 ], [ 4.279565, 51.376017 ], [ 4.333145, 51.377395 ], [ 4.341159, 51.358353 ], [ 4.349737, 51.358171 ], [ 4.355474, 51.358049 ], [ 4.368139, 51.356033 ], [ 4.385641, 51.354648 ], [ 4.394778, 51.355804 ], [ 4.41981, 51.364547 ], [ 4.430557, 51.364524 ], [ 4.425894, 51.371115 ], [ 4.430394, 51.375475 ], [ 4.390627, 51.409371 ], [ 4.384185, 51.420742 ], [ 4.391221, 51.426594 ], [ 4.395134, 51.426872 ], [ 4.394843, 51.430558 ], [ 4.398277, 51.434248 ], [ 4.395603, 51.436582 ], [ 4.395784, 51.442143 ], [ 4.392, 51.445618 ], [ 4.380434, 51.447179 ], [ 4.382725, 51.449511 ], [ 4.391183, 51.45137 ], [ 4.441251, 51.468252 ], [ 4.464445, 51.4713 ], [ 4.475709, 51.477642 ], [ 4.486698, 51.47736 ], [ 4.536755, 51.482114 ], [ 4.548236, 51.473228 ], [ 4.541656, 51.464889 ], [ 4.532993, 51.453407 ], [ 4.530349, 51.448437 ], [ 4.535451, 51.422889 ], [ 4.575702, 51.432604 ], [ 4.627946, 51.426362 ], [ 4.639974, 51.422754 ], [ 4.651758, 51.426248 ], [ 4.669544, 51.426384 ], [ 4.667286, 51.444439 ], [ 4.692802, 51.452317 ], [ 4.704348, 51.466608 ], [ 4.715785, 51.469155 ], [ 4.728776, 51.483376 ], [ 4.734007, 51.485591 ], [ 4.746145, 51.489613 ], [ 4.750611, 51.497989 ], [ 4.759926, 51.502464 ], [ 4.775349, 51.504838 ], [ 4.780179, 51.503822 ], [ 4.78501, 51.499418 ], [ 4.798836, 51.499159 ], [ 4.815801, 51.494236 ], [ 4.822484, 51.483083 ], [ 4.841391, 51.480713 ], [ 4.836611, 51.463106 ], [ 4.84281, 51.458798 ], [ 4.839476, 51.45684 ], [ 4.834407, 51.457367 ], [ 4.823914, 51.448334 ], [ 4.829165, 51.422526 ], [ 4.826865, 51.422203 ], [ 4.803734, 51.428393 ], [ 4.792365, 51.429141 ], [ 4.785044, 51.432268 ], [ 4.774536, 51.431523 ], [ 4.768986, 51.429005 ], [ 4.76919, 51.419477 ], [ 4.772193, 51.415125 ], [ 4.787864, 51.409746 ], [ 4.837188, 51.414423 ], [ 4.846174, 51.412914 ], [ 4.851539, 51.413927 ], [ 4.859151, 51.412916 ], [ 4.859727, 51.4114 ], [ 4.867409, 51.409119 ], [ 4.86894, 51.412924 ], [ 4.882916, 51.41582 ], [ 4.894544, 51.413518 ], [ 4.90079, 51.414157 ], [ 4.900709, 51.41106 ], [ 4.908395, 51.408233 ], [ 4.910641, 51.402715 ], [ 4.917834, 51.398809 ], [ 4.927334, 51.399124 ], [ 4.928706, 51.396084 ], [ 4.96389, 51.422523 ], [ 5.0032, 51.443774 ], [ 5.010374, 51.458252 ], [ 5.007952, 51.465587 ], [ 5.011128, 51.471941 ], [ 5.016354, 51.475559 ], [ 5.021266, 51.480255 ], [ 5.022499, 51.481433 ], [ 5.036765, 51.486933 ], [ 5.039677, 51.48565 ], [ 5.03878, 51.478708 ], [ 5.045863, 51.471687 ], [ 5.049744, 51.471123 ], [ 5.066413, 51.471196 ], [ 5.080154, 51.469797 ], [ 5.103257, 51.433022 ], [ 5.10218, 51.429005 ], [ 5.071045, 51.393421 ], [ 5.115479, 51.361915 ], [ 5.120852, 51.354552 ], [ 5.131386, 51.347105 ], [ 5.134465, 51.31549 ], [ 5.162362, 51.310742 ], [ 5.174155, 51.316048 ], [ 5.200245, 51.322619 ], [ 5.241098, 51.305663 ], [ 5.226578, 51.269201 ], [ 5.237717, 51.2616 ], [ 5.263279, 51.266608 ], [ 5.295745, 51.261775 ], [ 5.336068, 51.263447 ], [ 5.341772, 51.26573 ], [ 5.347693, 51.275324 ], [ 5.417375, 51.262226 ], [ 5.432371, 51.275277 ], [ 5.4383, 51.276058 ], [ 5.44294, 51.282016 ], [ 5.465235, 51.285169 ], [ 5.476138, 51.291343 ], [ 5.4787, 51.296035 ], [ 5.484879, 51.300053 ], [ 5.515765, 51.295324 ], [ 5.522957, 51.286141 ], [ 5.556663, 51.265393 ], [ 5.555459, 51.244337 ], [ 5.560082, 51.222791 ], [ 5.566284, 51.220836 ], [ 5.64802, 51.199097 ], [ 5.650536, 51.198428 ], [ 5.653474, 51.195636 ], [ 5.651251, 51.19245 ], [ 5.658136, 51.184715 ], [ 5.666156, 51.186007 ], [ 5.678213, 51.183274 ], [ 5.689292, 51.185004 ], [ 5.709695, 51.181101 ], [ 5.718166, 51.184317 ], [ 5.739272, 51.186281 ], [ 5.745651, 51.189472 ], [ 5.75592, 51.184978 ], [ 5.767845, 51.182892 ], [ 5.774705, 51.17894 ], [ 5.775895, 51.171275 ], [ 5.770345, 51.167488 ], [ 5.778368, 51.161615 ], [ 5.778828, 51.152616 ], [ 5.804929, 51.161587 ], [ 5.814581, 51.160056 ], [ 5.821254, 51.165443 ], [ 5.826478, 51.166755 ], [ 5.837628, 51.157121 ], [ 5.837819, 51.153475 ], [ 5.854448, 51.144578 ], [ 5.84634, 51.140483 ], [ 5.840607, 51.131753 ], [ 5.824227, 51.128416 ], [ 5.813751, 51.120941 ], [ 5.808695, 51.115555 ], [ 5.809271, 51.110936 ], [ 5.8142, 51.107987 ], [ 5.829456, 51.106327 ], [ 5.833173, 51.099659 ], [ 5.825372, 51.0932 ], [ 5.8089, 51.095905 ], [ 5.797996, 51.092623 ], [ 5.7964, 51.088198 ], [ 5.80424, 51.078459 ], [ 5.797515, 51.073531 ], [ 5.800322, 51.064113 ], [ 5.798274, 51.059853 ], [ 5.790132, 51.059407 ], [ 5.77704, 51.062197 ], [ 5.772365, 51.060795 ], [ 5.770744, 51.050112 ], [ 5.758719, 51.033198 ], [ 5.760561, 51.030763 ], [ 5.774452, 51.025594 ], [ 5.775775, 51.022126 ], [ 5.773412, 51.018817 ], [ 5.766126, 51.008715 ], [ 5.76531, 50.997401 ], [ 5.748828, 50.982356 ], [ 5.73732, 50.978177 ], [ 5.720869, 50.961996 ], [ 5.722187, 50.957793 ], [ 5.727942, 50.955518 ], [ 5.734794, 50.95616 ], [ 5.745795, 50.960914 ], [ 5.754749, 50.957886 ], [ 5.757758, 50.951627 ], [ 5.747557, 50.947159 ], [ 5.745539, 50.943509 ], [ 5.740537, 50.935525 ], [ 5.728414, 50.925348 ], [ 5.723733, 50.910526 ], [ 5.71538, 50.908509 ], [ 5.707058, 50.911141 ], [ 5.699535, 50.909563 ], [ 5.694282, 50.896731 ], [ 5.68224, 50.887448 ], [ 5.678667, 50.881717 ], [ 5.667609, 50.880492 ], [ 5.646647, 50.872125 ], [ 5.639813, 50.847808 ], [ 5.645125, 50.837105 ], [ 5.64802, 50.834333 ], [ 5.650486, 50.831973 ], [ 5.650227, 50.827847 ], [ 5.655255, 50.82457 ], [ 5.655416, 50.819757 ], [ 5.677265, 50.816089 ], [ 5.680473, 50.812961 ], [ 5.687622, 50.811924 ], [ 5.693064, 50.811488 ], [ 5.696411, 50.808547 ], [ 5.698369, 50.804445 ], [ 5.69155, 50.796033 ], [ 5.700727, 50.781464 ], [ 5.682001, 50.757446 ], [ 5.697085, 50.755734 ], [ 5.719764, 50.762765 ], [ 5.72997, 50.75814 ], [ 5.737277, 50.757787 ], [ 5.74604, 50.769308 ], [ 5.763358, 50.780795 ], [ 5.770756, 50.782695 ], [ 5.77704, 50.780936 ], [ 5.784418, 50.768286 ], [ 5.793761, 50.769335 ], [ 5.808213, 50.756372 ], [ 5.830475, 50.758879 ], [ 5.844917, 50.765385 ], [ 5.849627, 50.755369 ], [ 5.863435, 50.763342 ], [ 5.886291, 50.769484 ], [ 5.892073, 50.755237 ], [ 5.901262, 50.752076 ], [ 5.905964, 50.755288 ], [ 5.913641, 50.755315 ], [ 5.917619, 50.750964 ], [ 5.930424, 50.756366 ], [ 5.936111, 50.756802 ], [ 5.948221, 50.759435 ], [ 5.960132, 50.762024 ], [ 5.971998, 50.759749 ], [ 5.975391, 50.755419 ], [ 5.98356, 50.75309 ], [ 6.020999, 50.754295 ], [ 6.039766, 50.745265 ], [ 6.04033, 50.738897 ], [ 6.033917, 50.729268 ], [ 6.037461, 50.719646 ], [ 6.041407, 50.719409 ], [ 6.044989, 50.727841 ], [ 6.059506, 50.724033 ], [ 6.07402, 50.721077 ], [ 6.090623, 50.722259 ], [ 6.102935, 50.722797 ], [ 6.116306, 50.720755 ], [ 6.123238, 50.712441 ], [ 6.125281, 50.705531 ], [ 6.142148, 50.68946 ], [ 6.145005, 50.681856 ], [ 6.160723, 50.671552 ], [ 6.166451, 50.662105 ], [ 6.183225, 50.650291 ], [ 6.194339, 50.657504 ], [ 6.19324, 50.664077 ], [ 6.196459, 50.659579 ], [ 6.195773, 50.656425 ], [ 6.178624, 50.644611 ], [ 6.167575, 50.643803 ], [ 6.18274, 50.632215 ], [ 6.180368, 50.628928 ], [ 6.176163, 50.627217 ], [ 6.176402, 50.625997 ], [ 6.182441, 50.624293 ], [ 6.188126, 50.627408 ], [ 6.187784, 50.629797 ], [ 6.194143, 50.633518 ], [ 6.20013, 50.631789 ], [ 6.217715, 50.631884 ], [ 6.235453, 50.625924 ], [ 6.251809, 50.62695 ], [ 6.261848, 50.628185 ], [ 6.268842, 50.625349 ], [ 6.268658, 50.619106 ], [ 6.261716, 50.611614 ], [ 6.248751, 50.604065 ], [ 6.248885, 50.597719 ], [ 6.241211, 50.588138 ], [ 6.225282, 50.589886 ], [ 6.219832, 50.582273 ], [ 6.207495, 50.575813 ], [ 6.202297, 50.569312 ], [ 6.189313, 50.566094 ], [ 6.175421, 50.557076 ], [ 6.178239, 50.553279 ], [ 6.178562, 50.542222 ], [ 6.18734, 50.540591 ], [ 6.197841, 50.53504 ], [ 6.196467, 50.531804 ], [ 6.188097, 50.527231 ], [ 6.192201, 50.521055 ], [ 6.206272, 50.520252 ], [ 6.221329, 50.503187 ], [ 6.221247, 50.497913 ], [ 6.225219, 50.495481 ], [ 6.251327, 50.503034 ], [ 6.259552, 50.499096 ], [ 6.269526, 50.503926 ], [ 6.280388, 50.502848 ], [ 6.285006, 50.498965 ], [ 6.297613, 50.497668 ], [ 6.30567, 50.500305 ], [ 6.309076, 50.501412 ], [ 6.314121, 50.499027 ], [ 6.314201, 50.497813 ], [ 6.315556, 50.497042 ], [ 6.330989, 50.492501 ], [ 6.335357, 50.489499 ], [ 6.348515, 50.488477 ], [ 6.341801, 50.483206 ], [ 6.338084, 50.474854 ], [ 6.343193, 50.468998 ], [ 6.341371, 50.461974 ], [ 6.350661, 50.457031 ], [ 6.36317, 50.454276 ], [ 6.371348, 50.45506 ], [ 6.374572, 50.451448 ], [ 6.377351, 50.438286 ], [ 6.375418, 50.43079 ], [ 6.367259, 50.419412 ], [ 6.369301, 50.40871 ], [ 6.35615, 50.391016 ], [ 6.343116, 50.380378 ], [ 6.360915, 50.37083 ], [ 6.369136, 50.358463 ], [ 6.397459, 50.345882 ], [ 6.400765, 50.33888 ], [ 6.407419, 50.334817 ], [ 6.405029, 50.323308 ], [ 6.383243, 50.321557 ], [ 6.373937, 50.313625 ], [ 6.361361, 50.314162 ], [ 6.36102, 50.312645 ], [ 6.359994, 50.308084 ], [ 6.355863, 50.309386 ], [ 6.350577, 50.312645 ], [ 6.342157, 50.317834 ], [ 6.335522, 50.318079 ], [ 6.333173, 50.322444 ], [ 6.327727, 50.323918 ], [ 6.318968, 50.319799 ], [ 6.31266, 50.321479 ], [ 6.307055, 50.31995 ], [ 6.308527, 50.312645 ], [ 6.308786, 50.311361 ], [ 6.296769, 50.308777 ], [ 6.29768, 50.302702 ], [ 6.286814, 50.293806 ], [ 6.286028, 50.284228 ], [ 6.29209, 50.278829 ], [ 6.278268, 50.266731 ], [ 6.276985, 50.266134 ], [ 6.271491, 50.267242 ], [ 6.26422, 50.264991 ], [ 6.257701, 50.267066 ], [ 6.246439, 50.262372 ], [ 6.235721, 50.261989 ], [ 6.227226, 50.258692 ], [ 6.223981, 50.258661 ], [ 6.22283, 50.257248 ], [ 6.215755, 50.256339 ], [ 6.206986, 50.25216 ], [ 6.200103, 50.242218 ], [ 6.197248, 50.238093 ], [ 6.178787, 50.236184 ], [ 6.173928, 50.231627 ], [ 6.176373, 50.226595 ], [ 6.16817, 50.2238 ], [ 6.166887, 50.220866 ], [ 6.177133, 50.216562 ], [ 6.187617, 50.205333 ], [ 6.184698, 50.192088 ], [ 6.189608, 50.18739 ], [ 6.187119, 50.183944 ], [ 6.192752, 50.181874 ], [ 6.184346, 50.178584 ], [ 6.164673, 50.178634 ], [ 6.161192, 50.174624 ], [ 6.157326, 50.172014 ], [ 6.1518, 50.176308 ], [ 6.14667, 50.17688 ], [ 6.146517, 50.170732 ], [ 6.140763, 50.168058 ], [ 6.146594, 50.161945 ], [ 6.146373, 50.15916 ], [ 6.142424, 50.156135 ], [ 6.13292, 50.154636 ], [ 6.140755, 50.148755 ], [ 6.148383, 50.151351 ], [ 6.152872, 50.15009 ], [ 6.153587, 50.141307 ], [ 6.148595, 50.136594 ], [ 6.139574, 50.134697 ], [ 6.138363, 50.131322 ], [ 6.137663, 50.129951 ], [ 6.136025, 50.124406 ], [ 6.129998, 50.121238 ], [ 6.128407, 50.117185 ], [ 6.134026, 50.112931 ], [ 6.131417, 50.108017 ], [ 6.134476, 50.103834 ], [ 6.125905, 50.099597 ], [ 6.131939, 50.093555 ], [ 6.120976, 50.091924 ], [ 6.121721, 50.081492 ], [ 6.117208, 50.074783 ], [ 6.120273, 50.0729 ], [ 6.125449, 50.076191 ], [ 6.12852, 50.073459 ], [ 6.120019, 50.065459 ], [ 6.113852, 50.064161 ], [ 6.11293, 50.059728 ], [ 6.116836, 50.056711 ], [ 6.12295, 50.059257 ], [ 6.121947, 50.0532 ], [ 6.133469, 50.041918 ], [ 6.130352, 50.029988 ], [ 6.145437, 50.023096 ], [ 6.139154, 50.017514 ], [ 6.133209, 50.016929 ], [ 6.137516, 50.011724 ], [ 6.148929, 50.009082 ], [ 6.145051, 49.999213 ], [ 6.138778, 49.998325 ], [ 6.142317, 49.995269 ], [ 6.150279, 49.993897 ], [ 6.153523, 49.989421 ], [ 6.170785, 49.985062 ], [ 6.168426, 49.980691 ], [ 6.166236, 49.976819 ], [ 6.165562, 49.970143 ], [ 6.169984, 49.963945 ], [ 6.175965, 49.961284 ], [ 6.178145, 49.954469 ], [ 6.184643, 49.954483 ], [ 6.186418, 49.95624 ], [ 6.182477, 49.964656 ], [ 6.186348, 49.967759 ], [ 6.191368, 49.96798 ], [ 6.19781, 49.948414 ], [ 6.204656, 49.955029 ], [ 6.212738, 49.950409 ], [ 6.223908, 49.949939 ], [ 6.21768, 49.944764 ], [ 6.226278, 49.937083 ], [ 6.224221, 49.933547 ], [ 6.226168, 49.929389 ], [ 6.218166, 49.922972 ], [ 6.229163, 49.92057 ], [ 6.233824, 49.914188 ], [ 6.227901, 49.910466 ], [ 6.235511, 49.899188 ], [ 6.245091, 49.895631 ], [ 6.259114, 49.883592 ], [ 6.273394, 49.877274 ], [ 6.282625, 49.878051 ], [ 6.291358, 49.873755 ], [ 6.296916, 49.866934 ], [ 6.310884, 49.869374 ], [ 6.314417, 49.85989 ], [ 6.321324, 49.853286 ], [ 6.320431, 49.840618 ], [ 6.32966, 49.836219 ], [ 6.336781, 49.839546 ], [ 6.341664, 49.848526 ], [ 6.362473, 49.850703 ], [ 6.3668, 49.849109 ], [ 6.38468, 49.832746 ], [ 6.391356, 49.828172 ], [ 6.40138, 49.820233 ], [ 6.424518, 49.815681 ], [ 6.42959, 49.811431 ], [ 6.440628, 49.813721 ], [ 6.451925, 49.811424 ], [ 6.453642, 49.811353 ], [ 6.467115, 49.820991 ], [ 6.474963, 49.821275 ], [ 6.487749, 49.812491 ], [ 6.5045, 49.809529 ], [ 6.510999, 49.802852 ], [ 6.514818, 49.804073 ], [ 6.520244, 49.812478 ], [ 6.528974, 49.80936 ], [ 6.529847, 49.805135 ], [ 6.521937, 49.797977 ], [ 6.506618, 49.790076 ], [ 6.51623, 49.782641 ], [ 6.51038, 49.775205 ], [ 6.513787, 49.771639 ], [ 6.51862, 49.762449 ], [ 6.500949, 49.752029 ], [ 6.501991, 49.733136 ], [ 6.516073, 49.724192 ], [ 6.511913, 49.721571 ], [ 6.503278, 49.726264 ], [ 6.496135, 49.725452 ], [ 6.505614, 49.716715 ], [ 6.507019, 49.71264 ], [ 6.496614, 49.709777 ], [ 6.479331, 49.696425 ], [ 6.461425, 49.691918 ], [ 6.456157, 49.686823 ], [ 6.449795, 49.680668 ], [ 6.431087, 49.669448 ], [ 6.426078, 49.663689 ], [ 6.431823, 49.660463 ], [ 6.438462, 49.659261 ], [ 6.440376, 49.655138 ], [ 6.422796, 49.622295 ], [ 6.401848, 49.604409 ], [ 6.392385, 49.600335 ], [ 6.382234, 49.597528 ], [ 6.374119, 49.590037 ], [ 6.381204, 49.57831 ], [ 6.377827, 49.576885 ], [ 6.36751, 49.578383 ], [ 6.360493, 49.575562 ], [ 6.358123, 49.57232 ], [ 6.375675, 49.561906 ], [ 6.381594, 49.557433 ], [ 6.380053, 49.551105 ], [ 6.361044, 49.536368 ], [ 6.357295, 49.529599 ], [ 6.364542, 49.509744 ], [ 6.367488, 49.501671 ], [ 6.367322, 49.487652 ], [ 6.367108, 49.469507 ], [ 6.37615, 49.464454 ], [ 6.403586, 49.465916 ], [ 6.421942, 49.476059 ], [ 6.430542, 49.475242 ], [ 6.44055, 49.466709 ], [ 6.445127, 49.467472 ], [ 6.455477, 49.463147 ], [ 6.464954, 49.465489 ], [ 6.484658, 49.452608 ], [ 6.484861, 49.452485 ], [ 6.486288, 49.451621 ], [ 6.491887, 49.451262 ], [ 6.494784, 49.450662 ], [ 6.496877, 49.450535 ], [ 6.499368, 49.450383 ], [ 6.507799, 49.445881 ], [ 6.523433, 49.436356 ], [ 6.535297, 49.434124 ], [ 6.540518, 49.432539 ], [ 6.556986, 49.419208 ], [ 6.547553, 49.41709 ], [ 6.538859, 49.411952 ], [ 6.537684, 49.408325 ], [ 6.540795, 49.401244 ], [ 6.551191, 49.399553 ], [ 6.552251, 49.394215 ], [ 6.56458, 49.388931 ], [ 6.575463, 49.389057 ], [ 6.584729, 49.385045 ], [ 6.584571, 49.369774 ], [ 6.594331, 49.370608 ], [ 6.599628, 49.367007 ], [ 6.588639, 49.351447 ], [ 6.580163, 49.356109 ], [ 6.569197, 49.357882 ], [ 6.564397, 49.355571 ], [ 6.565626, 49.348587 ], [ 6.576593, 49.340437 ], [ 6.578394, 49.334962 ], [ 6.586071, 49.336291 ], [ 6.595596, 49.330057 ], [ 6.589122, 49.322058 ], [ 6.600058, 49.315124 ], [ 6.603939, 49.312663 ], [ 6.614833, 49.302319 ], [ 6.623676, 49.302511 ], [ 6.632268, 49.29575 ], [ 6.638957, 49.294977 ], [ 6.644642, 49.289781 ], [ 6.650697, 49.287741 ], [ 6.65337, 49.281237 ], [ 6.660115, 49.283666 ], [ 6.668967, 49.279972 ], [ 6.666459, 49.27666 ], [ 6.667041, 49.269494 ], [ 6.661093, 49.261527 ], [ 6.662083, 49.257467 ], [ 6.665999, 49.254762 ], [ 6.675617, 49.256857 ], [ 6.683726, 49.253108 ], [ 6.68964, 49.247774 ], [ 6.685462, 49.243618 ], [ 6.690225, 49.230574 ], [ 6.688911, 49.222694 ], [ 6.694534, 49.216449 ], [ 6.706427, 49.216651 ], [ 6.719739, 49.221108 ], [ 6.723466, 49.218829 ], [ 6.725658, 49.214372 ], [ 6.731445, 49.205956 ], [ 6.728715, 49.203073 ], [ 6.723183, 49.198779 ], [ 6.711209, 49.188342 ], [ 6.719255, 49.176829 ], [ 6.729467, 49.169655 ], [ 6.738333, 49.16415 ], [ 6.747837, 49.16604 ], [ 6.76171, 49.165057 ], [ 6.77395, 49.167513 ], [ 6.789836, 49.166385 ], [ 6.795629, 49.1631 ], [ 6.834567, 49.151311 ], [ 6.836599, 49.152221 ], [ 6.843889, 49.155497 ], [ 6.846756, 49.157521 ], [ 6.84584, 49.160265 ], [ 6.845038, 49.172669 ], [ 6.858174, 49.175094 ], [ 6.861058, 49.178549 ], [ 6.85842, 49.18613 ], [ 6.850545, 49.193514 ], [ 6.851152, 49.20084 ], [ 6.837608, 49.212933 ], [ 6.860298, 49.222449 ], [ 6.874277, 49.214666 ], [ 6.885114, 49.211459 ], [ 6.894613, 49.210124 ], [ 6.901018, 49.213534 ], [ 6.912235, 49.215691 ], [ 6.922518, 49.223064 ], [ 6.937564, 49.221941 ], [ 6.944369, 49.213831 ], [ 6.953567, 49.20611 ], [ 6.960228, 49.20371 ], [ 6.975461, 49.209078 ], [ 6.993062, 49.200424 ], [ 6.999481, 49.194463 ], [ 7.008366, 49.193533 ], [ 7.011397, 49.188563 ], [ 7.015555, 49.191272 ], [ 7.020522, 49.192598 ], [ 7.023754, 49.189856 ], [ 7.034149, 49.190776 ], [ 7.033373, 49.182374 ], [ 7.029436, 49.176727 ], [ 7.027893, 49.170471 ], [ 7.032816, 49.163266 ], [ 7.032712, 49.156505 ], [ 7.046303, 49.137116 ], [ 7.045231, 49.128598 ], [ 7.0465, 49.117104 ], [ 7.051522, 49.113382 ], [ 7.057565, 49.112251 ], [ 7.066576, 49.114739 ], [ 7.072579, 49.12448 ], [ 7.090204, 49.131696 ], [ 7.083144, 49.140852 ], [ 7.082349, 49.151259 ], [ 7.094361, 49.152824 ], [ 7.101069, 49.155998 ], [ 7.112189, 49.15159 ], [ 7.103696, 49.144972 ], [ 7.104058, 49.13839 ], [ 7.125564, 49.141391 ], [ 7.131592, 49.13222 ], [ 7.132425, 49.13157 ], [ 7.135771, 49.12896 ], [ 7.158749, 49.120634 ], [ 7.163395, 49.126852 ], [ 7.185371, 49.13042 ], [ 7.19543, 49.122088 ], [ 7.198331, 49.115234 ], [ 7.208375, 49.124222 ], [ 7.243783, 49.129679 ], [ 7.249114, 49.127293 ], [ 7.264476, 49.123154 ], [ 7.282374, 49.123662 ], [ 7.283267, 49.117146 ], [ 7.293177, 49.114907 ], [ 7.304165, 49.124188 ], [ 7.310211, 49.129439 ], [ 7.315325, 49.138091 ], [ 7.32896, 49.14431 ], [ 7.35924, 49.143679 ], [ 7.362788, 49.145212 ], [ 7.36249, 49.148638 ], [ 7.36263, 49.155888 ], [ 7.368756, 49.161458 ], [ 7.365548, 49.171224 ], [ 7.381125, 49.175028 ], [ 7.38186, 49.175129 ], [ 7.410692, 49.179259 ], [ 7.445647, 49.184151 ], [ 7.436297, 49.179504 ], [ 7.436443, 49.177381 ], [ 7.440472, 49.174669 ], [ 7.441393, 49.17205 ], [ 7.439524, 49.170224 ], [ 7.433379, 49.168062 ], [ 7.433029, 49.16599 ], [ 7.435516, 49.164623 ], [ 7.439341, 49.164596 ], [ 7.44839, 49.168544 ], [ 7.453841, 49.166911 ], [ 7.457046, 49.164142 ], [ 7.461081, 49.163457 ], [ 7.468992, 49.167594 ], [ 7.48054, 49.169435 ], [ 7.491762, 49.16948 ], [ 7.493791, 49.167735 ], [ 7.495429, 49.15646 ], [ 7.506157, 49.15356 ], [ 7.50532, 49.150826 ], [ 7.497826, 49.146382 ], [ 7.494792, 49.142073 ], [ 7.490093, 49.14132 ], [ 7.489566, 49.136474 ], [ 7.497494, 49.134296 ], [ 7.505443, 49.123111 ], [ 7.515891, 49.120213 ], [ 7.52352, 49.106064 ], [ 7.529457, 49.102054 ], [ 7.528678, 49.097092 ], [ 7.537796, 49.096414 ], [ 7.535693, 49.093595 ], [ 7.540452, 49.091102 ], [ 7.54459, 49.088438 ], [ 7.549793, 49.085839 ], [ 7.555743, 49.083548 ], [ 7.558835, 49.082244 ], [ 7.568662, 49.079879 ], [ 7.598144, 49.082955 ], [ 7.605983, 49.081258 ], [ 7.61866, 49.074799 ], [ 7.630032, 49.072677 ], [ 7.631861, 49.05558 ], [ 7.635651, 49.05395 ], [ 7.648257, 49.051334 ], [ 7.673469, 49.045397 ], [ 7.681416, 49.048665 ], [ 7.697299, 49.049631 ], [ 7.697162, 49.051761 ], [ 7.692451, 49.054118 ], [ 7.694245, 49.056701 ], [ 7.695949, 49.057797 ], [ 7.704815, 49.056043 ], [ 7.708943, 49.052931 ], [ 7.716685, 49.053529 ], [ 7.721526, 49.051639 ], [ 7.730576, 49.055037 ], [ 7.732053, 49.044367 ], [ 7.734878, 49.044207 ], [ 7.741313, 49.046956 ], [ 7.759253, 49.045557 ], [ 7.766064, 49.046781 ], [ 7.774353, 49.054704 ], [ 7.776525, 49.056737 ], [ 7.778496, 49.057637 ], [ 7.783817, 49.058336 ], [ 7.789047, 49.058925 ], [ 7.795718, 49.065085 ], [ 7.809623, 49.061185 ], [ 7.818649, 49.054299 ], [ 7.830873, 49.047665 ], [ 7.850356, 49.043113 ], [ 7.8524, 49.037552 ], [ 7.855464, 49.035346 ], [ 7.867369, 49.033013 ], [ 7.874792, 49.040594 ], [ 7.888204, 49.048324 ], [ 7.902913, 49.044865 ], [ 7.910655, 49.045163 ], [ 7.914571, 49.041004 ], [ 7.921124, 49.042703 ], [ 7.933512, 49.057584 ], [ 7.945294, 49.054316 ], [ 7.946371, 49.049978 ], [ 7.957767, 49.043422 ], [ 7.964402, 49.042877 ], [ 7.975433, 49.027549 ], [ 7.982954, 49.026459 ], [ 7.9971, 49.028643 ], [ 8.011362, 49.024857 ], [ 8.013869, 49.02175 ], [ 8.023283, 49.018097 ], [ 8.030272, 49.018565 ], [ 8.041689, 49.015789 ], [ 8.050422, 49.013191 ], [ 8.063054, 49.005489 ], [ 8.068213, 48.999375 ], [ 8.068408, 48.999316 ], [ 8.070497, 48.996822 ], [ 8.091439, 48.989389 ], [ 8.103881, 48.989419 ], [ 8.113442, 48.986139 ], [ 8.123819, 48.985232 ], [ 8.132869, 48.981158 ], [ 8.147476, 48.977652 ], [ 8.162429, 48.977553 ], [ 8.163095, 48.977618 ], [ 8.174468, 48.978835 ], [ 8.194234, 48.976471 ], [ 8.1965, 48.969327 ], [ 8.199517, 48.96773 ], [ 8.216205, 48.975071 ], [ 8.223701, 48.975344 ], [ 8.228161, 48.972167 ], [ 8.232633, 48.966571 ], [ 8.227932, 48.965158 ], [ 8.202893, 48.959794 ], [ 8.198663, 48.958129 ], [ 8.196393, 48.956501 ], [ 8.193614, 48.953957 ], [ 8.19177, 48.951629 ], [ 8.187387, 48.945372 ], [ 8.169518, 48.925454 ], [ 8.168563, 48.924531 ], [ 8.165498, 48.921573 ], [ 8.163855, 48.919981 ], [ 8.159639, 48.915973 ], [ 8.155765, 48.91229 ], [ 8.153488, 48.90991 ], [ 8.14655, 48.902291 ], [ 8.141641, 48.896047 ], [ 8.130357, 48.880481 ], [ 8.121471, 48.86496 ], [ 8.119894, 48.861613 ], [ 8.115654, 48.852616 ], [ 8.109546, 48.836663 ], [ 8.106406, 48.828458 ], [ 8.105921, 48.826609 ], [ 8.104708, 48.822592 ], [ 8.103828, 48.820122 ], [ 8.101174, 48.815926 ], [ 8.094315, 48.808346 ], [ 8.087041, 48.802033 ], [ 8.084135, 48.79984 ], [ 8.072218, 48.7924 ], [ 8.063228, 48.789527 ], [ 8.058331, 48.789008 ], [ 8.041777, 48.790672 ], [ 8.030779, 48.787541 ], [ 8.026109, 48.782883 ], [ 8.023144, 48.769082 ], [ 8.017481, 48.762811 ], [ 8.005392, 48.75918 ], [ 7.983017, 48.761115 ], [ 7.973622, 48.758808 ], [ 7.968909, 48.753709 ], [ 7.967155, 48.746727 ], [ 7.967005, 48.745466 ], [ 7.967066, 48.740154 ], [ 7.967736, 48.729816 ], [ 7.959631, 48.718581 ], [ 7.924439, 48.69042 ], [ 7.896262, 48.667236 ], [ 7.889976, 48.662598 ], [ 7.881261, 48.658451 ], [ 7.861735, 48.650592 ], [ 7.8524, 48.648073 ], [ 7.848097, 48.646911 ], [ 7.844785, 48.645392 ], [ 7.841996, 48.643732 ], [ 7.839741, 48.641276 ], [ 7.83804, 48.638859 ], [ 7.836115, 48.634089 ], [ 7.835976, 48.633676 ], [ 7.83011, 48.619814 ], [ 7.800859, 48.58545 ], [ 7.805343, 48.56006 ], [ 7.803266, 48.537174 ], [ 7.806197, 48.517949 ], [ 7.801326, 48.507854 ], [ 7.791531, 48.49998 ], [ 7.781949, 48.496389 ], [ 7.77147, 48.49246 ], [ 7.770243, 48.491395 ], [ 7.768201, 48.489662 ], [ 7.766949, 48.48713 ], [ 7.76712, 48.478516 ], [ 7.767105, 48.474945 ], [ 7.766535, 48.46516 ], [ 7.7664, 48.463916 ], [ 7.766025, 48.460463 ], [ 7.765038, 48.45661 ], [ 7.762853, 48.451029 ], [ 7.76167, 48.448499 ], [ 7.75345, 48.434565 ], [ 7.752297, 48.43261 ], [ 7.744839, 48.419548 ], [ 7.733689, 48.398712 ], [ 7.731039, 48.383001 ], [ 7.736126, 48.362626 ], [ 7.738671, 48.354656 ], [ 7.739142, 48.353241 ], [ 7.743428, 48.340356 ], [ 7.745174, 48.335108 ], [ 7.745615, 48.332548 ], [ 7.745218, 48.329765 ], [ 7.744639, 48.327811 ], [ 7.74345, 48.325466 ], [ 7.741834, 48.323599 ], [ 7.739842, 48.321731 ], [ 7.737081, 48.31961 ], [ 7.704977, 48.309507 ], [ 7.693549, 48.301509 ], [ 7.680713, 48.257267 ], [ 7.679576, 48.254183 ], [ 7.671983, 48.234557 ], [ 7.665095, 48.220155 ], [ 7.647228, 48.209692 ], [ 7.641872, 48.204009 ], [ 7.637076, 48.195778 ], [ 7.629519, 48.183705 ], [ 7.615178, 48.170879 ], [ 7.611366, 48.167607 ], [ 7.599795, 48.155742 ], [ 7.600365, 48.140684 ], [ 7.597283, 48.134299 ], [ 7.57792, 48.121392 ], [ 7.548895, 48.122421 ], [ 7.518594, 48.127765 ], [ 7.517452, 48.130518 ], [ 7.515354, 48.133134 ], [ 7.514986, 48.139639 ], [ 7.5181, 48.143241 ], [ 7.520334, 48.149495 ], [ 7.512994, 48.149029 ], [ 7.510414, 48.152579 ], [ 7.478597, 48.156474 ], [ 7.47014, 48.160172 ], [ 7.471177, 48.167201 ], [ 7.46842, 48.169768 ], [ 7.471988, 48.1734 ], [ 7.472767, 48.182225 ], [ 7.474183, 48.183604 ], [ 7.475001, 48.185572 ], [ 7.473195, 48.186839 ], [ 7.47245, 48.189311 ], [ 7.47232, 48.192111 ], [ 7.473545, 48.197734 ], [ 7.476943, 48.203533 ], [ 7.451809, 48.210988 ], [ 7.442797, 48.217983 ], [ 7.435471, 48.217865 ], [ 7.414311, 48.224908 ], [ 7.405939, 48.226152 ], [ 7.401677, 48.231541 ], [ 7.361473, 48.243588 ], [ 7.353989, 48.247977 ], [ 7.325368, 48.244898 ], [ 7.311693, 48.253388 ], [ 7.31429, 48.262433 ], [ 7.321104, 48.261969 ], [ 7.331721, 48.269894 ], [ 7.333979, 48.272507 ], [ 7.330237, 48.2729 ], [ 7.318847, 48.271059 ], [ 7.316714, 48.270618 ], [ 7.315561, 48.269136 ], [ 7.312656, 48.268538 ], [ 7.309709, 48.268762 ], [ 7.304112, 48.268064 ], [ 7.300339, 48.269071 ], [ 7.297051, 48.268323 ], [ 7.295189, 48.270618 ], [ 7.29212, 48.270981 ], [ 7.290282, 48.27295 ], [ 7.290548, 48.2742 ], [ 7.300705, 48.280692 ], [ 7.300951, 48.282574 ], [ 7.297996, 48.286716 ], [ 7.292808, 48.28825 ], [ 7.291108, 48.289538 ], [ 7.290491, 48.290734 ], [ 7.290798, 48.293839 ], [ 7.282216, 48.296597 ], [ 7.275262, 48.304967 ], [ 7.265388, 48.303847 ], [ 7.259561, 48.305204 ], [ 7.254697, 48.305961 ], [ 7.242674, 48.302961 ], [ 7.234222, 48.308871 ], [ 7.217248, 48.310787 ], [ 7.203351, 48.309893 ], [ 7.198287, 48.310471 ], [ 7.193615, 48.302025 ], [ 7.185804, 48.30151 ], [ 7.184022, 48.300637 ], [ 7.176815, 48.299366 ], [ 7.174997, 48.298099 ], [ 7.172444, 48.297483 ], [ 7.175647, 48.289116 ], [ 7.163197, 48.280068 ], [ 7.158502, 48.268347 ], [ 7.157752, 48.267522 ], [ 7.154025, 48.265297 ], [ 7.15154, 48.265398 ], [ 7.147737, 48.264391 ], [ 7.147372, 48.261299 ], [ 7.14627, 48.259587 ], [ 7.143188, 48.259227 ], [ 7.141519, 48.257944 ], [ 7.140946, 48.25477 ], [ 7.139024, 48.253677 ], [ 7.139034, 48.250253 ], [ 7.13609, 48.248446 ], [ 7.13304, 48.247534 ], [ 7.133554, 48.245937 ], [ 7.132649, 48.242821 ], [ 7.134102, 48.237763 ], [ 7.132425, 48.237144 ], [ 7.130474, 48.236424 ], [ 7.129656, 48.231909 ], [ 7.129922, 48.228925 ], [ 7.128527, 48.226189 ], [ 7.126809, 48.225088 ], [ 7.125642, 48.221172 ], [ 7.123194, 48.216497 ], [ 7.119971, 48.215142 ], [ 7.115379, 48.212086 ], [ 7.115626, 48.210364 ], [ 7.117637, 48.208031 ], [ 7.112868, 48.204486 ], [ 7.108081, 48.20297 ], [ 7.10777, 48.201766 ], [ 7.105562, 48.20046 ], [ 7.108401, 48.197597 ], [ 7.106283, 48.194304 ], [ 7.091772, 48.184813 ], [ 7.086364, 48.183542 ], [ 7.083336, 48.177443 ], [ 7.082289, 48.172699 ], [ 7.077562, 48.170921 ], [ 7.079193, 48.164837 ], [ 7.065228, 48.146374 ], [ 7.060249, 48.14385 ], [ 7.058575, 48.138256 ], [ 7.070133, 48.129883 ], [ 7.084162, 48.129216 ], [ 7.084504, 48.125553 ], [ 7.083931, 48.122199 ], [ 7.078272, 48.111454 ], [ 7.076708, 48.108483 ], [ 7.071953, 48.107954 ], [ 7.070403, 48.10644 ], [ 7.051655, 48.082603 ], [ 7.047596, 48.080064 ], [ 7.041404, 48.078862 ], [ 7.037405, 48.078086 ], [ 7.036261, 48.076555 ], [ 7.031714, 48.07381 ], [ 7.029797, 48.071905 ], [ 7.029878, 48.066046 ], [ 7.022876, 48.063624 ], [ 7.024228, 48.061453 ], [ 7.022514, 48.058054 ], [ 7.023406, 48.055991 ], [ 7.01862, 48.055056 ], [ 7.014221, 48.047891 ], [ 7.012321, 48.046165 ], [ 7.011693, 48.044388 ], [ 7.009746, 48.04289 ], [ 7.010828, 48.041451 ], [ 7.014892, 48.038811 ], [ 7.016024, 48.037189 ], [ 7.010835, 48.034308 ], [ 7.010887, 48.030905 ], [ 7.00233, 48.022915 ], [ 6.989917, 48.018967 ], [ 6.98154, 48.00942 ], [ 6.973007, 48.008143 ], [ 6.961899, 48.000857 ], [ 6.953211, 48.002557 ], [ 6.945909, 48.000301 ], [ 6.944046, 47.991994 ], [ 6.943539, 47.990115 ], [ 6.945104, 47.987306 ], [ 6.941825, 47.984327 ], [ 6.943762, 47.980377 ], [ 6.931597, 47.972294 ], [ 6.925554, 47.959249 ], [ 6.92649, 47.957681 ], [ 6.923528, 47.954464 ], [ 6.923824, 47.952471 ], [ 6.920032, 47.944439 ], [ 6.925068, 47.929271 ], [ 6.912352, 47.918375 ], [ 6.92514, 47.916912 ], [ 6.928007, 47.91048 ], [ 6.926158, 47.90667 ], [ 6.917889, 47.902478 ], [ 6.918458, 47.898407 ], [ 6.897513, 47.890005 ], [ 6.898589, 47.884711 ], [ 6.908612, 47.882264 ], [ 6.904936, 47.878601 ], [ 6.907135, 47.871286 ], [ 6.907663, 47.86443 ], [ 6.91937, 47.858139 ], [ 6.920041, 47.850286 ], [ 6.916847, 47.847394 ], [ 6.914423, 47.846453 ], [ 6.907021, 47.845977 ], [ 6.902882, 47.842986 ], [ 6.900333, 47.840358 ], [ 6.89794, 47.839208 ], [ 6.89709, 47.83479 ], [ 6.89609, 47.832971 ], [ 6.893517, 47.833199 ], [ 6.8886, 47.833633 ], [ 6.884981, 47.83166 ], [ 6.87922, 47.831495 ], [ 6.877446, 47.830113 ], [ 6.874867, 47.829171 ], [ 6.8676, 47.829453 ], [ 6.863389, 47.827139 ], [ 6.858106, 47.823246 ], [ 6.851344, 47.824724 ], [ 6.846176, 47.822942 ], [ 6.841607, 47.818886 ], [ 6.842623, 47.813113 ], [ 6.84959, 47.807091 ], [ 6.85028, 47.799451 ], [ 6.860936, 47.793193 ], [ 6.864964, 47.784604 ], [ 6.871522, 47.781601 ], [ 6.877879, 47.782479 ], [ 6.881924, 47.782097 ], [ 6.891691, 47.778337 ], [ 6.893517, 47.778005 ], [ 6.902087, 47.776444 ], [ 6.907542, 47.777716 ], [ 6.911233, 47.777887 ], [ 6.91398, 47.777193 ], [ 6.92232, 47.772387 ], [ 6.9229, 47.771746 ], [ 6.924516, 47.769864 ], [ 6.926778, 47.769501 ], [ 6.931652, 47.769703 ], [ 6.934656, 47.77159 ], [ 6.940435, 47.771564 ], [ 6.943526, 47.76653 ], [ 6.945947, 47.765212 ], [ 6.952461, 47.764053 ], [ 6.955493, 47.760509 ], [ 6.960603, 47.75936 ], [ 6.96385, 47.756415 ], [ 6.973157, 47.751751 ], [ 6.981089, 47.751239 ], [ 6.998426, 47.745825 ], [ 7.004168, 47.744288 ], [ 7.007224, 47.742589 ], [ 7.012852, 47.741282 ], [ 7.015783, 47.743462 ], [ 7.020594, 47.734439 ], [ 7.022366, 47.732565 ], [ 7.025448, 47.73118 ], [ 7.026874, 47.729186 ], [ 7.028967, 47.728695 ], [ 7.032083, 47.726183 ], [ 7.03493, 47.724401 ], [ 7.037415, 47.721552 ], [ 7.02757, 47.705371 ], [ 7.027287, 47.70134 ], [ 7.032787, 47.699392 ], [ 7.033838, 47.695738 ], [ 7.038648, 47.69258 ], [ 7.036348, 47.692223 ], [ 7.038637, 47.68794 ], [ 7.041404, 47.68788 ], [ 7.041404, 47.686419 ], [ 7.047749, 47.682931 ], [ 7.041404, 47.678044 ], [ 7.037636, 47.675142 ], [ 7.041404, 47.672587 ], [ 7.041663, 47.672411 ], [ 7.046318, 47.671501 ], [ 7.044401, 47.668696 ], [ 7.04169, 47.667454 ], [ 7.041404, 47.666752 ], [ 7.040752, 47.66515 ], [ 7.035527, 47.663378 ], [ 7.035602, 47.661979 ], [ 7.03419, 47.66109 ], [ 7.037934, 47.653161 ], [ 7.039243, 47.650389 ], [ 7.0198, 47.650679 ], [ 7.016569, 47.645043 ], [ 7.013602, 47.62997 ], [ 7.010525, 47.630149 ], [ 7.005929, 47.62892 ], [ 7.006653, 47.626434 ], [ 7.007605, 47.620961 ], [ 7.005057, 47.619592 ], [ 7.010008, 47.604737 ], [ 7.005955, 47.602446 ], [ 7.009217, 47.599387 ], [ 7.012266, 47.599837 ], [ 7.020211, 47.595121 ], [ 7.020475, 47.593148 ], [ 7.016514, 47.591985 ], [ 7.019565, 47.588533 ], [ 7.024637, 47.589214 ], [ 7.025422, 47.59268 ], [ 7.033725, 47.594838 ], [ 7.041404, 47.600953 ], [ 7.055626, 47.598881 ], [ 7.064995, 47.600819 ], [ 7.07093, 47.597133 ], [ 7.074024, 47.59887 ], [ 7.074356, 47.598859 ], [ 7.077239, 47.598071 ], [ 7.078396, 47.596851 ], [ 7.08106, 47.596112 ], [ 7.08108, 47.594084 ], [ 7.085383, 47.593052 ], [ 7.086429, 47.585535 ], [ 7.088895, 47.58372 ], [ 7.090206, 47.581866 ], [ 7.090374, 47.579601 ], [ 7.093104, 47.577372 ], [ 7.094354, 47.573491 ], [ 7.10454, 47.56942 ], [ 7.107529, 47.558578 ], [ 7.107117, 47.55611 ], [ 7.108152, 47.554415 ], [ 7.10808, 47.552112 ], [ 7.106213, 47.551332 ], [ 7.118781, 47.547598 ], [ 7.131571, 47.540285 ], [ 7.13278, 47.53965 ], [ 7.137888, 47.530651 ], [ 7.139802, 47.526066 ], [ 7.14217, 47.525022 ], [ 7.136982, 47.508961 ], [ 7.130353, 47.50304 ], [ 7.111858, 47.495105 ], [ 7.100375, 47.494323 ], [ 7.096733, 47.495144 ], [ 7.074878, 47.488167 ], [ 7.070399, 47.492266 ], [ 7.062912, 47.494523 ], [ 7.041404, 47.496993 ], [ 7.036975, 47.497501 ], [ 7.036247, 47.499012 ], [ 7.02724, 47.501331 ], [ 7.024406, 47.504223 ], [ 7.005752, 47.501121 ], [ 6.982914, 47.49427 ], [ 6.988263, 47.487132 ], [ 6.988503, 47.473049 ], [ 6.992925, 47.471248 ], [ 6.991028, 47.468094 ], [ 6.991778, 47.466427 ], [ 7.000361, 47.466877 ], [ 6.999806, 47.46426 ], [ 7.001092, 47.461761 ], [ 6.997882, 47.458112 ], [ 7.00093, 47.453931 ], [ 6.995177, 47.449616 ], [ 6.970294, 47.44706 ], [ 6.968622, 47.443209 ], [ 6.966236, 47.437717 ], [ 6.96365, 47.435699 ], [ 6.957753, 47.433727 ], [ 6.954619, 47.435077 ], [ 6.951431, 47.434794 ], [ 6.939186, 47.433704 ], [ 6.941564, 47.416425 ], [ 6.9386, 47.406479 ], [ 6.917306, 47.405472 ], [ 6.915494, 47.398185 ], [ 6.909542, 47.396183 ], [ 6.911592, 47.390411 ], [ 6.913669, 47.389457 ], [ 6.91194, 47.386184 ], [ 6.905181, 47.382942 ], [ 6.894964, 47.381668 ], [ 6.893517, 47.380472 ], [ 6.884208, 47.372779 ], [ 6.879806, 47.35244 ], [ 6.893517, 47.356528 ], [ 6.901031, 47.358768 ], [ 6.921085, 47.355643 ], [ 6.935272, 47.357589 ], [ 6.974494, 47.360295 ], [ 6.989558, 47.363479 ], [ 7.002289, 47.366003 ], [ 7.012344, 47.372795 ], [ 7.033652, 47.367877 ], [ 7.035263, 47.364029 ], [ 7.041404, 47.363742 ], [ 7.043546, 47.363642 ], [ 7.048783, 47.361211 ], [ 7.05213, 47.35279 ], [ 7.050806, 47.347728 ], [ 7.060693, 47.343711 ], [ 7.052925, 47.336899 ], [ 7.055385, 47.333779 ], [ 7.046177, 47.32728 ], [ 7.041404, 47.327738 ], [ 7.034439, 47.328407 ], [ 7.026481, 47.326329 ], [ 7.012471, 47.324687 ], [ 7.009739, 47.324367 ], [ 7.015738, 47.313931 ], [ 7.007401, 47.301307 ], [ 6.995833, 47.29645 ], [ 6.977681, 47.295967 ], [ 6.973467, 47.291978 ], [ 6.947144, 47.290889 ], [ 6.944653, 47.288868 ], [ 6.941606, 47.285071 ], [ 6.951384, 47.268978 ], [ 6.947223, 47.252312 ], [ 6.955139, 47.243168 ], [ 6.944129, 47.238166 ], [ 6.942345, 47.234574 ], [ 6.928717, 47.228403 ], [ 6.92214, 47.221814 ], [ 6.893108, 47.20779 ], [ 6.889445, 47.20507 ], [ 6.880163, 47.199736 ], [ 6.873119, 47.185731 ], [ 6.867084, 47.184397 ], [ 6.861417, 47.179352 ], [ 6.841931, 47.170795 ], [ 6.845693, 47.166522 ], [ 6.858914, 47.165294 ], [ 6.849073, 47.156382 ], [ 6.826486, 47.144176 ], [ 6.824744, 47.141918 ], [ 6.820372, 47.140281 ], [ 6.817475, 47.137504 ], [ 6.80921, 47.134956 ], [ 6.804551, 47.13046 ], [ 6.792386, 47.126999 ], [ 6.7899, 47.126011 ], [ 6.778876, 47.123478 ], [ 6.775303, 47.121059 ], [ 6.770147, 47.121235 ], [ 6.765147, 47.120334 ], [ 6.752417, 47.114559 ], [ 6.747775, 47.110306 ], [ 6.744139, 47.109615 ], [ 6.740527, 47.107355 ], [ 6.745838, 47.096671 ], [ 6.739036, 47.090488 ], [ 6.725713, 47.091177 ], [ 6.716057, 47.088108 ], [ 6.704259, 47.081938 ], [ 6.70662, 47.078738 ], [ 6.70531, 47.074448 ], [ 6.692625, 47.066926 ], [ 6.701134, 47.059368 ], [ 6.719744, 47.052322 ], [ 6.698959, 47.038803 ], [ 6.696806, 47.037498 ], [ 6.686503, 47.03741 ], [ 6.677939, 47.035229 ], [ 6.657628, 47.025437 ], [ 6.642157, 47.004802 ], [ 6.633715, 46.998545 ], [ 6.616761, 46.991798 ], [ 6.600058, 46.992388 ], [ 6.596142, 46.992527 ], [ 6.591931, 46.990787 ], [ 6.584231, 46.987606 ], [ 6.563462, 46.979594 ], [ 6.519358, 46.970838 ], [ 6.506622, 46.966593 ], [ 6.496692, 46.974193 ], [ 6.491356, 46.970638 ], [ 6.48602, 46.96717 ], [ 6.481333, 46.964123 ], [ 6.472528, 46.956867 ], [ 6.471653, 46.955627 ], [ 6.470278, 46.953682 ], [ 6.466265, 46.950457 ], [ 6.462081, 46.947094 ], [ 6.459481, 46.943073 ], [ 6.44475, 46.93341 ], [ 6.437663, 46.930484 ], [ 6.43275, 46.928455 ], [ 6.4337, 46.926328 ], [ 6.435789, 46.92165 ], [ 6.437663, 46.920337 ], [ 6.441225, 46.917843 ], [ 6.44469, 46.914095 ], [ 6.447453, 46.911106 ], [ 6.463925, 46.890982 ], [ 6.462804, 46.875541 ], [ 6.461319, 46.86219 ], [ 6.460011, 46.851551 ], [ 6.455199, 46.846142 ], [ 6.452782, 46.843427 ], [ 6.448786, 46.838936 ], [ 6.445785, 46.835564 ], [ 6.442506, 46.831878 ], [ 6.439606, 46.824123 ], [ 6.439847, 46.822361 ], [ 6.440681, 46.816265 ], [ 6.437663, 46.815038 ], [ 6.434817, 46.813881 ], [ 6.430997, 46.812328 ], [ 6.43463, 46.80204 ], [ 6.437663, 46.799943 ], [ 6.441697, 46.797756 ], [ 6.457559, 46.788251 ], [ 6.451692, 46.773987 ], [ 6.438902, 46.766372 ], [ 6.438022, 46.763626 ], [ 6.439425, 46.762573 ], [ 6.437663, 46.76145 ], [ 6.427585, 46.755727 ], [ 6.417144, 46.752765 ], [ 6.400105, 46.75018 ], [ 6.394243, 46.747538 ], [ 6.389507, 46.743605 ], [ 6.39118, 46.737976 ], [ 6.385485, 46.732109 ], [ 6.371773, 46.730469 ], [ 6.370677, 46.724266 ], [ 6.36511, 46.722364 ], [ 6.360242, 46.723087 ], [ 6.357447, 46.719856 ], [ 6.354225, 46.718422 ], [ 6.353103, 46.716379 ], [ 6.352425, 46.715145 ], [ 6.349044, 46.714256 ], [ 6.347572, 46.713444 ], [ 6.342011, 46.710377 ], [ 6.332536, 46.707598 ], [ 6.327806, 46.706211 ], [ 6.324136, 46.706039 ], [ 6.307402, 46.698585 ], [ 6.298217, 46.694492 ], [ 6.295784, 46.694378 ], [ 6.283109, 46.690456 ], [ 6.277881, 46.686645 ], [ 6.270489, 46.683201 ], [ 6.268796, 46.677691 ], [ 6.257278, 46.669784 ], [ 6.23476, 46.655632 ], [ 6.22739, 46.648258 ], [ 6.219426, 46.644909 ], [ 6.217114, 46.643394 ], [ 6.217125, 46.641937 ], [ 6.212792, 46.640632 ], [ 6.182067, 46.621154 ], [ 6.175133, 46.613983 ], [ 6.166078, 46.610431 ], [ 6.161225, 46.609901 ], [ 6.153778, 46.60376 ], [ 6.149139, 46.602367 ], [ 6.14225, 46.598274 ], [ 6.138842, 46.597118 ], [ 6.126114, 46.589473 ], [ 6.121744, 46.584015 ], [ 6.110961, 46.576656 ], [ 6.138106, 46.557667 ], [ 6.156464, 46.545257 ], [ 6.149878, 46.540117 ], [ 6.15233, 46.535901 ], [ 6.145555, 46.52937 ], [ 6.136655, 46.529649 ], [ 6.120833, 46.516945 ], [ 6.117114, 46.513618 ], [ 6.112961, 46.509903 ], [ 6.111182, 46.50672 ], [ 6.110051, 46.504698 ], [ 6.103137, 46.49233 ], [ 6.098042, 46.483216 ], [ 6.097133, 46.48159 ], [ 6.073584, 46.465272 ], [ 6.075754, 46.453255 ], [ 6.086244, 46.443146 ], [ 6.085442, 46.44062 ], [ 6.084172, 46.439564 ], [ 6.074908, 46.431843 ], [ 6.073986, 46.428394 ], [ 6.070261, 46.424865 ], [ 6.064003, 46.416229 ], [ 6.09682, 46.408754 ], [ 6.105283, 46.400296 ], [ 6.110051, 46.399311 ], [ 6.11749, 46.397773 ], [ 6.149385, 46.378025 ], [ 6.154907, 46.377654 ], [ 6.158578, 46.379539 ], [ 6.170136, 46.366436 ], [ 6.160857, 46.358931 ], [ 6.158022, 46.350967 ], [ 6.148843, 46.342921 ], [ 6.138893, 46.338858 ], [ 6.139208, 46.33464 ], [ 6.137697, 46.33313 ], [ 6.131448, 46.324661 ], [ 6.125608, 46.31723 ], [ 6.124369, 46.317268 ], [ 6.119092, 46.307716 ], [ 6.121142, 46.297168 ], [ 6.110051, 46.289895 ], [ 6.102367, 46.284855 ], [ 6.104297, 46.278487 ], [ 6.110051, 46.274509 ], [ 6.112014, 46.273152 ], [ 6.111519, 46.269592 ], [ 6.116042, 46.265663 ], [ 6.12009, 46.26115 ], [ 6.12358, 46.250572 ], [ 6.110051, 46.240737 ], [ 6.101817, 46.237537 ], [ 6.088136, 46.247043 ], [ 6.069425, 46.241623 ], [ 6.060805, 46.244773 ], [ 6.046336, 46.231437 ], [ 6.042397, 46.233104 ], [ 6.033722, 46.238426 ], [ 6.025193, 46.233238 ], [ 6.019175, 46.231731 ], [ 6.016678, 46.23183 ], [ 6.002056, 46.220772 ], [ 5.992633, 46.221917 ], [ 5.992403, 46.216046 ], [ 5.979978, 46.216827 ], [ 5.974414, 46.214752 ], [ 5.969946, 46.207091 ], [ 5.971828, 46.202304 ], [ 5.964203, 46.198032 ], [ 5.963678, 46.196972 ], [ 5.991522, 46.186835 ], [ 5.994443, 46.183094 ], [ 5.992292, 46.176872 ], [ 5.988286, 46.171694 ], [ 5.982242, 46.172202 ], [ 5.976212, 46.160331 ], [ 5.973344, 46.156177 ], [ 5.965136, 46.145195 ], [ 5.965555, 46.137442 ], [ 5.956067, 46.132095 ], [ 5.957289, 46.127952 ], [ 5.975761, 46.132799 ], [ 5.980358, 46.135879 ], [ 5.982158, 46.137142 ], [ 5.982542, 46.140526 ], [ 5.982725, 46.142139 ], [ 5.993811, 46.14412 ], [ 6.024367, 46.140705 ], [ 6.03507, 46.136905 ], [ 6.047811, 46.140945 ], [ 6.052395, 46.150832 ], [ 6.074559, 46.149307 ], [ 6.091844, 46.151668 ], [ 6.099434, 46.144442 ], [ 6.110051, 46.14289 ], [ 6.126619, 46.140468 ], [ 6.131312, 46.140831 ], [ 6.135542, 46.141159 ], [ 6.141607, 46.146108 ], [ 6.146694, 46.14592 ], [ 6.15286, 46.151645 ], [ 6.175417, 46.158142 ], [ 6.188245, 46.166488 ], [ 6.186103, 46.178226 ], [ 6.199156, 46.184743 ], [ 6.206987, 46.191869 ], [ 6.214244, 46.193794 ], [ 6.223854, 46.201416 ], [ 6.230119, 46.203563 ], [ 6.234057, 46.205805 ], [ 6.242428, 46.205079 ], [ 6.245008, 46.206554 ], [ 6.249403, 46.205774 ], [ 6.263326, 46.212508 ], [ 6.276372, 46.215248 ], [ 6.278709, 46.216498 ], [ 6.280815, 46.217625 ], [ 6.291728, 46.223465 ], [ 6.294464, 46.22493 ], [ 6.309408, 46.243334 ], [ 6.306877, 46.251757 ], [ 6.308533, 46.255024 ], [ 6.295236, 46.255954 ], [ 6.294095, 46.258281 ], [ 6.296544, 46.26368 ], [ 6.294878, 46.264599 ], [ 6.283399, 46.25444 ], [ 6.267746, 46.248257 ], [ 6.250052, 46.262295 ], [ 6.238528, 46.276594 ], [ 6.238724, 46.282014 ], [ 6.24429, 46.285083 ], [ 6.251282, 46.288406 ], [ 6.251883, 46.291679 ], [ 6.247723, 46.301826 ], [ 6.241372, 46.304565 ], [ 6.235408, 46.306564 ], [ 6.219547, 46.311878 ], [ 6.231694, 46.329429 ], [ 6.237908, 46.338527 ], [ 6.24136, 46.343582 ], [ 6.252957, 46.36042 ], [ 6.271937, 46.370413 ], [ 6.277528, 46.373357 ], [ 6.3223, 46.39693 ], [ 6.33519, 46.403717 ], [ 6.351013, 46.405832 ], [ 6.378552, 46.409514 ], [ 6.392847, 46.411425 ], [ 6.422694, 46.415415 ], [ 6.425619, 46.415806 ], [ 6.437663, 46.421033 ], [ 6.504831, 46.450174 ], [ 6.511764, 46.453182 ], [ 6.519104, 46.456367 ], [ 6.535993, 46.456156 ], [ 6.586156, 46.45553 ], [ 6.594868, 46.455421 ], [ 6.600058, 46.455356 ], [ 6.626891, 46.455021 ], [ 6.65571, 46.454661 ], [ 6.673565, 46.454438 ], [ 6.681858, 46.454334 ], [ 6.757069, 46.439649 ], [ 6.779446, 46.43528 ], [ 6.812691, 46.428789 ], [ 6.815887, 46.428165 ], [ 6.821064, 46.427154 ], [ 6.805194, 46.394069 ], [ 6.802156, 46.387443 ], [ 6.805812, 46.380006 ], [ 6.800903, 46.375137 ], [ 6.791808, 46.367608 ], [ 6.77983, 46.365972 ], [ 6.772642, 46.361831 ], [ 6.770763, 46.354736 ], [ 6.774675, 46.347286 ], [ 6.779126, 46.344059 ], [ 6.785359, 46.333057 ], [ 6.796885, 46.331741 ], [ 6.800626, 46.320506 ], [ 6.807896, 46.320025 ], [ 6.819344, 46.315338 ], [ 6.821397, 46.313095 ], [ 6.824806, 46.31192 ], [ 6.830028, 46.306053 ], [ 6.828208, 46.302776 ], [ 6.828747, 46.301079 ], [ 6.830533, 46.299843 ], [ 6.834328, 46.299793 ], [ 6.836042, 46.297466 ], [ 6.839811, 46.295051 ], [ 6.843517, 46.294292 ], [ 6.8453, 46.291153 ], [ 6.847147, 46.289982 ], [ 6.850881, 46.290249 ], [ 6.854509, 46.291795 ], [ 6.858924, 46.290432 ], [ 6.864179, 46.280325 ], [ 6.859429, 46.273476 ], [ 6.859348, 46.265379 ], [ 6.854517, 46.258896 ], [ 6.85337, 46.253392 ], [ 6.840085, 46.247674 ], [ 6.832247, 46.235997 ], [ 6.820745, 46.229969 ], [ 6.821667, 46.223461 ], [ 6.819747, 46.221263 ], [ 6.816611, 46.219883 ], [ 6.813328, 46.215122 ], [ 6.810092, 46.213886 ], [ 6.810081, 46.212192 ], [ 6.808381, 46.211075 ], [ 6.803564, 46.203136 ], [ 6.804961, 46.200405 ], [ 6.806975, 46.196468 ], [ 6.812422, 46.181419 ], [ 6.807331, 46.177849 ], [ 6.806088, 46.174172 ], [ 6.805625, 46.172802 ], [ 6.795594, 46.165563 ], [ 6.792314, 46.163196 ], [ 6.792775, 46.15982 ], [ 6.790425, 46.154316 ], [ 6.798266, 46.13709 ], [ 6.807176, 46.135794 ], [ 6.815217, 46.129322 ], [ 6.819328, 46.131069 ], [ 6.823955, 46.131417 ], [ 6.839103, 46.132557 ], [ 6.841544, 46.132034 ], [ 6.844452, 46.128713 ], [ 6.852693, 46.126483 ], [ 6.875739, 46.125477 ], [ 6.8824, 46.123401 ], [ 6.890011, 46.124952 ], [ 6.893517, 46.124621 ], [ 6.899467, 46.124058 ], [ 6.893957, 46.113531 ], [ 6.89437, 46.107412 ], [ 6.893517, 46.10617 ], [ 6.88358, 46.094859 ], [ 6.891191, 46.084763 ], [ 6.889038, 46.078404 ], [ 6.891464, 46.073879 ], [ 6.887847, 46.073192 ], [ 6.884264, 46.070636 ], [ 6.880819, 46.069454 ], [ 6.873081, 46.055568 ], [ 6.872631, 46.052047 ], [ 6.877886, 46.046757 ], [ 6.890327, 46.043286 ], [ 6.893517, 46.046463 ], [ 6.894832, 46.047773 ], [ 6.909127, 46.051236 ], [ 6.923472, 46.063992 ], [ 6.93304, 46.066117 ], [ 6.936752, 46.063921 ], [ 6.936353, 46.055291 ], [ 6.943003, 46.051413 ], [ 6.949742, 46.051731 ], [ 6.962906, 46.030536 ], [ 6.966925, 46.030333 ], [ 6.980269, 46.020228 ], [ 6.986302, 46.004623 ], [ 6.997086, 45.999886 ], [ 7.00506, 46.000664 ], [ 7.0088, 45.998458 ], [ 7.012639, 45.987894 ], [ 7.022242, 45.980541 ], [ 7.021739, 45.977234 ], [ 7.011218, 45.973096 ], [ 7.010206, 45.970457 ], [ 7.009708, 45.96916 ], [ 7.018932, 45.960165 ], [ 7.036744, 45.954488 ], [ 7.036069, 45.938346 ], [ 7.041404, 45.928705 ], [ 7.044886, 45.922413 ], [ 7.061899, 45.911966 ], [ 7.064717, 45.900304 ], [ 7.075851, 45.894832 ], [ 7.080692, 45.885237 ], [ 7.093904, 45.876689 ], [ 7.093109, 45.871992 ], [ 7.101175, 45.85927 ], [ 7.118102, 45.859758 ], [ 7.131159, 45.8671 ], [ 7.136316, 45.872774 ], [ 7.153544, 45.879249 ], [ 7.16257, 45.877079 ], [ 7.162984, 45.870926 ], [ 7.173279, 45.864142 ], [ 7.190603, 45.858679 ], [ 7.193669, 45.859885 ], [ 7.199882, 45.862942 ], [ 7.197964, 45.869414 ], [ 7.199842, 45.87452 ], [ 7.21491, 45.883903 ], [ 7.217558, 45.888789 ], [ 7.229123, 45.891532 ], [ 7.2411, 45.890313 ], [ 7.248674, 45.892725 ], [ 7.253144, 45.888465 ], [ 7.257402, 45.88898 ], [ 7.269397, 45.898416 ], [ 7.276695, 45.901308 ], [ 7.285749, 45.915449 ], [ 7.294443, 45.921779 ], [ 7.302047, 45.917591 ], [ 7.315485, 45.916135 ], [ 7.318733, 45.911885 ], [ 7.323411, 45.910478 ], [ 7.345318, 45.914438 ], [ 7.355599, 45.91038 ], [ 7.360533, 45.904146 ], [ 7.37396, 45.900377 ], [ 7.382476, 45.896971 ], [ 7.386804, 45.897507 ], [ 7.395289, 45.903189 ], [ 7.400765, 45.910505 ], [ 7.411368, 45.909187 ], [ 7.428457, 45.916382 ], [ 7.444769, 45.931097 ], [ 7.455439, 45.932681 ], [ 7.460186, 45.935366 ], [ 7.472752, 45.935175 ], [ 7.472397, 45.947638 ], [ 7.487446, 45.95581 ], [ 7.493474, 45.956233 ], [ 7.498821, 45.961691 ], [ 7.507827, 45.958469 ], [ 7.516666, 45.961963 ], [ 7.527511, 45.956924 ], [ 7.540248, 45.955875 ], [ 7.54602, 45.961717 ], [ 7.543483, 45.970457 ], [ 7.54196, 45.975702 ], [ 7.546757, 45.984266 ], [ 7.551407, 45.98638 ], [ 7.574703, 45.987574 ], [ 7.579167, 45.984596 ], [ 7.584532, 45.972165 ], [ 7.600262, 45.970457 ], [ 7.610396, 45.969356 ], [ 7.614023, 45.970457 ], [ 7.619487, 45.972115 ], [ 7.637879, 45.970457 ], [ 7.639865, 45.970457 ], [ 7.65777, 45.976223 ], [ 7.665065, 45.975215 ], [ 7.670301, 45.970457 ], [ 7.676593, 45.96474 ], [ 7.680218, 45.957687 ], [ 7.697992, 45.954312 ], [ 7.708684, 45.94837 ], [ 7.707922, 45.935344 ], [ 7.71307, 45.928737 ], [ 7.721181, 45.9239 ], [ 7.735098, 45.92399 ], [ 7.749734, 45.940434 ], [ 7.768459, 45.93703 ], [ 7.789592, 45.925484 ], [ 7.799518, 45.917126 ], [ 7.820843, 45.926562 ], [ 7.837316, 45.921995 ], [ 7.8524, 45.920651 ], [ 7.858208, 45.920385 ], [ 7.864077, 45.91675 ], [ 7.872853, 45.920784 ], [ 7.877138, 45.926955 ], [ 7.868961, 45.937701 ], [ 7.870504, 45.94624 ], [ 7.876867, 45.949858 ], [ 7.875925, 45.957803 ], [ 7.881457, 45.964674 ], [ 7.879004, 45.970457 ], [ 7.877898, 45.973063 ], [ 7.893711, 45.979033 ], [ 7.90868, 45.996936 ], [ 7.958501, 45.996289 ], [ 7.976445, 45.999099 ], [ 7.989095, 45.995933 ], [ 8.001367, 46.011479 ], [ 8.012413, 46.01197 ], [ 8.011533, 46.019516 ], [ 8.016751, 46.025335 ], [ 8.013199, 46.03166 ], [ 8.022477, 46.0388 ], [ 8.034584, 46.044325 ], [ 8.022409, 46.069642 ], [ 8.034763, 46.100836 ], [ 8.055666, 46.101698 ], [ 8.066858, 46.105373 ], [ 8.082004, 46.105753 ], [ 8.108233, 46.111628 ], [ 8.113757, 46.118453 ], [ 8.116756, 46.130651 ], [ 8.127307, 46.135584 ], [ 8.143111, 46.136537 ], [ 8.149614, 46.140608 ], [ 8.154405, 46.147308 ], [ 8.149714, 46.158177 ], [ 8.150731, 46.163843 ], [ 8.158976, 46.173863 ], [ 8.165285, 46.176915 ], [ 8.164545, 46.182904 ], [ 8.15333, 46.192093 ], [ 8.151307, 46.202268 ], [ 8.14357, 46.211979 ], [ 8.138878, 46.226148 ], [ 8.125655, 46.229318 ], [ 8.12101, 46.23507 ], [ 8.11394, 46.237918 ], [ 8.110153, 46.248724 ], [ 8.101618, 46.249468 ], [ 8.100099, 46.252226 ], [ 8.087718, 46.254242 ], [ 8.081297, 46.260283 ], [ 8.085545, 46.262638 ], [ 8.086852, 46.266532 ], [ 8.097242, 46.271742 ], [ 8.105557, 46.279043 ], [ 8.114847, 46.282528 ], [ 8.122122, 46.292588 ], [ 8.141117, 46.301929 ], [ 8.161413, 46.296219 ], [ 8.178929, 46.2977 ], [ 8.192903, 46.303503 ], [ 8.196174, 46.302298 ], [ 8.198751, 46.30225 ], [ 8.200894, 46.303468 ], [ 8.20539, 46.306022 ], [ 8.211447, 46.30958 ], [ 8.215544, 46.319823 ], [ 8.223927, 46.325246 ], [ 8.222575, 46.330356 ], [ 8.225289, 46.334609 ], [ 8.235311, 46.339989 ], [ 8.248801, 46.340805 ], [ 8.253399, 46.346066 ], [ 8.261697, 46.346355 ], [ 8.260976, 46.348727 ], [ 8.265306, 46.3527 ], [ 8.261589, 46.360926 ], [ 8.263599, 46.363535 ], [ 8.272436, 46.366357 ], [ 8.283918, 46.364267 ], [ 8.29986, 46.37368 ], [ 8.312294, 46.377192 ], [ 8.318741, 46.386126 ], [ 8.31472, 46.390012 ], [ 8.316792, 46.394962 ], [ 8.314333, 46.39976 ], [ 8.309494, 46.403188 ], [ 8.304053, 46.402578 ], [ 8.288934, 46.408109 ], [ 8.297943, 46.413854 ], [ 8.307492, 46.425851 ], [ 8.314217, 46.423848 ], [ 8.324515, 46.425651 ], [ 8.363651, 46.450462 ], [ 8.373044, 46.452746 ], [ 8.379908, 46.451019 ], [ 8.384717, 46.452158 ], [ 8.392911, 46.452235 ], [ 8.408292, 46.45852 ], [ 8.43955, 46.464149 ], [ 8.449412, 46.461924 ], [ 8.45417, 46.454525 ], [ 8.46199, 46.450707 ], [ 8.465797, 46.44263 ], [ 8.458293, 46.435379 ], [ 8.460129, 46.428873 ], [ 8.457244, 46.423117 ], [ 8.467536, 46.412313 ], [ 8.463687, 46.403963 ], [ 8.470206, 46.396198 ], [ 8.461548, 46.387184 ], [ 8.465672, 46.380778 ], [ 8.468816, 46.362107 ], [ 8.4621, 46.353088 ], [ 8.464363, 46.344654 ], [ 8.463964, 46.333007 ], [ 8.453332, 46.321647 ], [ 8.443722, 46.319494 ], [ 8.440534, 46.304119 ], [ 8.42774, 46.2983 ], [ 8.435859, 46.286301 ], [ 8.449833, 46.273943 ], [ 8.454949, 46.265183 ], [ 8.443193, 46.254769 ], [ 8.444527, 46.248877 ], [ 8.447274, 46.247899 ], [ 8.45018, 46.248159 ], [ 8.453751, 46.247513 ], [ 8.459006, 46.246029 ], [ 8.46077, 46.244779 ], [ 8.464107, 46.24455 ], [ 8.468684, 46.232895 ], [ 8.492918, 46.228886 ], [ 8.50015, 46.225962 ], [ 8.512344, 46.221029 ], [ 8.527189, 46.220098 ], [ 8.532116, 46.217678 ], [ 8.536821, 46.2037 ], [ 8.542448, 46.197376 ], [ 8.552552, 46.192343 ], [ 8.555312, 46.186127 ], [ 8.563876, 46.183263 ], [ 8.569695, 46.177058 ], [ 8.575136, 46.16368 ], [ 8.586085, 46.16193 ], [ 8.589604, 46.156634 ], [ 8.602554, 46.15475 ], [ 8.593536, 46.14369 ], [ 8.609285, 46.132708 ], [ 8.611172, 46.124527 ], [ 8.613787, 46.121732 ], [ 8.628893, 46.122331 ], [ 8.634235, 46.122406 ], [ 8.637725, 46.12262 ], [ 8.64021, 46.122772 ], [ 8.645524, 46.123601 ], [ 8.648031, 46.123326 ], [ 8.6479, 46.122534 ], [ 8.658932, 46.112583 ], [ 8.670086, 46.109362 ], [ 8.678164, 46.110156 ], [ 8.685803, 46.10257 ], [ 8.698031, 46.101609 ], [ 8.713936, 46.097272 ], [ 8.718101, 46.101722 ], [ 8.720006, 46.104322 ], [ 8.721613, 46.106516 ], [ 8.724405, 46.110327 ], [ 8.726499, 46.111794 ], [ 8.730262, 46.114273 ], [ 8.742331, 46.122222 ], [ 8.755803, 46.104922 ], [ 8.760832, 46.101496 ], [ 8.783475, 46.094434 ], [ 8.798764, 46.094946 ], [ 8.807908, 46.100398 ], [ 8.847517, 46.075753 ], [ 8.852114, 46.075641 ], [ 8.854179, 46.068576 ], [ 8.854595, 46.061591 ], [ 8.844192, 46.048514 ], [ 8.834534, 46.051369 ], [ 8.830439, 46.047353 ], [ 8.828817, 46.046469 ], [ 8.831932, 46.045659 ], [ 8.835439, 46.043775 ], [ 8.832709, 46.040569 ], [ 8.830034, 46.041611 ], [ 8.828167, 46.034228 ], [ 8.82715, 46.03228 ], [ 8.819678, 46.025497 ], [ 8.80638, 46.021685 ], [ 8.797105, 46.01219 ], [ 8.793095, 46.008108 ], [ 8.792185, 46.005696 ], [ 8.789968, 45.999819 ], [ 8.785907, 45.989075 ], [ 8.795643, 45.991642 ], [ 8.812843, 45.990338 ], [ 8.821861, 45.987296 ], [ 8.823593, 45.987667 ], [ 8.831052, 45.987497 ], [ 8.838226, 45.984122 ], [ 8.846822, 45.976175 ], [ 8.849476, 45.972981 ], [ 8.853716, 45.970386 ], [ 8.856726, 45.968545 ], [ 8.860079, 45.966495 ], [ 8.869067, 45.960878 ], [ 8.882593, 45.957028 ], [ 8.89283, 45.958566 ], [ 8.896574, 45.955017 ], [ 8.898391, 45.945393 ], [ 8.89737, 45.94327 ], [ 8.892959, 45.934105 ], [ 8.898169, 45.925656 ], [ 8.906114, 45.919064 ], [ 8.916289, 45.91446 ], [ 8.920251, 45.908961 ], [ 8.924843, 45.903702 ], [ 8.924937, 45.900855 ], [ 8.923448, 45.898799 ], [ 8.921917, 45.895202 ], [ 8.924145, 45.892224 ], [ 8.931781, 45.884913 ], [ 8.933775, 45.870333 ], [ 8.936713, 45.868106 ], [ 8.941843, 45.869608 ], [ 8.943887, 45.868323 ], [ 8.939358, 45.863737 ], [ 8.93141, 45.859798 ], [ 8.914226, 45.842229 ], [ 8.912147, 45.830445 ], [ 8.914916, 45.831864 ], [ 8.918117, 45.833206 ], [ 8.920476, 45.834196 ], [ 8.923734, 45.834113 ], [ 8.926589, 45.83328 ], [ 8.929035, 45.833375 ], [ 8.934195, 45.839272 ], [ 8.946799, 45.842778 ], [ 8.948806, 45.843434 ], [ 8.953155, 45.842318 ], [ 8.955774, 45.842909 ], [ 8.962274, 45.837943 ], [ 8.969984, 45.832353 ], [ 8.986298, 45.837907 ], [ 8.992107, 45.834877 ], [ 8.997488, 45.834944 ], [ 8.994115, 45.826208 ], [ 8.99458, 45.822636 ], [ 9.00676, 45.819791 ], [ 9.015922, 45.818362 ], [ 9.021332, 45.820693 ], [ 9.034462, 45.823017 ], [ 9.0318, 45.825136 ], [ 9.037105, 45.835433 ], [ 9.035432, 45.839658 ], [ 9.038652, 45.84203 ], [ 9.040703, 45.845759 ], [ 9.050775, 45.852212 ], [ 9.051365, 45.855521 ], [ 9.04942, 45.862048 ], [ 9.055845, 45.873922 ], [ 9.066333, 45.875962 ], [ 9.07784, 45.885057 ], [ 9.07813, 45.891205 ], [ 9.087715, 45.89699 ], [ 9.088997, 45.900647 ], [ 9.086842, 45.902205 ], [ 9.076932, 45.899299 ], [ 9.076347, 45.903385 ], [ 9.07645, 45.910761 ], [ 9.068193, 45.91291 ], [ 9.060029, 45.916444 ], [ 9.059059, 45.920367 ], [ 9.04953, 45.921159 ], [ 9.042515, 45.926953 ], [ 9.029843, 45.926504 ], [ 9.026158, 45.928747 ], [ 9.022943, 45.929012 ], [ 9.019358, 45.928368 ], [ 9.022036, 45.938087 ], [ 9.012199, 45.943784 ], [ 9.016443, 45.949145 ], [ 9.013567, 45.960102 ], [ 8.993706, 45.966988 ], [ 8.990087, 45.969917 ], [ 8.99107, 45.971641 ], [ 8.995256, 45.973313 ], [ 8.99611, 45.980011 ], [ 9.007638, 45.98081 ], [ 9.01233, 45.987936 ], [ 9.019571, 45.988393 ], [ 9.023726, 45.992501 ], [ 9.028461, 45.993626 ], [ 9.02451, 46.000762 ], [ 9.023456, 46.009386 ], [ 9.022543, 46.016856 ], [ 9.008128, 46.02946 ], [ 9.017824, 46.04977 ], [ 9.050367, 46.061991 ], [ 9.06225, 46.061088 ], [ 9.078315, 46.06532 ], [ 9.078811, 46.074345 ], [ 9.089433, 46.085693 ], [ 9.072518, 46.118103 ], [ 9.076874, 46.120143 ], [ 9.078689, 46.121241 ], [ 9.098557, 46.126818 ], [ 9.10486, 46.131701 ], [ 9.117079, 46.135406 ], [ 9.121476, 46.134818 ], [ 9.134435, 46.152633 ], [ 9.15561, 46.162093 ], [ 9.159378, 46.169601 ], [ 9.168667, 46.171363 ], [ 9.170447, 46.171743 ], [ 9.172747, 46.170943 ], [ 9.183523, 46.17053 ], [ 9.193406, 46.178465 ], [ 9.198089, 46.18701 ], [ 9.195174, 46.192873 ], [ 9.202173, 46.208306 ], [ 9.20839, 46.210055 ], [ 9.217987, 46.213881 ], [ 9.222399, 46.223798 ], [ 9.220907, 46.228893 ], [ 9.224787, 46.229649 ], [ 9.226826, 46.230364 ], [ 9.235531, 46.233416 ], [ 9.239757, 46.23232 ], [ 9.246439, 46.232037 ], [ 9.248532, 46.233768 ], [ 9.248358, 46.247533 ], [ 9.252118, 46.267392 ], [ 9.257742, 46.270779 ], [ 9.26001, 46.278528 ], [ 9.284598, 46.297346 ], [ 9.282296, 46.308779 ], [ 9.285289, 46.314388 ], [ 9.294097, 46.317425 ], [ 9.300142, 46.326456 ], [ 9.29268, 46.334983 ], [ 9.299384, 46.343376 ], [ 9.296675, 46.354529 ], [ 9.283208, 46.358103 ], [ 9.276073, 46.367811 ], [ 9.276224, 46.373723 ], [ 9.283519, 46.386295 ], [ 9.276155, 46.393808 ], [ 9.281713, 46.406659 ], [ 9.280415, 46.412273 ], [ 9.274534, 46.418845 ], [ 9.265197, 46.419998 ], [ 9.249791, 46.431403 ], [ 9.24742, 46.445805 ], [ 9.251896, 46.448949 ], [ 9.268319, 46.452928 ], [ 9.276332, 46.459922 ], [ 9.274097, 46.467149 ], [ 9.277244, 46.477727 ], [ 9.275172, 46.483737 ], [ 9.28274, 46.496695 ], [ 9.292663, 46.497662 ], [ 9.313222, 46.504251 ], [ 9.340403, 46.504621 ], [ 9.35473, 46.504816 ], [ 9.362347, 46.509505 ], [ 9.373434, 46.503551 ], [ 9.368888, 46.495019 ], [ 9.371115, 46.49019 ], [ 9.385794, 46.481308 ], [ 9.390522, 46.473269 ], [ 9.410789, 46.466791 ], [ 9.423646, 46.47642 ], [ 9.425639, 46.488778 ], [ 9.434064, 46.49748 ], [ 9.459013, 46.508112 ], [ 9.464343, 46.507782 ], [ 9.461471, 46.504548 ], [ 9.461037, 46.484844 ], [ 9.450727, 46.484283 ], [ 9.44955, 46.481678 ], [ 9.451619, 46.480158 ], [ 9.462248, 46.480472 ], [ 9.465038, 46.469451 ], [ 9.459076, 46.460407 ], [ 9.460322, 46.442836 ], [ 9.454626, 46.422137 ], [ 9.456304, 46.415916 ], [ 9.461309, 46.411533 ], [ 9.467863, 46.389533 ], [ 9.462304, 46.38278 ], [ 9.461712, 46.376057 ], [ 9.487314, 46.366163 ], [ 9.495418, 46.364159 ], [ 9.507861, 46.351093 ], [ 9.511965, 46.337246 ], [ 9.519615, 46.326176 ], [ 9.534497, 46.311719 ], [ 9.549576, 46.302338 ], [ 9.5587, 46.305978 ], [ 9.583036, 46.294285 ], [ 9.609229, 46.294313 ], [ 9.618854, 46.287913 ], [ 9.638206, 46.286361 ], [ 9.646775, 46.290083 ], [ 9.661095, 46.296302 ], [ 9.668557, 46.296859 ], [ 9.676306, 46.302428 ], [ 9.688211, 46.294267 ], [ 9.702515, 46.291237 ], [ 9.71415, 46.292708 ], [ 9.717711, 46.304334 ], [ 9.725589, 46.313084 ], [ 9.725411, 46.319457 ], [ 9.717798, 46.324005 ], [ 9.726473, 46.333299 ], [ 9.723928, 46.340488 ], [ 9.72647, 46.343813 ], [ 9.735846, 46.349878 ], [ 9.74316, 46.351187 ], [ 9.770273, 46.335985 ], [ 9.778153, 46.335655 ], [ 9.784634, 46.340906 ], [ 9.797873, 46.343606 ], [ 9.802361, 46.344521 ], [ 9.821303, 46.3519 ], [ 9.832074, 46.360988 ], [ 9.849923, 46.36408 ], [ 9.86957, 46.363218 ], [ 9.884457, 46.372948 ], [ 9.907832, 46.380506 ], [ 9.916497, 46.371503 ], [ 9.921314, 46.370624 ], [ 9.92573, 46.366601 ], [ 9.936785, 46.375479 ], [ 9.952126, 46.378829 ], [ 9.959241, 46.378124 ], [ 9.956827, 46.372947 ], [ 9.964442, 46.36422 ], [ 9.985602, 46.352319 ], [ 9.995907, 46.350657 ], [ 9.995503, 46.342607 ], [ 9.986133, 46.334288 ], [ 9.981078, 46.32368 ], [ 9.999714, 46.312253 ], [ 9.99714, 46.30715 ], [ 9.999875, 46.302378 ], [ 9.992358, 46.295129 ], [ 9.995852, 46.285693 ], [ 10.000578, 46.282931 ], [ 10.029369, 46.277174 ], [ 10.053595, 46.266546 ], [ 10.060569, 46.248229 ], [ 10.054282, 46.241782 ], [ 10.052609, 46.235308 ], [ 10.044623, 46.230538 ], [ 10.049475, 46.227355 ], [ 10.052048, 46.227544 ], [ 10.056232, 46.225165 ], [ 10.058613, 46.224974 ], [ 10.063083, 46.220194 ], [ 10.066216, 46.219656 ], [ 10.06693, 46.21799 ], [ 10.070594, 46.217118 ], [ 10.08339, 46.226206 ], [ 10.101429, 46.227781 ], [ 10.123197, 46.224237 ], [ 10.135604, 46.226256 ], [ 10.145536, 46.230657 ], [ 10.151602, 46.239923 ], [ 10.173625, 46.253883 ], [ 10.176525, 46.258276 ], [ 10.163414, 46.274439 ], [ 10.161619, 46.282456 ], [ 10.154748, 46.285811 ], [ 10.153496, 46.292864 ], [ 10.137526, 46.301086 ], [ 10.13877, 46.30303 ], [ 10.138354, 46.304616 ], [ 10.116108, 46.315011 ], [ 10.105076, 46.333311 ], [ 10.106067, 46.341246 ], [ 10.109434, 46.352139 ], [ 10.128858, 46.361546 ], [ 10.126625, 46.369683 ], [ 10.128804, 46.378336 ], [ 10.143784, 46.386283 ], [ 10.158954, 46.385749 ], [ 10.163372, 46.390377 ], [ 10.162581, 46.403216 ], [ 10.165535, 46.408848 ], [ 10.159631, 46.415397 ], [ 10.14973, 46.41363 ], [ 10.142828, 46.4277 ], [ 10.130933, 46.431499 ], [ 10.121179, 46.429684 ], [ 10.116745, 46.426591 ], [ 10.10792, 46.427606 ], [ 10.09906, 46.42147 ], [ 10.082181, 46.421233 ], [ 10.076571, 46.427957 ], [ 10.064953, 46.426344 ], [ 10.061274, 46.427875 ], [ 10.056374, 46.440096 ], [ 10.042331, 46.442366 ], [ 10.040124, 46.446511 ], [ 10.042636, 46.452984 ], [ 10.053332, 46.463265 ], [ 10.051123, 46.471899 ], [ 10.045188, 46.476962 ], [ 10.043541, 46.481328 ], [ 10.047628, 46.487389 ], [ 10.045304, 46.492616 ], [ 10.048079, 46.499618 ], [ 10.042649, 46.508658 ], [ 10.051112, 46.513421 ], [ 10.053798, 46.520873 ], [ 10.052145, 46.53202 ], [ 10.044183, 46.53798 ], [ 10.046767, 46.544044 ], [ 10.061344, 46.546246 ], [ 10.068338, 46.551377 ], [ 10.072015, 46.558995 ], [ 10.084154, 46.566458 ], [ 10.079385, 46.574597 ], [ 10.096009, 46.578561 ], [ 10.10063, 46.584439 ], [ 10.097488, 46.594589 ], [ 10.102128, 46.610741 ], [ 10.116972, 46.606434 ], [ 10.129339, 46.605863 ], [ 10.138654, 46.610582 ], [ 10.162837, 46.616059 ], [ 10.189741, 46.625657 ], [ 10.21514, 46.617604 ], [ 10.224318, 46.628953 ], [ 10.238169, 46.634675 ], [ 10.244875, 46.622092 ], [ 10.257951, 46.610434 ], [ 10.241563, 46.591571 ], [ 10.24643, 46.574601 ], [ 10.253709, 46.571852 ], [ 10.267277, 46.577213 ], [ 10.272972, 46.573452 ], [ 10.28596, 46.569932 ], [ 10.295303, 46.558092 ], [ 10.29457, 46.551444 ], [ 10.297072, 46.549717 ], [ 10.3116, 46.547254 ], [ 10.325451, 46.551081 ], [ 10.339814, 46.543265 ], [ 10.349139, 46.549064 ], [ 10.352248, 46.555092 ], [ 10.361864, 46.555457 ], [ 10.396776, 46.544424 ], [ 10.418313, 46.550631 ], [ 10.433619, 46.541319 ], [ 10.437734, 46.537096 ], [ 10.452801, 46.530683 ], [ 10.459729, 46.540795 ], [ 10.47159, 46.543989 ], [ 10.477136, 46.55657 ], [ 10.474713, 46.565383 ], [ 10.484005, 46.577064 ], [ 10.48714, 46.588232 ], [ 10.48441, 46.592809 ], [ 10.487127, 46.598224 ], [ 10.485222, 46.60558 ], [ 10.492064, 46.615386 ], [ 10.48582, 46.616676 ], [ 10.462424, 46.633073 ], [ 10.447543, 46.640492 ], [ 10.420933, 46.638277 ], [ 10.409829, 46.635469 ], [ 10.403213, 46.636694 ], [ 10.394089, 46.654637 ], [ 10.391464, 46.657772 ], [ 10.391778, 46.671973 ], [ 10.382582, 46.685132 ], [ 10.393742, 46.690152 ], [ 10.402981, 46.704611 ], [ 10.40999, 46.705465 ], [ 10.414053, 46.708183 ], [ 10.418266, 46.718342 ], [ 10.401189, 46.733578 ], [ 10.434379, 46.751826 ], [ 10.441708, 46.752107 ], [ 10.443812, 46.761754 ], [ 10.440909, 46.772845 ], [ 10.433057, 46.781883 ], [ 10.42272, 46.788243 ], [ 10.426986, 46.790342 ], [ 10.428937, 46.795993 ], [ 10.444669, 46.799972 ], [ 10.451635, 46.805844 ], [ 10.457007, 46.815351 ], [ 10.456275, 46.821402 ], [ 10.459531, 46.824716 ], [ 10.457576, 46.830435 ], [ 10.465868, 46.835982 ], [ 10.464962, 46.841951 ], [ 10.471081, 46.849148 ], [ 10.469652, 46.854909 ] ], [ [ 4.040685, 51.241888 ], [ 4.05229, 51.242693 ], [ 4.060653, 51.244516 ], [ 4.071156, 51.250026 ], [ 4.165756, 51.292728 ], [ 4.215952, 51.333093 ], [ 4.234818, 51.348254 ], [ 4.221812, 51.358022 ], [ 4.215952, 51.364658 ], [ 4.209467, 51.371233 ], [ 4.192328, 51.375158 ], [ 4.180594, 51.369467 ], [ 4.176783, 51.364034 ], [ 4.168285, 51.370354 ], [ 4.155018, 51.366998 ], [ 4.155811, 51.359747 ], [ 4.165951, 51.353527 ], [ 4.163582, 51.350826 ], [ 4.166764, 51.347028 ], [ 4.16434, 51.343539 ], [ 4.135817, 51.361413 ], [ 4.126845, 51.36316 ], [ 4.120621, 51.362361 ], [ 4.119096, 51.360772 ], [ 4.129554, 51.350068 ], [ 4.127533, 51.344429 ], [ 4.112696, 51.353121 ], [ 4.090722, 51.362158 ], [ 4.050322, 51.36846 ], [ 4.035792, 51.380241 ], [ 4.028089, 51.392744 ], [ 4.020926, 51.398185 ], [ 3.985423, 51.405447 ], [ 3.974944, 51.404429 ], [ 3.968222, 51.399922 ], [ 3.965708, 51.384458 ], [ 3.957716, 51.369294 ], [ 3.941549, 51.365613 ], [ 3.907024, 51.357828 ], [ 3.890262, 51.348716 ], [ 3.875942, 51.345585 ], [ 3.865719, 51.336605 ], [ 3.842964, 51.335951 ], [ 3.823088, 51.34108 ], [ 3.815455, 51.336748 ], [ 3.813317, 51.33272 ], [ 3.808253, 51.337642 ], [ 3.807243, 51.343102 ], [ 3.785285, 51.349269 ], [ 3.771558, 51.348909 ], [ 3.770393, 51.338334 ], [ 3.766043, 51.337232 ], [ 3.757862, 51.340424 ], [ 3.758111, 51.347421 ], [ 3.724106, 51.350061 ], [ 3.69307, 51.365265 ], [ 3.68579, 51.371026 ], [ 3.669707, 51.37294 ], [ 3.617932, 51.379879 ], [ 3.604887, 51.385372 ], [ 3.585492, 51.38766 ], [ 3.575445, 51.394355 ], [ 3.566054, 51.395514 ], [ 3.56445, 51.398345 ], [ 3.548679, 51.401324 ], [ 3.544778, 51.404744 ], [ 3.516662, 51.407636 ], [ 3.506815, 51.406437 ], [ 3.487316, 51.39858 ], [ 3.457845, 51.394038 ], [ 3.446088, 51.39009 ], [ 3.423325, 51.389761 ], [ 3.378209, 51.37699 ], [ 3.365788, 51.369835 ], [ 3.374379, 51.359195 ], [ 3.374305, 51.348933 ], [ 3.383174, 51.341133 ], [ 3.384897, 51.335335 ], [ 3.359359, 51.315373 ], [ 3.372049, 51.305754 ], [ 3.376119, 51.302301 ], [ 3.367438, 51.298985 ], [ 3.366596, 51.296819 ], [ 3.370265, 51.29225 ], [ 3.379592, 51.287429 ], [ 3.381129, 51.281853 ], [ 3.376091, 51.277946 ], [ 3.380661, 51.274299 ], [ 3.387083, 51.27303 ], [ 3.407563, 51.257512 ], [ 3.415756, 51.259083 ], [ 3.422288, 51.255798 ], [ 3.427946, 51.245164 ], [ 3.448826, 51.241783 ], [ 3.475021, 51.242672 ], [ 3.526845, 51.24652 ], [ 3.516253, 51.286819 ], [ 3.528202, 51.288385 ], [ 3.537005, 51.283775 ], [ 3.544154, 51.290707 ], [ 3.555432, 51.29037 ], [ 3.562268, 51.295509 ], [ 3.57539, 51.288767 ], [ 3.581995, 51.287684 ], [ 3.586625, 51.29345 ], [ 3.582, 51.298531 ], [ 3.589803, 51.305234 ], [ 3.615578, 51.296995 ], [ 3.621598, 51.293334 ], [ 3.638923, 51.288889 ], [ 3.657183, 51.290128 ], [ 3.669707, 51.285729 ], [ 3.678615, 51.281064 ], [ 3.687065, 51.280853 ], [ 3.693957, 51.276073 ], [ 3.715074, 51.271954 ], [ 3.725062, 51.273118 ], [ 3.754029, 51.269743 ], [ 3.764105, 51.261513 ], [ 3.769361, 51.260575 ], [ 3.775602, 51.263096 ], [ 3.794093, 51.256187 ], [ 3.789496, 51.244652 ], [ 3.790756, 51.21439 ], [ 3.801902, 51.210516 ], [ 3.807341, 51.212932 ], [ 3.823305, 51.209129 ], [ 3.836972, 51.21322 ], [ 3.842964, 51.21304 ], [ 3.852843, 51.212744 ], [ 3.85634, 51.211056 ], [ 3.888112, 51.22239 ], [ 3.892161, 51.219382 ], [ 3.891993, 51.216729 ], [ 3.878753, 51.207751 ], [ 3.886328, 51.20103 ], [ 3.894015, 51.203037 ], [ 3.90126, 51.202591 ], [ 3.918489, 51.208187 ], [ 3.917065, 51.214464 ], [ 3.928969, 51.219471 ], [ 3.937792, 51.212404 ], [ 3.945612, 51.215233 ], [ 3.958493, 51.216488 ], [ 3.965878, 51.223939 ], [ 3.977667, 51.225132 ], [ 3.985523, 51.233065 ], [ 4.005677, 51.241822 ], [ 4.008854, 51.243222 ], [ 4.018836, 51.245233 ], [ 4.025642, 51.241964 ], [ 4.036059, 51.245011 ], [ 4.040685, 51.241888 ] ], [ [ 3.814873, 51.340061 ], [ 3.817363, 51.340055 ], [ 3.818827, 51.343046 ], [ 3.812879, 51.343046 ], [ 3.814873, 51.340061 ] ], [ [ 4.920384, 51.396753 ], [ 4.914106, 51.395024 ], [ 4.920863, 51.393688 ], [ 4.92764, 51.395424 ], [ 4.920384, 51.396753 ] ], [ [ 3.71481, 51.628883 ], [ 3.717314, 51.627315 ], [ 3.721142, 51.629994 ], [ 3.71779, 51.631354 ], [ 3.71481, 51.628883 ] ], [ [ 3.704031, 51.626139 ], [ 3.705442, 51.623444 ], [ 3.7075, 51.625222 ], [ 3.705523, 51.629453 ], [ 3.709509, 51.631494 ], [ 3.709353, 51.632497 ], [ 3.715892, 51.637201 ], [ 3.712952, 51.637771 ], [ 3.715592, 51.64211 ], [ 3.708948, 51.643414 ], [ 3.708953, 51.640923 ], [ 3.703158, 51.636956 ], [ 3.699562, 51.6388 ], [ 3.695403, 51.634587 ], [ 3.686485, 51.628638 ], [ 3.682226, 51.623144 ], [ 3.678269, 51.622501 ], [ 3.679284, 51.621015 ], [ 3.682826, 51.621042 ], [ 3.68526, 51.619422 ], [ 3.680923, 51.617337 ], [ 3.682467, 51.615856 ], [ 3.686144, 51.61562 ], [ 3.689787, 51.622714 ], [ 3.693229, 51.625536 ], [ 3.698951, 51.628622 ], [ 3.704031, 51.626139 ] ], [ [ 4.904769, 53.129336 ], [ 4.908276, 53.134763 ], [ 4.90085, 53.143666 ], [ 4.891559, 53.152729 ], [ 4.886052, 53.156475 ], [ 4.881201, 53.155183 ], [ 4.878237, 53.157798 ], [ 4.877167, 53.163193 ], [ 4.879287, 53.164063 ], [ 4.875204, 53.169011 ], [ 4.87292, 53.173183 ], [ 4.869474, 53.174663 ], [ 4.860849, 53.182878 ], [ 4.858139, 53.183846 ], [ 4.850033, 53.184911 ], [ 4.843746, 53.184262 ], [ 4.841128, 53.182882 ], [ 4.837115, 53.177888 ], [ 4.830526, 53.172177 ], [ 4.820838, 53.16466 ], [ 4.818489, 53.161843 ], [ 4.809306, 53.15334 ], [ 4.797162, 53.140591 ], [ 4.802282, 53.139826 ], [ 4.802211, 53.13815 ], [ 4.805456, 53.136652 ], [ 4.810809, 53.138773 ], [ 4.812015, 53.137977 ], [ 4.807367, 53.135252 ], [ 4.808541, 53.134007 ], [ 4.799599, 53.132827 ], [ 4.796614, 53.135158 ], [ 4.798499, 53.137531 ], [ 4.794456, 53.137573 ], [ 4.78507, 53.1306 ], [ 4.763372, 53.110213 ], [ 4.758962, 53.105486 ], [ 4.751491, 53.098893 ], [ 4.734026, 53.079885 ], [ 4.725623, 53.068768 ], [ 4.72015, 53.061047 ], [ 4.717113, 53.05544 ], [ 4.712841, 53.043665 ], [ 4.712333, 53.041109 ], [ 4.711342, 53.036118 ], [ 4.70911, 53.027845 ], [ 4.708831, 53.022466 ], [ 4.709649, 53.013598 ], [ 4.711064, 53.010017 ], [ 4.712906, 52.99963 ], [ 4.717941, 52.994802 ], [ 4.718453, 52.986044 ], [ 4.720939, 52.98452 ], [ 4.730256, 52.98611 ], [ 4.755609, 52.992015 ], [ 4.757689, 52.993145 ], [ 4.755133, 52.995344 ], [ 4.756025, 52.996473 ], [ 4.764048, 52.997067 ], [ 4.769771, 52.996214 ], [ 4.773648, 52.99643 ], [ 4.773138, 52.998225 ], [ 4.764992, 53.001673 ], [ 4.761658, 53.001735 ], [ 4.754002, 53.004338 ], [ 4.749665, 53.008537 ], [ 4.751744, 53.009661 ], [ 4.767491, 53.005437 ], [ 4.77387, 53.005295 ], [ 4.777951, 53.003116 ], [ 4.781382, 53.004123 ], [ 4.784568, 53.001726 ], [ 4.791783, 53.001787 ], [ 4.795142, 53.003849 ], [ 4.791367, 53.005441 ], [ 4.791628, 53.007751 ], [ 4.819309, 53.029425 ], [ 4.820896, 53.030047 ], [ 4.829477, 53.029708 ], [ 4.837669, 53.030641 ], [ 4.843187, 53.032284 ], [ 4.848448, 53.035687 ], [ 4.851234, 53.038374 ], [ 4.849237, 53.038889 ], [ 4.853585, 53.040774 ], [ 4.85638, 53.040367 ], [ 4.858079, 53.041109 ], [ 4.861242, 53.04249 ], [ 4.863284, 53.047129 ], [ 4.871938, 53.054918 ], [ 4.872725, 53.057968 ], [ 4.872177, 53.062796 ], [ 4.87312, 53.064866 ], [ 4.875446, 53.064972 ], [ 4.879564, 53.06716 ], [ 4.881385, 53.070872 ], [ 4.888695, 53.073635 ], [ 4.892513, 53.076482 ], [ 4.896676, 53.077504 ], [ 4.900056, 53.084291 ], [ 4.900867, 53.087988 ], [ 4.900201, 53.093933 ], [ 4.898608, 53.098553 ], [ 4.90001, 53.124255 ], [ 4.902526, 53.128477 ], [ 4.904769, 53.129336 ] ], [ [ 5.247788, 53.252844 ], [ 5.248607, 53.250594 ], [ 5.252617, 53.249046 ], [ 5.258141, 53.24957 ], [ 5.261583, 53.251308 ], [ 5.270151, 53.251682 ], [ 5.267966, 53.253231 ], [ 5.256098, 53.254649 ], [ 5.249807, 53.255768 ], [ 5.245497, 53.255733 ], [ 5.242056, 53.253751 ], [ 5.241053, 53.250433 ], [ 5.243801, 53.247515 ], [ 5.246433, 53.248353 ], [ 5.243634, 53.251866 ], [ 5.247788, 53.252844 ] ], [ [ 4.862882, 53.206337 ], [ 4.8682, 53.208298 ], [ 4.876072, 53.215399 ], [ 4.881801, 53.217145 ], [ 4.914457, 53.216116 ], [ 4.922782, 53.217726 ], [ 4.942277, 53.23019 ], [ 4.943351, 53.233035 ], [ 4.967728, 53.241125 ], [ 4.970633, 53.250405 ], [ 4.97936, 53.252971 ], [ 4.972111, 53.261172 ], [ 4.974199, 53.265411 ], [ 4.988289, 53.270784 ], [ 5.039655, 53.28256 ], [ 5.064768, 53.293783 ], [ 5.092906, 53.296289 ], [ 5.100595, 53.303039 ], [ 5.092868, 53.305688 ], [ 5.065699, 53.307932 ], [ 5.032021, 53.300885 ], [ 4.968114, 53.275063 ], [ 4.941186, 53.258867 ], [ 4.922782, 53.250392 ], [ 4.857032, 53.223339 ], [ 4.852119, 53.219441 ], [ 4.850373, 53.211361 ], [ 4.854332, 53.207246 ], [ 4.862882, 53.206337 ] ], [ [ 5.523266, 53.429205 ], [ 5.529719, 53.430249 ], [ 5.54045, 53.43267 ], [ 5.54561, 53.437869 ], [ 5.548284, 53.435977 ], [ 5.550366, 53.436359 ], [ 5.547398, 53.43931 ], [ 5.539113, 53.44266 ], [ 5.530383, 53.444406 ], [ 5.510757, 53.445384 ], [ 5.490492, 53.444198 ], [ 5.47235, 53.441103 ], [ 5.464636, 53.439436 ], [ 5.454151, 53.437688 ], [ 5.443389, 53.434931 ], [ 5.425067, 53.431512 ], [ 5.404259, 53.427223 ], [ 5.389398, 53.424563 ], [ 5.345876, 53.417531 ], [ 5.314218, 53.413024 ], [ 5.274193, 53.407957 ], [ 5.244697, 53.402639 ], [ 5.224474, 53.399536 ], [ 5.209542, 53.397492 ], [ 5.199518, 53.395521 ], [ 5.191764, 53.391305 ], [ 5.186454, 53.386877 ], [ 5.180678, 53.38413 ], [ 5.179364, 53.381445 ], [ 5.163935, 53.368759 ], [ 5.154107, 53.358817 ], [ 5.153707, 53.357331 ], [ 5.153879, 53.35556 ], [ 5.16205, 53.351388 ], [ 5.165136, 53.352074 ], [ 5.173249, 53.34916 ], [ 5.179249, 53.34956 ], [ 5.184849, 53.348703 ], [ 5.194963, 53.349503 ], [ 5.199648, 53.352931 ], [ 5.207016, 53.356265 ], [ 5.213075, 53.355297 ], [ 5.216223, 53.356265 ], [ 5.217952, 53.361037 ], [ 5.222051, 53.365415 ], [ 5.238441, 53.366624 ], [ 5.243584, 53.364585 ], [ 5.244955, 53.366131 ], [ 5.254056, 53.369786 ], [ 5.256284, 53.371803 ], [ 5.260042, 53.372446 ], [ 5.268324, 53.371061 ], [ 5.277028, 53.372932 ], [ 5.283715, 53.371407 ], [ 5.292869, 53.370279 ], [ 5.296289, 53.370843 ], [ 5.296243, 53.372643 ], [ 5.300104, 53.375169 ], [ 5.303481, 53.374933 ], [ 5.310503, 53.37674 ], [ 5.314438, 53.379721 ], [ 5.32566, 53.377104 ], [ 5.326243, 53.37815 ], [ 5.3323, 53.380632 ], [ 5.344035, 53.382145 ], [ 5.356765, 53.386923 ], [ 5.368961, 53.39491 ], [ 5.374678, 53.397197 ], [ 5.376936, 53.399123 ], [ 5.382925, 53.401119 ], [ 5.399962, 53.403642 ], [ 5.409611, 53.404099 ], [ 5.440814, 53.403889 ], [ 5.449322, 53.404323 ], [ 5.454591, 53.403996 ], [ 5.462446, 53.404611 ], [ 5.478125, 53.408642 ], [ 5.478835, 53.410671 ], [ 5.468297, 53.41119 ], [ 5.454242, 53.41435 ], [ 5.447356, 53.417353 ], [ 5.451207, 53.419425 ], [ 5.459431, 53.415559 ], [ 5.466869, 53.41382 ], [ 5.473005, 53.41418 ], [ 5.471429, 53.416663 ], [ 5.47558, 53.416867 ], [ 5.476849, 53.418258 ], [ 5.485472, 53.417602 ], [ 5.485229, 53.419522 ], [ 5.492202, 53.42123 ], [ 5.492929, 53.423529 ], [ 5.494544, 53.422803 ], [ 5.501403, 53.424353 ], [ 5.512463, 53.428182 ], [ 5.515086, 53.430215 ], [ 5.517531, 53.428916 ], [ 5.523266, 53.429205 ] ], [ [ 5.966443, 53.459177 ], [ 5.96857, 53.462557 ], [ 5.966338, 53.465608 ], [ 5.960228, 53.46766 ], [ 5.9334, 53.468272 ], [ 5.77704, 53.460526 ], [ 5.751142, 53.460563 ], [ 5.685802, 53.465465 ], [ 5.658857, 53.471217 ], [ 5.64802, 53.469822 ], [ 5.63542, 53.464611 ], [ 5.617535, 53.45471 ], [ 5.613936, 53.448138 ], [ 5.619363, 53.437406 ], [ 5.635386, 53.428839 ], [ 5.64802, 53.425313 ], [ 5.681829, 53.425114 ], [ 5.704039, 53.430383 ], [ 5.727417, 53.442229 ], [ 5.77704, 53.4381 ], [ 5.806109, 53.437991 ], [ 5.886541, 53.450751 ], [ 5.908831, 53.456778 ], [ 5.93805, 53.457644 ], [ 5.96117, 53.461109 ], [ 5.966443, 53.459177 ] ], [ [ 6.130742, 53.474331 ], [ 6.136188, 53.469356 ], [ 6.145071, 53.46553 ], [ 6.145313, 53.461154 ], [ 6.149163, 53.460403 ], [ 6.151718, 53.465367 ], [ 6.157298, 53.466759 ], [ 6.161339, 53.471448 ], [ 6.192164, 53.472334 ], [ 6.22199, 53.476198 ], [ 6.253911, 53.478086 ], [ 6.269495, 53.485558 ], [ 6.279229, 53.489787 ], [ 6.308219, 53.495464 ], [ 6.324045, 53.500416 ], [ 6.332664, 53.500945 ], [ 6.336344, 53.505276 ], [ 6.360525, 53.506168 ], [ 6.394383, 53.512112 ], [ 6.397848, 53.51451 ], [ 6.390924, 53.51704 ], [ 6.370647, 53.517593 ], [ 6.302549, 53.509737 ], [ 6.156008, 53.500884 ], [ 6.15235, 53.499673 ], [ 6.152832, 53.496929 ], [ 6.142054, 53.492082 ], [ 6.13377, 53.485558 ], [ 6.130742, 53.474331 ] ], [ [ 6.58377, 53.523728 ], [ 6.589962, 53.520065 ], [ 6.596446, 53.519295 ], [ 6.599743, 53.520211 ], [ 6.599523, 53.52164 ], [ 6.595896, 53.520944 ], [ 6.596812, 53.524681 ], [ 6.593259, 53.52622 ], [ 6.588679, 53.526586 ], [ 6.585492, 53.525634 ], [ 6.58377, 53.523728 ] ], [ [ 6.527281, 53.533159 ], [ 6.528239, 53.534015 ], [ 6.52314, 53.537247 ], [ 6.510255, 53.540095 ], [ 6.506718, 53.542671 ], [ 6.499852, 53.549404 ], [ 6.492689, 53.55387 ], [ 6.487261, 53.555472 ], [ 6.48194, 53.554382 ], [ 6.470887, 53.550204 ], [ 6.462642, 53.545546 ], [ 6.459497, 53.542729 ], [ 6.458786, 53.539911 ], [ 6.465122, 53.532473 ], [ 6.467613, 53.530413 ], [ 6.47281, 53.523223 ], [ 6.475017, 53.51824 ], [ 6.479288, 53.51881 ], [ 6.48064, 53.5218 ], [ 6.486179, 53.524911 ], [ 6.483856, 53.531415 ], [ 6.484719, 53.532262 ], [ 6.479937, 53.534187 ], [ 6.47822, 53.535895 ], [ 6.480142, 53.537319 ], [ 6.491817, 53.539169 ], [ 6.496443, 53.537979 ], [ 6.49415, 53.536406 ], [ 6.483965, 53.534982 ], [ 6.486616, 53.532883 ], [ 6.49599, 53.532712 ], [ 6.501004, 53.533857 ], [ 6.502258, 53.535432 ], [ 6.505497, 53.533331 ], [ 6.509732, 53.532793 ], [ 6.510057, 53.533811 ], [ 6.502958, 53.538322 ], [ 6.495683, 53.541119 ], [ 6.488764, 53.545032 ], [ 6.487697, 53.544025 ], [ 6.484821, 53.545312 ], [ 6.476744, 53.547157 ], [ 6.476983, 53.549415 ], [ 6.483627, 53.548134 ], [ 6.487599, 53.548828 ], [ 6.492419, 53.545355 ], [ 6.502347, 53.540328 ], [ 6.513234, 53.535882 ], [ 6.527281, 53.533159 ] ], [ [ 6.614955, 53.534917 ], [ 6.617295, 53.533382 ], [ 6.619162, 53.534049 ], [ 6.614584, 53.536982 ], [ 6.613251, 53.539338 ], [ 6.606229, 53.541959 ], [ 6.599297, 53.543381 ], [ 6.586587, 53.543426 ], [ 6.564545, 53.542537 ], [ 6.560989, 53.540848 ], [ 6.560501, 53.538449 ], [ 6.557657, 53.533249 ], [ 6.559313, 53.531192 ], [ 6.561121, 53.53159 ], [ 6.562711, 53.534772 ], [ 6.563796, 53.539508 ], [ 6.573811, 53.539327 ], [ 6.582524, 53.53488 ], [ 6.585922, 53.536724 ], [ 6.593117, 53.538677 ], [ 6.604, 53.537303 ], [ 6.614955, 53.534917 ] ], [ [ 6.745163, 53.569676 ], [ 6.741376, 53.570836 ], [ 6.741237, 53.572965 ], [ 6.738641, 53.572886 ], [ 6.738605, 53.574429 ], [ 6.727264, 53.580987 ], [ 6.719906, 53.582795 ], [ 6.71992, 53.583784 ], [ 6.737767, 53.587963 ], [ 6.754103, 53.596001 ], [ 6.799717, 53.597857 ], [ 6.810725, 53.601208 ], [ 6.811445, 53.603509 ], [ 6.776658, 53.614943 ], [ 6.758865, 53.617776 ], [ 6.679102, 53.603765 ], [ 6.667366, 53.603022 ], [ 6.654594, 53.595965 ], [ 6.656435, 53.585625 ], [ 6.664862, 53.578012 ], [ 6.679717, 53.573555 ], [ 6.691712, 53.568253 ], [ 6.697327, 53.565376 ], [ 6.700896, 53.566701 ], [ 6.704803, 53.564581 ], [ 6.708927, 53.563658 ], [ 6.714806, 53.559572 ], [ 6.716958, 53.560722 ], [ 6.712286, 53.562784 ], [ 6.710185, 53.565771 ], [ 6.706451, 53.568206 ], [ 6.712085, 53.570191 ], [ 6.717509, 53.570906 ], [ 6.722478, 53.569461 ], [ 6.732385, 53.570157 ], [ 6.74026, 53.567451 ], [ 6.744314, 53.562309 ], [ 6.743392, 53.557241 ], [ 6.748586, 53.557547 ], [ 6.749552, 53.558887 ], [ 6.746702, 53.559575 ], [ 6.747167, 53.562617 ], [ 6.753, 53.562884 ], [ 6.75488, 53.56059 ], [ 6.758695, 53.562946 ], [ 6.756897, 53.568245 ], [ 6.749527, 53.56969 ], [ 6.745163, 53.569676 ] ], [ [ 6.867514, 53.590797 ], [ 6.865237, 53.593109 ], [ 6.861808, 53.590857 ], [ 6.865236, 53.588771 ], [ 6.867514, 53.590797 ] ], [ [ 6.866808, 53.644965 ], [ 6.865384, 53.640169 ], [ 6.877068, 53.628792 ], [ 6.891201, 53.625783 ], [ 6.897109, 53.627592 ], [ 6.89259, 53.631695 ], [ 6.899316, 53.639664 ], [ 6.909335, 53.643696 ], [ 6.89926, 53.648775 ], [ 6.904862, 53.650876 ], [ 6.905216, 53.652359 ], [ 6.900545, 53.653626 ], [ 6.895362, 53.653315 ], [ 6.890447, 53.651876 ], [ 6.884242, 53.648775 ], [ 6.866808, 53.644965 ] ], [ [ 6.919296, 53.666226 ], [ 6.932469, 53.667797 ], [ 6.965205, 53.671701 ], [ 6.978034, 53.671055 ], [ 6.989526, 53.673515 ], [ 6.994685, 53.672338 ], [ 6.996857, 53.673755 ], [ 7.015136, 53.674086 ], [ 7.050238, 53.678793 ], [ 7.096437, 53.67889 ], [ 7.099482, 53.681752 ], [ 7.097301, 53.683835 ], [ 7.088562, 53.685862 ], [ 7.050238, 53.686105 ], [ 6.977753, 53.68138 ], [ 6.932469, 53.676172 ], [ 6.896077, 53.671986 ], [ 6.868713, 53.671155 ], [ 6.860223, 53.668784 ], [ 6.852422, 53.663091 ], [ 6.860987, 53.662579 ], [ 6.875309, 53.666529 ], [ 6.888535, 53.664289 ], [ 6.919296, 53.666226 ] ], [ [ 7.347277, 53.723609 ], [ 7.34425, 53.725503 ], [ 7.332002, 53.727075 ], [ 7.321753, 53.726242 ], [ 7.287624, 53.724676 ], [ 7.282902, 53.724696 ], [ 7.271845, 53.72378 ], [ 7.229292, 53.722836 ], [ 7.219529, 53.723263 ], [ 7.209618, 53.722667 ], [ 7.197263, 53.722576 ], [ 7.190403, 53.72306 ], [ 7.186296, 53.722712 ], [ 7.166809, 53.718262 ], [ 7.155196, 53.714267 ], [ 7.143396, 53.711163 ], [ 7.13803, 53.708422 ], [ 7.137259, 53.706973 ], [ 7.141278, 53.701155 ], [ 7.145458, 53.700007 ], [ 7.152725, 53.69687 ], [ 7.16285, 53.697669 ], [ 7.167565, 53.701025 ], [ 7.168937, 53.703843 ], [ 7.165072, 53.706345 ], [ 7.166595, 53.707409 ], [ 7.171095, 53.707685 ], [ 7.176771, 53.704563 ], [ 7.17778, 53.701329 ], [ 7.183335, 53.700863 ], [ 7.191407, 53.699293 ], [ 7.196604, 53.699281 ], [ 7.199053, 53.700262 ], [ 7.202332, 53.705176 ], [ 7.206305, 53.705246 ], [ 7.208756, 53.706597 ], [ 7.212272, 53.706436 ], [ 7.212396, 53.705179 ], [ 7.215488, 53.705186 ], [ 7.215455, 53.703586 ], [ 7.259497, 53.703726 ], [ 7.26401, 53.704108 ], [ 7.270252, 53.703687 ], [ 7.278621, 53.705733 ], [ 7.287704, 53.706597 ], [ 7.290999, 53.707626 ], [ 7.300632, 53.708875 ], [ 7.304435, 53.710201 ], [ 7.321127, 53.711716 ], [ 7.331132, 53.713828 ], [ 7.335967, 53.715552 ], [ 7.338346, 53.717269 ], [ 7.347009, 53.718661 ], [ 7.348038, 53.720364 ], [ 7.347277, 53.723609 ] ], [ [ 7.363101, 53.728777 ], [ 7.36069, 53.726471 ], [ 7.3698, 53.722601 ], [ 7.38776, 53.720166 ], [ 7.406047, 53.720158 ], [ 7.42663, 53.720813 ], [ 7.431098, 53.722914 ], [ 7.434289, 53.729755 ], [ 7.426252, 53.733113 ], [ 7.406047, 53.735237 ], [ 7.386263, 53.735169 ], [ 7.363101, 53.728777 ] ], [ [ 7.63067, 53.746823 ], [ 7.631441, 53.748541 ], [ 7.628213, 53.753654 ], [ 7.625734, 53.754715 ], [ 7.613211, 53.757043 ], [ 7.593316, 53.759076 ], [ 7.572454, 53.759324 ], [ 7.560681, 53.758807 ], [ 7.548591, 53.758806 ], [ 7.512801, 53.757116 ], [ 7.503141, 53.757104 ], [ 7.498097, 53.756897 ], [ 7.490865, 53.7566 ], [ 7.479776, 53.754364 ], [ 7.474865, 53.751803 ], [ 7.469226, 53.74611 ], [ 7.465733, 53.735147 ], [ 7.463388, 53.730058 ], [ 7.461541, 53.728498 ], [ 7.460637, 53.725334 ], [ 7.462316, 53.723709 ], [ 7.468328, 53.723238 ], [ 7.470518, 53.721044 ], [ 7.475407, 53.720697 ], [ 7.480381, 53.72172 ], [ 7.481172, 53.724956 ], [ 7.484355, 53.725937 ], [ 7.490833, 53.723953 ], [ 7.49181, 53.722596 ], [ 7.495668, 53.723054 ], [ 7.494155, 53.726414 ], [ 7.498097, 53.728608 ], [ 7.503367, 53.731542 ], [ 7.50185, 53.735335 ], [ 7.50607, 53.739936 ], [ 7.511623, 53.743259 ], [ 7.514675, 53.743833 ], [ 7.523978, 53.744009 ], [ 7.527096, 53.743631 ], [ 7.539203, 53.743687 ], [ 7.556062, 53.746916 ], [ 7.57158, 53.748427 ], [ 7.602222, 53.747147 ], [ 7.61338, 53.746004 ], [ 7.6218, 53.746175 ], [ 7.63067, 53.746823 ] ], [ [ 7.812011, 53.781443 ], [ 7.770168, 53.781041 ], [ 7.720564, 53.782154 ], [ 7.698654, 53.780644 ], [ 7.678416, 53.773506 ], [ 7.669074, 53.766625 ], [ 7.665693, 53.761089 ], [ 7.669411, 53.754591 ], [ 7.681852, 53.75205 ], [ 7.697321, 53.764701 ], [ 7.698509, 53.762614 ], [ 7.705014, 53.763495 ], [ 7.739444, 53.760058 ], [ 7.756647, 53.760605 ], [ 7.770168, 53.764716 ], [ 7.796753, 53.76982 ], [ 7.813158, 53.774823 ], [ 7.815594, 53.778426 ], [ 7.812011, 53.781443 ] ], [ [ 7.978146, 53.779824 ], [ 7.974674, 53.780369 ], [ 7.975339, 53.776288 ], [ 7.977287, 53.775168 ], [ 7.978146, 53.779824 ] ], [ [ 7.891537, 53.794238 ], [ 7.881917, 53.794777 ], [ 7.87319, 53.794331 ], [ 7.864579, 53.793891 ], [ 7.856727, 53.792184 ], [ 7.850731, 53.790153 ], [ 7.847415, 53.787414 ], [ 7.851185, 53.784365 ], [ 7.858105, 53.781252 ], [ 7.864089, 53.775883 ], [ 7.864744, 53.773059 ], [ 7.866886, 53.773801 ], [ 7.868648, 53.778176 ], [ 7.869742, 53.783986 ], [ 7.87319, 53.787309 ], [ 7.874468, 53.78854 ], [ 7.880919, 53.786919 ], [ 7.887168, 53.786244 ], [ 7.900412, 53.783361 ], [ 7.909148, 53.781157 ], [ 7.917432, 53.780137 ], [ 7.930815, 53.78035 ], [ 7.935038, 53.779856 ], [ 7.94265, 53.780981 ], [ 7.944104, 53.782172 ], [ 7.949962, 53.781648 ], [ 7.960871, 53.778549 ], [ 7.967497, 53.77604 ], [ 7.970389, 53.775938 ], [ 7.96889, 53.779229 ], [ 7.974652, 53.780388 ], [ 7.972631, 53.782337 ], [ 7.962429, 53.784515 ], [ 7.956589, 53.786589 ], [ 7.945175, 53.788064 ], [ 7.92989, 53.79049 ], [ 7.926999, 53.790559 ], [ 7.914038, 53.792354 ], [ 7.907149, 53.793694 ], [ 7.899375, 53.794338 ], [ 7.891537, 53.794238 ] ], [ [ 8.492628, 53.93012 ], [ 8.489411, 53.92657 ], [ 8.486646, 53.918053 ], [ 8.486542, 53.914632 ], [ 8.487419, 53.913687 ], [ 8.498754, 53.912471 ], [ 8.506473, 53.914486 ], [ 8.514756, 53.917624 ], [ 8.517211, 53.920564 ], [ 8.51702, 53.922816 ], [ 8.513084, 53.92537 ], [ 8.504685, 53.928552 ], [ 8.498611, 53.931745 ], [ 8.492628, 53.93012 ] ], [ [ 8.448679, 53.956333 ], [ 8.450961, 53.9611 ], [ 8.446035, 53.963775 ], [ 8.440383, 53.964129 ], [ 8.435745, 53.962382 ], [ 8.435049, 53.960088 ], [ 8.440656, 53.958383 ], [ 8.437883, 53.957451 ], [ 8.430958, 53.95887 ], [ 8.426092, 53.957365 ], [ 8.423852, 53.955666 ], [ 8.421538, 53.95194 ], [ 8.420316, 53.947409 ], [ 8.421545, 53.944691 ], [ 8.425294, 53.942992 ], [ 8.432047, 53.943505 ], [ 8.438811, 53.945416 ], [ 8.440718, 53.948926 ], [ 8.443149, 53.950883 ], [ 8.445494, 53.95461 ], [ 8.448679, 53.956333 ] ], [ [ 8.693736, 54.045629 ], [ 8.700349, 54.047114 ], [ 8.701137, 54.048064 ], [ 8.697181, 54.048532 ], [ 8.694292, 54.047861 ], [ 8.689464, 54.048475 ], [ 8.685749, 54.051805 ], [ 8.691173, 54.052817 ], [ 8.690608, 54.054031 ], [ 8.6936, 54.055951 ], [ 8.699815, 54.057118 ], [ 8.700481, 54.058665 ], [ 8.691029, 54.06092 ], [ 8.693459, 54.064988 ], [ 8.697027, 54.065874 ], [ 8.70008, 54.067795 ], [ 8.698466, 54.071074 ], [ 8.691968, 54.070646 ], [ 8.685746, 54.068104 ], [ 8.680682, 54.063963 ], [ 8.67802, 54.055516 ], [ 8.679428, 54.050771 ], [ 8.684369, 54.046431 ], [ 8.688133, 54.045408 ], [ 8.693736, 54.045629 ] ], [ [ 7.889189, 54.185288 ], [ 7.883904, 54.188385 ], [ 7.873142, 54.188407 ], [ 7.870301, 54.188011 ], [ 7.891283, 54.173418 ], [ 7.893155, 54.175049 ], [ 7.889626, 54.178487 ], [ 7.891253, 54.181394 ], [ 7.889189, 54.185288 ] ], [ [ 7.901449, 54.187374 ], [ 7.906646, 54.182283 ], [ 7.909879, 54.181141 ], [ 7.916524, 54.182011 ], [ 7.920419, 54.18453 ], [ 7.918052, 54.187816 ], [ 7.919415, 54.189367 ], [ 7.914202, 54.189243 ], [ 7.904752, 54.18715 ], [ 7.901449, 54.187374 ] ], [ [ 8.56202, 54.464792 ], [ 8.55593, 54.466922 ], [ 8.547681, 54.468653 ], [ 8.544889, 54.46558 ], [ 8.54948, 54.460587 ], [ 8.552025, 54.459623 ], [ 8.557014, 54.460675 ], [ 8.562182, 54.463932 ], [ 8.56202, 54.464792 ] ], [ [ 8.730204, 54.463075 ], [ 8.733273, 54.467662 ], [ 8.727084, 54.468041 ], [ 8.71808, 54.466489 ], [ 8.722199, 54.463487 ], [ 8.725419, 54.462191 ], [ 8.730204, 54.463075 ] ], [ [ 8.702228, 54.557652 ], [ 8.698208, 54.556286 ], [ 8.68744, 54.556809 ], [ 8.668065, 54.550231 ], [ 8.640206, 54.544502 ], [ 8.640035, 54.543465 ], [ 8.637725, 54.541613 ], [ 8.633753, 54.53843 ], [ 8.626143, 54.535775 ], [ 8.598817, 54.534226 ], [ 8.593057, 54.532568 ], [ 8.588151, 54.528464 ], [ 8.587356, 54.522983 ], [ 8.592367, 54.508825 ], [ 8.60565, 54.501084 ], [ 8.611779, 54.494488 ], [ 8.624248, 54.489326 ], [ 8.637725, 54.489657 ], [ 8.640206, 54.489718 ], [ 8.671019, 54.495132 ], [ 8.687448, 54.508313 ], [ 8.695503, 54.504356 ], [ 8.696793, 54.505075 ], [ 8.689929, 54.510199 ], [ 8.696386, 54.516099 ], [ 8.690759, 54.521633 ], [ 8.69757, 54.525208 ], [ 8.707803, 54.543465 ], [ 8.71032, 54.553196 ], [ 8.702228, 54.557652 ] ], [ [ 8.518574, 54.529274 ], [ 8.514721, 54.53014 ], [ 8.510344, 54.528372 ], [ 8.514393, 54.527259 ], [ 8.518574, 54.529274 ] ], [ [ 8.80992, 54.554908 ], [ 8.803081, 54.555267 ], [ 8.792105, 54.551655 ], [ 8.792675, 54.551112 ], [ 8.80992, 54.547226 ], [ 8.822725, 54.543271 ], [ 8.827097, 54.545462 ], [ 8.828131, 54.548613 ], [ 8.826915, 54.550032 ], [ 8.80992, 54.554908 ] ], [ [ 8.559318, 54.577543 ], [ 8.557341, 54.578616 ], [ 8.54919, 54.579302 ], [ 8.544267, 54.576769 ], [ 8.532983, 54.575275 ], [ 8.527674, 54.576255 ], [ 8.523755, 54.577714 ], [ 8.51371, 54.57922 ], [ 8.510775, 54.578629 ], [ 8.508327, 54.576741 ], [ 8.512589, 54.572056 ], [ 8.517103, 54.569931 ], [ 8.523305, 54.569302 ], [ 8.52686, 54.567149 ], [ 8.534723, 54.565779 ], [ 8.538046, 54.564368 ], [ 8.543481, 54.558887 ], [ 8.548011, 54.556949 ], [ 8.564385, 54.557012 ], [ 8.571286, 54.558409 ], [ 8.573714, 54.560499 ], [ 8.575767, 54.560402 ], [ 8.575699, 54.565352 ], [ 8.572273, 54.567275 ], [ 8.566979, 54.569086 ], [ 8.560669, 54.573814 ], [ 8.559318, 54.577543 ] ], [ [ 8.819059, 54.595213 ], [ 8.824754, 54.600378 ], [ 8.830775, 54.602898 ], [ 8.830465, 54.603839 ], [ 8.823702, 54.604832 ], [ 8.81463, 54.60241 ], [ 8.808844, 54.602993 ], [ 8.8138, 54.596851 ], [ 8.819059, 54.595213 ] ], [ [ 8.709916, 54.632387 ], [ 8.710295, 54.631585 ], [ 8.719119, 54.627291 ], [ 8.728247, 54.628717 ], [ 8.737659, 54.634636 ], [ 8.738279, 54.63758 ], [ 8.735596, 54.640226 ], [ 8.738631, 54.642799 ], [ 8.736314, 54.643956 ], [ 8.73302, 54.643429 ], [ 8.729822, 54.641613 ], [ 8.719836, 54.639373 ], [ 8.717461, 54.640883 ], [ 8.71378, 54.639161 ], [ 8.7108, 54.635322 ], [ 8.709916, 54.632387 ] ], [ [ 8.769009, 54.63683 ], [ 8.770373, 54.638266 ], [ 8.766552, 54.638024 ], [ 8.760474, 54.635845 ], [ 8.762224, 54.63498 ], [ 8.769009, 54.63683 ] ], [ [ 8.546544, 54.618802 ], [ 8.562341, 54.626642 ], [ 8.569842, 54.627333 ], [ 8.586729, 54.634398 ], [ 8.595856, 54.635646 ], [ 8.607155, 54.633178 ], [ 8.637725, 54.638305 ], [ 8.640207, 54.638721 ], [ 8.656606, 54.643664 ], [ 8.66307, 54.655114 ], [ 8.651712, 54.65705 ], [ 8.640207, 54.650414 ], [ 8.637725, 54.649862 ], [ 8.602418, 54.642001 ], [ 8.553584, 54.635585 ], [ 8.541077, 54.635958 ], [ 8.532306, 54.631759 ], [ 8.529434, 54.62675 ], [ 8.546544, 54.618802 ] ], [ [ 8.3994, 54.617503 ], [ 8.391232, 54.619326 ], [ 8.387486, 54.623108 ], [ 8.401117, 54.626848 ], [ 8.3977, 54.629032 ], [ 8.386319, 54.628245 ], [ 8.379423, 54.633204 ], [ 8.380903, 54.640363 ], [ 8.373616, 54.645725 ], [ 8.361749, 54.65034 ], [ 8.349855, 54.675365 ], [ 8.341375, 54.690389 ], [ 8.346028, 54.704006 ], [ 8.340228, 54.702426 ], [ 8.330517, 54.695416 ], [ 8.321829, 54.688974 ], [ 8.306721, 54.681702 ], [ 8.29693, 54.673025 ], [ 8.294351, 54.665605 ], [ 8.304382, 54.654242 ], [ 8.330517, 54.634153 ], [ 8.33881, 54.627777 ], [ 8.365132, 54.609656 ], [ 8.379477, 54.610082 ], [ 8.396901, 54.614442 ], [ 8.3994, 54.617503 ] ], [ [ 8.690725, 54.67629 ], [ 8.68175, 54.676051 ], [ 8.680856, 54.675483 ], [ 8.683444, 54.672036 ], [ 8.709879, 54.672579 ], [ 8.708745, 54.674737 ], [ 8.710871, 54.678457 ], [ 8.713186, 54.680101 ], [ 8.701614, 54.680331 ], [ 8.698891, 54.680994 ], [ 8.695726, 54.67826 ], [ 8.690725, 54.67629 ] ], [ [ 8.583716, 54.745313 ], [ 8.567702, 54.751387 ], [ 8.5418, 54.75541 ], [ 8.534793, 54.755602 ], [ 8.51709, 54.751282 ], [ 8.513794, 54.75397 ], [ 8.504895, 54.751813 ], [ 8.48614, 54.749919 ], [ 8.476935, 54.752099 ], [ 8.467934, 54.751215 ], [ 8.436914, 54.748229 ], [ 8.418777, 54.741889 ], [ 8.407771, 54.732913 ], [ 8.404361, 54.730131 ], [ 8.395386, 54.715077 ], [ 8.396437, 54.70484 ], [ 8.402653, 54.700439 ], [ 8.407771, 54.699276 ], [ 8.426835, 54.694941 ], [ 8.448209, 54.692795 ], [ 8.450908, 54.693014 ], [ 8.467934, 54.683342 ], [ 8.486172, 54.680346 ], [ 8.525841, 54.68084 ], [ 8.55522, 54.679075 ], [ 8.567238, 54.680756 ], [ 8.575726, 54.692388 ], [ 8.576029, 54.702008 ], [ 8.581968, 54.710203 ], [ 8.596282, 54.718734 ], [ 8.586197, 54.726899 ], [ 8.584794, 54.7295 ], [ 8.587942, 54.741108 ], [ 8.583716, 54.745313 ] ], [ [ 8.361002, 54.869485 ], [ 8.35885, 54.868346 ], [ 8.361835, 54.866653 ], [ 8.364852, 54.86657 ], [ 8.365212, 54.868297 ], [ 8.361002, 54.869485 ] ], [ [ 11.428848, 53.939905 ], [ 11.428109, 53.94265 ], [ 11.423811, 53.941714 ], [ 11.426587, 53.938482 ], [ 11.428848, 53.939905 ] ], [ [ 11.479562, 53.982158 ], [ 11.47834, 53.986115 ], [ 11.478947, 53.997826 ], [ 11.485602, 54.002124 ], [ 11.489264, 53.999852 ], [ 11.492585, 54.003331 ], [ 11.496083, 54.015778 ], [ 11.494005, 54.021374 ], [ 11.475988, 54.024152 ], [ 11.464688, 54.024146 ], [ 11.446887, 54.021262 ], [ 11.431606, 54.01647 ], [ 11.40311, 54.008354 ], [ 11.377283, 53.996473 ], [ 11.374762, 53.992344 ], [ 11.379039, 53.97396 ], [ 11.384821, 53.968982 ], [ 11.392946, 53.973981 ], [ 11.399468, 53.970321 ], [ 11.400267, 53.968016 ], [ 11.388462, 53.967131 ], [ 11.39194, 53.964952 ], [ 11.400027, 53.964359 ], [ 11.412216, 53.966416 ], [ 11.427319, 53.96121 ], [ 11.428535, 53.981973 ], [ 11.431606, 53.987993 ], [ 11.440345, 53.995133 ], [ 11.445578, 53.996439 ], [ 11.445192, 53.986115 ], [ 11.4457, 53.974523 ], [ 11.441796, 53.964256 ], [ 11.445779, 53.959344 ], [ 11.453762, 53.957773 ], [ 11.465541, 53.96958 ], [ 11.470582, 53.970949 ], [ 11.468445, 53.974158 ], [ 11.473342, 53.979657 ], [ 11.479562, 53.982158 ] ], [ [ 11.49628, 54.029168 ], [ 11.499121, 54.029958 ], [ 11.496039, 54.031548 ], [ 11.488852, 54.027334 ], [ 11.48621, 54.025171 ], [ 11.494946, 54.025103 ], [ 11.49628, 54.029168 ] ], [ [ 11.515249, 54.060001 ], [ 11.512795, 54.056627 ], [ 11.511581, 54.051402 ], [ 11.512229, 54.040852 ], [ 11.514234, 54.040683 ], [ 11.516994, 54.048358 ], [ 11.515183, 54.054097 ], [ 11.516963, 54.059696 ], [ 11.515249, 54.060001 ] ], [ [ 12.104331, 54.165309 ], [ 12.104907, 54.164014 ], [ 12.108626, 54.164014 ], [ 12.108204, 54.167404 ], [ 12.104551, 54.166815 ], [ 12.104331, 54.165309 ] ], [ [ 12.528047, 54.353617 ], [ 12.526637, 54.35198 ], [ 12.529246, 54.348026 ], [ 12.531276, 54.350056 ], [ 12.530364, 54.353386 ], [ 12.528047, 54.353617 ] ], [ [ 12.528023, 54.358169 ], [ 12.529528, 54.356461 ], [ 12.528303, 54.354953 ], [ 12.53299, 54.354724 ], [ 12.534336, 54.35679 ], [ 12.530959, 54.358508 ], [ 12.528023, 54.358169 ] ], [ [ 12.527373, 54.360238 ], [ 12.524867, 54.35943 ], [ 12.526379, 54.358087 ], [ 12.527919, 54.358446 ], [ 12.527373, 54.360238 ] ], [ [ 12.5236, 54.368143 ], [ 12.525878, 54.36696 ], [ 12.524561, 54.364921 ], [ 12.526881, 54.363514 ], [ 12.528893, 54.366182 ], [ 12.528879, 54.3689 ], [ 12.5236, 54.368143 ] ], [ [ 12.585756, 54.37633 ], [ 12.583441, 54.379249 ], [ 12.579989, 54.377229 ], [ 12.584539, 54.375003 ], [ 12.585756, 54.37633 ] ], [ [ 11.022769, 54.37989 ], [ 11.021207, 54.380631 ], [ 11.014606, 54.380719 ], [ 11.005689, 54.379899 ], [ 10.997462, 54.379748 ], [ 10.986494, 54.380876 ], [ 10.987209, 54.3787 ], [ 10.985836, 54.376626 ], [ 10.987448, 54.375812 ], [ 10.991992, 54.377056 ], [ 10.993367, 54.37903 ], [ 10.997985, 54.375189 ], [ 11.00167, 54.376734 ], [ 11.003655, 54.376145 ], [ 11.006991, 54.377298 ], [ 11.009435, 54.375667 ], [ 11.014722, 54.377324 ], [ 11.017009, 54.375785 ], [ 11.02336, 54.376768 ], [ 11.022769, 54.37989 ] ], [ [ 12.73623, 54.40801 ], [ 12.737371, 54.411438 ], [ 12.734325, 54.413136 ], [ 12.729172, 54.412405 ], [ 12.725025, 54.412638 ], [ 12.720346, 54.409233 ], [ 12.71793, 54.405707 ], [ 12.719495, 54.404737 ], [ 12.729778, 54.404896 ], [ 12.73401, 54.407628 ], [ 12.73623, 54.40801 ] ], [ [ 11.188766, 54.408517 ], [ 11.186162, 54.410946 ], [ 11.182321, 54.409199 ], [ 11.186806, 54.407235 ], [ 11.188766, 54.408517 ] ], [ [ 12.638201, 54.416445 ], [ 12.639366, 54.418147 ], [ 12.644752, 54.417002 ], [ 12.643143, 54.420605 ], [ 12.638201, 54.423493 ], [ 12.63578, 54.421402 ], [ 12.636113, 54.417484 ], [ 12.638201, 54.416445 ] ], [ [ 11.043184, 54.428809 ], [ 11.045423, 54.429835 ], [ 11.03743, 54.431505 ], [ 11.036447, 54.433928 ], [ 11.033506, 54.4366 ], [ 11.031712, 54.436834 ], [ 11.026362, 54.435666 ], [ 11.033506, 54.432104 ], [ 11.038181, 54.429899 ], [ 11.043184, 54.428809 ] ], [ [ 12.960931, 54.437185 ], [ 12.962288, 54.439105 ], [ 12.958799, 54.441731 ], [ 12.95242, 54.442669 ], [ 12.929807, 54.443136 ], [ 12.925509, 54.440341 ], [ 12.923596, 54.434711 ], [ 12.925603, 54.43319 ], [ 12.92997, 54.431943 ], [ 12.93229, 54.432421 ], [ 12.93401, 54.435498 ], [ 12.938472, 54.438551 ], [ 12.948498, 54.440362 ], [ 12.957385, 54.438823 ], [ 12.957598, 54.437307 ], [ 12.960931, 54.437185 ] ], [ [ 11.083074, 54.438154 ], [ 11.086837, 54.436229 ], [ 11.090334, 54.436317 ], [ 11.089996, 54.437749 ], [ 11.085985, 54.438941 ], [ 11.083074, 54.438154 ] ], [ [ 12.990761, 54.443508 ], [ 12.990545, 54.446319 ], [ 12.984681, 54.443553 ], [ 12.985887, 54.442495 ], [ 12.990761, 54.443508 ] ], [ [ 12.98561, 54.433656 ], [ 12.999121, 54.440006 ], [ 13.008487, 54.442218 ], [ 13.036536, 54.443667 ], [ 13.039822, 54.442293 ], [ 13.041815, 54.443272 ], [ 13.05547, 54.449976 ], [ 13.057726, 54.451083 ], [ 13.05547, 54.453198 ], [ 13.053567, 54.454983 ], [ 13.051005, 54.459602 ], [ 13.048912, 54.460199 ], [ 13.047088, 54.459478 ], [ 13.045839, 54.454983 ], [ 13.041815, 54.452552 ], [ 13.039822, 54.451348 ], [ 13.032048, 54.447213 ], [ 13.000447, 54.447293 ], [ 12.993899, 54.444995 ], [ 12.989604, 54.43951 ], [ 12.984389, 54.437084 ], [ 12.983116, 54.440914 ], [ 12.978869, 54.442103 ], [ 12.970347, 54.440161 ], [ 12.968327, 54.438138 ], [ 12.975193, 54.433272 ], [ 12.98561, 54.433656 ] ], [ [ 11.273558, 54.457221 ], [ 11.256062, 54.470843 ], [ 11.240999, 54.492694 ], [ 11.227894, 54.502016 ], [ 11.199972, 54.509145 ], [ 11.165305, 54.521471 ], [ 11.069309, 54.533895 ], [ 11.046904, 54.523776 ], [ 11.031213, 54.510691 ], [ 11.011671, 54.483033 ], [ 11.005464, 54.452654 ], [ 11.01191, 54.442314 ], [ 11.018149, 54.440255 ], [ 11.028119, 54.443925 ], [ 11.050139, 54.447072 ], [ 11.06236, 54.451143 ], [ 11.089084, 54.446312 ], [ 11.094118, 54.442979 ], [ 11.099264, 54.434115 ], [ 11.096263, 54.421779 ], [ 11.097335, 54.412544 ], [ 11.122758, 54.403208 ], [ 11.156119, 54.401704 ], [ 11.17256, 54.40294 ], [ 11.176452, 54.406721 ], [ 11.171562, 54.415477 ], [ 11.17569, 54.418211 ], [ 11.184227, 54.419546 ], [ 11.204016, 54.41672 ], [ 11.204153, 54.414506 ], [ 11.199269, 54.41112 ], [ 11.201778, 54.409289 ], [ 11.233716, 54.411402 ], [ 11.256062, 54.410167 ], [ 11.259049, 54.409986 ], [ 11.285172, 54.404991 ], [ 11.311255, 54.40448 ], [ 11.31095, 54.409092 ], [ 11.29666, 54.431148 ], [ 11.281081, 54.445162 ], [ 11.273558, 54.457221 ] ], [ [ 9.565443, 54.507711 ], [ 9.563407, 54.510254 ], [ 9.559586, 54.50779 ], [ 9.563758, 54.506249 ], [ 9.565443, 54.507711 ] ], [ [ 10.03498, 54.670233 ], [ 10.032665, 54.669597 ], [ 10.029259, 54.663863 ], [ 10.026113, 54.663442 ], [ 10.02729, 54.662449 ], [ 10.029259, 54.662404 ], [ 10.032906, 54.662878 ], [ 10.03498, 54.670233 ] ], [ [ 22.723104, 44.201981 ], [ 22.719828, 44.202276 ], [ 22.714729, 44.202868 ], [ 22.711038, 44.203131 ], [ 22.690841, 44.204562 ], [ 22.675162, 44.215663 ], [ 22.668221, 44.20906 ], [ 22.664331, 44.212845 ], [ 22.655815, 44.207467 ], [ 22.653732, 44.205336 ], [ 22.645653, 44.207221 ], [ 22.645219, 44.199091 ], [ 22.638543, 44.19127 ], [ 22.640897, 44.18447 ], [ 22.632466, 44.182195 ], [ 22.636063, 44.178019 ], [ 22.63446, 44.175074 ], [ 22.628637, 44.174204 ], [ 22.626528, 44.171527 ], [ 22.61865, 44.172543 ], [ 22.614267, 44.165005 ], [ 22.627787, 44.156905 ], [ 22.625765, 44.1483 ], [ 22.621579, 44.150446 ], [ 22.620068, 44.149147 ], [ 22.611772, 44.114453 ], [ 22.610709, 44.105702 ], [ 22.619669, 44.095881 ], [ 22.619261, 44.082811 ], [ 22.61634, 44.077929 ], [ 22.624596, 44.07284 ], [ 22.618939, 44.068846 ], [ 22.619426, 44.065648 ], [ 22.621212, 44.063376 ], [ 22.6156, 44.063301 ], [ 22.612405, 44.062289 ], [ 22.610329, 44.062503 ], [ 22.608456, 44.062146 ], [ 22.605464, 44.062264 ], [ 22.599533, 44.06343 ], [ 22.596021, 44.062188 ], [ 22.587484, 44.062551 ], [ 22.584849, 44.062309 ], [ 22.582145, 44.06206 ], [ 22.581519, 44.058708 ], [ 22.580653, 44.054068 ], [ 22.57562, 44.05462 ], [ 22.569469, 44.056111 ], [ 22.560248, 44.057121 ], [ 22.553371, 44.053705 ], [ 22.53577, 44.052122 ], [ 22.531685, 44.048638 ], [ 22.536145, 44.045511 ], [ 22.540348, 44.043777 ], [ 22.541946, 44.042119 ], [ 22.537944, 44.03817 ], [ 22.540882, 44.035134 ], [ 22.543468, 44.033652 ], [ 22.540781, 44.031274 ], [ 22.540271, 44.029195 ], [ 22.538767, 44.025817 ], [ 22.532656, 44.025074 ], [ 22.531057, 44.020834 ], [ 22.527349, 44.019725 ], [ 22.522757, 44.019058 ], [ 22.517418, 44.018848 ], [ 22.511128, 44.019416 ], [ 22.507646, 44.018409 ], [ 22.495481, 44.018263 ], [ 22.487042, 44.019891 ], [ 22.481269, 44.019488 ], [ 22.473127, 44.015911 ], [ 22.467834, 44.015043 ], [ 22.455208, 44.016529 ], [ 22.444107, 44.016624 ], [ 22.440041, 44.010376 ], [ 22.411032, 44.004695 ], [ 22.410261, 43.997363 ], [ 22.416197, 43.992316 ], [ 22.409741, 43.987413 ], [ 22.409736, 43.984423 ], [ 22.408186, 43.981637 ], [ 22.412221, 43.979851 ], [ 22.411804, 43.978369 ], [ 22.410843, 43.974957 ], [ 22.413212, 43.972169 ], [ 22.412335, 43.967215 ], [ 22.410725, 43.961789 ], [ 22.411425, 43.954765 ], [ 22.407719, 43.950806 ], [ 22.406201, 43.947951 ], [ 22.407397, 43.945944 ], [ 22.408473, 43.941165 ], [ 22.388408, 43.925929 ], [ 22.394269, 43.908566 ], [ 22.389581, 43.890067 ], [ 22.389112, 43.886472 ], [ 22.388193, 43.884099 ], [ 22.388848, 43.882797 ], [ 22.388677, 43.878894 ], [ 22.386264, 43.873599 ], [ 22.385514, 43.86861 ], [ 22.384083, 43.863974 ], [ 22.383858, 43.862195 ], [ 22.380205, 43.851212 ], [ 22.379568, 43.847528 ], [ 22.378431, 43.845177 ], [ 22.375773, 43.841664 ], [ 22.374605, 43.839647 ], [ 22.370745, 43.8348 ], [ 22.370918, 43.83298 ], [ 22.370042, 43.830974 ], [ 22.360272, 43.821971 ], [ 22.357497, 43.810026 ], [ 22.378432, 43.774671 ], [ 22.39497, 43.760105 ], [ 22.402691, 43.758914 ], [ 22.399065, 43.752764 ], [ 22.399351, 43.738343 ], [ 22.394722, 43.730341 ], [ 22.404655, 43.716457 ], [ 22.407838, 43.695975 ], [ 22.423471, 43.679425 ], [ 22.439632, 43.673836 ], [ 22.457621, 43.6599 ], [ 22.473127, 43.657049 ], [ 22.478697, 43.656025 ], [ 22.488958, 43.642892 ], [ 22.491139, 43.633977 ], [ 22.482464, 43.624814 ], [ 22.488636, 43.61734 ], [ 22.493002, 43.601451 ], [ 22.488339, 43.590308 ], [ 22.494566, 43.585387 ], [ 22.496159, 43.584128 ], [ 22.488167, 43.56743 ], [ 22.493777, 43.550868 ], [ 22.502743, 43.540168 ], [ 22.502514, 43.528575 ], [ 22.507142, 43.516918 ], [ 22.523317, 43.496666 ], [ 22.525377, 43.486069 ], [ 22.532318, 43.478608 ], [ 22.534904, 43.471265 ], [ 22.5532, 43.46261 ], [ 22.570913, 43.463503 ], [ 22.575874, 43.463882 ], [ 22.581519, 43.457772 ], [ 22.587455, 43.451346 ], [ 22.59141, 43.440635 ], [ 22.597116, 43.436332 ], [ 22.625074, 43.428308 ], [ 22.638684, 43.433411 ], [ 22.649985, 43.4298 ], [ 22.65246, 43.428272 ], [ 22.654591, 43.428139 ], [ 22.661157, 43.425932 ], [ 22.660135, 43.421953 ], [ 22.666429, 43.411765 ], [ 22.666976, 43.402747 ], [ 22.680341, 43.394466 ], [ 22.72234, 43.39525 ], [ 22.734516, 43.388889 ], [ 22.747454, 43.386613 ], [ 22.768426, 43.375332 ], [ 22.770103, 43.364055 ], [ 22.788082, 43.352291 ], [ 22.795899, 43.342247 ], [ 22.82621, 43.330405 ], [ 22.831926, 43.312392 ], [ 22.839163, 43.30109 ], [ 22.845481, 43.296706 ], [ 22.842789, 43.286094 ], [ 22.848761, 43.276399 ], [ 22.857783, 43.274206 ], [ 22.860414, 43.273567 ], [ 22.86821, 43.267276 ], [ 22.870726, 43.255175 ], [ 22.893232, 43.232118 ], [ 22.89768, 43.22652 ], [ 22.907942, 43.220968 ], [ 22.918698, 43.219189 ], [ 22.94091, 43.203241 ], [ 22.961487, 43.206501 ], [ 22.983712, 43.201932 ], [ 22.999808, 43.193082 ], [ 23.00621, 43.192878 ], [ 23.005295, 43.186433 ], [ 22.986876, 43.167496 ], [ 22.995164, 43.160937 ], [ 22.996942, 43.156065 ], [ 22.994133, 43.150119 ], [ 22.995286, 43.137653 ], [ 22.985455, 43.121717 ], [ 22.982636, 43.111649 ], [ 22.952007, 43.09251 ], [ 22.933394, 43.088107 ], [ 22.918504, 43.080065 ], [ 22.909823, 43.057167 ], [ 22.899713, 43.047196 ], [ 22.897035, 43.035628 ], [ 22.880205, 43.028677 ], [ 22.86257, 43.021395 ], [ 22.857783, 43.015385 ], [ 22.849284, 43.004712 ], [ 22.835277, 42.998216 ], [ 22.822134, 42.993027 ], [ 22.804365, 42.987549 ], [ 22.801065, 42.986742 ], [ 22.785451, 42.981388 ], [ 22.785736, 42.968062 ], [ 22.783207, 42.962756 ], [ 22.785154, 42.958464 ], [ 22.781655, 42.955162 ], [ 22.782271, 42.951458 ], [ 22.779195, 42.952272 ], [ 22.775324, 42.949854 ], [ 22.770116, 42.94857 ], [ 22.769035, 42.946106 ], [ 22.77374, 42.935955 ], [ 22.779232, 42.931821 ], [ 22.778533, 42.927723 ], [ 22.773555, 42.918769 ], [ 22.760325, 42.911129 ], [ 22.758239, 42.901368 ], [ 22.754012, 42.899145 ], [ 22.753581, 42.894439 ], [ 22.7484, 42.889787 ], [ 22.744311, 42.886582 ], [ 22.737141, 42.885489 ], [ 22.730145, 42.888019 ], [ 22.722051, 42.885364 ], [ 22.713235, 42.886286 ], [ 22.705413, 42.880313 ], [ 22.698348, 42.884099 ], [ 22.690018, 42.876025 ], [ 22.682728, 42.872408 ], [ 22.679949, 42.866651 ], [ 22.675183, 42.866779 ], [ 22.672498, 42.875744 ], [ 22.659471, 42.882068 ], [ 22.649469, 42.881249 ], [ 22.639838, 42.878626 ], [ 22.624696, 42.891919 ], [ 22.617197, 42.895701 ], [ 22.605246, 42.892509 ], [ 22.598047, 42.893962 ], [ 22.591011, 42.890827 ], [ 22.584231, 42.891265 ], [ 22.581519, 42.886597 ], [ 22.578957, 42.882184 ], [ 22.573327, 42.876263 ], [ 22.575002, 42.865703 ], [ 22.575448, 42.86289 ], [ 22.570913, 42.865737 ], [ 22.569469, 42.866644 ], [ 22.563638, 42.870304 ], [ 22.554987, 42.872187 ], [ 22.537453, 42.881277 ], [ 22.526258, 42.876322 ], [ 22.520947, 42.875721 ], [ 22.515511, 42.868538 ], [ 22.515907, 42.865703 ], [ 22.516775, 42.8595 ], [ 22.510624, 42.85432 ], [ 22.497192, 42.847373 ], [ 22.47313, 42.831493 ], [ 22.464288, 42.832246 ], [ 22.442822, 42.825456 ], [ 22.4399, 42.821401 ], [ 22.440913, 42.806877 ], [ 22.448049, 42.802324 ], [ 22.449945, 42.796335 ], [ 22.457001, 42.791333 ], [ 22.460406, 42.778409 ], [ 22.467346, 42.772628 ], [ 22.473127, 42.768684 ], [ 22.475329, 42.767183 ], [ 22.475699, 42.764606 ], [ 22.485715, 42.750499 ], [ 22.497651, 42.745042 ], [ 22.500916, 42.739177 ], [ 22.495841, 42.722383 ], [ 22.487297, 42.721527 ], [ 22.476425, 42.71056 ], [ 22.473127, 42.700618 ], [ 22.471072, 42.694418 ], [ 22.460236, 42.690299 ], [ 22.459305, 42.687051 ], [ 22.473127, 42.677648 ], [ 22.475972, 42.675712 ], [ 22.473127, 42.668849 ], [ 22.47236, 42.666998 ], [ 22.459898, 42.655165 ], [ 22.461472, 42.64849 ], [ 22.456763, 42.645835 ], [ 22.467049, 42.639532 ], [ 22.464632, 42.632931 ], [ 22.458933, 42.630163 ], [ 22.459484, 42.625578 ], [ 22.451596, 42.611625 ], [ 22.448933, 42.596034 ], [ 22.441866, 42.589728 ], [ 22.441172, 42.585713 ], [ 22.43914, 42.566464 ], [ 22.452032, 42.566479 ], [ 22.469407, 42.56219 ], [ 22.473127, 42.558454 ], [ 22.477958, 42.553602 ], [ 22.490655, 42.547442 ], [ 22.50318, 42.533674 ], [ 22.513989, 42.52764 ], [ 22.521814, 42.526692 ], [ 22.546322, 42.508214 ], [ 22.558634, 42.485625 ], [ 22.558423, 42.479979 ], [ 22.544047, 42.462604 ], [ 22.541411, 42.454062 ], [ 22.543286, 42.449682 ], [ 22.536219, 42.431746 ], [ 22.535374, 42.42236 ], [ 22.527461, 42.417589 ], [ 22.522867, 42.411966 ], [ 22.518088, 42.396659 ], [ 22.514059, 42.395249 ], [ 22.494594, 42.396339 ], [ 22.479085, 42.393027 ], [ 22.480603, 42.380227 ], [ 22.473127, 42.37708 ], [ 22.469989, 42.375759 ], [ 22.465014, 42.367914 ], [ 22.459838, 42.360712 ], [ 22.463274, 42.34486 ], [ 22.455526, 42.333657 ], [ 22.441554, 42.328822 ], [ 22.43333, 42.323325 ], [ 22.423506, 42.331877 ], [ 22.415526, 42.32952 ], [ 22.404528, 42.332038 ], [ 22.398223, 42.326372 ], [ 22.384486, 42.322895 ], [ 22.367136, 42.322161 ], [ 22.360207, 42.311157 ], [ 22.367039, 42.308632 ], [ 22.378917, 42.308362 ], [ 22.382091, 42.304171 ], [ 22.384368, 42.303294 ], [ 22.389503, 42.295068 ], [ 22.400929, 42.290003 ], [ 22.40178, 42.281078 ], [ 22.41395, 42.269106 ], [ 22.419185, 42.264635 ], [ 22.424122, 42.264081 ], [ 22.425172, 42.256891 ], [ 22.434192, 42.257198 ], [ 22.441183, 42.246106 ], [ 22.450741, 42.241243 ], [ 22.449122, 42.236597 ], [ 22.467482, 42.209403 ], [ 22.471124, 42.201779 ], [ 22.473127, 42.201692 ], [ 22.485612, 42.201149 ], [ 22.500863, 42.196213 ], [ 22.503568, 42.192215 ], [ 22.501364, 42.185828 ], [ 22.506004, 42.169775 ], [ 22.516224, 42.157923 ], [ 22.510412, 42.155158 ], [ 22.522636, 42.147452 ], [ 22.5288, 42.139934 ], [ 22.548193, 42.133994 ], [ 22.566417, 42.117987 ], [ 22.570913, 42.115355 ], [ 22.580569, 42.110108 ], [ 22.590701, 42.108537 ], [ 22.599098, 42.100007 ], [ 22.612066, 42.09466 ], [ 22.628809, 42.093968 ], [ 22.641714, 42.085797 ], [ 22.651678, 42.076773 ], [ 22.661196, 42.073034 ], [ 22.67777, 42.064367 ], [ 22.68684, 42.06441 ], [ 22.695353, 42.063226 ], [ 22.708101, 42.066661 ], [ 22.717397, 42.068477 ], [ 22.719649, 42.062696 ], [ 22.728338, 42.057084 ], [ 22.734099, 42.048135 ], [ 22.740444, 42.044881 ], [ 22.749544, 42.046609 ], [ 22.75734, 42.04334 ], [ 22.778132, 42.037454 ], [ 22.788627, 42.03749 ], [ 22.800174, 42.044693 ], [ 22.806158, 42.038241 ], [ 22.815052, 42.028914 ], [ 22.826209, 42.022285 ], [ 22.832444, 42.021318 ], [ 22.853575, 42.025139 ], [ 22.857783, 42.024232 ], [ 22.867214, 42.022199 ], [ 22.868792, 42.015439 ], [ 22.86973, 42.011419 ], [ 22.864069, 42.001658 ], [ 22.875094, 41.996464 ], [ 22.874738, 41.977901 ], [ 22.878127, 41.976171 ], [ 22.874213, 41.954552 ], [ 22.877664, 41.941791 ], [ 22.873449, 41.936101 ], [ 22.883232, 41.92255 ], [ 22.891648, 41.918701 ], [ 22.896415, 41.906676 ], [ 22.898778, 41.9037 ], [ 22.897426, 41.89524 ], [ 22.901424, 41.892471 ], [ 22.899714, 41.887081 ], [ 22.901934, 41.877642 ], [ 22.905274, 41.875625 ], [ 22.915374, 41.876462 ], [ 22.925895, 41.863494 ], [ 22.931948, 41.850025 ], [ 22.937189, 41.847157 ], [ 22.936396, 41.841961 ], [ 22.941506, 41.83205 ], [ 22.940981, 41.817716 ], [ 22.953785, 41.798347 ], [ 22.957655, 41.792212 ], [ 22.963469, 41.78938 ], [ 22.965437, 41.781571 ], [ 22.963597, 41.775491 ], [ 22.968674, 41.770988 ], [ 22.983016, 41.769469 ], [ 22.989244, 41.770787 ], [ 22.994835, 41.767032 ], [ 23.00028, 41.769258 ], [ 23.007593, 41.768578 ], [ 23.012701, 41.759598 ], [ 23.015658, 41.756486 ], [ 23.015877, 41.75052 ], [ 23.021435, 41.747158 ], [ 23.030963, 41.729531 ], [ 23.033991, 41.710759 ], [ 23.034123, 41.709444 ], [ 23.022019, 41.701801 ], [ 23.013415, 41.691822 ], [ 23.001273, 41.678 ], [ 22.995743, 41.674758 ], [ 22.987457, 41.659905 ], [ 22.982636, 41.65682 ], [ 22.984383, 41.650527 ], [ 22.981703, 41.646423 ], [ 22.968044, 41.648092 ], [ 22.959673, 41.646473 ], [ 22.952121, 41.641919 ], [ 22.948412, 41.631796 ], [ 22.952786, 41.62731 ], [ 22.952242, 41.621436 ], [ 22.953393, 41.619605 ], [ 22.95291, 41.616918 ], [ 22.952868, 41.614144 ], [ 22.951666, 41.611574 ], [ 22.950472, 41.606127 ], [ 22.951202, 41.60468 ], [ 22.949314, 41.598664 ], [ 22.949745, 41.594579 ], [ 22.950831, 41.592235 ], [ 22.950266, 41.590883 ], [ 22.951227, 41.589621 ], [ 22.952364, 41.586255 ], [ 22.955776, 41.586116 ], [ 22.960616, 41.584789 ], [ 22.960685, 41.581509 ], [ 22.962738, 41.581213 ], [ 22.96315, 41.57946 ], [ 22.965613, 41.578292 ], [ 22.965049, 41.575309 ], [ 22.965684, 41.569858 ], [ 22.967144, 41.567278 ], [ 22.969747, 41.563728 ], [ 22.972283, 41.563594 ], [ 22.972567, 41.560856 ], [ 22.968373, 41.554689 ], [ 22.96901, 41.553323 ], [ 22.969814, 41.546692 ], [ 22.969722, 41.54333 ], [ 22.963951, 41.543764 ], [ 22.960257, 41.543116 ], [ 22.960115, 41.540371 ], [ 22.958622, 41.538006 ], [ 22.958351, 41.535427 ], [ 22.959489, 41.532963 ], [ 22.960233, 41.530471 ], [ 22.968328, 41.519835 ], [ 22.970544, 41.516371 ], [ 22.96968, 41.505344 ], [ 22.961446, 41.498609 ], [ 22.957468, 41.493774 ], [ 22.960316, 41.492377 ], [ 22.961616, 41.477764 ], [ 22.967118, 41.473919 ], [ 22.964592, 41.464349 ], [ 22.977353, 41.451728 ], [ 22.977654, 41.442039 ], [ 22.969844, 41.43204 ], [ 22.96334, 41.430571 ], [ 22.956895, 41.423719 ], [ 22.952767, 41.417531 ], [ 22.955123, 41.412196 ], [ 22.960437, 41.408552 ], [ 22.966257, 41.392958 ], [ 22.9622, 41.379495 ], [ 22.965081, 41.353026 ], [ 22.950189, 41.351727 ], [ 22.937931, 41.341732 ], [ 22.928263, 41.341241 ], [ 22.927592, 41.338539 ], [ 22.931765, 41.340394 ], [ 22.951408, 41.335281 ], [ 22.974557, 41.33287 ], [ 22.983546, 41.33563 ], [ 23.003488, 41.330591 ], [ 23.01678, 41.330038 ], [ 23.027292, 41.33326 ], [ 23.033289, 41.332724 ], [ 23.055959, 41.325739 ], [ 23.080069, 41.31978 ], [ 23.086407, 41.319341 ], [ 23.106438, 41.316823 ], [ 23.118952, 41.320484 ], [ 23.134576, 41.320239 ], [ 23.174805, 41.321235 ], [ 23.181241, 41.319393 ], [ 23.189446, 41.322394 ], [ 23.198726, 41.322705 ], [ 23.220444, 41.333059 ], [ 23.230656, 41.349331 ], [ 23.226463, 41.366565 ], [ 23.232754, 41.37544 ], [ 23.256318, 41.38278 ], [ 23.280173, 41.397383 ], [ 23.283219, 41.399554 ], [ 23.297587, 41.401348 ], [ 23.322365, 41.398771 ], [ 23.341735, 41.364218 ], [ 23.350834, 41.367414 ], [ 23.359807, 41.376799 ], [ 23.366838, 41.380361 ], [ 23.376607, 41.381999 ], [ 23.386343, 41.39014 ], [ 23.397718, 41.395471 ], [ 23.404374, 41.401135 ], [ 23.415894, 41.399648 ], [ 23.42059, 41.39907 ], [ 23.438352, 41.405953 ], [ 23.466922, 41.401473 ], [ 23.482057, 41.399099 ], [ 23.506528, 41.400965 ], [ 23.522781, 41.405044 ], [ 23.525095, 41.405203 ], [ 23.533242, 41.40217 ], [ 23.536681, 41.395063 ], [ 23.543611, 41.39194 ], [ 23.552513, 41.386714 ], [ 23.579761, 41.39005 ], [ 23.597901, 41.378185 ], [ 23.605857, 41.37934 ], [ 23.613755, 41.376058 ], [ 23.624223, 41.375727 ], [ 23.637775, 41.376038 ], [ 23.645823, 41.38046 ], [ 23.647978, 41.393721 ], [ 23.661873, 41.400484 ], [ 23.674238, 41.4107 ], [ 23.691327, 41.404758 ], [ 23.730013, 41.407389 ], [ 23.75883, 41.402694 ], [ 23.762792, 41.397909 ], [ 23.767546, 41.396871 ], [ 23.780613, 41.412922 ], [ 23.788626, 41.41815 ], [ 23.790831, 41.426206 ], [ 23.800927, 41.437096 ], [ 23.82294, 41.436761 ], [ 23.843136, 41.441344 ], [ 23.85016, 41.440537 ], [ 23.856488, 41.449791 ], [ 23.870058, 41.449289 ], [ 23.882191, 41.453833 ], [ 23.891009, 41.450827 ], [ 23.905828, 41.457576 ], [ 23.909996, 41.469789 ], [ 23.909233, 41.478484 ], [ 23.915991, 41.480952 ], [ 23.922081, 41.477408 ], [ 23.925816, 41.475234 ], [ 23.931002, 41.472216 ], [ 23.933571, 41.464812 ], [ 23.937763, 41.463002 ], [ 23.941226, 41.461096 ], [ 23.943854, 41.45074 ], [ 23.95261, 41.448911 ], [ 23.958731, 41.444837 ], [ 23.965799, 41.440133 ], [ 23.973644, 41.438578 ], [ 23.981119, 41.440732 ], [ 23.98435, 41.445544 ], [ 23.989734, 41.447993 ], [ 23.99453, 41.450175 ], [ 23.996992, 41.454879 ], [ 24.002445, 41.454462 ], [ 24.007906, 41.457115 ], [ 24.017278, 41.467812 ], [ 24.019738, 41.466561 ], [ 24.023482, 41.456821 ], [ 24.034759, 41.456241 ], [ 24.040791, 41.451665 ], [ 24.04743, 41.451652 ], [ 24.05565, 41.45962 ], [ 24.072692, 41.466051 ], [ 24.070114, 41.480016 ], [ 24.060523, 41.486216 ], [ 24.065475, 41.497897 ], [ 24.066342, 41.499942 ], [ 24.060193, 41.511363 ], [ 24.059744, 41.522112 ], [ 24.063675, 41.526501 ], [ 24.075017, 41.531616 ], [ 24.078467, 41.541835 ], [ 24.101591, 41.549997 ], [ 24.107483, 41.543276 ], [ 24.116229, 41.54026 ], [ 24.131084, 41.54072 ], [ 24.133946, 41.534129 ], [ 24.150234, 41.538885 ], [ 24.158426, 41.536847 ], [ 24.161339, 41.528788 ], [ 24.174059, 41.522646 ], [ 24.172805, 41.518089 ], [ 24.175227, 41.515445 ], [ 24.183766, 41.515051 ], [ 24.192607, 41.519219 ], [ 24.190699, 41.531154 ], [ 24.195936, 41.533897 ], [ 24.197912, 41.539377 ], [ 24.208712, 41.543749 ], [ 24.210775, 41.550339 ], [ 24.213157, 41.551563 ], [ 24.229549, 41.547473 ], [ 24.239666, 41.556297 ], [ 24.241444, 41.562199 ], [ 24.261837, 41.573589 ], [ 24.274339, 41.5682 ], [ 24.271915, 41.558162 ], [ 24.289304, 41.550222 ], [ 24.302215, 41.537858 ], [ 24.296106, 41.525163 ], [ 24.299471, 41.52305 ], [ 24.303389, 41.511795 ], [ 24.313796, 41.513644 ], [ 24.323076, 41.520255 ], [ 24.330854, 41.520764 ], [ 24.338023, 41.526205 ], [ 24.343232, 41.524819 ], [ 24.352262, 41.523981 ], [ 24.362483, 41.517106 ], [ 24.368362, 41.518053 ], [ 24.370507, 41.522751 ], [ 24.376694, 41.526929 ], [ 24.384393, 41.535668 ], [ 24.392443, 41.535657 ], [ 24.395209, 41.538774 ], [ 24.407729, 41.539135 ], [ 24.414662, 41.529369 ], [ 24.43193, 41.527323 ], [ 24.440355, 41.528519 ], [ 24.450696, 41.522297 ], [ 24.462788, 41.529751 ], [ 24.462073, 41.540721 ], [ 24.467656, 41.545396 ], [ 24.471914, 41.546359 ], [ 24.475104, 41.552051 ], [ 24.48479, 41.557031 ], [ 24.494661, 41.55418 ], [ 24.499159, 41.558613 ], [ 24.509828, 41.559288 ], [ 24.52517, 41.568804 ], [ 24.534549, 41.564277 ], [ 24.534254, 41.556272 ], [ 24.542481, 41.557492 ], [ 24.552513, 41.550999 ], [ 24.546716, 41.539277 ], [ 24.556494, 41.529633 ], [ 24.556325, 41.524543 ], [ 24.559393, 41.521645 ], [ 24.563347, 41.513519 ], [ 24.559745, 41.501694 ], [ 24.562805, 41.497897 ], [ 24.568092, 41.491336 ], [ 24.573319, 41.475655 ], [ 24.58164, 41.473277 ], [ 24.585971, 41.468479 ], [ 24.594962, 41.466322 ], [ 24.598281, 41.45889 ], [ 24.597174, 41.442697 ], [ 24.608221, 41.427705 ], [ 24.616945, 41.424301 ], [ 24.627848, 41.431817 ], [ 24.641637, 41.431114 ], [ 24.651303, 41.434621 ], [ 24.663948, 41.432425 ], [ 24.658393, 41.426492 ], [ 24.658219, 41.41774 ], [ 24.67298, 41.418528 ], [ 24.681542, 41.424464 ], [ 24.69375, 41.418926 ], [ 24.704882, 41.42023 ], [ 24.716242, 41.419485 ], [ 24.722585, 41.416139 ], [ 24.72844, 41.416754 ], [ 24.734198, 41.41271 ], [ 24.737734, 41.399298 ], [ 24.746605, 41.381355 ], [ 24.761958, 41.375924 ], [ 24.761004, 41.371768 ], [ 24.764516, 41.36836 ], [ 24.783956, 41.360189 ], [ 24.788717, 41.358896 ], [ 24.802743, 41.346818 ], [ 24.813316, 41.350202 ], [ 24.815642, 41.354163 ], [ 24.814987, 41.36989 ], [ 24.821647, 41.385097 ], [ 24.819233, 41.401142 ], [ 24.836241, 41.398327 ], [ 24.852692, 41.399192 ], [ 24.860912, 41.393314 ], [ 24.869656, 41.39109 ], [ 24.875469, 41.393518 ], [ 24.881453, 41.393021 ], [ 24.885454, 41.398501 ], [ 24.898236, 41.407357 ], [ 24.916964, 41.40841 ], [ 24.919301, 41.403585 ], [ 24.941026, 41.387351 ], [ 24.949052, 41.387263 ], [ 24.956375, 41.386622 ], [ 24.977629, 41.376219 ], [ 24.989095, 41.376611 ], [ 25.010622, 41.372638 ], [ 25.032668, 41.366241 ], [ 25.042263, 41.36746 ], [ 25.055226, 41.364925 ], [ 25.063542, 41.359683 ], [ 25.069862, 41.348466 ], [ 25.083321, 41.338803 ], [ 25.093125, 41.339031 ], [ 25.098979, 41.334543 ], [ 25.107657, 41.338958 ], [ 25.11433, 41.343024 ], [ 25.124582, 41.342261 ], [ 25.122904, 41.333622 ], [ 25.132817, 41.323355 ], [ 25.144444, 41.322738 ], [ 25.150985, 41.315729 ], [ 25.159974, 41.317809 ], [ 25.165259, 41.311225 ], [ 25.171659, 41.312643 ], [ 25.179376, 41.310188 ], [ 25.179544, 41.302515 ], [ 25.183651, 41.298384 ], [ 25.207942, 41.291744 ], [ 25.214422, 41.284228 ], [ 25.220787, 41.281327 ], [ 25.225289, 41.271276 ], [ 25.224094, 41.266784 ], [ 25.224699, 41.264631 ], [ 25.232482, 41.256321 ], [ 25.232581, 41.249198 ], [ 25.235102, 41.247218 ], [ 25.263937, 41.244427 ], [ 25.276568, 41.239537 ], [ 25.287292, 41.235808 ], [ 25.296153, 41.24491 ], [ 25.314968, 41.244237 ], [ 25.335708, 41.24094 ], [ 25.34155, 41.247813 ], [ 25.356931, 41.251248 ], [ 25.36029, 41.255802 ], [ 25.367952, 41.259809 ], [ 25.384621, 41.256767 ], [ 25.388897, 41.258251 ], [ 25.391915, 41.258807 ], [ 25.393867, 41.259165 ], [ 25.409535, 41.262047 ], [ 25.416327, 41.265946 ], [ 25.429425, 41.265554 ], [ 25.432965, 41.275421 ], [ 25.436054, 41.275684 ], [ 25.443014, 41.276278 ], [ 25.461884, 41.282975 ], [ 25.469119, 41.28307 ], [ 25.472625, 41.28767 ], [ 25.502137, 41.286522 ], [ 25.51679, 41.282967 ], [ 25.524797, 41.276995 ], [ 25.529053, 41.27719 ], [ 25.543735, 41.3031 ], [ 25.544851, 41.310181 ], [ 25.55784, 41.315905 ], [ 25.560708, 41.31826 ], [ 25.57336, 41.318208 ], [ 25.583713, 41.314392 ], [ 25.586752, 41.309512 ], [ 25.610133, 41.304217 ], [ 25.622953, 41.304088 ], [ 25.646574, 41.313204 ], [ 25.651306, 41.313001 ], [ 25.657987, 41.313883 ], [ 25.665502, 41.308592 ], [ 25.683466, 41.306717 ], [ 25.693804, 41.301375 ], [ 25.701131, 41.293242 ], [ 25.711268, 41.291876 ], [ 25.713631, 41.293462 ], [ 25.712241, 41.301897 ], [ 25.719802, 41.317128 ], [ 25.739023, 41.318455 ], [ 25.745997, 41.315977 ], [ 25.756215, 41.319153 ], [ 25.762638, 41.32451 ], [ 25.769586, 41.320205 ], [ 25.780137, 41.321423 ], [ 25.789626, 41.332466 ], [ 25.79879, 41.334155 ], [ 25.815654, 41.337263 ], [ 25.822821, 41.347307 ], [ 25.846156, 41.337048 ], [ 25.853337, 41.328398 ], [ 25.859136, 41.32694 ], [ 25.864852, 41.328977 ], [ 25.872879, 41.328045 ], [ 25.869481, 41.313544 ], [ 25.879872, 41.30655 ], [ 25.885538, 41.30467 ], [ 25.906438, 41.307575 ], [ 25.918798, 41.313506 ], [ 25.928189, 41.314785 ], [ 25.935041, 41.320183 ], [ 25.948626, 41.320342 ], [ 25.960747, 41.319779 ], [ 25.976612, 41.318825 ], [ 25.988461, 41.325389 ], [ 25.998857, 41.326897 ], [ 26.004112, 41.338224 ], [ 26.010781, 41.344093 ], [ 26.029507, 41.346779 ], [ 26.03575, 41.350036 ], [ 26.04395, 41.349626 ], [ 26.052925, 41.347302 ], [ 26.067402, 41.349322 ], [ 26.080775, 41.345892 ], [ 26.089732, 41.346715 ], [ 26.092012, 41.34642 ], [ 26.092509, 41.35018 ], [ 26.09776, 41.354838 ], [ 26.102174, 41.353788 ], [ 26.107614, 41.356636 ], [ 26.112732, 41.353489 ], [ 26.121539, 41.355906 ], [ 26.12746, 41.354364 ], [ 26.131999, 41.355305 ], [ 26.136538, 41.363703 ], [ 26.137342, 41.375044 ], [ 26.147145, 41.377421 ], [ 26.151226, 41.386732 ], [ 26.155855, 41.389224 ], [ 26.159777, 41.4 ], [ 26.164151, 41.408278 ], [ 26.160357, 41.419837 ], [ 26.16802, 41.424876 ], [ 26.17322, 41.432299 ], [ 26.188567, 41.438039 ], [ 26.197061, 41.436396 ], [ 26.198979, 41.437715 ], [ 26.193668, 41.443645 ], [ 26.185635, 41.452611 ], [ 26.174526, 41.463688 ], [ 26.155256, 41.473897 ], [ 26.155074, 41.475249 ], [ 26.153231, 41.484469 ], [ 26.1576, 41.487823 ], [ 26.17115, 41.493369 ], [ 26.172763, 41.504402 ], [ 26.18025, 41.51594 ], [ 26.184453, 41.51978 ], [ 26.177793, 41.552995 ], [ 26.174941, 41.554462 ], [ 26.152116, 41.553514 ], [ 26.14748, 41.55544 ], [ 26.149997, 41.595584 ], [ 26.153534, 41.604876 ], [ 26.137851, 41.615089 ], [ 26.137798, 41.631551 ], [ 26.123939, 41.630637 ], [ 26.119115, 41.624578 ], [ 26.097635, 41.626595 ], [ 26.092678, 41.630253 ], [ 26.092948, 41.636812 ], [ 26.089732, 41.641197 ], [ 26.088371, 41.643053 ], [ 26.081793, 41.641495 ], [ 26.070915, 41.650412 ], [ 26.064528, 41.663156 ], [ 26.06821, 41.673451 ], [ 26.065365, 41.6836 ], [ 26.061111, 41.688589 ], [ 26.061729, 41.697513 ], [ 26.068804, 41.699544 ], [ 26.070186, 41.709074 ], [ 26.089732, 41.71649 ], [ 26.10131, 41.713575 ], [ 26.112242, 41.713883 ], [ 26.1189, 41.727236 ], [ 26.129322, 41.733807 ], [ 26.141189, 41.736241 ], [ 26.156371, 41.744114 ], [ 26.172716, 41.748812 ], [ 26.177577, 41.74204 ], [ 26.183898, 41.738881 ], [ 26.21206, 41.732297 ], [ 26.228606, 41.740157 ], [ 26.247476, 41.72528 ], [ 26.249101, 41.72396 ], [ 26.250851, 41.722966 ], [ 26.252791, 41.722088 ], [ 26.256724, 41.720757 ], [ 26.275399, 41.714703 ], [ 26.279668, 41.713427 ], [ 26.285653, 41.712 ], [ 26.290104, 41.711259 ], [ 26.294169, 41.710758 ], [ 26.31123, 41.70946 ], [ 26.329873, 41.71531 ], [ 26.347034, 41.711664 ], [ 26.357879, 41.711104 ], [ 26.358372, 41.714714 ], [ 26.350222, 41.721435 ], [ 26.34591, 41.724792 ], [ 26.343404, 41.726539 ], [ 26.328429, 41.73698 ], [ 26.327183, 41.742317 ], [ 26.328072, 41.748379 ], [ 26.328816, 41.750582 ], [ 26.329457, 41.752479 ], [ 26.329895, 41.756046 ], [ 26.332251, 41.758198 ], [ 26.333863, 41.76337 ], [ 26.337651, 41.764995 ], [ 26.34092, 41.771068 ], [ 26.342936, 41.783371 ], [ 26.348051, 41.789135 ], [ 26.358556, 41.804908 ], [ 26.369061, 41.820682 ], [ 26.423697, 41.822803 ], [ 26.449402, 41.822967 ], [ 26.463811, 41.823039 ], [ 26.497889, 41.823208 ], [ 26.538609, 41.823482 ], [ 26.552555, 41.848213 ], [ 26.554857, 41.849481 ], [ 26.564217, 41.854641 ], [ 26.565464, 41.866455 ], [ 26.580374, 41.871856 ], [ 26.579793, 41.874875 ], [ 26.579212, 41.877895 ], [ 26.567705, 41.883022 ], [ 26.56822, 41.887413 ], [ 26.584593, 41.902653 ], [ 26.571377, 41.912296 ], [ 26.561545, 41.926273 ], [ 26.586865, 41.947662 ], [ 26.6176, 41.965326 ], [ 26.62355, 41.97859 ], [ 26.637172, 41.97308 ], [ 26.657616, 41.969982 ], [ 26.667376, 41.965333 ], [ 26.678058, 41.968709 ], [ 26.679096, 41.971023 ], [ 26.682555, 41.967889 ], [ 26.700901, 41.966217 ], [ 26.702956, 41.966638 ], [ 26.71204, 41.968502 ], [ 26.723066, 41.963395 ], [ 26.728544, 41.960857 ], [ 26.738083, 41.959943 ], [ 26.745776, 41.959206 ], [ 26.753819, 41.958435 ], [ 26.756143, 41.963388 ], [ 26.759308, 41.970131 ], [ 26.763058, 41.969314 ], [ 26.773039, 41.979595 ], [ 26.776382, 41.979371 ], [ 26.779301, 41.979175 ], [ 26.787407, 41.989601 ], [ 26.792102, 41.989495 ], [ 26.79588, 41.983135 ], [ 26.81328, 41.974559 ], [ 26.827719, 41.973507 ], [ 26.832959, 41.969475 ], [ 26.845695, 41.96996 ], [ 26.847104, 41.97341 ], [ 26.850998, 41.982938 ], [ 26.857295, 41.983049 ], [ 26.870943, 41.990543 ], [ 26.882826, 41.988426 ], [ 26.90232, 41.987186 ], [ 26.912725, 41.994374 ], [ 26.92173, 41.994715 ], [ 26.928453, 42.000341 ], [ 26.949229, 42.000213 ], [ 26.957185, 41.997125 ], [ 26.964111, 41.997073 ], [ 26.966992, 42.002753 ], [ 26.983962, 42.019546 ], [ 26.982675, 42.036969 ], [ 26.993145, 42.038278 ], [ 26.999676, 42.036644 ], [ 27.00679, 42.038545 ], [ 27.025801, 42.056579 ], [ 27.02735, 42.062823 ], [ 27.0221, 42.074738 ], [ 27.024729, 42.080168 ], [ 27.033179, 42.079602 ], [ 27.041618, 42.084124 ], [ 27.050027, 42.084024 ], [ 27.059651, 42.088337 ], [ 27.067093, 42.093181 ], [ 27.072954, 42.089199 ], [ 27.075068, 42.08892 ], [ 27.103497, 42.085174 ], [ 27.108628, 42.086998 ], [ 27.112097, 42.083545 ], [ 27.115013, 42.079476 ], [ 27.12575, 42.076388 ], [ 27.132867, 42.066813 ], [ 27.141467, 42.066455 ], [ 27.152799, 42.071333 ], [ 27.159617, 42.065659 ], [ 27.16945, 42.065367 ], [ 27.181534, 42.069684 ], [ 27.189846, 42.060811 ], [ 27.203745, 42.059846 ], [ 27.206396, 42.062406 ], [ 27.198683, 42.073736 ], [ 27.198975, 42.0784 ], [ 27.203352, 42.082856 ], [ 27.216536, 42.085972 ], [ 27.222082, 42.098503 ], [ 27.240126, 42.105015 ], [ 27.253695, 42.099262 ], [ 27.270666, 42.10432 ], [ 27.273033, 42.101829 ], [ 27.273236, 42.099083 ], [ 27.282057, 42.095734 ], [ 27.293342, 42.096638 ], [ 27.300256, 42.087022 ], [ 27.310916, 42.08667 ], [ 27.317422, 42.079043 ], [ 27.325921, 42.07942 ], [ 27.326824, 42.073159 ], [ 27.329466, 42.071762 ], [ 27.335237, 42.067209 ], [ 27.337081, 42.06023 ], [ 27.363587, 42.058437 ], [ 27.376424, 42.046142 ], [ 27.375904, 42.040668 ], [ 27.381567, 42.0341 ], [ 27.384047, 42.02285 ], [ 27.391565, 42.017839 ], [ 27.393972, 42.006815 ], [ 27.408258, 42.002753 ], [ 27.413174, 41.999843 ], [ 27.414847, 41.990814 ], [ 27.41851, 41.989292 ], [ 27.42055, 41.988445 ], [ 27.426547, 41.989799 ], [ 27.432568, 41.991157 ], [ 27.438594, 41.977234 ], [ 27.445424, 41.973769 ], [ 27.448354, 41.967236 ], [ 27.46393, 41.968136 ], [ 27.467525, 41.965011 ], [ 27.46883, 41.958613 ], [ 27.490239, 41.952746 ], [ 27.502651, 41.952949 ], [ 27.505356, 41.957527 ], [ 27.51141, 41.957236 ], [ 27.528766, 41.938139 ], [ 27.540365, 41.916996 ], [ 27.548438, 41.914016 ], [ 27.560817, 41.904869 ], [ 27.571338, 41.905441 ], [ 27.571121, 41.911911 ], [ 27.563947, 41.912632 ], [ 27.562461, 41.914663 ], [ 27.566092, 41.918802 ], [ 27.575767, 41.920354 ], [ 27.574283, 41.922896 ], [ 27.567587, 41.924516 ], [ 27.574973, 41.936816 ], [ 27.586187, 41.936431 ], [ 27.585874, 41.932423 ], [ 27.588738, 41.932043 ], [ 27.604485, 41.946732 ], [ 27.608672, 41.944746 ], [ 27.608739, 41.939737 ], [ 27.612839, 41.939154 ], [ 27.625763, 41.949837 ], [ 27.620913, 41.957295 ], [ 27.633023, 41.955167 ], [ 27.638186, 41.959453 ], [ 27.642043, 41.955402 ], [ 27.652803, 41.961304 ], [ 27.658924, 41.958096 ], [ 27.666336, 41.960705 ], [ 27.67115, 41.959573 ], [ 27.681093, 41.965138 ], [ 27.686091, 41.971372 ], [ 27.701252, 41.972708 ], [ 27.702151, 41.976601 ], [ 27.729522, 41.974272 ], [ 27.737899, 41.97839 ], [ 27.749124, 41.970268 ], [ 27.765514, 41.967001 ], [ 27.770419, 41.961613 ], [ 27.776431, 41.964774 ], [ 27.782838, 41.963545 ], [ 27.7846, 41.960367 ], [ 27.781178, 41.954147 ], [ 27.789291, 41.953295 ], [ 27.794607, 41.949536 ], [ 27.803114, 41.951517 ], [ 27.815104, 41.944211 ], [ 27.816892, 41.952256 ], [ 27.82748, 41.94855 ], [ 27.835162, 41.950347 ], [ 27.833031, 41.959873 ], [ 27.825759, 41.960345 ], [ 27.821846, 41.96324 ], [ 27.824559, 41.973074 ], [ 27.819207, 41.978343 ], [ 27.819393, 41.98667 ], [ 27.828392, 41.997802 ], [ 27.844789, 41.99117 ], [ 27.849159, 41.994249 ], [ 27.850952, 42.000372 ], [ 27.854528, 42.001029 ], [ 27.856369, 41.997832 ], [ 27.852109, 41.994346 ], [ 27.855811, 41.99164 ], [ 27.860512, 41.994826 ], [ 27.859885, 42.005878 ], [ 27.86466, 42.00528 ], [ 27.869736, 41.999821 ], [ 27.876621, 41.99936 ], [ 27.879781, 41.995239 ], [ 27.886194, 41.99561 ], [ 27.898751, 41.991938 ], [ 27.900699, 41.981589 ], [ 27.909991, 41.973719 ], [ 27.916606, 41.97378 ], [ 27.921948, 41.982745 ], [ 27.926029, 41.976929 ], [ 27.93055, 41.978585 ], [ 27.934061, 41.984013 ], [ 27.943616, 41.977895 ], [ 27.955194, 41.98052 ], [ 27.958082, 41.976883 ], [ 27.974898, 41.983702 ], [ 27.976881, 41.989053 ], [ 27.994414, 41.980328 ], [ 28.022476, 41.980123 ], [ 28.02886, 41.983007 ], [ 28.035513, 41.983079 ], [ 28.030934, 41.997265 ], [ 28.021736, 42.003582 ], [ 28.019703, 42.008808 ], [ 28.017468, 42.020332 ], [ 28.010092, 42.022571 ], [ 28.015164, 42.027481 ], [ 28.002926, 42.035266 ], [ 28.003931, 42.04018 ], [ 27.998122, 42.045933 ], [ 27.992899, 42.046066 ], [ 27.987118, 42.054073 ], [ 27.993271, 42.05954 ], [ 27.991539, 42.063225 ], [ 27.981672, 42.062702 ], [ 27.968816, 42.070347 ], [ 27.962724, 42.078125 ], [ 27.963631, 42.082892 ], [ 27.956289, 42.086012 ], [ 27.946855, 42.103166 ], [ 27.936481, 42.104466 ], [ 27.928608, 42.102384 ], [ 27.922835, 42.105095 ], [ 27.913519, 42.111244 ], [ 27.913605, 42.115635 ], [ 27.908215, 42.118843 ], [ 27.913821, 42.122722 ], [ 27.912388, 42.125866 ], [ 27.908531, 42.1292 ], [ 27.903609, 42.128879 ], [ 27.89559, 42.143558 ], [ 27.88514, 42.144092 ], [ 27.877858, 42.149781 ], [ 27.872369, 42.159111 ], [ 27.867601, 42.158924 ], [ 27.862296, 42.164943 ], [ 27.857875, 42.163913 ], [ 27.853233, 42.165849 ], [ 27.853176, 42.169088 ], [ 27.858877, 42.170063 ], [ 27.859327, 42.17231 ], [ 27.852349, 42.173476 ], [ 27.851419, 42.178615 ], [ 27.844229, 42.181365 ], [ 27.845537, 42.185803 ], [ 27.837851, 42.189217 ], [ 27.839251, 42.193103 ], [ 27.82998, 42.193875 ], [ 27.829376, 42.197967 ], [ 27.824338, 42.198024 ], [ 27.818175, 42.203308 ], [ 27.81885, 42.206917 ], [ 27.806196, 42.211349 ], [ 27.804442, 42.216129 ], [ 27.79283, 42.21558 ], [ 27.782509, 42.226158 ], [ 27.778219, 42.22596 ], [ 27.777705, 42.233055 ], [ 27.784731, 42.236473 ], [ 27.778347, 42.238003 ], [ 27.773552, 42.244903 ], [ 27.768349, 42.241276 ], [ 27.756605, 42.245498 ], [ 27.751533, 42.255281 ], [ 27.752519, 42.261291 ], [ 27.765357, 42.265983 ], [ 27.758637, 42.270827 ], [ 27.755035, 42.285326 ], [ 27.771703, 42.294618 ], [ 27.770258, 42.300604 ], [ 27.791105, 42.307509 ], [ 27.78109, 42.313847 ], [ 27.780846, 42.318672 ], [ 27.774618, 42.320915 ], [ 27.779513, 42.324117 ], [ 27.783611, 42.335338 ], [ 27.773997, 42.333962 ], [ 27.770738, 42.336268 ], [ 27.758552, 42.333573 ], [ 27.754012, 42.32809 ], [ 27.747489, 42.326795 ], [ 27.738703, 42.3291 ], [ 27.729456, 42.337562 ], [ 27.729597, 42.344746 ], [ 27.721608, 42.350353 ], [ 27.710302, 42.367858 ], [ 27.719554, 42.378685 ], [ 27.709401, 42.384314 ], [ 27.706888, 42.393237 ], [ 27.71058, 42.400189 ], [ 27.724179, 42.400865 ], [ 27.7282, 42.409592 ], [ 27.712095, 42.407099 ], [ 27.706099, 42.409437 ], [ 27.702182, 42.419122 ], [ 27.695701, 42.420982 ], [ 27.698909, 42.425501 ], [ 27.694753, 42.426666 ], [ 27.688766, 42.425515 ], [ 27.692415, 42.422435 ], [ 27.687706, 42.41696 ], [ 27.673253, 42.409512 ], [ 27.661865, 42.411052 ], [ 27.651232, 42.416721 ], [ 27.646726, 42.426185 ], [ 27.653801, 42.431315 ], [ 27.648071, 42.439284 ], [ 27.648683, 42.450066 ], [ 27.637006, 42.449224 ], [ 27.62815, 42.455596 ], [ 27.624646, 42.447335 ], [ 27.614535, 42.444941 ], [ 27.598535, 42.450722 ], [ 27.585103, 42.46089 ], [ 27.580923, 42.45532 ], [ 27.580906, 42.448822 ], [ 27.570393, 42.445747 ], [ 27.538846, 42.455638 ], [ 27.537403, 42.448489 ], [ 27.529123, 42.436295 ], [ 27.520912, 42.430621 ], [ 27.513304, 42.429149 ], [ 27.507778, 42.438019 ], [ 27.492108, 42.446694 ], [ 27.480527, 42.459659 ], [ 27.474406, 42.455437 ], [ 27.474433, 42.449063 ], [ 27.468554, 42.445831 ], [ 27.451998, 42.457089 ], [ 27.448252, 42.462481 ], [ 27.447571, 42.476519 ], [ 27.453645, 42.484912 ], [ 27.460554, 42.483962 ], [ 27.464773, 42.487395 ], [ 27.471834, 42.485125 ], [ 27.481283, 42.490811 ], [ 27.485078, 42.510339 ], [ 27.492606, 42.52986 ], [ 27.509152, 42.549746 ], [ 27.527114, 42.558944 ], [ 27.539982, 42.558979 ], [ 27.55896, 42.550735 ], [ 27.583197, 42.564308 ], [ 27.593561, 42.563762 ], [ 27.600123, 42.558128 ], [ 27.607031, 42.563698 ], [ 27.616942, 42.565368 ], [ 27.631832, 42.561477 ], [ 27.641537, 42.552135 ], [ 27.65201, 42.55582 ], [ 27.640934, 42.565304 ], [ 27.633595, 42.578255 ], [ 27.630814, 42.604667 ], [ 27.63529, 42.625374 ], [ 27.646618, 42.638523 ], [ 27.652064, 42.638908 ], [ 27.653801, 42.636238 ], [ 27.666621, 42.638759 ], [ 27.676661, 42.635662 ], [ 27.678789, 42.638469 ], [ 27.691223, 42.650841 ], [ 27.709778, 42.648176 ], [ 27.721562, 42.656872 ], [ 27.729917, 42.658172 ], [ 27.716885, 42.666465 ], [ 27.71317, 42.677783 ], [ 27.722137, 42.702287 ], [ 27.730642, 42.707572 ], [ 27.741196, 42.707634 ], [ 27.761616, 42.708782 ], [ 27.785182, 42.704624 ], [ 27.810024, 42.701385 ], [ 27.822455, 42.704426 ], [ 27.840813, 42.70055 ], [ 27.879492, 42.70068 ], [ 27.892958, 42.697727 ], [ 27.899067, 42.700245 ], [ 27.900753, 42.719509 ], [ 27.891345, 42.741417 ], [ 27.889984, 42.755031 ], [ 27.900435, 42.766651 ], [ 27.90081, 42.771858 ], [ 27.886126, 42.815387 ], [ 27.88262, 42.838413 ], [ 27.889986, 42.853207 ], [ 27.902882, 42.854019 ], [ 27.899866, 42.865703 ], [ 27.897892, 42.873352 ], [ 27.902298, 42.887111 ], [ 27.896748, 42.913475 ], [ 27.897339, 42.920509 ], [ 27.9068, 42.929565 ], [ 27.901449, 42.946903 ], [ 27.893563, 42.980308 ], [ 27.892227, 42.987209 ], [ 27.889586, 43.022869 ], [ 27.890019, 43.042133 ], [ 27.897646, 43.047252 ], [ 27.901434, 43.055137 ], [ 27.90642, 43.055465 ], [ 27.912709, 43.061908 ], [ 27.923737, 43.10635 ], [ 27.930762, 43.127544 ], [ 27.939831, 43.134529 ], [ 27.946584, 43.167496 ], [ 27.944845, 43.171206 ], [ 27.940163, 43.170669 ], [ 27.928358, 43.174474 ], [ 27.915375, 43.174636 ], [ 27.910334, 43.18749 ], [ 27.91826, 43.19027 ], [ 27.920401, 43.197236 ], [ 27.926951, 43.203913 ], [ 27.94219, 43.210731 ], [ 27.956698, 43.212829 ], [ 27.976418, 43.21903 ], [ 27.999812, 43.219086 ], [ 28.009412, 43.223055 ], [ 28.013828, 43.227592 ], [ 28.018323, 43.242383 ], [ 28.026764, 43.246518 ], [ 28.043831, 43.276269 ], [ 28.04835, 43.302143 ], [ 28.050083, 43.304238 ], [ 28.054858, 43.31001 ], [ 28.060181, 43.316445 ], [ 28.069742, 43.327915 ], [ 28.067583, 43.335373 ], [ 28.081747, 43.363277 ], [ 28.09268, 43.376316 ], [ 28.10475, 43.380543 ], [ 28.150778, 43.404732 ], [ 28.164351, 43.405288 ], [ 28.180033, 43.397876 ], [ 28.194302, 43.397144 ], [ 28.212178, 43.398491 ], [ 28.223261, 43.399326 ], [ 28.231102, 43.403457 ], [ 28.241799, 43.405624 ], [ 28.248186, 43.403 ], [ 28.255564, 43.408554 ], [ 28.27993, 43.413261 ], [ 28.28735, 43.412788 ], [ 28.30944, 43.417972 ], [ 28.322998, 43.416678 ], [ 28.334925, 43.415539 ], [ 28.348225, 43.411683 ], [ 28.355636, 43.412709 ], [ 28.378956, 43.406456 ], [ 28.389213, 43.403267 ], [ 28.416284, 43.387538 ], [ 28.449395, 43.380336 ], [ 28.464949, 43.366502 ], [ 28.47096, 43.38279 ], [ 28.495669, 43.40823 ], [ 28.508358, 43.415241 ], [ 28.5143, 43.414436 ], [ 28.529503, 43.423538 ], [ 28.545817, 43.438587 ], [ 28.555622, 43.449394 ], [ 28.571032, 43.472942 ], [ 28.585496, 43.490215 ], [ 28.587773, 43.499477 ], [ 28.601506, 43.519718 ], [ 28.607464, 43.539371 ], [ 28.603815, 43.552421 ], [ 28.578436, 43.578232 ], [ 28.575092, 43.584539 ], [ 28.571051, 43.592159 ], [ 28.567904, 43.60175 ], [ 28.569683, 43.612094 ], [ 28.574475, 43.61824 ], [ 28.573117, 43.629078 ], [ 28.579059, 43.636932 ], [ 28.569128, 43.651184 ], [ 28.564511, 43.675182 ], [ 28.564731, 43.693916 ], [ 28.576746, 43.700775 ], [ 28.578114, 43.708175 ], [ 28.572563, 43.724216 ], [ 28.578884, 43.738739 ], [ 28.558522, 43.737972 ], [ 28.445576, 43.733799 ], [ 28.435577, 43.735692 ], [ 28.378716, 43.74648 ], [ 28.376898, 43.746826 ], [ 28.34851, 43.752193 ], [ 28.333205, 43.753059 ], [ 28.322998, 43.753635 ], [ 28.276837, 43.756244 ], [ 28.236143, 43.758522 ], [ 28.220127, 43.763687 ], [ 28.212178, 43.76625 ], [ 28.17279, 43.778946 ], [ 28.137743, 43.790212 ], [ 28.119589, 43.796043 ], [ 28.09268, 43.806656 ], [ 28.032803, 43.830265 ], [ 28.024634, 43.832957 ], [ 28.003751, 43.839838 ], [ 27.994265, 43.842964 ], [ 27.984391, 43.874882 ], [ 27.981912, 43.882073 ], [ 27.973997, 43.905018 ], [ 27.954193, 43.940129 ], [ 27.9503, 43.957706 ], [ 27.947787, 43.969065 ], [ 27.94431, 43.984783 ], [ 27.930738, 43.996388 ], [ 27.916834, 44.008274 ], [ 27.86867, 43.980785 ], [ 27.843537, 43.966339 ], [ 27.8333, 43.965297 ], [ 27.818878, 43.963962 ], [ 27.755586, 43.958378 ], [ 27.737999, 43.953415 ], [ 27.72464, 43.956081 ], [ 27.709997, 43.959324 ], [ 27.707603, 43.963922 ], [ 27.69541, 43.987343 ], [ 27.673655, 44.029781 ], [ 27.645544, 44.04676 ], [ 27.643538, 44.047973 ], [ 27.612042, 44.012211 ], [ 27.5936, 44.013546 ], [ 27.585881, 44.014324 ], [ 27.492074, 44.020936 ], [ 27.468983, 44.022359 ], [ 27.449601, 44.019715 ], [ 27.440063, 44.018256 ], [ 27.43408, 44.017456 ], [ 27.41851, 44.015138 ], [ 27.412702, 44.014279 ], [ 27.398619, 44.013328 ], [ 27.369635, 44.040547 ], [ 27.355726, 44.058462 ], [ 27.33336, 44.064241 ], [ 27.291766, 44.075522 ], [ 27.289914, 44.083646 ], [ 27.277317, 44.098518 ], [ 27.276903, 44.105599 ], [ 27.282984, 44.110177 ], [ 27.276537, 44.116167 ], [ 27.276845, 44.123185 ], [ 27.271341, 44.126335 ], [ 27.263764, 44.125656 ], [ 27.241757, 44.1169 ], [ 27.238537, 44.11615 ], [ 27.236547, 44.11581 ], [ 27.234297, 44.11558 ], [ 27.231167, 44.11544 ], [ 27.223947, 44.11543 ], [ 27.213447, 44.1158 ], [ 27.204458, 44.116364 ], [ 27.20031, 44.116728 ], [ 27.185495, 44.119527 ], [ 27.160735, 44.135404 ], [ 27.134974, 44.140505 ], [ 27.108356, 44.138809 ], [ 27.094245, 44.134334 ], [ 27.082442, 44.133516 ], [ 27.063611, 44.135777 ], [ 27.038478, 44.143407 ], [ 27.02778, 44.143181 ], [ 27.018579, 44.140536 ], [ 27.008323, 44.137257 ], [ 27.006063, 44.136403 ], [ 27.004448, 44.135792 ], [ 26.99988, 44.133806 ], [ 26.996529, 44.132523 ], [ 26.993141, 44.131707 ], [ 26.991039, 44.131382 ], [ 26.988458, 44.131229 ], [ 26.98573, 44.131203 ], [ 26.974693, 44.132096 ], [ 26.9697, 44.132267 ], [ 26.923678, 44.140153 ], [ 26.905552, 44.135805 ], [ 26.90232, 44.134157 ], [ 26.885366, 44.125511 ], [ 26.880744, 44.123781 ], [ 26.874729, 44.121735 ], [ 26.87015, 44.120178 ], [ 26.853072, 44.115367 ], [ 26.83722, 44.111647 ], [ 26.802969, 44.09296 ], [ 26.78415, 44.084605 ], [ 26.775647, 44.080828 ], [ 26.77211, 44.079551 ], [ 26.741241, 44.074961 ], [ 26.71518, 44.080774 ], [ 26.699917, 44.080639 ], [ 26.696252, 44.07982 ], [ 26.693982, 44.079011 ], [ 26.678515, 44.074518 ], [ 26.668196, 44.07097 ], [ 26.66514, 44.069415 ], [ 26.6615, 44.067402 ], [ 26.658564, 44.065955 ], [ 26.656039, 44.065058 ], [ 26.648038, 44.062635 ], [ 26.639913, 44.06033 ], [ 26.633056, 44.058527 ], [ 26.62716, 44.057411 ], [ 26.614885, 44.054849 ], [ 26.601343, 44.053466 ], [ 26.568518, 44.057987 ], [ 26.549501, 44.054551 ], [ 26.541571, 44.052651 ], [ 26.529048, 44.050706 ], [ 26.527117, 44.050337 ], [ 26.519316, 44.048592 ], [ 26.512375, 44.047183 ], [ 26.504514, 44.045393 ], [ 26.495412, 44.04368 ], [ 26.492802, 44.043307 ], [ 26.490046, 44.043013 ], [ 26.487977, 44.042847 ], [ 26.483827, 44.04275 ], [ 26.422515, 44.037505 ], [ 26.41098, 44.039859 ], [ 26.40656, 44.040469 ], [ 26.402547, 44.040671 ], [ 26.397001, 44.040683 ], [ 26.389255, 44.039701 ], [ 26.381823, 44.038612 ], [ 26.375475, 44.03768 ], [ 26.369262, 44.037375 ], [ 26.361405, 44.037328 ], [ 26.358182, 44.03716 ], [ 26.352481, 44.036864 ], [ 26.345964, 44.036359 ], [ 26.340709, 44.035426 ], [ 26.33466, 44.034125 ], [ 26.300192, 44.024818 ], [ 26.257668, 44.004186 ], [ 26.234609, 43.995973 ], [ 26.207543, 43.987852 ], [ 26.19181, 43.986841 ], [ 26.188879, 43.987046 ], [ 26.174352, 43.987789 ], [ 26.14768, 43.982911 ], [ 26.145383, 43.982296 ], [ 26.141929, 43.981045 ], [ 26.135962, 43.979439 ], [ 26.131508, 43.977627 ], [ 26.125386, 43.974783 ], [ 26.119352, 43.973034 ], [ 26.113526, 43.971854 ], [ 26.108556, 43.970569 ], [ 26.104843, 43.969511 ], [ 26.10245, 43.968486 ], [ 26.100804, 43.96721 ], [ 26.095008, 43.960548 ], [ 26.092229, 43.957531 ], [ 26.089732, 43.955144 ], [ 26.088223, 43.953702 ], [ 26.086083, 43.951462 ], [ 26.084343, 43.949432 ], [ 26.082953, 43.947622 ], [ 26.081203, 43.944972 ], [ 26.080183, 43.943072 ], [ 26.074613, 43.931212 ], [ 26.06945, 43.922212 ], [ 26.060757, 43.908597 ], [ 26.046127, 43.901158 ], [ 26.043734, 43.900283 ], [ 26.036558, 43.897067 ], [ 26.033616, 43.89631 ], [ 25.988762, 43.879769 ], [ 25.95283, 43.859001 ], [ 25.950834, 43.857523 ], [ 25.946184, 43.853643 ], [ 25.939284, 43.846883 ], [ 25.931524, 43.839803 ], [ 25.927194, 43.835431 ], [ 25.924094, 43.832033 ], [ 25.923082, 43.830689 ], [ 25.921605, 43.829022 ], [ 25.920511, 43.827483 ], [ 25.918952, 43.825717 ], [ 25.916572, 43.823485 ], [ 25.914591, 43.82176 ], [ 25.906328, 43.812589 ], [ 25.904061, 43.81098 ], [ 25.901757, 43.809147 ], [ 25.900244, 43.807943 ], [ 25.895514, 43.803833 ], [ 25.891754, 43.800153 ], [ 25.889914, 43.798013 ], [ 25.888534, 43.795983 ], [ 25.882924, 43.784563 ], [ 25.880894, 43.780793 ], [ 25.879964, 43.779443 ], [ 25.878484, 43.777633 ], [ 25.877154, 43.776253 ], [ 25.875574, 43.774843 ], [ 25.872874, 43.772703 ], [ 25.871303, 43.771834 ], [ 25.869357, 43.770983 ], [ 25.867321, 43.769829 ], [ 25.863428, 43.767173 ], [ 25.837136, 43.75136 ], [ 25.835263, 43.750773 ], [ 25.826347, 43.748292 ], [ 25.822012, 43.747256 ], [ 25.817347, 43.745903 ], [ 25.811731, 43.744515 ], [ 25.807733, 43.742995 ], [ 25.804424, 43.740153 ], [ 25.802794, 43.738613 ], [ 25.801094, 43.736783 ], [ 25.799624, 43.734883 ], [ 25.79879, 43.733543 ], [ 25.786824, 43.714731 ], [ 25.776844, 43.70671 ], [ 25.760554, 43.699094 ], [ 25.757336, 43.697857 ], [ 25.740611, 43.69106 ], [ 25.717779, 43.686364 ], [ 25.711374, 43.687165 ], [ 25.707253, 43.687444 ], [ 25.703352, 43.687527 ], [ 25.696134, 43.68749 ], [ 25.690532, 43.687546 ], [ 25.683704, 43.687773 ], [ 25.675306, 43.68824 ], [ 25.672201, 43.688148 ], [ 25.657143, 43.685203 ], [ 25.620571, 43.670706 ], [ 25.614868, 43.66819 ], [ 25.601872, 43.662242 ], [ 25.583274, 43.655876 ], [ 25.572037, 43.651904 ], [ 25.568714, 43.650645 ], [ 25.565617, 43.649242 ], [ 25.561732, 43.647133 ], [ 25.54454, 43.642845 ], [ 25.538099, 43.642352 ], [ 25.533268, 43.642619 ], [ 25.526569, 43.643278 ], [ 25.520458, 43.644499 ], [ 25.512126, 43.647914 ], [ 25.509604, 43.648423 ], [ 25.497048, 43.648515 ], [ 25.485652, 43.646898 ], [ 25.479685, 43.64534 ], [ 25.465378, 43.640476 ], [ 25.453989, 43.636043 ], [ 25.440273, 43.630017 ], [ 25.419195, 43.623152 ], [ 25.406786, 43.620225 ], [ 25.391915, 43.619622 ], [ 25.37909, 43.62072 ], [ 25.365799, 43.624613 ], [ 25.296373, 43.655419 ], [ 25.276292, 43.669506 ], [ 25.265731, 43.671666 ], [ 25.246061, 43.680219 ], [ 25.220664, 43.684498 ], [ 25.2075, 43.692949 ], [ 25.189784, 43.698969 ], [ 25.187, 43.699642 ], [ 25.184827, 43.699992 ], [ 25.182823, 43.700177 ], [ 25.179712, 43.700285 ], [ 25.176463, 43.700176 ], [ 25.172836, 43.699972 ], [ 25.169101, 43.699453 ], [ 25.164325, 43.698309 ], [ 25.162563, 43.697779 ], [ 25.160242, 43.696795 ], [ 25.154589, 43.694165 ], [ 25.153078, 43.693439 ], [ 25.145017, 43.688358 ], [ 25.143499, 43.68751 ], [ 25.13879, 43.686526 ], [ 25.128569, 43.684622 ], [ 25.124901, 43.68449 ], [ 25.113903, 43.684772 ], [ 25.107254, 43.685084 ], [ 25.093068, 43.686465 ], [ 25.07965, 43.688154 ], [ 25.067278, 43.690542 ], [ 25.061827, 43.692089 ], [ 25.056351, 43.694035 ], [ 25.053828, 43.695435 ], [ 25.052168, 43.696255 ], [ 25.045777, 43.699221 ], [ 25.019164, 43.712449 ], [ 25.006431, 43.723744 ], [ 25.00307, 43.725496 ], [ 24.998809, 43.726841 ], [ 24.996897, 43.727668 ], [ 24.992957, 43.728068 ], [ 24.983265, 43.728238 ], [ 24.972706, 43.727436 ], [ 24.956456, 43.722001 ], [ 24.950959, 43.720405 ], [ 24.946919, 43.719375 ], [ 24.943339, 43.718605 ], [ 24.938359, 43.717675 ], [ 24.932999, 43.716795 ], [ 24.924839, 43.715675 ], [ 24.921209, 43.715095 ], [ 24.917799, 43.714415 ], [ 24.910279, 43.712685 ], [ 24.905209, 43.711695 ], [ 24.901889, 43.711215 ], [ 24.883099, 43.708805 ], [ 24.878119, 43.708255 ], [ 24.87329, 43.707905 ], [ 24.86947, 43.707805 ], [ 24.86509, 43.707915 ], [ 24.862232, 43.70812 ], [ 24.833103, 43.712664 ], [ 24.810513, 43.710043 ], [ 24.806233, 43.708994 ], [ 24.769041, 43.692199 ], [ 24.746587, 43.688307 ], [ 24.740507, 43.687828 ], [ 24.736293, 43.687915 ], [ 24.729791, 43.688687 ], [ 24.725213, 43.689484 ], [ 24.718411, 43.690284 ], [ 24.712952, 43.691185 ], [ 24.710922, 43.691615 ], [ 24.706696, 43.692651 ], [ 24.704416, 43.693376 ], [ 24.699674, 43.695212 ], [ 24.697826, 43.696027 ], [ 24.694904, 43.697616 ], [ 24.681535, 43.704376 ], [ 24.679842, 43.705304 ], [ 24.677909, 43.706546 ], [ 24.676072, 43.707944 ], [ 24.672782, 43.710659 ], [ 24.669891, 43.713195 ], [ 24.667122, 43.715625 ], [ 24.664381, 43.717645 ], [ 24.658942, 43.721106 ], [ 24.65478, 43.723586 ], [ 24.64445, 43.729151 ], [ 24.640431, 43.731387 ], [ 24.637091, 43.733245 ], [ 24.632011, 43.735835 ], [ 24.628626, 43.737393 ], [ 24.624156, 43.739311 ], [ 24.614399, 43.743228 ], [ 24.604031, 43.747655 ], [ 24.599581, 43.749415 ], [ 24.570256, 43.756372 ], [ 24.539774, 43.76068 ], [ 24.502099, 43.761521 ], [ 24.496594, 43.761655 ], [ 24.494167, 43.761625 ], [ 24.489747, 43.761285 ], [ 24.486251, 43.760689 ], [ 24.48327, 43.760015 ], [ 24.478978, 43.758409 ], [ 24.463449, 43.751691 ], [ 24.457725, 43.748931 ], [ 24.451892, 43.746305 ], [ 24.445752, 43.743135 ], [ 24.442902, 43.741448 ], [ 24.440175, 43.73957 ], [ 24.437601, 43.737797 ], [ 24.43232, 43.733887 ], [ 24.429541, 43.731685 ], [ 24.42228, 43.726518 ], [ 24.419453, 43.72485 ], [ 24.413968, 43.722158 ], [ 24.340764, 43.696956 ], [ 24.337732, 43.696989 ], [ 24.323523, 43.697686 ], [ 24.314479, 43.69813 ], [ 24.307676, 43.698749 ], [ 24.305738, 43.698832 ], [ 24.301423, 43.698546 ], [ 24.299594, 43.69838 ], [ 24.297132, 43.698039 ], [ 24.286233, 43.696316 ], [ 24.276963, 43.695056 ], [ 24.266447, 43.693464 ], [ 24.260011, 43.692539 ], [ 24.255246, 43.691864 ], [ 24.198889, 43.683938 ], [ 24.195803, 43.68363 ], [ 24.170504, 43.684902 ], [ 24.147543, 43.692211 ], [ 24.112044, 43.699946 ], [ 24.098661, 43.700843 ], [ 24.09231, 43.70144 ], [ 24.090154, 43.701642 ], [ 24.087119, 43.702094 ], [ 24.083927, 43.702931 ], [ 24.080684, 43.704143 ], [ 24.07782, 43.705594 ], [ 24.074516, 43.707608 ], [ 24.070794, 43.710194 ], [ 24.069446, 43.71113 ], [ 24.061101, 43.716515 ], [ 24.057968, 43.71813 ], [ 24.055131, 43.719308 ], [ 24.028052, 43.730551 ], [ 23.993026, 43.744821 ], [ 23.977719, 43.748318 ], [ 23.958731, 43.746887 ], [ 23.937243, 43.745267 ], [ 23.925816, 43.746033 ], [ 23.909874, 43.747103 ], [ 23.874995, 43.750948 ], [ 23.865509, 43.753382 ], [ 23.859324, 43.754969 ], [ 23.850478, 43.757677 ], [ 23.845881, 43.758996 ], [ 23.826196, 43.76592 ], [ 23.809789, 43.773253 ], [ 23.776513, 43.780135 ], [ 23.750245, 43.800031 ], [ 23.740955, 43.803754 ], [ 23.700629, 43.806749 ], [ 23.663935, 43.799225 ], [ 23.652227, 43.796216 ], [ 23.643607, 43.794154 ], [ 23.641597, 43.793673 ], [ 23.638447, 43.792741 ], [ 23.630393, 43.79105 ], [ 23.608883, 43.792632 ], [ 23.557778, 43.801748 ], [ 23.54605, 43.806708 ], [ 23.543775, 43.810856 ], [ 23.54339, 43.81475 ], [ 23.542916, 43.816059 ], [ 23.511425, 43.837226 ], [ 23.484248, 43.838276 ], [ 23.466922, 43.843252 ], [ 23.433856, 43.852748 ], [ 23.423729, 43.854093 ], [ 23.403724, 43.852948 ], [ 23.39117, 43.850605 ], [ 23.372913, 43.848551 ], [ 23.36992, 43.848379 ], [ 23.366006, 43.84818 ], [ 23.363598, 43.848207 ], [ 23.356379, 43.848493 ], [ 23.351618, 43.848762 ], [ 23.345749, 43.848866 ], [ 23.340783, 43.848858 ], [ 23.293162, 43.846729 ], [ 23.260966, 43.84499 ], [ 23.246539, 43.839337 ], [ 23.241296, 43.836681 ], [ 23.217905, 43.833247 ], [ 23.189977, 43.825806 ], [ 23.173963, 43.821 ], [ 23.139391, 43.804762 ], [ 23.12689, 43.802708 ], [ 23.05691, 43.796289 ], [ 23.052029, 43.796357 ], [ 22.997171, 43.807867 ], [ 22.958477, 43.814337 ], [ 22.956355, 43.814874 ], [ 22.953651, 43.815716 ], [ 22.943511, 43.819856 ], [ 22.940353, 43.820847 ], [ 22.938592, 43.821295 ], [ 22.933539, 43.822431 ], [ 22.925681, 43.823867 ], [ 22.912367, 43.826711 ], [ 22.904301, 43.828156 ], [ 22.895981, 43.829816 ], [ 22.884701, 43.832346 ], [ 22.879711, 43.833596 ], [ 22.867127, 43.838745 ], [ 22.857783, 43.844394 ], [ 22.855005, 43.846739 ], [ 22.851419, 43.850585 ], [ 22.849106, 43.853374 ], [ 22.847102, 43.85631 ], [ 22.845201, 43.859636 ], [ 22.844231, 43.861926 ], [ 22.84329, 43.864843 ], [ 22.842141, 43.869285 ], [ 22.841671, 43.872477 ], [ 22.841369, 43.875651 ], [ 22.841334, 43.877595 ], [ 22.841303, 43.879318 ], [ 22.841364, 43.881746 ], [ 22.841707, 43.886091 ], [ 22.849975, 43.910889 ], [ 22.857783, 43.92115 ], [ 22.866315, 43.932359 ], [ 22.876287, 43.973489 ], [ 22.880983, 43.982258 ], [ 22.892367, 43.991384 ], [ 22.926996, 43.999514 ], [ 22.948143, 44.002505 ], [ 23.010548, 44.012062 ], [ 23.030795, 44.035381 ], [ 23.037646, 44.044721 ], [ 23.040116, 44.04809 ], [ 23.04481, 44.055048 ], [ 23.04577, 44.056677 ], [ 23.047386, 44.060808 ], [ 23.048011, 44.063665 ], [ 23.048072, 44.066404 ], [ 23.047981, 44.067914 ], [ 23.047663, 44.069583 ], [ 23.047091, 44.070887 ], [ 23.046261, 44.072235 ], [ 23.045371, 44.07343 ], [ 23.042492, 44.076388 ], [ 23.04096, 44.077676 ], [ 23.037304, 44.080172 ], [ 23.032947, 44.082836 ], [ 23.028682, 44.085306 ], [ 23.024636, 44.087513 ], [ 23.022895, 44.088379 ], [ 23.020946, 44.089153 ], [ 23.018426, 44.090006 ], [ 23.012137, 44.091995 ], [ 23.001776, 44.094782 ], [ 22.996281, 44.096125 ], [ 22.992001, 44.096975 ], [ 22.988931, 44.097425 ], [ 22.983791, 44.097905 ], [ 22.979881, 44.098105 ], [ 22.970911, 44.098275 ], [ 22.966369, 44.098288 ], [ 22.932864, 44.098418 ], [ 22.92212, 44.10004 ], [ 22.918822, 44.10121 ], [ 22.916655, 44.102268 ], [ 22.91088, 44.105516 ], [ 22.904133, 44.10908 ], [ 22.901883, 44.110411 ], [ 22.900232, 44.111517 ], [ 22.896623, 44.114895 ], [ 22.894891, 44.116359 ], [ 22.886376, 44.123176 ], [ 22.877328, 44.128988 ], [ 22.875016, 44.130399 ], [ 22.870673, 44.132842 ], [ 22.857783, 44.137963 ], [ 22.836332, 44.146485 ], [ 22.794947, 44.161648 ], [ 22.776398, 44.174432 ], [ 22.762682, 44.187446 ], [ 22.759248, 44.189191 ], [ 22.753978, 44.191141 ], [ 22.739609, 44.196262 ], [ 22.737613, 44.197081 ], [ 22.730565, 44.20026 ], [ 22.727112, 44.201385 ], [ 22.723104, 44.201981 ] ], [ [ 17.260178, 46.032377 ], [ 17.256502, 46.033192 ], [ 17.25329, 46.029971 ], [ 17.257303, 46.029405 ], [ 17.260178, 46.032377 ] ], [ [ 14.269359, 53.706541 ], [ 14.266011, 53.709895 ], [ 14.263044, 53.710574 ], [ 14.258822, 53.70874 ], [ 14.252654, 53.709011 ], [ 14.24977, 53.707893 ], [ 14.248596, 53.705237 ], [ 14.250411, 53.702715 ], [ 14.255419, 53.701609 ], [ 14.260472, 53.704316 ], [ 14.268518, 53.705557 ], [ 14.269359, 53.706541 ] ], [ [ 14.028913, 53.948473 ], [ 14.026789, 53.951962 ], [ 14.02326, 53.951603 ], [ 14.02578, 53.948321 ], [ 14.028913, 53.948473 ] ], [ [ 14.203955, 53.906636 ], [ 14.203508, 53.910607 ], [ 14.18607, 53.91238 ], [ 14.19056, 53.91562 ], [ 14.208005, 53.916336 ], [ 14.226302, 53.928653 ], [ 14.184815, 53.946747 ], [ 14.142764, 53.976382 ], [ 14.12522, 53.98697 ], [ 14.113513, 53.994035 ], [ 14.106792, 53.997601 ], [ 14.101615, 54.00053 ], [ 14.046175, 54.031887 ], [ 14.02566, 54.046054 ], [ 14.014784, 54.054227 ], [ 14.00334, 54.058119 ], [ 13.972085, 54.068747 ], [ 13.935108, 54.075539 ], [ 13.930691, 54.076996 ], [ 13.909658, 54.08451 ], [ 13.899157, 54.088736 ], [ 13.874941, 54.100198 ], [ 13.855303, 54.11285 ], [ 13.839086, 54.126056 ], [ 13.821813, 54.148511 ], [ 13.809946, 54.177149 ], [ 13.807063, 54.17678 ], [ 13.805216, 54.17338 ], [ 13.788895, 54.173888 ], [ 13.771971, 54.171672 ], [ 13.767233, 54.170264 ], [ 13.759262, 54.167895 ], [ 13.750279, 54.157479 ], [ 13.757811, 54.135971 ], [ 13.761727, 54.13475 ], [ 13.765124, 54.136743 ], [ 13.767233, 54.135476 ], [ 13.772329, 54.132416 ], [ 13.776727, 54.120193 ], [ 13.783927, 54.118373 ], [ 13.792664, 54.11144 ], [ 13.807272, 54.108519 ], [ 13.813017, 54.099393 ], [ 13.80846, 54.08451 ], [ 13.807106, 54.080759 ], [ 13.80301, 54.081591 ], [ 13.804318, 54.07837 ], [ 13.797378, 54.063611 ], [ 13.788968, 54.056446 ], [ 13.790695, 54.049864 ], [ 13.783648, 54.044814 ], [ 13.781941, 54.039726 ], [ 13.773714, 54.040611 ], [ 13.767233, 54.033571 ], [ 13.766341, 54.032602 ], [ 13.763945, 54.026562 ], [ 13.767233, 54.022168 ], [ 13.775992, 54.018607 ], [ 13.798411, 54.018687 ], [ 13.810579, 54.031206 ], [ 13.821249, 54.037126 ], [ 13.842401, 54.041707 ], [ 13.847232, 54.046217 ], [ 13.856552, 54.048175 ], [ 13.864458, 54.046248 ], [ 13.873095, 54.039855 ], [ 13.87605, 54.043292 ], [ 13.877826, 54.036395 ], [ 13.867215, 54.032184 ], [ 13.86366, 54.023455 ], [ 13.854024, 54.013008 ], [ 13.853953, 54.006089 ], [ 13.859427, 54.0016 ], [ 13.86994, 54.007726 ], [ 13.898159, 54.013114 ], [ 13.910496, 54.026232 ], [ 13.921449, 54.033152 ], [ 13.925238, 54.030391 ], [ 13.918144, 54.022081 ], [ 13.924591, 54.019111 ], [ 13.93246, 54.028269 ], [ 13.917535, 54.04417 ], [ 13.910674, 54.046996 ], [ 13.915414, 54.058483 ], [ 13.91483, 54.063178 ], [ 13.924868, 54.063105 ], [ 13.930691, 54.061937 ], [ 13.953317, 54.059185 ], [ 13.965487, 54.059824 ], [ 13.969727, 54.062924 ], [ 13.974226, 54.063047 ], [ 13.970014, 54.059528 ], [ 13.982847, 54.04994 ], [ 13.995956, 54.043677 ], [ 13.998279, 54.036533 ], [ 14.00334, 54.016864 ], [ 14.004879, 54.01088 ], [ 14.010869, 54.010242 ], [ 14.019687, 54.018013 ], [ 14.027993, 54.018149 ], [ 14.032604, 54.016725 ], [ 14.04062, 54.009547 ], [ 14.042917, 54.000266 ], [ 14.047076, 53.996978 ], [ 14.048226, 53.983434 ], [ 14.042932, 53.962254 ], [ 14.0356, 53.951388 ], [ 14.036924, 53.947743 ], [ 14.042244, 53.94486 ], [ 14.037629, 53.941337 ], [ 14.03373, 53.942554 ], [ 14.033891, 53.946771 ], [ 14.027374, 53.943948 ], [ 14.012344, 53.950223 ], [ 14.011907, 53.954495 ], [ 14.021679, 53.958506 ], [ 14.021962, 53.961492 ], [ 14.005152, 53.959737 ], [ 14.00334, 53.960096 ], [ 13.993716, 53.962003 ], [ 13.984776, 53.959443 ], [ 13.982742, 53.961586 ], [ 13.964684, 53.957088 ], [ 13.970282, 53.9506 ], [ 13.963333, 53.943096 ], [ 13.958985, 53.942427 ], [ 13.959602, 53.933992 ], [ 13.953293, 53.936947 ], [ 13.952131, 53.945655 ], [ 13.956576, 53.952756 ], [ 13.951692, 53.958653 ], [ 13.970428, 53.969587 ], [ 13.964383, 53.974541 ], [ 13.964241, 53.989125 ], [ 13.958838, 53.992143 ], [ 13.946251, 53.994084 ], [ 13.931098, 53.991113 ], [ 13.908336, 53.989933 ], [ 13.899898, 53.981765 ], [ 13.897282, 53.964394 ], [ 13.921493, 53.950764 ], [ 13.930719, 53.937009 ], [ 13.932835, 53.919936 ], [ 13.937869, 53.912933 ], [ 13.9243, 53.891 ], [ 13.920127, 53.888144 ], [ 13.903531, 53.885264 ], [ 13.892376, 53.87716 ], [ 13.874309, 53.877467 ], [ 13.857744, 53.871515 ], [ 13.842401, 53.871336 ], [ 13.835226, 53.871131 ], [ 13.830935, 53.863567 ], [ 13.829475, 53.858092 ], [ 13.822806, 53.856587 ], [ 13.826496, 53.850287 ], [ 13.846127, 53.850551 ], [ 13.862078, 53.843027 ], [ 13.873826, 53.84238 ], [ 13.879955, 53.840197 ], [ 13.898697, 53.840419 ], [ 13.91378, 53.843473 ], [ 13.920864, 53.847474 ], [ 13.943116, 53.843808 ], [ 13.978526, 53.849807 ], [ 13.984901, 53.849565 ], [ 13.990941, 53.848973 ], [ 13.995942, 53.853898 ], [ 14.00334, 53.856731 ], [ 14.006328, 53.857875 ], [ 14.013586, 53.863567 ], [ 14.019683, 53.868825 ], [ 14.027924, 53.869921 ], [ 14.038359, 53.874098 ], [ 14.062324, 53.869748 ], [ 14.085212, 53.874512 ], [ 14.101615, 53.871444 ], [ 14.106792, 53.870475 ], [ 14.11611, 53.869471 ], [ 14.12522, 53.871358 ], [ 14.13356, 53.871067 ], [ 14.151091, 53.871348 ], [ 14.187891, 53.872711 ], [ 14.213078, 53.866479 ], [ 14.215202, 53.880761 ], [ 14.213336, 53.889639 ], [ 14.211945, 53.90013 ], [ 14.203955, 53.906636 ] ], [ [ 13.39959, 54.172283 ], [ 13.401322, 54.170746 ], [ 13.406024, 54.170126 ], [ 13.409719, 54.168169 ], [ 13.41038, 54.164807 ], [ 13.411942, 54.164014 ], [ 13.414926, 54.164014 ], [ 13.418933, 54.165807 ], [ 13.422362, 54.167341 ], [ 13.421843, 54.171027 ], [ 13.418933, 54.172451 ], [ 13.406378, 54.178596 ], [ 13.40052, 54.18032 ], [ 13.398713, 54.180007 ], [ 13.400044, 54.178407 ], [ 13.39959, 54.172283 ] ], [ [ 13.352639, 54.176009 ], [ 13.35003, 54.179002 ], [ 13.346993, 54.177216 ], [ 13.350017, 54.174821 ], [ 13.352639, 54.176009 ] ], [ [ 13.358063, 54.183246 ], [ 13.35887, 54.182639 ], [ 13.368005, 54.182035 ], [ 13.368749, 54.183068 ], [ 13.364055, 54.185317 ], [ 13.358063, 54.183246 ] ], [ [ 13.773653, 54.205027 ], [ 13.774794, 54.207598 ], [ 13.770582, 54.209313 ], [ 13.768816, 54.208828 ], [ 13.768111, 54.203067 ], [ 13.770328, 54.201078 ], [ 13.773653, 54.205027 ] ], [ [ 13.923286, 54.25097 ], [ 13.919273, 54.25161 ], [ 13.916697, 54.250468 ], [ 13.916019, 54.248122 ], [ 13.908652, 54.24415 ], [ 13.911062, 54.24142 ], [ 13.914573, 54.242295 ], [ 13.917369, 54.245235 ], [ 13.924769, 54.247489 ], [ 13.926893, 54.24881 ], [ 13.923286, 54.25097 ] ], [ [ 13.112669, 54.312997 ], [ 13.111832, 54.308722 ], [ 13.115342, 54.306248 ], [ 13.117338, 54.303709 ], [ 13.120482, 54.302613 ], [ 13.12514, 54.303791 ], [ 13.128894, 54.306509 ], [ 13.129613, 54.308833 ], [ 13.12401, 54.311627 ], [ 13.128833, 54.314152 ], [ 13.125296, 54.316213 ], [ 13.119582, 54.313408 ], [ 13.112669, 54.312997 ] ], [ [ 13.517591, 54.315701 ], [ 13.518754, 54.311716 ], [ 13.523473, 54.309688 ], [ 13.524911, 54.310152 ], [ 13.524054, 54.316684 ], [ 13.521364, 54.315452 ], [ 13.517591, 54.315701 ] ], [ [ 13.540965, 54.33097 ], [ 13.535294, 54.328924 ], [ 13.53036, 54.326449 ], [ 13.530403, 54.322487 ], [ 13.526577, 54.318773 ], [ 13.527982, 54.318391 ], [ 13.534342, 54.321732 ], [ 13.537412, 54.32263 ], [ 13.543834, 54.323058 ], [ 13.547002, 54.325646 ], [ 13.54548, 54.328064 ], [ 13.540965, 54.33097 ] ], [ [ 13.211342, 54.40178 ], [ 13.208271, 54.39997 ], [ 13.207746, 54.398537 ], [ 13.208544, 54.397407 ], [ 13.211342, 54.396982 ], [ 13.215554, 54.397423 ], [ 13.218842, 54.399768 ], [ 13.220156, 54.400949 ], [ 13.218842, 54.40239 ], [ 13.211342, 54.40178 ] ], [ [ 13.116531, 54.430416 ], [ 13.115958, 54.42958 ], [ 13.116715, 54.427216 ], [ 13.123058, 54.426423 ], [ 13.123284, 54.428903 ], [ 13.116531, 54.430416 ] ], [ [ 13.433843, 54.682015 ], [ 13.427892, 54.684597 ], [ 13.418933, 54.683577 ], [ 13.408446, 54.682382 ], [ 13.396108, 54.682703 ], [ 13.389278, 54.683157 ], [ 13.379956, 54.683777 ], [ 13.3639, 54.681239 ], [ 13.335421, 54.675507 ], [ 13.301422, 54.674147 ], [ 13.286555, 54.673331 ], [ 13.249, 54.659606 ], [ 13.223778, 54.643902 ], [ 13.218842, 54.637059 ], [ 13.218842, 54.634109 ], [ 13.220723, 54.631748 ], [ 13.220211, 54.62804 ], [ 13.222117, 54.624434 ], [ 13.222503, 54.621334 ], [ 13.224346, 54.618262 ], [ 13.225711, 54.612284 ], [ 13.22322, 54.606803 ], [ 13.218842, 54.600348 ], [ 13.211342, 54.594044 ], [ 13.201955, 54.586151 ], [ 13.183264, 54.577543 ], [ 13.167559, 54.573574 ], [ 13.161234, 54.566069 ], [ 13.161363, 54.560903 ], [ 13.164716, 54.558467 ], [ 13.175054, 54.560743 ], [ 13.18342, 54.566069 ], [ 13.18523, 54.570113 ], [ 13.194217, 54.572467 ], [ 13.211342, 54.582069 ], [ 13.218842, 54.586274 ], [ 13.227508, 54.587727 ], [ 13.230238, 54.595531 ], [ 13.236937, 54.598274 ], [ 13.230583, 54.608916 ], [ 13.227663, 54.624938 ], [ 13.264081, 54.642819 ], [ 13.281242, 54.645336 ], [ 13.286028, 54.642017 ], [ 13.288153, 54.628541 ], [ 13.283367, 54.617573 ], [ 13.258804, 54.592657 ], [ 13.246579, 54.566069 ], [ 13.243413, 54.560935 ], [ 13.246147, 54.558206 ], [ 13.25749, 54.562948 ], [ 13.275882, 54.564226 ], [ 13.282003, 54.566069 ], [ 13.288725, 54.570384 ], [ 13.306702, 54.574235 ], [ 13.314583, 54.578909 ], [ 13.332629, 54.582592 ], [ 13.334104, 54.585212 ], [ 13.329077, 54.594022 ], [ 13.348231, 54.60111 ], [ 13.355217, 54.61171 ], [ 13.369058, 54.614306 ], [ 13.383533, 54.597033 ], [ 13.384719, 54.581971 ], [ 13.389278, 54.578267 ], [ 13.396108, 54.572718 ], [ 13.40837, 54.572626 ], [ 13.418933, 54.569895 ], [ 13.425558, 54.568182 ], [ 13.432665, 54.55995 ], [ 13.446022, 54.551951 ], [ 13.484235, 54.553378 ], [ 13.493034, 54.55121 ], [ 13.502391, 54.547422 ], [ 13.506985, 54.537477 ], [ 13.507209, 54.535697 ], [ 13.508871, 54.530488 ], [ 13.514202, 54.513777 ], [ 13.512521, 54.508746 ], [ 13.508236, 54.506101 ], [ 13.500973, 54.493249 ], [ 13.504125, 54.484014 ], [ 13.502707, 54.480673 ], [ 13.507283, 54.477383 ], [ 13.510771, 54.479896 ], [ 13.526748, 54.480345 ], [ 13.548617, 54.473742 ], [ 13.546166, 54.456642 ], [ 13.538646, 54.452304 ], [ 13.527877, 54.450894 ], [ 13.524646, 54.448472 ], [ 13.530151, 54.445379 ], [ 13.548335, 54.446892 ], [ 13.553863, 54.445446 ], [ 13.556456, 54.438063 ], [ 13.546249, 54.434497 ], [ 13.529541, 54.434739 ], [ 13.520929, 54.432485 ], [ 13.522622, 54.429948 ], [ 13.540557, 54.427041 ], [ 13.540428, 54.419996 ], [ 13.533845, 54.417046 ], [ 13.526287, 54.419325 ], [ 13.511153, 54.419364 ], [ 13.502887, 54.42508 ], [ 13.492658, 54.421461 ], [ 13.479251, 54.424166 ], [ 13.475656, 54.426834 ], [ 13.478475, 54.435274 ], [ 13.481371, 54.436157 ], [ 13.488202, 54.434335 ], [ 13.49708, 54.435975 ], [ 13.504139, 54.435157 ], [ 13.513147, 54.443346 ], [ 13.510467, 54.444883 ], [ 13.500636, 54.445034 ], [ 13.506338, 54.44976 ], [ 13.505542, 54.451383 ], [ 13.488202, 54.452876 ], [ 13.475021, 54.451746 ], [ 13.471567, 54.453653 ], [ 13.471604, 54.45729 ], [ 13.488202, 54.476467 ], [ 13.501483, 54.47987 ], [ 13.500012, 54.481904 ], [ 13.488202, 54.483301 ], [ 13.480543, 54.483541 ], [ 13.467096, 54.480684 ], [ 13.451965, 54.473028 ], [ 13.447642, 54.475722 ], [ 13.443197, 54.484014 ], [ 13.441719, 54.486769 ], [ 13.432215, 54.489327 ], [ 13.418933, 54.493532 ], [ 13.412388, 54.495603 ], [ 13.407145, 54.506546 ], [ 13.41362, 54.520015 ], [ 13.402482, 54.530488 ], [ 13.39272, 54.539665 ], [ 13.389278, 54.541592 ], [ 13.380429, 54.546545 ], [ 13.376549, 54.558861 ], [ 13.369223, 54.559159 ], [ 13.355107, 54.550061 ], [ 13.355496, 54.547102 ], [ 13.377502, 54.543857 ], [ 13.380692, 54.540536 ], [ 13.389267, 54.538921 ], [ 13.38764, 54.53153 ], [ 13.385732, 54.530488 ], [ 13.375366, 54.524829 ], [ 13.374231, 54.52115 ], [ 13.358607, 54.52254 ], [ 13.349594, 54.518459 ], [ 13.344666, 54.523706 ], [ 13.352757, 54.530488 ], [ 13.360207, 54.536732 ], [ 13.361476, 54.542427 ], [ 13.359543, 54.544602 ], [ 13.340612, 54.549319 ], [ 13.347643, 54.552659 ], [ 13.352925, 54.551875 ], [ 13.359858, 54.566069 ], [ 13.369528, 54.577151 ], [ 13.36727, 54.579135 ], [ 13.356468, 54.580848 ], [ 13.347048, 54.578335 ], [ 13.339637, 54.571599 ], [ 13.321258, 54.566069 ], [ 13.297569, 54.552248 ], [ 13.307065, 54.538685 ], [ 13.304254, 54.530488 ], [ 13.303453, 54.52815 ], [ 13.311769, 54.523345 ], [ 13.310886, 54.520562 ], [ 13.307238, 54.519328 ], [ 13.309615, 54.516382 ], [ 13.302574, 54.51413 ], [ 13.289224, 54.522863 ], [ 13.294371, 54.535712 ], [ 13.28741, 54.542277 ], [ 13.275525, 54.543984 ], [ 13.244229, 54.553837 ], [ 13.210263, 54.550136 ], [ 13.170145, 54.545656 ], [ 13.147032, 54.546572 ], [ 13.141806, 54.542242 ], [ 13.153153, 54.540489 ], [ 13.159682, 54.53445 ], [ 13.160533, 54.530488 ], [ 13.163157, 54.518271 ], [ 13.162244, 54.514236 ], [ 13.156426, 54.509802 ], [ 13.159411, 54.504656 ], [ 13.167101, 54.505553 ], [ 13.169039, 54.509289 ], [ 13.198797, 54.504313 ], [ 13.211342, 54.507454 ], [ 13.225631, 54.511031 ], [ 13.230618, 54.510611 ], [ 13.232171, 54.50883 ], [ 13.226988, 54.494056 ], [ 13.229087, 54.485387 ], [ 13.233297, 54.484014 ], [ 13.237856, 54.484014 ], [ 13.245742, 54.487131 ], [ 13.254233, 54.486385 ], [ 13.255532, 54.484014 ], [ 13.258359, 54.478856 ], [ 13.265443, 54.480141 ], [ 13.267956, 54.478807 ], [ 13.253834, 54.472505 ], [ 13.242963, 54.472008 ], [ 13.231493, 54.46852 ], [ 13.231155, 54.467183 ], [ 13.236517, 54.466596 ], [ 13.236099, 54.463549 ], [ 13.226267, 54.463912 ], [ 13.218597, 54.459989 ], [ 13.211342, 54.45945 ], [ 13.206865, 54.459118 ], [ 13.20205, 54.45005 ], [ 13.195972, 54.450779 ], [ 13.186668, 54.455045 ], [ 13.186389, 54.460454 ], [ 13.198366, 54.465572 ], [ 13.204269, 54.461972 ], [ 13.210671, 54.465689 ], [ 13.221121, 54.466782 ], [ 13.224664, 54.474864 ], [ 13.223777, 54.483077 ], [ 13.203711, 54.486559 ], [ 13.192422, 54.491519 ], [ 13.181983, 54.49257 ], [ 13.164422, 54.489417 ], [ 13.145788, 54.478664 ], [ 13.1269, 54.455785 ], [ 13.123019, 54.44606 ], [ 13.125755, 54.443861 ], [ 13.131387, 54.443915 ], [ 13.158537, 54.44996 ], [ 13.167917, 54.454651 ], [ 13.172866, 54.45513 ], [ 13.152829, 54.43046 ], [ 13.153787, 54.423215 ], [ 13.158909, 54.42223 ], [ 13.172769, 54.424207 ], [ 13.190065, 54.424185 ], [ 13.208759, 54.427838 ], [ 13.21955, 54.416309 ], [ 13.232424, 54.411447 ], [ 13.236911, 54.406822 ], [ 13.254838, 54.40571 ], [ 13.251378, 54.402237 ], [ 13.243529, 54.404529 ], [ 13.233542, 54.402736 ], [ 13.230214, 54.401146 ], [ 13.230202, 54.398192 ], [ 13.233855, 54.393733 ], [ 13.240599, 54.3855 ], [ 13.24707, 54.384413 ], [ 13.256448, 54.386211 ], [ 13.261484, 54.382916 ], [ 13.258142, 54.380153 ], [ 13.237516, 54.37737 ], [ 13.2354, 54.370069 ], [ 13.224681, 54.369753 ], [ 13.218842, 54.367813 ], [ 13.215141, 54.37099 ], [ 13.211342, 54.371154 ], [ 13.202301, 54.371544 ], [ 13.195884, 54.37573 ], [ 13.1704, 54.371592 ], [ 13.155663, 54.374842 ], [ 13.130615, 54.372274 ], [ 13.124791, 54.36733 ], [ 13.123571, 54.36326 ], [ 13.122848, 54.360846 ], [ 13.122174, 54.352188 ], [ 13.114379, 54.34057 ], [ 13.115346, 54.33205 ], [ 13.133536, 54.324717 ], [ 13.130135, 54.321018 ], [ 13.133322, 54.318529 ], [ 13.139155, 54.318562 ], [ 13.150994, 54.312586 ], [ 13.170528, 54.309438 ], [ 13.183937, 54.301022 ], [ 13.183373, 54.297853 ], [ 13.180018, 54.296936 ], [ 13.169463, 54.301682 ], [ 13.164894, 54.301607 ], [ 13.162225, 54.304653 ], [ 13.154363, 54.304307 ], [ 13.140394, 54.296236 ], [ 13.138453, 54.286595 ], [ 13.140616, 54.282078 ], [ 13.144096, 54.281529 ], [ 13.167671, 54.289122 ], [ 13.180274, 54.287809 ], [ 13.193768, 54.29654 ], [ 13.200414, 54.294042 ], [ 13.202762, 54.29022 ], [ 13.196138, 54.283131 ], [ 13.199538, 54.270657 ], [ 13.211342, 54.271194 ], [ 13.220933, 54.27163 ], [ 13.230153, 54.268248 ], [ 13.239483, 54.266103 ], [ 13.249019, 54.258764 ], [ 13.266957, 54.254075 ], [ 13.287027, 54.258992 ], [ 13.315136, 54.257242 ], [ 13.31972, 54.258697 ], [ 13.315386, 54.259788 ], [ 13.311129, 54.266351 ], [ 13.324948, 54.27103 ], [ 13.333933, 54.278453 ], [ 13.33714, 54.275909 ], [ 13.333218, 54.270668 ], [ 13.323587, 54.265367 ], [ 13.326206, 54.256296 ], [ 13.320795, 54.246178 ], [ 13.316378, 54.246129 ], [ 13.296058, 54.253257 ], [ 13.29348, 54.250768 ], [ 13.307172, 54.248017 ], [ 13.32168, 54.238919 ], [ 13.380517, 54.229339 ], [ 13.392582, 54.2223 ], [ 13.405451, 54.229588 ], [ 13.418933, 54.233844 ], [ 13.424876, 54.240076 ], [ 13.418933, 54.251592 ], [ 13.415467, 54.256908 ], [ 13.403358, 54.264445 ], [ 13.394428, 54.264395 ], [ 13.388406, 54.258417 ], [ 13.379266, 54.255116 ], [ 13.365841, 54.262793 ], [ 13.35765, 54.25991 ], [ 13.35346, 54.267551 ], [ 13.359105, 54.27137 ], [ 13.36789, 54.272146 ], [ 13.376428, 54.27752 ], [ 13.389654, 54.278083 ], [ 13.388476, 54.270725 ], [ 13.393441, 54.27176 ], [ 13.409418, 54.285182 ], [ 13.416929, 54.300768 ], [ 13.418933, 54.30206 ], [ 13.425345, 54.30619 ], [ 13.434528, 54.308661 ], [ 13.446985, 54.314189 ], [ 13.460647, 54.315863 ], [ 13.465709, 54.321602 ], [ 13.465546, 54.329514 ], [ 13.478726, 54.330598 ], [ 13.483404, 54.334584 ], [ 13.488202, 54.335703 ], [ 13.495997, 54.337205 ], [ 13.501652, 54.341951 ], [ 13.507347, 54.34374 ], [ 13.519224, 54.340394 ], [ 13.530498, 54.340105 ], [ 13.539046, 54.342662 ], [ 13.55287, 54.340294 ], [ 13.563777, 54.344415 ], [ 13.571299, 54.351282 ], [ 13.577444, 54.353057 ], [ 13.591049, 54.351077 ], [ 13.603074, 54.344393 ], [ 13.611672, 54.331563 ], [ 13.61529, 54.330422 ], [ 13.623441, 54.331636 ], [ 13.624405, 54.334742 ], [ 13.630684, 54.338501 ], [ 13.638198, 54.339697 ], [ 13.637273, 54.344433 ], [ 13.65155, 54.348975 ], [ 13.655755, 54.347192 ], [ 13.675771, 54.350387 ], [ 13.682454, 54.349581 ], [ 13.684842, 54.346778 ], [ 13.679403, 54.340757 ], [ 13.668796, 54.335162 ], [ 13.644473, 54.326264 ], [ 13.613889, 54.320344 ], [ 13.611383, 54.317175 ], [ 13.615797, 54.316101 ], [ 13.6232, 54.318631 ], [ 13.636716, 54.31977 ], [ 13.657113, 54.326999 ], [ 13.6724, 54.329668 ], [ 13.684573, 54.326373 ], [ 13.702583, 54.325344 ], [ 13.703829, 54.322784 ], [ 13.700381, 54.317183 ], [ 13.687915, 54.31505 ], [ 13.683399, 54.31042 ], [ 13.658132, 54.304231 ], [ 13.647344, 54.298299 ], [ 13.654512, 54.289772 ], [ 13.660689, 54.288252 ], [ 13.671742, 54.291552 ], [ 13.689359, 54.29103 ], [ 13.701626, 54.294611 ], [ 13.706602, 54.289796 ], [ 13.708703, 54.282722 ], [ 13.705518, 54.280298 ], [ 13.701626, 54.280664 ], [ 13.698449, 54.280964 ], [ 13.690628, 54.286479 ], [ 13.685962, 54.285722 ], [ 13.684366, 54.283494 ], [ 13.687241, 54.280388 ], [ 13.698537, 54.277688 ], [ 13.701626, 54.275238 ], [ 13.709465, 54.269021 ], [ 13.723576, 54.274251 ], [ 13.715853, 54.292028 ], [ 13.718494, 54.308661 ], [ 13.718835, 54.310505 ], [ 13.72321, 54.316177 ], [ 13.730377, 54.318328 ], [ 13.731071, 54.32435 ], [ 13.739063, 54.334744 ], [ 13.75366, 54.338276 ], [ 13.765087, 54.339664 ], [ 13.766271, 54.340901 ], [ 13.75366, 54.343597 ], [ 13.72786, 54.355148 ], [ 13.716708, 54.36326 ], [ 13.71429, 54.365018 ], [ 13.704196, 54.380844 ], [ 13.701626, 54.382493 ], [ 13.684105, 54.393733 ], [ 13.676623, 54.398532 ], [ 13.665446, 54.402678 ], [ 13.656606, 54.399768 ], [ 13.634318, 54.400265 ], [ 13.627359, 54.39895 ], [ 13.61694, 54.401826 ], [ 13.596105, 54.416515 ], [ 13.577444, 54.441672 ], [ 13.570031, 54.461777 ], [ 13.571812, 54.472799 ], [ 13.575997, 54.47812 ], [ 13.577444, 54.47918 ], [ 13.58121, 54.48142 ], [ 13.582375, 54.482142 ], [ 13.583493, 54.482805 ], [ 13.584701, 54.482494 ], [ 13.586675, 54.484014 ], [ 13.589106, 54.485884 ], [ 13.593548, 54.486583 ], [ 13.595812, 54.484014 ], [ 13.599469, 54.484513 ], [ 13.599287, 54.489086 ], [ 13.609625, 54.498376 ], [ 13.645019, 54.513554 ], [ 13.667149, 54.520381 ], [ 13.677931, 54.531828 ], [ 13.681072, 54.543392 ], [ 13.676669, 54.553769 ], [ 13.678072, 54.563251 ], [ 13.661222, 54.575286 ], [ 13.64216, 54.582591 ], [ 13.634586, 54.5852 ], [ 13.616162, 54.585405 ], [ 13.577444, 54.582823 ], [ 13.546325, 54.580027 ], [ 13.510655, 54.574572 ], [ 13.499836, 54.575524 ], [ 13.489085, 54.573133 ], [ 13.470339, 54.575044 ], [ 13.466213, 54.57205 ], [ 13.459641, 54.57081 ], [ 13.436053, 54.574401 ], [ 13.423516, 54.578566 ], [ 13.418933, 54.581504 ], [ 13.396108, 54.596137 ], [ 13.389278, 54.60491 ], [ 13.384102, 54.611557 ], [ 13.379082, 54.624043 ], [ 13.377443, 54.634484 ], [ 13.381081, 54.641396 ], [ 13.386789, 54.64798 ], [ 13.394601, 54.651651 ], [ 13.418933, 54.656145 ], [ 13.427354, 54.659591 ], [ 13.432144, 54.663908 ], [ 13.433503, 54.67233 ], [ 13.438397, 54.677029 ], [ 13.433843, 54.682015 ] ], [ [ 13.082096, 54.477879 ], [ 13.078482, 54.475162 ], [ 13.080205, 54.473661 ], [ 13.084362, 54.475879 ], [ 13.082096, 54.477879 ] ], [ [ 13.152478, 54.577918 ], [ 13.156195, 54.578707 ], [ 13.145646, 54.602288 ], [ 13.143748, 54.603626 ], [ 13.131942, 54.605085 ], [ 13.120692, 54.603199 ], [ 13.099647, 54.590921 ], [ 13.102209, 54.576948 ], [ 13.100691, 54.566225 ], [ 13.063407, 54.484014 ], [ 13.061796, 54.480461 ], [ 13.061395, 54.462729 ], [ 13.064235, 54.459762 ], [ 13.065927, 54.46076 ], [ 13.074527, 54.479728 ], [ 13.074328, 54.484014 ], [ 13.073675, 54.499156 ], [ 13.079497, 54.503956 ], [ 13.082502, 54.513523 ], [ 13.086656, 54.516024 ], [ 13.085911, 54.518372 ], [ 13.092215, 54.520431 ], [ 13.093961, 54.527169 ], [ 13.105062, 54.530528 ], [ 13.115798, 54.538315 ], [ 13.114121, 54.543751 ], [ 13.116608, 54.553283 ], [ 13.11184, 54.565401 ], [ 13.109222, 54.568546 ], [ 13.116403, 54.575426 ], [ 13.111504, 54.580381 ], [ 13.111453, 54.583433 ], [ 13.124007, 54.585007 ], [ 13.130374, 54.591659 ], [ 13.137849, 54.595923 ], [ 13.139718, 54.592537 ], [ 13.13586, 54.588739 ], [ 13.140587, 54.584945 ], [ 13.14296, 54.579307 ], [ 13.144756, 54.579422 ], [ 13.145712, 54.585973 ], [ 13.14698, 54.586802 ], [ 13.15081, 54.58376 ], [ 13.152478, 54.577918 ] ], [ [ 13.12574, 54.546429 ], [ 13.1234, 54.54998 ], [ 13.116843, 54.54691 ], [ 13.116339, 54.544244 ], [ 13.116997, 54.541057 ], [ 13.118898, 54.540431 ], [ 13.121027, 54.542824 ], [ 13.123927, 54.542831 ], [ 13.12574, 54.546429 ] ], [ [ 13.156027, 54.577027 ], [ 13.154385, 54.574821 ], [ 13.157699, 54.573216 ], [ 13.159834, 54.57639 ], [ 13.156027, 54.577027 ] ], [ [ 27.415814, 57.523205 ], [ 27.397499, 57.525854 ], [ 27.381406, 57.534362 ], [ 27.375528, 57.53506 ], [ 27.367322, 57.531196 ], [ 27.365109, 57.52554 ], [ 27.351579, 57.518237 ], [ 27.350638, 57.517714 ], [ 27.345967, 57.521867 ], [ 27.325258, 57.524004 ], [ 27.29804, 57.539173 ], [ 27.280953, 57.537903 ], [ 27.275552, 57.54327 ], [ 27.266807, 57.54467 ], [ 27.264722, 57.548591 ], [ 27.259963, 57.550206 ], [ 27.246086, 57.549046 ], [ 27.224744, 57.554416 ], [ 27.19403, 57.550888 ], [ 27.162109, 57.560206 ], [ 27.148209, 57.560982 ], [ 27.125976, 57.561758 ], [ 27.102678, 57.565937 ], [ 27.089022, 57.574473 ], [ 27.086314, 57.576581 ], [ 27.074336, 57.57736 ], [ 27.069986, 57.580644 ], [ 27.057394, 57.58223 ], [ 27.048513, 57.580879 ], [ 27.035185, 57.584952 ], [ 27.041159, 57.588046 ], [ 27.044065, 57.596388 ], [ 27.031049, 57.604271 ], [ 26.996712, 57.604715 ], [ 26.992555, 57.61014 ], [ 26.987875, 57.609608 ], [ 26.977218, 57.612458 ], [ 26.970207, 57.605215 ], [ 26.960056, 57.605928 ], [ 26.945795, 57.603282 ], [ 26.940698, 57.608914 ], [ 26.950478, 57.615364 ], [ 26.950399, 57.61958 ], [ 26.940297, 57.62025 ], [ 26.930036, 57.624316 ], [ 26.926342, 57.633293 ], [ 26.905525, 57.63258 ], [ 26.895752, 57.626 ], [ 26.879902, 57.62025 ], [ 26.873086, 57.618197 ], [ 26.865604, 57.615942 ], [ 26.858784, 57.610113 ], [ 26.863471, 57.607885 ], [ 26.858125, 57.600353 ], [ 26.862038, 57.59273 ], [ 26.847189, 57.589169 ], [ 26.835452, 57.583406 ], [ 26.816768, 57.581871 ], [ 26.808624, 57.584239 ], [ 26.799263, 57.582371 ], [ 26.793921, 57.574335 ], [ 26.787814, 57.574877 ], [ 26.782022, 57.57212 ], [ 26.776289, 57.563045 ], [ 26.776289, 57.561008 ], [ 26.776289, 57.559984 ], [ 26.755802, 57.563387 ], [ 26.771812, 57.57303 ], [ 26.769099, 57.576637 ], [ 26.750521, 57.577805 ], [ 26.751357, 57.580724 ], [ 26.738204, 57.58711 ], [ 26.72904, 57.58025 ], [ 26.736939, 57.575803 ], [ 26.731203, 57.570002 ], [ 26.72577, 57.571278 ], [ 26.723297, 57.571858 ], [ 26.709327, 57.566661 ], [ 26.698716, 57.570663 ], [ 26.693563, 57.566502 ], [ 26.67604, 57.566322 ], [ 26.671654, 57.563672 ], [ 26.670414, 57.554338 ], [ 26.647018, 57.553305 ], [ 26.64263, 57.546861 ], [ 26.633605, 57.542838 ], [ 26.615231, 57.529429 ], [ 26.616547, 57.50931 ], [ 26.605747, 57.512061 ], [ 26.604114, 57.514301 ], [ 26.59594, 57.514554 ], [ 26.589872, 57.516927 ], [ 26.591703, 57.520402 ], [ 26.586901, 57.529887 ], [ 26.588431, 57.535992 ], [ 26.584929, 57.539143 ], [ 26.578301, 57.534068 ], [ 26.562078, 57.528102 ], [ 26.561528, 57.523338 ], [ 26.56533, 57.519456 ], [ 26.559358, 57.514841 ], [ 26.524906, 57.516247 ], [ 26.499887, 57.525074 ], [ 26.490572, 57.545959 ], [ 26.468086, 57.575482 ], [ 26.453985, 57.574804 ], [ 26.445104, 57.57437 ], [ 26.440756, 57.574158 ], [ 26.424738, 57.573369 ], [ 26.400384, 57.572546 ], [ 26.346283, 57.583669 ], [ 26.335059, 57.579631 ], [ 26.328308, 57.58016 ], [ 26.324231, 57.583405 ], [ 26.312659, 57.584673 ], [ 26.315352, 57.587271 ], [ 26.310873, 57.58838 ], [ 26.309096, 57.59311 ], [ 26.287067, 57.591975 ], [ 26.283113, 57.595546 ], [ 26.273039, 57.598438 ], [ 26.271501, 57.600842 ], [ 26.266281, 57.609002 ], [ 26.255588, 57.614654 ], [ 26.253455, 57.618555 ], [ 26.255104, 57.620812 ], [ 26.248487, 57.620916 ], [ 26.24973, 57.625202 ], [ 26.252495, 57.625941 ], [ 26.241136, 57.633787 ], [ 26.246901, 57.635865 ], [ 26.246241, 57.638735 ], [ 26.240429, 57.645605 ], [ 26.233015, 57.648009 ], [ 26.242148, 57.651425 ], [ 26.238765, 57.657424 ], [ 26.228108, 57.659134 ], [ 26.21349, 57.665532 ], [ 26.211159, 57.67936 ], [ 26.203106, 57.680942 ], [ 26.196827, 57.684796 ], [ 26.18651, 57.685391 ], [ 26.179316, 57.687608 ], [ 26.188707, 57.694976 ], [ 26.204894, 57.71494 ], [ 26.197858, 57.71976 ], [ 26.180355, 57.726818 ], [ 26.17156, 57.729497 ], [ 26.143496, 57.73344 ], [ 26.138072, 57.7394 ], [ 26.141007, 57.74515 ], [ 26.136486, 57.750237 ], [ 26.114303, 57.755919 ], [ 26.085068, 57.764819 ], [ 26.079837, 57.765814 ], [ 26.075347, 57.764806 ], [ 26.070111, 57.766437 ], [ 26.065335, 57.764232 ], [ 26.058979, 57.761297 ], [ 26.05053, 57.761961 ], [ 26.044483, 57.767446 ], [ 26.035907, 57.77083 ], [ 26.024847, 57.76912 ], [ 26.021426, 57.771253 ], [ 26.02631, 57.774715 ], [ 26.025591, 57.783742 ], [ 26.033565, 57.793586 ], [ 26.033937, 57.794604 ], [ 26.03492, 57.798843 ], [ 26.039128, 57.810507 ], [ 26.050194, 57.822495 ], [ 26.058213, 57.836878 ], [ 26.056459, 57.848431 ], [ 26.036447, 57.850064 ], [ 26.021129, 57.846693 ], [ 26.011006, 57.857647 ], [ 26.001025, 57.858841 ], [ 25.962499, 57.846263 ], [ 25.932105, 57.853141 ], [ 25.916609, 57.852245 ], [ 25.896369, 57.850588 ], [ 25.888127, 57.847054 ], [ 25.884599, 57.84977 ], [ 25.885665, 57.855794 ], [ 25.877307, 57.859092 ], [ 25.875724, 57.864471 ], [ 25.858595, 57.857656 ], [ 25.821556, 57.864959 ], [ 25.786101, 57.898273 ], [ 25.786125, 57.905677 ], [ 25.772734, 57.912466 ], [ 25.748648, 57.919246 ], [ 25.737461, 57.923771 ], [ 25.728215, 57.922225 ], [ 25.720301, 57.912913 ], [ 25.703259, 57.90332 ], [ 25.680148, 57.904539 ], [ 25.676653, 57.912391 ], [ 25.650029, 57.916443 ], [ 25.646902, 57.922717 ], [ 25.637777, 57.930789 ], [ 25.609547, 57.937477 ], [ 25.581883, 57.94403 ], [ 25.592047, 57.955942 ], [ 25.592746, 57.961316 ], [ 25.577852, 57.972655 ], [ 25.571762, 57.971807 ], [ 25.564719, 57.96317 ], [ 25.558745, 57.961402 ], [ 25.549068, 57.971915 ], [ 25.528972, 57.971694 ], [ 25.521373, 57.968382 ], [ 25.515006, 57.968974 ], [ 25.514375, 57.970586 ], [ 25.520936, 57.975181 ], [ 25.517589, 57.979277 ], [ 25.485854, 57.974814 ], [ 25.476734, 57.983247 ], [ 25.458019, 57.990232 ], [ 25.444888, 57.995132 ], [ 25.449248, 58.000563 ], [ 25.458019, 58.003288 ], [ 25.464969, 58.005447 ], [ 25.458019, 58.010398 ], [ 25.451211, 58.015247 ], [ 25.407654, 58.028976 ], [ 25.373682, 58.029177 ], [ 25.365746, 58.031074 ], [ 25.337511, 58.055598 ], [ 25.329275, 58.059617 ], [ 25.317359, 58.06984 ], [ 25.296653, 58.080741 ], [ 25.28742, 58.081265 ], [ 25.281289, 58.070719 ], [ 25.266921, 58.06712 ], [ 25.265153, 58.060854 ], [ 25.278915, 58.051175 ], [ 25.293666, 58.045949 ], [ 25.296653, 58.042532 ], [ 25.30291, 58.035374 ], [ 25.301335, 58.018403 ], [ 25.297641, 58.013625 ], [ 25.302209, 58.000578 ], [ 25.297189, 57.99846 ], [ 25.300005, 57.993544 ], [ 25.283114, 57.990445 ], [ 25.269983, 57.993927 ], [ 25.257972, 57.994499 ], [ 25.254902, 58.002563 ], [ 25.245868, 58.002958 ], [ 25.230227, 58.016846 ], [ 25.242623, 58.018547 ], [ 25.243823, 58.020451 ], [ 25.233452, 58.024353 ], [ 25.225125, 58.023258 ], [ 25.219869, 58.030007 ], [ 25.219532, 58.031602 ], [ 25.217689, 58.040328 ], [ 25.227591, 58.051715 ], [ 25.224068, 58.052762 ], [ 25.218259, 58.051309 ], [ 25.215171, 58.059625 ], [ 25.205164, 58.063259 ], [ 25.205654, 58.066164 ], [ 25.215248, 58.074319 ], [ 25.208516, 58.08211 ], [ 25.198329, 58.084425 ], [ 25.191451, 58.080744 ], [ 25.189812, 58.076726 ], [ 25.18468, 58.075813 ], [ 25.156665, 58.075044 ], [ 25.133579, 58.079502 ], [ 25.109331, 58.077923 ], [ 25.105899, 58.075791 ], [ 25.105101, 58.066228 ], [ 25.076853, 58.065916 ], [ 25.046307, 58.040146 ], [ 25.035903, 58.031602 ], [ 25.018565, 58.017359 ], [ 24.994453, 58.011083 ], [ 24.948114, 58.008999 ], [ 24.866194, 57.980907 ], [ 24.854981, 57.97807 ], [ 24.834083, 57.972779 ], [ 24.830659, 57.973265 ], [ 24.809621, 57.989429 ], [ 24.805369, 57.990129 ], [ 24.743435, 57.982029 ], [ 24.743189, 57.965528 ], [ 24.73403, 57.962717 ], [ 24.714819, 57.962039 ], [ 24.692197, 57.947015 ], [ 24.678076, 57.9561 ], [ 24.673099, 57.959147 ], [ 24.645337, 57.958936 ], [ 24.642106, 57.955004 ], [ 24.644359, 57.952006 ], [ 24.627065, 57.942181 ], [ 24.616087, 57.944099 ], [ 24.615149, 57.945066 ], [ 24.608888, 57.951519 ], [ 24.586418, 57.961356 ], [ 24.576935, 57.956798 ], [ 24.57196, 57.954198 ], [ 24.552842, 57.950545 ], [ 24.542818, 57.945264 ], [ 24.531255, 57.946616 ], [ 24.522179, 57.943877 ], [ 24.517875, 57.937018 ], [ 24.510877, 57.934838 ], [ 24.511473, 57.930649 ], [ 24.461373, 57.923955 ], [ 24.446432, 57.908633 ], [ 24.458538, 57.906175 ], [ 24.452835, 57.899048 ], [ 24.458069, 57.879622 ], [ 24.41232, 57.865078 ], [ 24.407975, 57.871677 ], [ 24.381127, 57.874469 ], [ 24.375871, 57.875025 ], [ 24.36649, 57.875782 ], [ 24.358306, 57.87461 ], [ 24.352818, 57.876556 ], [ 24.352134, 57.869669 ], [ 24.345137, 57.863933 ], [ 24.344499, 57.852703 ], [ 24.336369, 57.836451 ], [ 24.333914, 57.818609 ], [ 24.341611, 57.802909 ], [ 24.347305, 57.792039 ], [ 24.346931, 57.785521 ], [ 24.347052, 57.783347 ], [ 24.348483, 57.757819 ], [ 24.340386, 57.754991 ], [ 24.345008, 57.751534 ], [ 24.345604, 57.733205 ], [ 24.343323, 57.701158 ], [ 24.355273, 57.690302 ], [ 24.363674, 57.675069 ], [ 24.369549, 57.654932 ], [ 24.368273, 57.648048 ], [ 24.375871, 57.633534 ], [ 24.384556, 57.622648 ], [ 24.386241, 57.615034 ], [ 24.375871, 57.603459 ], [ 24.363591, 57.578186 ], [ 24.368204, 57.56699 ], [ 24.368003, 57.554305 ], [ 24.362905, 57.541879 ], [ 24.375871, 57.524813 ], [ 24.380518, 57.508613 ], [ 24.380695, 57.480234 ], [ 24.385049, 57.465047 ], [ 24.384866, 57.4493 ], [ 24.398305, 57.403015 ], [ 24.401639, 57.353586 ], [ 24.403153, 57.350274 ], [ 24.403885, 57.332052 ], [ 24.404108, 57.326495 ], [ 24.404259, 57.322721 ], [ 24.40341, 57.320379 ], [ 24.402087, 57.316728 ], [ 24.408289, 57.311619 ], [ 24.406499, 57.301399 ], [ 24.410232, 57.289365 ], [ 24.412248, 57.283912 ], [ 24.410664, 57.267452 ], [ 24.401827, 57.249968 ], [ 24.388793, 57.233659 ], [ 24.369408, 57.216466 ], [ 24.33949, 57.195793 ], [ 24.297224, 57.173497 ], [ 24.261402, 57.158975 ], [ 24.227526, 57.134621 ], [ 24.198753, 57.118541 ], [ 24.160809, 57.101627 ], [ 24.119203, 57.08629 ], [ 24.082998, 57.075544 ], [ 24.030329, 57.065066 ], [ 24.013701, 57.067652 ], [ 24.011119, 57.0653 ], [ 24.019388, 57.060587 ], [ 24.019992, 57.057607 ], [ 24.002806, 57.04244 ], [ 23.984037, 57.030645 ], [ 23.975813, 57.025475 ], [ 23.956111, 57.018106 ], [ 23.939873, 57.012032 ], [ 23.934533, 57.00637 ], [ 23.925816, 57.005978 ], [ 23.869798, 56.990982 ], [ 23.802787, 56.977772 ], [ 23.752856, 56.96967 ], [ 23.698092, 56.964168 ], [ 23.65389, 56.96253 ], [ 23.625389, 56.964455 ], [ 23.591405, 56.973034 ], [ 23.562738, 56.976209 ], [ 23.552946, 56.979897 ], [ 23.524942, 56.99508 ], [ 23.510493, 57.013638 ], [ 23.493733, 57.031001 ], [ 23.487613, 57.03447 ], [ 23.476365, 57.036397 ], [ 23.466922, 57.035865 ], [ 23.459215, 57.035431 ], [ 23.421686, 57.037339 ], [ 23.375919, 57.043766 ], [ 23.332657, 57.05458 ], [ 23.304914, 57.064202 ], [ 23.277162, 57.078056 ], [ 23.259952, 57.089308 ], [ 23.237517, 57.109211 ], [ 23.234755, 57.129185 ], [ 23.230155, 57.140494 ], [ 23.230578, 57.146433 ], [ 23.231437, 57.158509 ], [ 23.238202, 57.163418 ], [ 23.226587, 57.171469 ], [ 23.21198, 57.189238 ], [ 23.199756, 57.21091 ], [ 23.187061, 57.222193 ], [ 23.17861, 57.233618 ], [ 23.175223, 57.247925 ], [ 23.178637, 57.264002 ], [ 23.1681, 57.275438 ], [ 23.16094, 57.302163 ], [ 23.146891, 57.316258 ], [ 23.134384, 57.326495 ], [ 23.132913, 57.327699 ], [ 23.136786, 57.332052 ], [ 23.139149, 57.334707 ], [ 23.128015, 57.341177 ], [ 23.127892, 57.353586 ], [ 23.132066, 57.356276 ], [ 23.132234, 57.359325 ], [ 23.122104, 57.36626 ], [ 23.086379, 57.367637 ], [ 23.066534, 57.373287 ], [ 23.041963, 57.377345 ], [ 23.026921, 57.38194 ], [ 23.011397, 57.393145 ], [ 23.001187, 57.396358 ], [ 22.946042, 57.414207 ], [ 22.929183, 57.422406 ], [ 22.914199, 57.432836 ], [ 22.907539, 57.444458 ], [ 22.886375, 57.458843 ], [ 22.870209, 57.47499 ], [ 22.857783, 57.481936 ], [ 22.845902, 57.49195 ], [ 22.827899, 57.497546 ], [ 22.815041, 57.503758 ], [ 22.813292, 57.510281 ], [ 22.802815, 57.510458 ], [ 22.73097, 57.535105 ], [ 22.693509, 57.551106 ], [ 22.660089, 57.569503 ], [ 22.627483, 57.592088 ], [ 22.60596, 57.612807 ], [ 22.586721, 57.641114 ], [ 22.579169, 57.657607 ], [ 22.574684, 57.676655 ], [ 22.574023, 57.69547 ], [ 22.577765, 57.714872 ], [ 22.58508, 57.730691 ], [ 22.604089, 57.755823 ], [ 22.603395, 57.758685 ], [ 22.574604, 57.756748 ], [ 22.563647, 57.75467 ], [ 22.539344, 57.750059 ], [ 22.518788, 57.746159 ], [ 22.513259, 57.744641 ], [ 22.483934, 57.736586 ], [ 22.473127, 57.733617 ], [ 22.320766, 57.691736 ], [ 22.196017, 57.656989 ], [ 22.147446, 57.644628 ], [ 22.117478, 57.63465 ], [ 22.057636, 57.61805 ], [ 22.049427, 57.615772 ], [ 22.016596, 57.607962 ], [ 21.984109, 57.602553 ], [ 21.942959, 57.598966 ], [ 21.848431, 57.598343 ], [ 21.755368, 57.58214 ], [ 21.722361, 57.576392 ], [ 21.703408, 57.568586 ], [ 21.689328, 57.557839 ], [ 21.67965, 57.535733 ], [ 21.66167, 57.506847 ], [ 21.636448, 57.484744 ], [ 21.624752, 57.469716 ], [ 21.608787, 57.452765 ], [ 21.593861, 57.431009 ], [ 21.579881, 57.420565 ], [ 21.552017, 57.405644 ], [ 21.533453, 57.408035 ], [ 21.526293, 57.406434 ], [ 21.529506, 57.396898 ], [ 21.524926, 57.386893 ], [ 21.517421, 57.378782 ], [ 21.497618, 57.356989 ], [ 21.481979, 57.346882 ], [ 21.467481, 57.332052 ], [ 21.452955, 57.317186 ], [ 21.42734, 57.30103 ], [ 21.419337, 57.290952 ], [ 21.411784, 57.268299 ], [ 21.412191, 57.259628 ], [ 21.414376, 57.213077 ], [ 21.406598, 57.174522 ], [ 21.410692, 57.146433 ], [ 21.416439, 57.106968 ], [ 21.417319, 57.080986 ], [ 21.414536, 57.066092 ], [ 21.409265, 57.049997 ], [ 21.399364, 57.033316 ], [ 21.383924, 57.0172 ], [ 21.374714, 57.003078 ], [ 21.353432, 56.985036 ], [ 21.333687, 56.975623 ], [ 21.305069, 56.958615 ], [ 21.288733, 56.953432 ], [ 21.27895, 56.944556 ], [ 21.25642, 56.925628 ], [ 21.23906, 56.915732 ], [ 21.209788, 56.90374 ], [ 21.186795, 56.894318 ], [ 21.167299, 56.890097 ], [ 21.159866, 56.885221 ], [ 21.119802, 56.869237 ], [ 21.096635, 56.855118 ], [ 21.064753, 56.841839 ], [ 21.058046, 56.835695 ], [ 21.052367, 56.823761 ], [ 21.053568, 56.812185 ], [ 21.05798, 56.789376 ], [ 21.058046, 56.788174 ], [ 21.05994, 56.752906 ], [ 21.058046, 56.70331 ], [ 21.055929, 56.692842 ], [ 21.052268, 56.674737 ], [ 21.038029, 56.633355 ], [ 21.025833, 56.60908 ], [ 21.017285, 56.597291 ], [ 21.006881, 56.571603 ], [ 20.997729, 56.556961 ], [ 20.998574, 56.548439 ], [ 20.992807, 56.546242 ], [ 20.998876, 56.538943 ], [ 20.99566, 56.52478 ], [ 20.987857, 56.522017 ], [ 20.981614, 56.524315 ], [ 20.977347, 56.523689 ], [ 20.985268, 56.517679 ], [ 20.994884, 56.489797 ], [ 20.999753, 56.465328 ], [ 20.993729, 56.426817 ], [ 20.972913, 56.373118 ], [ 20.970778, 56.353261 ], [ 20.971184, 56.344651 ], [ 20.983181, 56.307741 ], [ 20.985283, 56.290504 ], [ 20.981283, 56.254433 ], [ 20.980547, 56.237599 ], [ 20.980266, 56.231183 ], [ 20.985171, 56.212103 ], [ 21.033955, 56.136069 ], [ 21.06296, 56.071964 ], [ 21.064238, 56.069137 ], [ 21.084775, 56.071964 ], [ 21.122619, 56.077172 ], [ 21.142253, 56.080096 ], [ 21.147375, 56.083182 ], [ 21.15957, 56.085839 ], [ 21.167302, 56.083776 ], [ 21.181983, 56.075352 ], [ 21.201179, 56.077552 ], [ 21.210943, 56.087942 ], [ 21.211421, 56.094193 ], [ 21.217023, 56.101721 ], [ 21.22414, 56.103577 ], [ 21.221647, 56.108621 ], [ 21.225609, 56.112675 ], [ 21.233087, 56.115538 ], [ 21.23415, 56.120411 ], [ 21.238114, 56.123373 ], [ 21.235774, 56.127826 ], [ 21.237697, 56.130357 ], [ 21.235226, 56.134722 ], [ 21.229692, 56.137577 ], [ 21.231583, 56.142143 ], [ 21.226958, 56.146124 ], [ 21.228721, 56.151338 ], [ 21.226793, 56.157064 ], [ 21.229861, 56.16091 ], [ 21.254266, 56.165661 ], [ 21.272051, 56.171397 ], [ 21.278535, 56.175683 ], [ 21.283726, 56.184811 ], [ 21.300895, 56.194868 ], [ 21.304886, 56.20022 ], [ 21.327733, 56.217553 ], [ 21.336202, 56.217781 ], [ 21.353691, 56.224536 ], [ 21.372862, 56.22702 ], [ 21.403835, 56.235556 ], [ 21.408366, 56.237599 ], [ 21.417174, 56.241571 ], [ 21.431351, 56.241105 ], [ 21.440515, 56.246116 ], [ 21.452281, 56.249032 ], [ 21.465195, 56.260888 ], [ 21.467327, 56.270531 ], [ 21.491734, 56.288891 ], [ 21.492625, 56.291209 ], [ 21.501124, 56.294713 ], [ 21.504121, 56.292581 ], [ 21.51035, 56.292686 ], [ 21.515355, 56.290146 ], [ 21.523656, 56.293448 ], [ 21.535417, 56.294033 ], [ 21.555709, 56.303855 ], [ 21.561721, 56.315923 ], [ 21.575858, 56.315312 ], [ 21.580088, 56.3196 ], [ 21.588658, 56.322496 ], [ 21.598495, 56.323427 ], [ 21.618054, 56.324488 ], [ 21.642976, 56.320683 ], [ 21.6515, 56.317988 ], [ 21.660844, 56.317875 ], [ 21.672686, 56.311943 ], [ 21.678988, 56.313319 ], [ 21.690955, 56.311588 ], [ 21.700439, 56.31384 ], [ 21.722964, 56.313746 ], [ 21.727284, 56.319575 ], [ 21.733443, 56.322105 ], [ 21.740801, 56.329525 ], [ 21.757986, 56.33736 ], [ 21.764916, 56.337205 ], [ 21.786089, 56.343542 ], [ 21.791441, 56.348391 ], [ 21.801596, 56.352128 ], [ 21.808519, 56.361798 ], [ 21.81549, 56.361912 ], [ 21.823315, 56.363625 ], [ 21.836653, 56.371327 ], [ 21.862762, 56.367046 ], [ 21.872229, 56.361849 ], [ 21.903554, 56.365722 ], [ 21.918043, 56.368434 ], [ 21.921188, 56.372306 ], [ 21.944387, 56.3752 ], [ 21.954597, 56.381351 ], [ 21.963726, 56.377669 ], [ 21.970922, 56.377196 ], [ 21.978209, 56.385143 ], [ 21.977012, 56.391345 ], [ 21.980536, 56.395544 ], [ 21.984109, 56.398991 ], [ 21.98831, 56.401066 ], [ 21.995404, 56.413434 ], [ 21.998423, 56.414583 ], [ 22.012832, 56.414268 ], [ 22.012333, 56.421545 ], [ 22.015485, 56.423695 ], [ 22.022689, 56.424764 ], [ 22.033543, 56.424406 ], [ 22.047559, 56.417449 ], [ 22.051897, 56.420934 ], [ 22.062095, 56.419536 ], [ 22.071707, 56.424237 ], [ 22.084159, 56.423004 ], [ 22.085142, 56.425857 ], [ 22.090303, 56.427772 ], [ 22.10157, 56.426437 ], [ 22.105938, 56.428551 ], [ 22.113504, 56.428325 ], [ 22.117855, 56.430917 ], [ 22.127325, 56.431869 ], [ 22.153646, 56.42526 ], [ 22.166192, 56.419917 ], [ 22.207975, 56.424313 ], [ 22.212745, 56.42059 ], [ 22.216654, 56.411991 ], [ 22.220527, 56.411384 ], [ 22.224532, 56.407717 ], [ 22.232479, 56.407339 ], [ 22.237088, 56.401236 ], [ 22.242797, 56.400073 ], [ 22.277389, 56.403767 ], [ 22.286205, 56.409715 ], [ 22.296666, 56.407246 ], [ 22.313441, 56.409528 ], [ 22.319211, 56.407586 ], [ 22.322846, 56.402104 ], [ 22.333084, 56.400807 ], [ 22.34232, 56.395431 ], [ 22.348182, 56.394123 ], [ 22.36334, 56.4011 ], [ 22.389639, 56.400906 ], [ 22.410911, 56.408446 ], [ 22.425235, 56.409769 ], [ 22.43728, 56.406041 ], [ 22.442967, 56.404731 ], [ 22.452963, 56.402713 ], [ 22.476076, 56.40346 ], [ 22.494272, 56.39674 ], [ 22.511067, 56.393302 ], [ 22.513259, 56.393293 ], [ 22.529423, 56.393224 ], [ 22.539344, 56.389493 ], [ 22.562459, 56.387581 ], [ 22.580415, 56.389946 ], [ 22.588453, 56.38474 ], [ 22.60045, 56.382567 ], [ 22.61579, 56.382285 ], [ 22.635564, 56.368168 ], [ 22.642414, 56.363517 ], [ 22.661362, 56.36168 ], [ 22.678826, 56.352157 ], [ 22.692945, 56.353558 ], [ 22.694983, 56.353031 ], [ 22.697481, 56.353217 ], [ 22.700549, 56.354881 ], [ 22.702483, 56.356434 ], [ 22.708235, 56.362388 ], [ 22.730025, 56.372385 ], [ 22.748454, 56.372079 ], [ 22.763068, 56.367197 ], [ 22.792197, 56.367925 ], [ 22.81328, 56.366124 ], [ 22.833991, 56.367116 ], [ 22.839789, 56.365397 ], [ 22.848426, 56.367775 ], [ 22.856933, 56.366755 ], [ 22.857783, 56.368203 ], [ 22.858433, 56.369311 ], [ 22.868852, 56.37111 ], [ 22.897917, 56.373907 ], [ 22.918705, 56.379205 ], [ 22.927386, 56.386985 ], [ 22.927331, 56.390679 ], [ 22.920517, 56.399143 ], [ 22.935438, 56.402305 ], [ 22.935968, 56.410166 ], [ 22.943218, 56.414699 ], [ 22.968532, 56.413653 ], [ 22.978903, 56.405869 ], [ 22.99968, 56.406348 ], [ 23.003086, 56.404584 ], [ 23.018204, 56.371885 ], [ 23.006441, 56.368477 ], [ 23.006006, 56.366724 ], [ 23.015347, 56.346521 ], [ 23.023851, 56.340218 ], [ 23.028078, 56.331653 ], [ 23.034973, 56.325783 ], [ 23.046217, 56.320402 ], [ 23.071976, 56.323557 ], [ 23.084848, 56.317239 ], [ 23.09325, 56.304642 ], [ 23.113621, 56.30797 ], [ 23.113541, 56.313139 ], [ 23.128216, 56.319455 ], [ 23.146052, 56.326664 ], [ 23.175293, 56.333458 ], [ 23.182992, 56.337009 ], [ 23.183913, 56.34162 ], [ 23.176369, 56.345164 ], [ 23.173002, 56.35346 ], [ 23.180276, 56.358922 ], [ 23.171524, 56.366467 ], [ 23.178078, 56.368515 ], [ 23.196595, 56.368983 ], [ 23.249691, 56.370819 ], [ 23.282279, 56.372202 ], [ 23.304086, 56.378788 ], [ 23.309456, 56.382725 ], [ 23.332657, 56.381712 ], [ 23.385722, 56.37901 ], [ 23.39247, 56.377277 ], [ 23.418667, 56.370002 ], [ 23.435648, 56.354858 ], [ 23.440906, 56.351653 ], [ 23.466922, 56.348545 ], [ 23.489875, 56.345803 ], [ 23.505925, 56.338235 ], [ 23.512024, 56.335811 ], [ 23.534004, 56.334559 ], [ 23.544522, 56.332393 ], [ 23.554885, 56.333528 ], [ 23.562254, 56.337004 ], [ 23.572217, 56.338758 ], [ 23.582927, 56.345271 ], [ 23.605246, 56.349882 ], [ 23.626641, 56.358734 ], [ 23.662594, 56.364698 ], [ 23.702551, 56.366236 ], [ 23.723612, 56.370171 ], [ 23.743844, 56.369206 ], [ 23.765272, 56.372856 ], [ 23.779812, 56.367607 ], [ 23.779963, 56.360908 ], [ 23.772894, 56.354494 ], [ 23.762413, 56.336179 ], [ 23.762662, 56.333798 ], [ 23.76748, 56.331846 ], [ 23.766571, 56.323811 ], [ 23.781477, 56.320518 ], [ 23.794753, 56.338228 ], [ 23.803471, 56.341943 ], [ 23.813437, 56.342101 ], [ 23.830329, 56.33815 ], [ 23.865579, 56.338439 ], [ 23.910544, 56.338619 ], [ 23.913443, 56.337563 ], [ 23.916413, 56.331265 ], [ 23.925816, 56.331093 ], [ 23.956111, 56.330538 ], [ 23.961721, 56.330435 ], [ 23.985475, 56.330135 ], [ 24.018936, 56.329754 ], [ 24.02232, 56.31406 ], [ 24.022972, 56.311039 ], [ 24.048665, 56.299106 ], [ 24.04674, 56.280051 ], [ 24.096735, 56.277076 ], [ 24.097861, 56.270041 ], [ 24.11834, 56.261499 ], [ 24.115093, 56.251822 ], [ 24.119038, 56.249636 ], [ 24.1518, 56.253348 ], [ 24.154193, 56.2537 ], [ 24.176707, 56.251311 ], [ 24.202713, 56.267488 ], [ 24.239648, 56.277692 ], [ 24.257635, 56.276936 ], [ 24.269804, 56.282991 ], [ 24.284254, 56.284949 ], [ 24.289607, 56.286561 ], [ 24.285725, 56.300644 ], [ 24.296557, 56.298672 ], [ 24.316798, 56.300872 ], [ 24.332251, 56.298413 ], [ 24.344882, 56.292602 ], [ 24.347178, 56.285549 ], [ 24.357891, 56.272959 ], [ 24.379459, 56.278802 ], [ 24.391136, 56.278351 ], [ 24.42607, 56.260781 ], [ 24.454839, 56.258545 ], [ 24.459801, 56.260568 ], [ 24.463164, 56.266403 ], [ 24.483752, 56.269599 ], [ 24.50387, 56.276158 ], [ 24.519278, 56.281162 ], [ 24.537441, 56.283092 ], [ 24.56356, 56.288858 ], [ 24.57922, 56.288913 ], [ 24.583032, 56.305111 ], [ 24.576994, 56.31406 ], [ 24.575971, 56.315576 ], [ 24.576748, 56.323154 ], [ 24.582557, 56.325165 ], [ 24.588747, 56.332513 ], [ 24.606589, 56.336473 ], [ 24.613524, 56.343857 ], [ 24.622735, 56.345867 ], [ 24.626776, 56.349416 ], [ 24.62749, 56.355042 ], [ 24.624204, 56.361155 ], [ 24.630461, 56.367578 ], [ 24.628572, 56.374686 ], [ 24.646302, 56.377827 ], [ 24.657799, 56.375738 ], [ 24.687039, 56.37657 ], [ 24.694471, 56.379773 ], [ 24.704004, 56.387575 ], [ 24.699702, 56.395471 ], [ 24.699753, 56.401161 ], [ 24.702741, 56.403504 ], [ 24.712474, 56.400948 ], [ 24.723075, 56.402322 ], [ 24.73403, 56.400919 ], [ 24.759394, 56.404196 ], [ 24.770575, 56.400383 ], [ 24.784808, 56.402466 ], [ 24.80312, 56.411801 ], [ 24.804667, 56.415686 ], [ 24.80019, 56.418692 ], [ 24.806062, 56.421318 ], [ 24.820652, 56.41833 ], [ 24.823826, 56.41251 ], [ 24.829863, 56.410971 ], [ 24.841137, 56.414198 ], [ 24.859294, 56.415208 ], [ 24.862677, 56.419355 ], [ 24.853494, 56.425855 ], [ 24.852511, 56.436051 ], [ 24.862993, 56.440055 ], [ 24.870033, 56.447605 ], [ 24.875059, 56.449774 ], [ 24.885516, 56.450151 ], [ 24.891264, 56.446902 ], [ 24.901043, 56.447803 ], [ 24.917317, 56.440793 ], [ 24.918942, 56.438226 ], [ 24.9108, 56.425341 ], [ 24.903284, 56.420629 ], [ 24.906759, 56.411709 ], [ 24.915462, 56.403133 ], [ 24.926203, 56.400944 ], [ 24.942755, 56.375651 ], [ 24.950355, 56.376488 ], [ 24.95602, 56.370025 ], [ 24.964941, 56.368093 ], [ 24.969654, 56.364494 ], [ 24.97214, 56.351858 ], [ 24.968276, 56.348937 ], [ 24.966951, 56.343594 ], [ 24.970947, 56.332994 ], [ 24.968486, 56.325517 ], [ 24.973369, 56.317651 ], [ 24.973665, 56.31406 ], [ 24.973916, 56.311012 ], [ 24.986732, 56.30576 ], [ 24.993336, 56.298585 ], [ 25.014157, 56.29264 ], [ 25.014053, 56.284997 ], [ 25.018651, 56.282078 ], [ 25.019951, 56.276914 ], [ 25.033171, 56.272986 ], [ 25.041356, 56.273769 ], [ 25.043039, 56.268723 ], [ 25.056652, 56.264732 ], [ 25.056896, 56.253578 ], [ 25.062825, 56.24959 ], [ 25.059108, 56.243505 ], [ 25.066895, 56.2412 ], [ 25.068682, 56.238257 ], [ 25.0638, 56.227122 ], [ 25.074154, 56.21909 ], [ 25.070586, 56.210379 ], [ 25.074613, 56.205172 ], [ 25.076307, 56.195805 ], [ 25.085367, 56.196365 ], [ 25.093447, 56.185966 ], [ 25.103809, 56.184664 ], [ 25.112047, 56.185631 ], [ 25.126341, 56.183769 ], [ 25.133708, 56.180999 ], [ 25.143038, 56.179483 ], [ 25.151308, 56.174755 ], [ 25.171267, 56.174247 ], [ 25.199676, 56.176628 ], [ 25.214953, 56.187105 ], [ 25.229766, 56.191879 ], [ 25.233887, 56.191604 ], [ 25.238525, 56.187189 ], [ 25.24729, 56.185015 ], [ 25.249224, 56.182443 ], [ 25.254477, 56.173738 ], [ 25.269884, 56.170231 ], [ 25.280464, 56.158528 ], [ 25.296653, 56.152379 ], [ 25.314722, 56.145515 ], [ 25.337252, 56.153836 ], [ 25.365837, 56.154351 ], [ 25.393058, 56.156971 ], [ 25.402756, 56.157905 ], [ 25.403014, 56.148968 ], [ 25.408732, 56.147279 ], [ 25.420798, 56.14553 ], [ 25.430784, 56.153527 ], [ 25.434151, 56.154166 ], [ 25.45344, 56.152631 ], [ 25.455102, 56.14714 ], [ 25.458019, 56.146597 ], [ 25.466945, 56.144934 ], [ 25.480328, 56.14296 ], [ 25.503707, 56.14471 ], [ 25.509473, 56.158475 ], [ 25.525891, 56.163532 ], [ 25.537229, 56.165057 ], [ 25.546069, 56.162538 ], [ 25.552035, 56.160839 ], [ 25.566609, 56.139823 ], [ 25.601723, 56.134572 ], [ 25.623047, 56.135946 ], [ 25.643714, 56.134839 ], [ 25.65256, 56.135882 ], [ 25.67257, 56.148788 ], [ 25.682684, 56.144772 ], [ 25.677134, 56.130325 ], [ 25.698799, 56.119492 ], [ 25.693559, 56.104764 ], [ 25.699245, 56.10112 ], [ 25.694985, 56.095164 ], [ 25.686852, 56.09203 ], [ 25.689684, 56.086041 ], [ 25.701797, 56.082495 ], [ 25.716442, 56.081073 ], [ 25.737265, 56.076457 ], [ 25.751268, 56.070769 ], [ 25.761736, 56.063701 ], [ 25.810331, 56.056781 ], [ 25.819176, 56.054709 ], [ 25.821387, 56.052179 ], [ 25.825739, 56.043149 ], [ 25.835777, 56.033281 ], [ 25.841101, 56.030744 ], [ 25.851151, 56.02941 ], [ 25.857799, 56.022844 ], [ 25.858916, 56.015615 ], [ 25.851002, 56.009173 ], [ 25.851856, 56.006247 ], [ 25.861691, 56.000228 ], [ 25.882574, 56.000528 ], [ 25.89438, 56.000393 ], [ 25.900572, 55.996925 ], [ 25.943784, 55.988004 ], [ 25.94704, 55.98497 ], [ 25.954542, 55.985541 ], [ 25.974244, 55.981142 ], [ 25.980887, 55.975904 ], [ 25.988196, 55.973824 ], [ 25.998397, 55.963754 ], [ 26.011547, 55.966452 ], [ 26.044599, 55.954584 ], [ 26.046155, 55.944106 ], [ 26.065335, 55.926917 ], [ 26.081424, 55.912493 ], [ 26.091079, 55.900494 ], [ 26.120307, 55.880259 ], [ 26.150319, 55.876512 ], [ 26.172866, 55.866288 ], [ 26.186089, 55.867175 ], [ 26.202857, 55.85913 ], [ 26.213839, 55.850748 ], [ 26.229682, 55.837172 ], [ 26.23521, 55.820344 ], [ 26.231163, 55.812847 ], [ 26.257889, 55.782847 ], [ 26.269111, 55.767662 ], [ 26.31058, 55.743992 ], [ 26.325957, 55.741826 ], [ 26.330043, 55.74189 ], [ 26.346902, 55.742154 ], [ 26.352483, 55.740602 ], [ 26.365951, 55.730766 ], [ 26.375279, 55.710447 ], [ 26.385645, 55.705007 ], [ 26.394277, 55.709197 ], [ 26.40617, 55.711082 ], [ 26.41728, 55.708996 ], [ 26.427246, 55.710422 ], [ 26.438839, 55.709401 ], [ 26.466781, 55.703203 ], [ 26.481945, 55.696783 ], [ 26.489905, 55.695689 ], [ 26.494029, 55.68787 ], [ 26.502149, 55.686084 ], [ 26.511284, 55.687046 ], [ 26.518126, 55.679972 ], [ 26.531908, 55.677023 ], [ 26.569633, 55.680013 ], [ 26.57721, 55.675862 ], [ 26.591535, 55.676465 ], [ 26.598111, 55.67513 ], [ 26.618155, 55.680823 ], [ 26.630365, 55.680667 ], [ 26.635745, 55.682372 ], [ 26.641859, 55.695335 ], [ 26.650171, 55.70001 ], [ 26.645367, 55.704483 ], [ 26.653237, 55.70727 ], [ 26.718052, 55.702737 ], [ 26.742123, 55.683121 ], [ 26.763498, 55.680588 ], [ 26.782088, 55.678385 ], [ 26.789078, 55.685526 ], [ 26.800553, 55.697859 ], [ 26.816556, 55.699892 ], [ 26.828612, 55.705243 ], [ 26.844361, 55.706922 ], [ 26.850237, 55.709353 ], [ 26.869104, 55.712439 ], [ 26.874467, 55.719053 ], [ 26.878355, 55.728204 ], [ 26.876385, 55.734821 ], [ 26.900289, 55.750941 ], [ 26.898178, 55.753794 ], [ 26.899826, 55.758157 ], [ 26.920028, 55.786877 ], [ 26.92864, 55.789883 ], [ 26.947213, 55.788277 ], [ 26.952867, 55.797823 ], [ 26.966336, 55.805354 ], [ 26.973582, 55.813938 ], [ 26.978542, 55.814584 ], [ 26.996872, 55.818722 ], [ 27.014832, 55.82828 ], [ 27.024648, 55.826668 ], [ 27.031681, 55.823326 ], [ 27.041181, 55.82942 ], [ 27.050918, 55.83058 ], [ 27.070619, 55.829172 ], [ 27.082007, 55.826458 ], [ 27.093663, 55.827421 ], [ 27.097693, 55.829201 ], [ 27.101004, 55.834549 ], [ 27.102098, 55.843092 ], [ 27.107799, 55.84649 ], [ 27.123022, 55.850355 ], [ 27.136954, 55.85049 ], [ 27.143368, 55.849038 ], [ 27.154046, 55.851631 ], [ 27.168184, 55.844791 ], [ 27.172301, 55.837701 ], [ 27.199395, 55.833742 ], [ 27.214067, 55.821187 ], [ 27.237253, 55.808966 ], [ 27.24498, 55.803061 ], [ 27.249563, 55.794787 ], [ 27.285115, 55.785815 ], [ 27.289279, 55.78589 ], [ 27.307487, 55.793088 ], [ 27.346388, 55.801107 ], [ 27.353759, 55.808966 ], [ 27.356698, 55.811719 ], [ 27.36706, 55.814649 ], [ 27.372947, 55.808966 ], [ 27.410005, 55.801449 ], [ 27.43112, 55.794633 ], [ 27.467681, 55.794126 ], [ 27.484385, 55.790308 ], [ 27.56497, 55.784301 ], [ 27.613599, 55.786757 ], [ 27.618677, 55.793309 ], [ 27.632511, 55.829652 ], [ 27.639389, 55.848717 ], [ 27.62529, 55.891924 ], [ 27.651351, 55.911731 ], [ 27.653332, 55.915967 ], [ 27.65309, 55.929588 ], [ 27.658597, 55.932052 ], [ 27.734018, 55.967265 ], [ 27.743597, 55.971936 ], [ 27.74787, 55.975253 ], [ 27.750483, 55.978865 ], [ 27.758355, 55.97981 ], [ 27.764992, 55.979006 ], [ 27.769523, 55.975495 ], [ 27.785341, 55.976249 ], [ 27.788176, 55.979969 ], [ 27.799079, 55.982709 ], [ 27.802589, 55.989363 ], [ 27.807241, 55.988678 ], [ 27.810427, 55.990078 ], [ 27.809771, 56.003531 ], [ 27.806655, 56.008127 ], [ 27.81515, 56.00826 ], [ 27.816225, 56.011172 ], [ 27.832698, 56.022891 ], [ 27.820862, 56.029312 ], [ 27.812408, 56.029947 ], [ 27.80652, 56.035496 ], [ 27.821132, 56.039855 ], [ 27.836753, 56.037869 ], [ 27.857673, 56.043726 ], [ 27.86518, 56.04741 ], [ 27.866732, 56.050138 ], [ 27.875266, 56.052961 ], [ 27.890602, 56.052725 ], [ 27.903558, 56.048452 ], [ 27.910932, 56.05862 ], [ 27.920541, 56.060001 ], [ 27.922693, 56.064161 ], [ 27.933992, 56.072262 ], [ 27.934135, 56.080946 ], [ 27.938864, 56.091159 ], [ 27.948735, 56.096881 ], [ 27.951222, 56.10297 ], [ 27.96176, 56.105374 ], [ 27.9682, 56.109221 ], [ 27.971893, 56.120337 ], [ 27.985413, 56.122306 ], [ 27.992383, 56.125527 ], [ 28.006564, 56.126389 ], [ 28.021698, 56.12389 ], [ 28.027317, 56.119449 ], [ 28.043067, 56.118942 ], [ 28.045961, 56.129114 ], [ 28.06437, 56.13664 ], [ 28.069344, 56.139787 ], [ 28.091959, 56.137552 ], [ 28.09524, 56.14922 ], [ 28.103584, 56.153306 ], [ 28.115549, 56.163227 ], [ 28.130759, 56.166899 ], [ 28.138016, 56.171326 ], [ 28.154556, 56.169843 ], [ 28.177676, 56.179948 ], [ 28.178069, 56.188756 ], [ 28.186227, 56.197669 ], [ 28.17879, 56.205276 ], [ 28.196732, 56.209225 ], [ 28.202253, 56.214094 ], [ 28.200434, 56.216706 ], [ 28.188226, 56.220025 ], [ 28.184728, 56.225956 ], [ 28.18662, 56.231075 ], [ 28.197849, 56.240856 ], [ 28.218613, 56.249651 ], [ 28.23777, 56.26997 ], [ 28.240576, 56.276056 ], [ 28.230577, 56.296397 ], [ 28.214462, 56.31406 ], [ 28.207238, 56.321975 ], [ 28.203572, 56.331013 ], [ 28.199757, 56.337605 ], [ 28.200827, 56.343382 ], [ 28.193936, 56.352135 ], [ 28.193298, 56.357985 ], [ 28.184306, 56.363686 ], [ 28.167277, 56.373566 ], [ 28.163828, 56.378651 ], [ 28.184306, 56.400841 ], [ 28.185624, 56.401644 ], [ 28.187146, 56.403865 ], [ 28.19303, 56.406136 ], [ 28.186397, 56.41292 ], [ 28.182873, 56.426622 ], [ 28.188444, 56.431244 ], [ 28.193558, 56.440741 ], [ 28.191279, 56.449426 ], [ 28.176107, 56.454594 ], [ 28.158826, 56.466634 ], [ 28.154409, 56.472994 ], [ 28.143435, 56.478375 ], [ 28.125775, 56.496388 ], [ 28.129681, 56.499883 ], [ 28.129366, 56.50864 ], [ 28.119551, 56.51336 ], [ 28.109823, 56.508741 ], [ 28.10014, 56.509713 ], [ 28.098399, 56.515532 ], [ 28.095229, 56.517413 ], [ 28.096262, 56.523458 ], [ 28.093126, 56.528779 ], [ 28.099765, 56.531393 ], [ 28.100622, 56.5388 ], [ 28.105723, 56.542719 ], [ 28.140787, 56.551571 ], [ 28.137641, 56.564326 ], [ 28.142375, 56.572411 ], [ 28.133767, 56.579347 ], [ 28.125907, 56.582149 ], [ 28.098554, 56.582578 ], [ 28.076703, 56.58588 ], [ 28.069344, 56.585472 ], [ 28.055544, 56.584707 ], [ 28.049908, 56.58902 ], [ 28.042897, 56.59097 ], [ 28.040389, 56.604449 ], [ 28.011796, 56.636678 ], [ 28.012244, 56.67242 ], [ 28.001876, 56.683703 ], [ 27.99414, 56.688315 ], [ 27.978792, 56.688393 ], [ 27.977461, 56.695427 ], [ 27.981481, 56.703184 ], [ 27.979861, 56.706784 ], [ 27.963431, 56.707251 ], [ 27.959952, 56.713355 ], [ 27.947098, 56.716443 ], [ 27.945238, 56.721921 ], [ 27.937229, 56.7274 ], [ 27.927617, 56.729467 ], [ 27.917994, 56.733934 ], [ 27.912454, 56.74197 ], [ 27.913471, 56.748526 ], [ 27.905516, 56.746322 ], [ 27.899475, 56.752714 ], [ 27.901201, 56.760072 ], [ 27.916309, 56.773456 ], [ 27.921492, 56.774649 ], [ 27.935486, 56.773697 ], [ 27.944573, 56.776952 ], [ 27.946591, 56.783275 ], [ 27.940687, 56.791029 ], [ 27.943893, 56.801455 ], [ 27.957549, 56.807393 ], [ 27.96506, 56.806424 ], [ 27.976113, 56.812271 ], [ 27.976424, 56.816193 ], [ 27.970286, 56.82095 ], [ 27.974726, 56.825035 ], [ 27.966903, 56.827093 ], [ 27.970347, 56.83129 ], [ 27.965382, 56.836827 ], [ 27.959185, 56.833118 ], [ 27.949811, 56.831889 ], [ 27.937288, 56.827499 ], [ 27.902589, 56.822428 ], [ 27.898181, 56.837644 ], [ 27.883858, 56.856531 ], [ 27.871904, 56.866611 ], [ 27.874564, 56.874085 ], [ 27.871274, 56.87731 ], [ 27.849194, 56.87944 ], [ 27.84295, 56.874769 ], [ 27.821127, 56.866928 ], [ 27.798813, 56.863266 ], [ 27.788466, 56.864093 ], [ 27.765404, 56.862097 ], [ 27.742531, 56.855275 ], [ 27.731445, 56.856573 ], [ 27.727824, 56.85331 ], [ 27.72139, 56.851066 ], [ 27.718432, 56.847854 ], [ 27.704089, 56.847258 ], [ 27.701467, 56.84145 ], [ 27.691297, 56.837405 ], [ 27.659445, 56.834365 ], [ 27.655791, 56.852355 ], [ 27.657552, 56.856054 ], [ 27.670218, 56.869923 ], [ 27.672213, 56.879387 ], [ 27.673707, 56.886476 ], [ 27.672092, 56.894418 ], [ 27.682738, 56.906726 ], [ 27.686088, 56.915014 ], [ 27.70374, 56.912618 ], [ 27.712447, 56.914541 ], [ 27.716821, 56.913544 ], [ 27.723207, 56.915005 ], [ 27.729767, 56.919871 ], [ 27.737758, 56.921591 ], [ 27.742806, 56.956062 ], [ 27.768084, 57.002919 ], [ 27.765616, 57.00462 ], [ 27.732791, 57.001476 ], [ 27.718252, 57.002971 ], [ 27.715333, 57.00702 ], [ 27.718258, 57.012571 ], [ 27.72788, 57.026816 ], [ 27.729114, 57.037923 ], [ 27.735771, 57.046173 ], [ 27.743647, 57.049311 ], [ 27.748779, 57.054401 ], [ 27.741206, 57.067173 ], [ 27.753201, 57.077171 ], [ 27.763115, 57.080216 ], [ 27.768107, 57.084759 ], [ 27.765336, 57.08622 ], [ 27.751872, 57.084556 ], [ 27.74141, 57.089832 ], [ 27.720257, 57.092928 ], [ 27.715748, 57.097568 ], [ 27.719759, 57.103872 ], [ 27.722839, 57.100768 ], [ 27.739177, 57.102691 ], [ 27.744117, 57.101555 ], [ 27.745624, 57.098929 ], [ 27.751271, 57.098343 ], [ 27.752892, 57.106809 ], [ 27.742936, 57.111334 ], [ 27.735221, 57.112092 ], [ 27.737165, 57.118484 ], [ 27.754366, 57.123046 ], [ 27.752825, 57.126921 ], [ 27.757937, 57.13075 ], [ 27.781141, 57.134952 ], [ 27.787028, 57.132775 ], [ 27.791604, 57.135519 ], [ 27.80099, 57.137371 ], [ 27.80574, 57.140763 ], [ 27.817774, 57.143401 ], [ 27.819481, 57.150246 ], [ 27.823563, 57.153802 ], [ 27.823206, 57.159027 ], [ 27.832703, 57.166783 ], [ 27.828867, 57.173943 ], [ 27.834763, 57.181679 ], [ 27.826337, 57.19156 ], [ 27.830154, 57.198585 ], [ 27.82637, 57.200555 ], [ 27.830323, 57.204404 ], [ 27.829629, 57.208274 ], [ 27.83532, 57.209001 ], [ 27.84079, 57.211401 ], [ 27.83851, 57.219895 ], [ 27.843864, 57.22978 ], [ 27.852838, 57.235282 ], [ 27.859228, 57.243862 ], [ 27.866179, 57.244838 ], [ 27.868956, 57.247009 ], [ 27.864639, 57.257501 ], [ 27.865764, 57.260953 ], [ 27.860902, 57.264339 ], [ 27.862445, 57.275591 ], [ 27.868024, 57.281361 ], [ 27.869601, 57.290945 ], [ 27.867218, 57.296856 ], [ 27.861401, 57.301645 ], [ 27.857836, 57.303752 ], [ 27.847952, 57.303366 ], [ 27.842449, 57.310155 ], [ 27.826868, 57.320379 ], [ 27.823485, 57.322599 ], [ 27.815025, 57.32376 ], [ 27.783262, 57.321242 ], [ 27.776924, 57.326495 ], [ 27.773729, 57.329921 ], [ 27.775623, 57.332052 ], [ 27.779358, 57.336255 ], [ 27.778023, 57.343748 ], [ 27.7608, 57.350608 ], [ 27.756551, 57.354622 ], [ 27.721245, 57.361404 ], [ 27.703996, 57.366588 ], [ 27.690777, 57.370561 ], [ 27.682643, 57.37345 ], [ 27.680251, 57.383336 ], [ 27.674453, 57.387876 ], [ 27.670897, 57.394802 ], [ 27.624446, 57.401699 ], [ 27.600206, 57.416131 ], [ 27.582492, 57.416031 ], [ 27.560454, 57.411621 ], [ 27.554894, 57.41642 ], [ 27.525161, 57.426665 ], [ 27.518208, 57.427412 ], [ 27.524184, 57.439013 ], [ 27.536118, 57.459776 ], [ 27.546658, 57.459813 ], [ 27.551468, 57.467141 ], [ 27.549925, 57.47259 ], [ 27.556659, 57.485861 ], [ 27.556109, 57.497415 ], [ 27.566509, 57.509091 ], [ 27.56647, 57.513748 ], [ 27.554185, 57.521117 ], [ 27.547647, 57.519762 ], [ 27.554698, 57.537724 ], [ 27.504101, 57.539995 ], [ 27.484458, 57.535538 ], [ 27.471789, 57.534536 ], [ 27.469143, 57.530342 ], [ 27.46112, 57.529588 ], [ 27.446153, 57.531703 ], [ 27.433341, 57.52623 ], [ 27.415814, 57.523205 ] ], [ [ 26.781096, 57.576213 ], [ 26.785942, 57.575413 ], [ 26.786822, 57.576241 ], [ 26.781957, 57.57861 ], [ 26.782486, 57.580697 ], [ 26.778468, 57.58062 ], [ 26.781096, 57.576213 ] ] ], [ [ [ 8.966871, 45.984156 ], [ 8.976967, 45.983068 ], [ 8.977565, 45.982565 ], [ 8.978526, 45.970326 ], [ 8.975668, 45.96169 ], [ 8.967301, 45.963211 ], [ 8.958594, 45.964794 ], [ 8.959831, 45.968035 ], [ 8.961287, 45.97185 ], [ 8.964022, 45.975976 ], [ 8.96464, 45.979056 ], [ 8.966871, 45.984156 ] ] ], [ [ [ 4.941558, 51.446329 ], [ 4.93476, 51.447459 ], [ 4.933019, 51.449637 ], [ 4.950053, 51.451963 ], [ 4.952451, 51.450162 ], [ 4.94878, 51.449113 ], [ 4.947877, 51.44733 ], [ 4.945848, 51.449059 ], [ 4.943511, 51.448698 ], [ 4.941558, 51.446329 ] ] ], [ [ [ 4.945269, 51.445382 ], [ 4.949849, 51.446062 ], [ 4.950612, 51.443343 ], [ 4.943717, 51.443696 ], [ 4.945269, 51.445382 ] ] ], [ [ [ 4.922174, 51.442625 ], [ 4.920126, 51.44589 ], [ 4.923032, 51.447411 ], [ 4.925618, 51.446622 ], [ 4.927432, 51.443895 ], [ 4.925853, 51.442709 ], [ 4.927271, 51.440292 ], [ 4.933022, 51.444128 ], [ 4.938087, 51.444699 ], [ 4.939545, 51.441802 ], [ 4.934611, 51.442114 ], [ 4.936598, 51.437828 ], [ 4.93883, 51.439346 ], [ 4.942026, 51.438921 ], [ 4.93774, 51.435173 ], [ 4.939981, 51.434194 ], [ 4.939683, 51.430785 ], [ 4.936042, 51.42942 ], [ 4.933674, 51.431079 ], [ 4.92884, 51.43048 ], [ 4.926117, 51.433393 ], [ 4.917302, 51.435413 ], [ 4.921256, 51.436924 ], [ 4.919652, 51.438247 ], [ 4.922487, 51.439744 ], [ 4.91907, 51.440688 ], [ 4.922174, 51.442625 ] ] ], [ [ [ 4.936155, 51.409448 ], [ 4.936791, 51.405312 ], [ 4.933117, 51.405089 ], [ 4.930725, 51.407397 ], [ 4.936155, 51.409448 ] ] ], [ [ [ 4.834377, 51.421202 ], [ 4.840551, 51.421497 ], [ 4.83752, 51.418323 ], [ 4.832921, 51.419142 ], [ 4.834377, 51.421202 ] ] ], [ [ [ 21.882694, 48.362471 ], [ 21.888538, 48.359498 ], [ 21.887405, 48.357293 ], [ 21.884265, 48.355754 ], [ 21.881267, 48.357636 ], [ 21.882694, 48.362471 ] ] ] ] } }
]
}
