{
"type": "FeatureCollection",
"name": "pt_geofence_mask",
"crs": { "type": "name", "properties": { "name": "urn:ogc:def:crs:OGC:1.3:CRS84" } },
"features": [
{ "type": "Feature", "properties": { "id": 1 }, "geometry": { "type": "MultiPolygon", "coordinates": [ [ [ [ -180.0, 90.0 ], [ 180.0, 90.0 ], [ 180.0, -90.0 ], [ -180.0, -90.0 ], [ -180.0, 90.0 ] ], [ [ 10.473196, 47.55036 ], [ 10.488915, 47.540404 ], [ 10.49424, 47.539392 ], [ 10.497773, 47.539103 ], [ 10.524537, 47.535166 ], [ 10.552405, 47.537037 ], [ 10.56285, 47.536058 ], [ 10.56637, 47.534056 ], [ 10.573778, 47.534818 ], [ 10.581735, 47.548183 ], [ 10.580589, 47.555075 ], [ 10.590012, 47.560275 ], [ 10.59813, 47.569613 ], [ 10.608591, 47.565823 ], [ 10.619862, 47.566377 ], [ 10.627376, 47.560902 ], [ 10.633366, 47.559443 ], [ 10.674841, 47.558782 ], [ 10.678011, 47.556236 ], [ 10.690619, 47.558105 ], [ 10.69182, 47.550987 ], [ 10.695907, 47.544592 ], [ 10.709068, 47.54327 ], [ 10.719435, 47.538233 ], [ 10.740382, 47.538532 ], [ 10.754916, 47.534568 ], [ 10.758624, 47.533557 ], [ 10.764028, 47.527408 ], [ 10.763765, 47.519597 ], [ 10.778352, 47.514824 ], [ 10.795136, 47.520727 ], [ 10.81128, 47.520357 ], [ 10.813732, 47.525996 ], [ 10.83037, 47.528346 ], [ 10.838525, 47.526155 ], [ 10.853078, 47.533374 ], [ 10.886199, 47.536848 ], [ 10.890239, 47.536224 ], [ 10.899715, 47.522198 ], [ 10.905969, 47.517828 ], [ 10.914736, 47.518883 ], [ 10.918397, 47.517339 ], [ 10.91663, 47.513547 ], [ 10.899715, 47.508887 ], [ 10.877534, 47.503046 ], [ 10.870831, 47.498867 ], [ 10.870625, 47.48285 ], [ 10.877828, 47.479841 ], [ 10.886536, 47.480163 ], [ 10.899715, 47.483573 ], [ 10.91069, 47.485275 ], [ 10.934634, 47.482136 ], [ 10.937197, 47.479394 ], [ 10.928839, 47.472201 ], [ 10.932482, 47.468034 ], [ 10.957056, 47.452302 ], [ 10.982351, 47.430837 ], [ 10.984836, 47.420971 ], [ 10.971216, 47.415838 ], [ 10.970171, 47.40174 ], [ 10.97774, 47.397568 ], [ 10.991203, 47.396131 ], [ 11.00551, 47.394345 ], [ 11.016501, 47.396368 ], [ 11.023464, 47.396615 ], [ 11.030289, 47.393651 ], [ 11.037765, 47.396117 ], [ 11.048462, 47.394425 ], [ 11.055375, 47.395966 ], [ 11.100247, 47.394759 ], [ 11.115806, 47.396012 ], [ 11.123226, 47.399621 ], [ 11.122869, 47.40542 ], [ 11.128412, 47.411886 ], [ 11.162034, 47.421704 ], [ 11.181305, 47.426244 ], [ 11.197189, 47.42761 ], [ 11.206019, 47.433408 ], [ 11.219904, 47.430895 ], [ 11.24337, 47.431945 ], [ 11.249448, 47.431916 ], [ 11.252588, 47.428616 ], [ 11.24337, 47.420701 ], [ 11.222307, 47.397347 ], [ 11.227323, 47.395347 ], [ 11.24337, 47.398033 ], [ 11.270849, 47.397769 ], [ 11.282558, 47.401526 ], [ 11.286265, 47.404751 ], [ 11.289742, 47.407774 ], [ 11.29293, 47.417458 ], [ 11.291498, 47.426622 ], [ 11.30016, 47.43036 ], [ 11.316418, 47.432172 ], [ 11.321238, 47.436893 ], [ 11.330265, 47.439126 ], [ 11.331541, 47.444511 ], [ 11.338437, 47.449283 ], [ 11.357629, 47.448353 ], [ 11.365663, 47.445021 ], [ 11.378788, 47.448957 ], [ 11.421428, 47.444852 ], [ 11.408274, 47.466331 ], [ 11.391478, 47.467154 ], [ 11.384371, 47.47249 ], [ 11.389605, 47.480735 ], [ 11.405583, 47.48967 ], [ 11.410219, 47.495324 ], [ 11.42294, 47.506684 ], [ 11.44024, 47.516799 ], [ 11.449323, 47.507231 ], [ 11.484128, 47.509082 ], [ 11.507026, 47.505201 ], [ 11.518658, 47.510408 ], [ 11.535397, 47.509077 ], [ 11.549561, 47.512816 ], [ 11.571787, 47.514587 ], [ 11.587518, 47.525727 ], [ 11.585887, 47.543975 ], [ 11.589033, 47.550696 ], [ 11.587833, 47.555383 ], [ 11.600652, 47.567858 ], [ 11.606968, 47.58099 ], [ 11.613492, 47.580402 ], [ 11.620891, 47.584098 ], [ 11.633013, 47.581084 ], [ 11.632883, 47.592446 ], [ 11.640404, 47.592382 ], [ 11.664842, 47.584256 ], [ 11.683345, 47.584786 ], [ 11.703345, 47.58881 ], [ 11.745222, 47.588044 ], [ 11.775171, 47.590392 ], [ 11.844634, 47.58166 ], [ 11.847866, 47.58391 ], [ 11.854842, 47.602279 ], [ 11.863374, 47.601275 ], [ 11.894289, 47.608448 ], [ 11.90377, 47.608845 ], [ 11.914447, 47.613542 ], [ 11.933132, 47.612779 ], [ 11.940396, 47.613927 ], [ 11.952952, 47.61591 ], [ 11.967379, 47.61692 ], [ 11.97626, 47.614917 ], [ 11.982535, 47.619065 ], [ 11.991827, 47.621011 ], [ 12.008932, 47.624594 ], [ 12.022107, 47.6114 ], [ 12.028835, 47.611904 ], [ 12.036812, 47.617127 ], [ 12.051997, 47.615145 ], [ 12.060662, 47.618743 ], [ 12.083413, 47.609885 ], [ 12.112989, 47.611534 ], [ 12.128055, 47.60627 ], [ 12.138224, 47.60556 ], [ 12.149448, 47.60864 ], [ 12.163561, 47.613275 ], [ 12.17804, 47.614141 ], [ 12.181018, 47.609925 ], [ 12.178132, 47.600899 ], [ 12.184782, 47.604172 ], [ 12.201099, 47.606301 ], [ 12.20677, 47.609532 ], [ 12.207723, 47.614573 ], [ 12.201742, 47.63304 ], [ 12.198413, 47.642141 ], [ 12.196658, 47.644906 ], [ 12.194051, 47.647729 ], [ 12.193023, 47.6491 ], [ 12.189974, 47.653161 ], [ 12.186844, 47.657331 ], [ 12.182446, 47.667262 ], [ 12.171031, 47.677482 ], [ 12.164717, 47.690041 ], [ 12.162599, 47.70113 ], [ 12.183236, 47.700726 ], [ 12.195518, 47.70768 ], [ 12.203001, 47.70779 ], [ 12.226645, 47.718291 ], [ 12.248175, 47.740073 ], [ 12.257072, 47.742839 ], [ 12.264275, 47.731928 ], [ 12.246258, 47.709465 ], [ 12.241663, 47.695342 ], [ 12.243147, 47.691672 ], [ 12.257178, 47.6791 ], [ 12.264424, 47.679017 ], [ 12.276001, 47.686986 ], [ 12.28387, 47.689742 ], [ 12.327126, 47.695369 ], [ 12.338046, 47.697087 ], [ 12.335938, 47.692797 ], [ 12.33999, 47.690366 ], [ 12.350475, 47.691929 ], [ 12.354628, 47.689779 ], [ 12.365557, 47.684122 ], [ 12.412171, 47.69359 ], [ 12.42732, 47.695855 ], [ 12.439155, 47.694816 ], [ 12.44254, 47.689133 ], [ 12.439651, 47.675665 ], [ 12.452326, 47.667608 ], [ 12.466083, 47.6491 ], [ 12.489645, 47.637627 ], [ 12.499624, 47.625269 ], [ 12.511833, 47.625534 ], [ 12.525239, 47.630749 ], [ 12.538043, 47.636189 ], [ 12.575027, 47.632316 ], [ 12.577863, 47.634741 ], [ 12.583999, 47.6491 ], [ 12.586022, 47.65188 ], [ 12.586954, 47.653161 ], [ 12.588524, 47.655318 ], [ 12.589437, 47.656533 ], [ 12.59304, 47.661334 ], [ 12.596856, 47.666295 ], [ 12.602077, 47.66867 ], [ 12.603242, 47.672204 ], [ 12.604632, 47.673162 ], [ 12.617988, 47.672793 ], [ 12.630108, 47.675654 ], [ 12.638201, 47.671962 ], [ 12.650544, 47.671503 ], [ 12.666371, 47.680329 ], [ 12.695796, 47.682223 ], [ 12.715019, 47.676732 ], [ 12.733134, 47.678988 ], [ 12.746048, 47.674714 ], [ 12.75738, 47.664143 ], [ 12.763642, 47.666505 ], [ 12.77287, 47.666476 ], [ 12.781883, 47.673167 ], [ 12.783014, 47.669545 ], [ 12.77704, 47.660427 ], [ 12.759405, 47.653614 ], [ 12.761843, 47.6491 ], [ 12.779565, 47.633613 ], [ 12.78969, 47.632769 ], [ 12.799439, 47.627158 ], [ 12.823785, 47.611586 ], [ 12.822166, 47.610213 ], [ 12.813408, 47.611551 ], [ 12.807423, 47.610076 ], [ 12.791328, 47.598367 ], [ 12.794308, 47.592331 ], [ 12.779257, 47.579285 ], [ 12.786358, 47.56802 ], [ 12.791935, 47.56443 ], [ 12.795034, 47.556627 ], [ 12.808522, 47.547796 ], [ 12.817784, 47.545216 ], [ 12.846639, 47.545895 ], [ 12.852061, 47.531136 ], [ 12.856776, 47.527667 ], [ 12.881415, 47.521099 ], [ 12.885054, 47.51766 ], [ 12.88447, 47.512755 ], [ 12.908724, 47.496989 ], [ 12.931924, 47.48775 ], [ 12.969139, 47.474597 ], [ 12.972182, 47.475059 ], [ 12.974041, 47.483454 ], [ 12.976892, 47.484437 ], [ 12.988499, 47.47829 ], [ 12.993788, 47.477924 ], [ 12.993976, 47.47156 ], [ 13.002373, 47.464094 ], [ 13.006844, 47.464896 ], [ 13.017868, 47.474677 ], [ 13.027637, 47.486276 ], [ 13.046473, 47.492136 ], [ 13.04657, 47.513637 ], [ 13.043503, 47.518061 ], [ 13.046056, 47.520502 ], [ 13.045011, 47.524552 ], [ 13.036278, 47.528408 ], [ 13.031544, 47.533124 ], [ 13.038349, 47.543142 ], [ 13.054724, 47.556873 ], [ 13.056709, 47.561589 ], [ 13.050648, 47.564272 ], [ 13.042626, 47.57445 ], [ 13.044244, 47.582777 ], [ 13.068999, 47.586521 ], [ 13.071508, 47.589898 ], [ 13.064603, 47.596017 ], [ 13.062736, 47.60123 ], [ 13.070213, 47.605799 ], [ 13.081038, 47.618983 ], [ 13.093322, 47.62692 ], [ 13.09599, 47.628725 ], [ 13.096887, 47.632005 ], [ 13.097948, 47.633717 ], [ 13.096233, 47.640942 ], [ 13.088491, 47.649074 ], [ 13.088365, 47.654599 ], [ 13.079813, 47.663715 ], [ 13.076948, 47.673059 ], [ 13.079589, 47.687494 ], [ 13.061962, 47.696795 ], [ 13.047965, 47.709119 ], [ 13.045941, 47.712698 ], [ 13.028498, 47.71671 ], [ 13.016771, 47.722634 ], [ 13.008335, 47.721718 ], [ 13.003765, 47.714869 ], [ 12.998364, 47.713192 ], [ 12.987199, 47.707411 ], [ 12.956181, 47.708188 ], [ 12.945667, 47.711989 ], [ 12.92986, 47.709686 ], [ 12.913133, 47.717734 ], [ 12.905275, 47.724336 ], [ 12.913567, 47.737397 ], [ 12.919791, 47.743184 ], [ 12.930293, 47.745105 ], [ 12.93515, 47.748759 ], [ 12.936667, 47.758357 ], [ 12.943465, 47.762905 ], [ 12.941864, 47.770422 ], [ 12.934713, 47.771566 ], [ 12.927708, 47.770055 ], [ 12.939696, 47.78002 ], [ 12.93955, 47.784503 ], [ 12.947355, 47.786964 ], [ 12.962119, 47.798328 ], [ 12.978791, 47.819082 ], [ 12.989066, 47.831963 ], [ 13.002633, 47.842494 ], [ 13.00139, 47.854394 ], [ 12.988184, 47.868723 ], [ 12.987599, 47.869191 ], [ 12.984065, 47.874451 ], [ 12.966651, 47.900368 ], [ 12.966458, 47.900665 ], [ 12.947066, 47.921114 ], [ 12.939262, 47.936658 ], [ 12.936865, 47.943309 ], [ 12.928987, 47.939291 ], [ 12.92098, 47.940465 ], [ 12.920688, 47.950882 ], [ 12.912967, 47.956471 ], [ 12.885299, 47.959397 ], [ 12.875786, 47.962609 ], [ 12.869736, 47.968938 ], [ 12.860182, 47.99664 ], [ 12.85354, 48.012459 ], [ 12.833994, 48.028063 ], [ 12.832464, 48.029055 ], [ 12.80778, 48.043355 ], [ 12.762581, 48.072334 ], [ 12.755235, 48.081903 ], [ 12.750635, 48.099595 ], [ 12.749311, 48.108373 ], [ 12.750869, 48.111454 ], [ 12.751555, 48.11281 ], [ 12.758437, 48.118749 ], [ 12.759206, 48.127061 ], [ 12.768749, 48.128477 ], [ 12.784728, 48.12353 ], [ 12.793155, 48.132449 ], [ 12.799899, 48.146642 ], [ 12.811583, 48.151329 ], [ 12.827681, 48.153348 ], [ 12.834137, 48.158411 ], [ 12.836334, 48.164629 ], [ 12.84806, 48.167862 ], [ 12.854416, 48.179358 ], [ 12.861834, 48.187586 ], [ 12.86523, 48.197606 ], [ 12.871244, 48.201769 ], [ 12.916622, 48.206415 ], [ 12.944685, 48.206692 ], [ 12.955185, 48.208966 ], [ 12.965808, 48.214097 ], [ 12.997442, 48.23642 ], [ 13.012931, 48.252874 ], [ 13.024545, 48.258596 ], [ 13.05289, 48.264908 ], [ 13.06418, 48.269338 ], [ 13.081158, 48.277256 ], [ 13.083235, 48.277693 ], [ 13.085277, 48.277934 ], [ 13.089729, 48.278312 ], [ 13.091698, 48.278322 ], [ 13.093706, 48.278275 ], [ 13.098604, 48.277908 ], [ 13.122497, 48.277738 ], [ 13.142626, 48.282891 ], [ 13.177043, 48.29439 ], [ 13.195491, 48.295464 ], [ 13.19975, 48.295267 ], [ 13.203366, 48.295112 ], [ 13.206829, 48.294963 ], [ 13.213066, 48.294696 ], [ 13.253686, 48.293156 ], [ 13.314484, 48.316422 ], [ 13.34135, 48.331692 ], [ 13.343851, 48.333482 ], [ 13.374056, 48.35647 ], [ 13.381952, 48.360145 ], [ 13.400312, 48.36869 ], [ 13.407838, 48.37216 ], [ 13.417448, 48.383861 ], [ 13.420164, 48.400032 ], [ 13.42318, 48.407012 ], [ 13.425609, 48.410799 ], [ 13.427284, 48.413109 ], [ 13.429463, 48.41627 ], [ 13.435992, 48.425737 ], [ 13.439803, 48.433981 ], [ 13.434245, 48.445124 ], [ 13.42835, 48.451551 ], [ 13.42726, 48.456553 ], [ 13.439563, 48.478893 ], [ 13.443262, 48.485259 ], [ 13.447313, 48.494449 ], [ 13.457108, 48.511443 ], [ 13.444932, 48.528091 ], [ 13.449838, 48.536775 ], [ 13.438431, 48.548895 ], [ 13.438253, 48.55729 ], [ 13.449461, 48.563224 ], [ 13.463269, 48.554442 ], [ 13.47508, 48.555986 ], [ 13.476535, 48.563348 ], [ 13.485506, 48.562387 ], [ 13.491616, 48.564808 ], [ 13.493781, 48.569203 ], [ 13.504166, 48.573012 ], [ 13.506268, 48.57651 ], [ 13.503117, 48.583692 ], [ 13.507293, 48.589263 ], [ 13.51337, 48.590978 ], [ 13.528399, 48.586507 ], [ 13.552031, 48.57039 ], [ 13.566196, 48.562579 ], [ 13.577912, 48.559858 ], [ 13.583136, 48.560981 ], [ 13.590917, 48.568576 ], [ 13.599392, 48.569062 ], [ 13.624901, 48.554531 ], [ 13.641144, 48.552496 ], [ 13.643568, 48.55179 ], [ 13.649976, 48.550315 ], [ 13.651621, 48.549782 ], [ 13.653286, 48.548906 ], [ 13.654635, 48.547811 ], [ 13.656019, 48.545914 ], [ 13.660287, 48.537506 ], [ 13.662478, 48.535256 ], [ 13.673853, 48.531186 ], [ 13.677158, 48.5305 ], [ 13.694189, 48.524906 ], [ 13.705926, 48.517699 ], [ 13.727091, 48.513019 ], [ 13.73119, 48.516067 ], [ 13.734236, 48.525099 ], [ 13.744684, 48.528212 ], [ 13.748158, 48.531729 ], [ 13.748466, 48.538297 ], [ 13.744282, 48.54406 ], [ 13.753522, 48.550511 ], [ 13.747863, 48.553003 ], [ 13.756389, 48.565189 ], [ 13.760492, 48.564709 ], [ 13.764306, 48.560598 ], [ 13.767845, 48.554824 ], [ 13.770883, 48.554233 ], [ 13.790481, 48.571258 ], [ 13.800997, 48.57369 ], [ 13.806641, 48.585122 ], [ 13.802269, 48.596902 ], [ 13.807722, 48.600383 ], [ 13.807979, 48.604568 ], [ 13.815179, 48.61331 ], [ 13.821182, 48.614371 ], [ 13.825764, 48.618616 ], [ 13.82306, 48.641849 ], [ 13.81473, 48.649607 ], [ 13.817358, 48.658713 ], [ 13.817706, 48.660575 ], [ 13.819078, 48.674069 ], [ 13.813842, 48.683819 ], [ 13.814373, 48.692099 ], [ 13.81928, 48.694461 ], [ 13.833604, 48.6919 ], [ 13.837341, 48.700128 ], [ 13.820751, 48.699777 ], [ 13.813904, 48.701505 ], [ 13.810946, 48.708165 ], [ 13.8028, 48.708857 ], [ 13.796107, 48.7136 ], [ 13.809876, 48.727915 ], [ 13.818309, 48.73238 ], [ 13.82172, 48.754453 ], [ 13.82864, 48.759062 ], [ 13.838005, 48.764733 ], [ 13.839507, 48.771605 ], [ 13.832023, 48.770917 ], [ 13.815294, 48.773379 ], [ 13.804115, 48.781237 ], [ 13.807891, 48.783087 ], [ 13.80982, 48.787 ], [ 13.810405, 48.78899 ], [ 13.812084, 48.792829 ], [ 13.813914, 48.793891 ], [ 13.815319, 48.7969 ], [ 13.797025, 48.813921 ], [ 13.795882, 48.81979 ], [ 13.789088, 48.825616 ], [ 13.791678, 48.83023 ], [ 13.770588, 48.831584 ], [ 13.765419, 48.834427 ], [ 13.764028, 48.836663 ], [ 13.749998, 48.859215 ], [ 13.750122, 48.866769 ], [ 13.739879, 48.878026 ], [ 13.735265, 48.886266 ], [ 13.730595, 48.886454 ], [ 13.724042, 48.881277 ], [ 13.716579, 48.878548 ], [ 13.70579, 48.880616 ], [ 13.70026, 48.881246 ], [ 13.689605, 48.87868 ], [ 13.673853, 48.879851 ], [ 13.667628, 48.890953 ], [ 13.654388, 48.895598 ], [ 13.645302, 48.911371 ], [ 13.638537, 48.918966 ], [ 13.636569, 48.9269 ], [ 13.623038, 48.938851 ], [ 13.630759, 48.947104 ], [ 13.627162, 48.949097 ], [ 13.621532, 48.948698 ], [ 13.607632, 48.941331 ], [ 13.591666, 48.951982 ], [ 13.591954, 48.961714 ], [ 13.583038, 48.969674 ], [ 13.57733, 48.970475 ], [ 13.571714, 48.966522 ], [ 13.563865, 48.970102 ], [ 13.551579, 48.967787 ], [ 13.545145, 48.967859 ], [ 13.537195, 48.972945 ], [ 13.531067, 48.973891 ], [ 13.517006, 48.969288 ], [ 13.508612, 48.968823 ], [ 13.506031, 48.959998 ], [ 13.50787, 48.948459 ], [ 13.508258, 48.942166 ], [ 13.4962, 48.941634 ], [ 13.490135, 48.944534 ], [ 13.48742, 48.946371 ], [ 13.483812, 48.948142 ], [ 13.48347, 48.951464 ], [ 13.480195, 48.951992 ], [ 13.477867, 48.953251 ], [ 13.475988, 48.953149 ], [ 13.473, 48.953903 ], [ 13.469614, 48.954633 ], [ 13.466983, 48.955639 ], [ 13.465364, 48.957095 ], [ 13.462688, 48.95893 ], [ 13.461503, 48.960555 ], [ 13.459986, 48.962584 ], [ 13.45737, 48.963176 ], [ 13.454439, 48.963082 ], [ 13.45091, 48.963941 ], [ 13.44913, 48.965239 ], [ 13.442914, 48.965988 ], [ 13.433347, 48.972118 ], [ 13.426961, 48.972704 ], [ 13.424091, 48.976914 ], [ 13.416652, 48.980035 ], [ 13.403015, 48.988166 ], [ 13.402614, 48.994305 ], [ 13.408974, 49.004165 ], [ 13.400399, 49.016409 ], [ 13.405567, 49.023266 ], [ 13.399542, 49.036095 ], [ 13.393052, 49.041394 ], [ 13.397429, 49.045994 ], [ 13.396825, 49.050854 ], [ 13.39249, 49.053744 ], [ 13.386565, 49.053579 ], [ 13.381952, 49.057352 ], [ 13.376812, 49.05818 ], [ 13.370128, 49.067512 ], [ 13.363684, 49.069869 ], [ 13.347652, 49.08172 ], [ 13.343785, 49.088624 ], [ 13.32364, 49.100292 ], [ 13.312292, 49.104287 ], [ 13.290637, 49.117623 ], [ 13.281601, 49.120449 ], [ 13.235948, 49.113731 ], [ 13.204349, 49.122903 ], [ 13.183102, 49.13432 ], [ 13.171723, 49.143312 ], [ 13.176709, 49.163497 ], [ 13.170908, 49.173579 ], [ 13.162017, 49.174963 ], [ 13.147164, 49.184401 ], [ 13.129704, 49.196309 ], [ 13.109971, 49.203179 ], [ 13.113728, 49.21789 ], [ 13.093993, 49.225052 ], [ 13.087203, 49.228798 ], [ 13.087617, 49.238447 ], [ 13.080728, 49.247425 ], [ 13.072263, 49.246736 ], [ 13.060007, 49.251031 ], [ 13.057857, 49.261154 ], [ 13.054861, 49.263758 ], [ 13.033699, 49.264844 ], [ 13.026254, 49.278169 ], [ 13.029009, 49.28476 ], [ 13.028642, 49.303773 ], [ 13.007573, 49.305997 ], [ 13.002594, 49.312944 ], [ 12.97072, 49.33454 ], [ 12.957884, 49.337273 ], [ 12.945811, 49.343638 ], [ 12.919902, 49.34344 ], [ 12.914125, 49.344707 ], [ 12.902496, 49.349338 ], [ 12.881176, 49.350189 ], [ 12.881099, 49.344197 ], [ 12.888178, 49.334189 ], [ 12.885537, 49.33252 ], [ 12.876348, 49.332832 ], [ 12.860094, 49.338407 ], [ 12.853336, 49.338733 ], [ 12.845149, 49.34475 ], [ 12.834705, 49.340822 ], [ 12.802076, 49.341841 ], [ 12.786287, 49.345398 ], [ 12.778915, 49.34921 ], [ 12.780644, 49.360622 ], [ 12.767414, 49.366168 ], [ 12.758661, 49.374882 ], [ 12.760671, 49.383042 ], [ 12.757288, 49.394428 ], [ 12.732572, 49.409816 ], [ 12.715517, 49.414133 ], [ 12.708057, 49.424423 ], [ 12.679172, 49.426458 ], [ 12.655894, 49.434547 ], [ 12.656939, 49.444588 ], [ 12.656987, 49.444731 ], [ 12.657236, 49.451695 ], [ 12.649058, 49.467084 ], [ 12.638201, 49.473552 ], [ 12.633764, 49.476195 ], [ 12.638201, 49.480397 ], [ 12.643767, 49.485666 ], [ 12.643726, 49.487652 ], [ 12.643593, 49.494137 ], [ 12.640178, 49.500498 ], [ 12.641816, 49.509744 ], [ 12.644176, 49.523057 ], [ 12.641206, 49.526821 ], [ 12.638201, 49.52915 ], [ 12.635105, 49.53155 ], [ 12.631495, 49.531064 ], [ 12.627906, 49.527315 ], [ 12.621688, 49.526659 ], [ 12.601165, 49.532773 ], [ 12.589878, 49.538052 ], [ 12.593779, 49.542191 ], [ 12.586885, 49.546441 ], [ 12.574307, 49.559964 ], [ 12.571388, 49.569143 ], [ 12.576665, 49.585899 ], [ 12.564408, 49.596582 ], [ 12.562308, 49.609408 ], [ 12.557478, 49.613669 ], [ 12.56067, 49.619634 ], [ 12.547028, 49.621159 ], [ 12.52933, 49.618406 ], [ 12.52752, 49.621658 ], [ 12.533444, 49.626034 ], [ 12.523383, 49.628408 ], [ 12.523163, 49.63369 ], [ 12.528211, 49.639295 ], [ 12.519042, 49.64326 ], [ 12.517987, 49.645506 ], [ 12.524973, 49.65377 ], [ 12.522986, 49.66018 ], [ 12.529215, 49.666251 ], [ 12.522718, 49.677614 ], [ 12.5216, 49.685855 ], [ 12.517899, 49.686823 ], [ 12.511683, 49.686823 ], [ 12.505313, 49.685625 ], [ 12.493578, 49.685963 ], [ 12.489736, 49.686823 ], [ 12.485201, 49.687838 ], [ 12.482091, 49.694515 ], [ 12.457787, 49.701602 ], [ 12.44702, 49.702298 ], [ 12.44149, 49.705087 ], [ 12.425901, 49.729617 ], [ 12.413477, 49.732955 ], [ 12.404543, 49.744938 ], [ 12.401524, 49.758373 ], [ 12.404829, 49.76231 ], [ 12.471798, 49.786489 ], [ 12.473945, 49.788786 ], [ 12.473378, 49.791374 ], [ 12.466281, 49.795369 ], [ 12.470343, 49.80096 ], [ 12.46567, 49.811712 ], [ 12.474305, 49.817726 ], [ 12.474142, 49.835097 ], [ 12.481178, 49.840704 ], [ 12.486514, 49.841587 ], [ 12.497529, 49.83848 ], [ 12.497328, 49.852621 ], [ 12.49846, 49.85647 ], [ 12.510909, 49.85886 ], [ 12.516247, 49.864665 ], [ 12.521807, 49.881335 ], [ 12.532937, 49.889336 ], [ 12.53996, 49.8912 ], [ 12.550989, 49.905088 ], [ 12.547375, 49.920015 ], [ 12.53622, 49.924874 ], [ 12.50615, 49.928988 ], [ 12.494169, 49.933346 ], [ 12.493171, 49.936547 ], [ 12.478405, 49.935672 ], [ 12.471058, 49.944768 ], [ 12.470911, 49.948797 ], [ 12.47889, 49.957035 ], [ 12.489773, 49.958924 ], [ 12.49403, 49.969174 ], [ 12.499332, 49.971983 ], [ 12.489498, 49.981163 ], [ 12.476738, 49.98149 ], [ 12.468643, 49.99184 ], [ 12.46161, 49.994399 ], [ 12.456135, 49.993971 ], [ 12.441985, 49.987355 ], [ 12.432238, 49.985167 ], [ 12.426731, 49.991298 ], [ 12.434654, 49.994247 ], [ 12.434812, 49.998442 ], [ 12.430479, 50.002107 ], [ 12.424057, 50.000477 ], [ 12.423137, 50.000759 ], [ 12.414714, 50.004327 ], [ 12.403153, 50.005603 ], [ 12.398974, 50.009143 ], [ 12.40091, 50.014343 ], [ 12.384107, 50.013055 ], [ 12.379598, 50.014507 ], [ 12.377349, 50.018832 ], [ 12.368184, 50.018041 ], [ 12.354628, 50.029752 ], [ 12.346969, 50.036367 ], [ 12.340988, 50.038731 ], [ 12.337193, 50.039143 ], [ 12.331181, 50.033556 ], [ 12.326521, 50.033034 ], [ 12.323332, 50.039901 ], [ 12.316593, 50.045884 ], [ 12.317513, 50.052332 ], [ 12.297829, 50.058483 ], [ 12.27992, 50.055679 ], [ 12.27053, 50.060993 ], [ 12.260799, 50.058156 ], [ 12.261489, 50.064824 ], [ 12.274285, 50.076182 ], [ 12.266348, 50.078952 ], [ 12.251696, 50.090599 ], [ 12.246428, 50.092224 ], [ 12.246859, 50.096661 ], [ 12.240564, 50.09628 ], [ 12.2336, 50.094148 ], [ 12.228197, 50.097578 ], [ 12.228261, 50.101466 ], [ 12.221694, 50.103188 ], [ 12.209945, 50.102751 ], [ 12.201574, 50.108889 ], [ 12.201544, 50.11625 ], [ 12.196538, 50.127676 ], [ 12.195154, 50.141758 ], [ 12.203607, 50.145835 ], [ 12.201661, 50.152827 ], [ 12.210996, 50.158949 ], [ 12.215127, 50.166447 ], [ 12.208541, 50.171509 ], [ 12.201001, 50.187789 ], [ 12.190918, 50.194809 ], [ 12.194032, 50.198555 ], [ 12.184184, 50.200274 ], [ 12.183983, 50.20356 ], [ 12.174496, 50.211976 ], [ 12.159608, 50.212704 ], [ 12.162686, 50.217988 ], [ 12.160679, 50.219849 ], [ 12.15808, 50.22644 ], [ 12.146867, 50.230398 ], [ 12.150471, 50.235408 ], [ 12.144326, 50.234591 ], [ 12.140325, 50.231003 ], [ 12.126901, 50.23277 ], [ 12.109746, 50.23826 ], [ 12.107979, 50.242218 ], [ 12.106264, 50.246057 ], [ 12.097627, 50.246832 ], [ 12.092099, 50.250529 ], [ 12.09219, 50.252405 ], [ 12.101972, 50.256183 ], [ 12.098987, 50.262479 ], [ 12.128029, 50.270174 ], [ 12.139185, 50.277703 ], [ 12.1348, 50.283863 ], [ 12.123356, 50.290954 ], [ 12.119617, 50.298934 ], [ 12.124596, 50.307975 ], [ 12.100901, 50.318028 ], [ 12.106924, 50.321833 ], [ 12.114488, 50.320089 ], [ 12.115944, 50.316311 ], [ 12.123962, 50.315616 ], [ 12.132424, 50.319235 ], [ 12.146921, 50.321548 ], [ 12.1758, 50.322858 ], [ 12.184022, 50.321756 ], [ 12.183456, 50.316639 ], [ 12.187064, 50.312033 ], [ 12.197259, 50.308097 ], [ 12.200438, 50.308618 ], [ 12.19629, 50.295808 ], [ 12.201521, 50.288082 ], [ 12.19998, 50.27427 ], [ 12.213522, 50.270378 ], [ 12.228953, 50.271028 ], [ 12.245701, 50.268662 ], [ 12.253341, 50.270479 ], [ 12.265478, 50.258899 ], [ 12.264211, 50.251197 ], [ 12.256081, 50.251927 ], [ 12.249819, 50.255009 ], [ 12.240308, 50.247437 ], [ 12.248283, 50.242218 ], [ 12.25829, 50.235668 ], [ 12.276744, 50.23151 ], [ 12.284282, 50.226303 ], [ 12.282959, 50.222879 ], [ 12.291416, 50.221047 ], [ 12.283207, 50.212259 ], [ 12.283752, 50.210002 ], [ 12.287891, 50.208626 ], [ 12.287001, 50.203984 ], [ 12.277758, 50.199498 ], [ 12.275712, 50.196687 ], [ 12.278157, 50.191479 ], [ 12.289833, 50.184935 ], [ 12.290956, 50.176788 ], [ 12.294939, 50.174678 ], [ 12.33512, 50.172007 ], [ 12.3362, 50.173703 ], [ 12.328244, 50.176446 ], [ 12.325855, 50.181096 ], [ 12.336554, 50.18964 ], [ 12.336262, 50.194597 ], [ 12.324461, 50.206447 ], [ 12.327693, 50.216751 ], [ 12.333767, 50.219275 ], [ 12.330334, 50.225428 ], [ 12.329966, 50.237081 ], [ 12.333338, 50.241683 ], [ 12.350108, 50.237831 ], [ 12.354628, 50.24105 ], [ 12.357062, 50.242218 ], [ 12.356586, 50.245213 ], [ 12.354628, 50.247727 ], [ 12.350106, 50.253534 ], [ 12.352418, 50.261347 ], [ 12.354628, 50.263572 ], [ 12.360261, 50.269242 ], [ 12.363787, 50.278839 ], [ 12.37157, 50.285172 ], [ 12.382415, 50.288918 ], [ 12.39397, 50.289927 ], [ 12.400127, 50.295278 ], [ 12.40252, 50.301211 ], [ 12.398489, 50.308951 ], [ 12.399376, 50.321666 ], [ 12.404454, 50.323648 ], [ 12.43143, 50.32335 ], [ 12.436962, 50.327971 ], [ 12.437191, 50.335044 ], [ 12.443912, 50.342481 ], [ 12.46368, 50.352868 ], [ 12.470211, 50.35427 ], [ 12.482567, 50.347605 ], [ 12.489205, 50.350272 ], [ 12.492528, 50.355952 ], [ 12.488183, 50.362582 ], [ 12.487442, 50.37126 ], [ 12.514233, 50.397339 ], [ 12.517191, 50.39733 ], [ 12.527149, 50.396988 ], [ 12.534153, 50.399434 ], [ 12.541287, 50.398498 ], [ 12.546571, 50.400305 ], [ 12.558201, 50.399544 ], [ 12.583779, 50.407079 ], [ 12.602285, 50.406528 ], [ 12.620077, 50.415856 ], [ 12.627073, 50.415829 ], [ 12.637491, 50.412808 ], [ 12.638201, 50.412586 ], [ 12.642324, 50.411296 ], [ 12.645497, 50.410751 ], [ 12.649173, 50.410745 ], [ 12.651972, 50.411269 ], [ 12.654912, 50.411178 ], [ 12.658498, 50.411651 ], [ 12.662268, 50.412165 ], [ 12.667163, 50.41445 ], [ 12.674591, 50.416016 ], [ 12.681679, 50.410093 ], [ 12.707057, 50.397317 ], [ 12.708371, 50.408299 ], [ 12.729238, 50.421678 ], [ 12.734962, 50.431874 ], [ 12.753414, 50.43779 ], [ 12.774864, 50.443265 ], [ 12.79493, 50.449447 ], [ 12.799824, 50.442571 ], [ 12.802715, 50.439555 ], [ 12.807947, 50.436946 ], [ 12.808929, 50.444282 ], [ 12.823286, 50.457959 ], [ 12.893942, 50.430002 ], [ 12.902823, 50.423323 ], [ 12.912958, 50.423106 ], [ 12.934568, 50.412643 ], [ 12.936259, 50.407075 ], [ 12.948145, 50.404311 ], [ 12.947103, 50.406483 ], [ 12.941024, 50.408339 ], [ 12.942717, 50.411402 ], [ 12.981985, 50.419264 ], [ 12.993354, 50.430447 ], [ 12.998384, 50.435048 ], [ 13.016935, 50.444414 ], [ 13.022231, 50.451398 ], [ 13.019, 50.466595 ], [ 13.023745, 50.488277 ], [ 13.031765, 50.500395 ], [ 13.031689, 50.508836 ], [ 13.041815, 50.510387 ], [ 13.044075, 50.510733 ], [ 13.04597, 50.50977 ], [ 13.050794, 50.507334 ], [ 13.051773, 50.505863 ], [ 13.053247, 50.503382 ], [ 13.055983, 50.501259 ], [ 13.059458, 50.501047 ], [ 13.083085, 50.500245 ], [ 13.101367, 50.503132 ], [ 13.13102, 50.517912 ], [ 13.137743, 50.512509 ], [ 13.138989, 50.506599 ], [ 13.154316, 50.508235 ], [ 13.175907, 50.503858 ], [ 13.186091, 50.503712 ], [ 13.19336, 50.503172 ], [ 13.196379, 50.505472 ], [ 13.195534, 50.515686 ], [ 13.207381, 50.522175 ], [ 13.210185, 50.530149 ], [ 13.220626, 50.540666 ], [ 13.222318, 50.545872 ], [ 13.22856, 50.549878 ], [ 13.2238, 50.563663 ], [ 13.23604, 50.571433 ], [ 13.23423, 50.578635 ], [ 13.254408, 50.594875 ], [ 13.26075, 50.592624 ], [ 13.280351, 50.592049 ], [ 13.291497, 50.575705 ], [ 13.301397, 50.578837 ], [ 13.32208, 50.581349 ], [ 13.324671, 50.58538 ], [ 13.3194, 50.602166 ], [ 13.325036, 50.604654 ], [ 13.326153, 50.607948 ], [ 13.333731, 50.607388 ], [ 13.338745, 50.612329 ], [ 13.35214, 50.614627 ], [ 13.360866, 50.61864 ], [ 13.364255, 50.6181 ], [ 13.377153, 50.628334 ], [ 13.371752, 50.649916 ], [ 13.375598, 50.649595 ], [ 13.381952, 50.645259 ], [ 13.391208, 50.64594 ], [ 13.392907, 50.642147 ], [ 13.405375, 50.633719 ], [ 13.413625, 50.620319 ], [ 13.414807, 50.617085 ], [ 13.42086, 50.615991 ], [ 13.425472, 50.616446 ], [ 13.428366, 50.610998 ], [ 13.442261, 50.610511 ], [ 13.462718, 50.601827 ], [ 13.479232, 50.616462 ], [ 13.493031, 50.624088 ], [ 13.497543, 50.631293 ], [ 13.501846, 50.633643 ], [ 13.518381, 50.636986 ], [ 13.523551, 50.63958 ], [ 13.524365, 50.647877 ], [ 13.516115, 50.649391 ], [ 13.513799, 50.655015 ], [ 13.529284, 50.666923 ], [ 13.540574, 50.669596 ], [ 13.539184, 50.673531 ], [ 13.543721, 50.677906 ], [ 13.540884, 50.688175 ], [ 13.52572, 50.703067 ], [ 13.540293, 50.708155 ], [ 13.556102, 50.714385 ], [ 13.586605, 50.712945 ], [ 13.602253, 50.710058 ], [ 13.625194, 50.71552 ], [ 13.626123, 50.722014 ], [ 13.642939, 50.729203 ], [ 13.652174, 50.73036 ], [ 13.658929, 50.730647 ], [ 13.667314, 50.731291 ], [ 13.673853, 50.727689 ], [ 13.688497, 50.71962 ], [ 13.707373, 50.716994 ], [ 13.71201, 50.720015 ], [ 13.709553, 50.725058 ], [ 13.714783, 50.725898 ], [ 13.728115, 50.733186 ], [ 13.739423, 50.727766 ], [ 13.746766, 50.72834 ], [ 13.758022, 50.735055 ], [ 13.769611, 50.73338 ], [ 13.778254, 50.73582 ], [ 13.791391, 50.733089 ], [ 13.806664, 50.732956 ], [ 13.825907, 50.724619 ], [ 13.834904, 50.726522 ], [ 13.845481, 50.725606 ], [ 13.856905, 50.728433 ], [ 13.86295, 50.742626 ], [ 13.879094, 50.738333 ], [ 13.884298, 50.739083 ], [ 13.898493, 50.744953 ], [ 13.901629, 50.753147 ], [ 13.889855, 50.763072 ], [ 13.88791, 50.76967 ], [ 13.899241, 50.784732 ], [ 13.896508, 50.789201 ], [ 13.898356, 50.792149 ], [ 13.903472, 50.793532 ], [ 13.924867, 50.788801 ], [ 13.940197, 50.790551 ], [ 13.954859, 50.800399 ], [ 13.955653, 50.808122 ], [ 13.971488, 50.811593 ], [ 13.990036, 50.819175 ], [ 14.001621, 50.815055 ], [ 14.003461, 50.810267 ], [ 14.016713, 50.810966 ], [ 14.030682, 50.80443 ], [ 14.03523, 50.805491 ], [ 14.039622, 50.810358 ], [ 14.048441, 50.810183 ], [ 14.07838, 50.812411 ], [ 14.079174, 50.818313 ], [ 14.088523, 50.825363 ], [ 14.101615, 50.828138 ], [ 14.12522, 50.833139 ], [ 14.12965, 50.834078 ], [ 14.132873, 50.833995 ], [ 14.136847, 50.836059 ], [ 14.140099, 50.838174 ], [ 14.144892, 50.840879 ], [ 14.149217, 50.842328 ], [ 14.161933, 50.847172 ], [ 14.201905, 50.851706 ], [ 14.216443, 50.859878 ], [ 14.223293, 50.859236 ], [ 14.235583, 50.875543 ], [ 14.236366, 50.881503 ], [ 14.23315, 50.887524 ], [ 14.250368, 50.887554 ], [ 14.269604, 50.895187 ], [ 14.28167, 50.8924 ], [ 14.292397, 50.885318 ], [ 14.304501, 50.884232 ], [ 14.312855, 50.886998 ], [ 14.319365, 50.888739 ], [ 14.326033, 50.889602 ], [ 14.348081, 50.893122 ], [ 14.349421, 50.899786 ], [ 14.372505, 50.896567 ], [ 14.388335, 50.900299 ], [ 14.386919, 50.915973 ], [ 14.402144, 50.924073 ], [ 14.40012, 50.933548 ], [ 14.396728, 50.93649 ], [ 14.387852, 50.941014 ], [ 14.37307, 50.93864 ], [ 14.368767, 50.941864 ], [ 14.361625, 50.941802 ], [ 14.343712, 50.948936 ], [ 14.325714, 50.94978 ], [ 14.312401, 50.953725 ], [ 14.316624, 50.960001 ], [ 14.303801, 50.965612 ], [ 14.314445, 50.972568 ], [ 14.327387, 50.973171 ], [ 14.326471, 50.979375 ], [ 14.32999, 50.982396 ], [ 14.321809, 50.985135 ], [ 14.309161, 50.983548 ], [ 14.298106, 50.979134 ], [ 14.284594, 50.977408 ], [ 14.276116, 50.982579 ], [ 14.25853, 50.987989 ], [ 14.259103, 50.992122 ], [ 14.267576, 50.99994 ], [ 14.261373, 51.008187 ], [ 14.267509, 51.009083 ], [ 14.281972, 51.015589 ], [ 14.278636, 51.019113 ], [ 14.285622, 51.026197 ], [ 14.285496, 51.03095 ], [ 14.274164, 51.039068 ], [ 14.288337, 51.039415 ], [ 14.301412, 51.054419 ], [ 14.317874, 51.054699 ], [ 14.334988, 51.040074 ], [ 14.344938, 51.039079 ], [ 14.346779, 51.041117 ], [ 14.350971, 51.042717 ], [ 14.353518, 51.043264 ], [ 14.356494, 51.043129 ], [ 14.361987, 51.045425 ], [ 14.373586, 51.039423 ], [ 14.381921, 51.038221 ], [ 14.383731, 51.028637 ], [ 14.391606, 51.02366 ], [ 14.395908, 51.022366 ], [ 14.400585, 51.022092 ], [ 14.405322, 51.020834 ], [ 14.41128, 51.018973 ], [ 14.421599, 51.019728 ], [ 14.454285, 51.035623 ], [ 14.465637, 51.034744 ], [ 14.474618, 51.029314 ], [ 14.476201, 51.025386 ], [ 14.491415, 51.02371 ], [ 14.493963, 51.035887 ], [ 14.491221, 51.04353 ], [ 14.499451, 51.0461 ], [ 14.505861, 51.043893 ], [ 14.507452, 51.041051 ], [ 14.501455, 51.031699 ], [ 14.499363, 51.022345 ], [ 14.53308, 51.015871 ], [ 14.539076, 51.011111 ], [ 14.533763, 51.006046 ], [ 14.53503, 51.003815 ], [ 14.542783, 51.00477 ], [ 14.54759, 51.005362 ], [ 14.549873, 51.005345 ], [ 14.555698, 51.007107 ], [ 14.560385, 51.007295 ], [ 14.56114, 51.008422 ], [ 14.563839, 51.009553 ], [ 14.568706, 51.004558 ], [ 14.578189, 51.000184 ], [ 14.582539, 50.99307 ], [ 14.598787, 50.986241 ], [ 14.5998, 50.978569 ], [ 14.596378, 50.969329 ], [ 14.592793, 50.967024 ], [ 14.595745, 50.962477 ], [ 14.586269, 50.952696 ], [ 14.580936, 50.942409 ], [ 14.571401, 50.936945 ], [ 14.560662, 50.925374 ], [ 14.564872, 50.918687 ], [ 14.583007, 50.914716 ], [ 14.617385, 50.925216 ], [ 14.625826, 50.925615 ], [ 14.628373, 50.925736 ], [ 14.647322, 50.931534 ], [ 14.651773, 50.926651 ], [ 14.652565, 50.906245 ], [ 14.637506, 50.898612 ], [ 14.633678, 50.887285 ], [ 14.625826, 50.874816 ], [ 14.619432, 50.864658 ], [ 14.6188, 50.857804 ], [ 14.625826, 50.856602 ], [ 14.631448, 50.855641 ], [ 14.648275, 50.849016 ], [ 14.659915, 50.850111 ], [ 14.679516, 50.843267 ], [ 14.688574, 50.838496 ], [ 14.706869, 50.840613 ], [ 14.711859, 50.838134 ], [ 14.71881, 50.833584 ], [ 14.716586, 50.825071 ], [ 14.722308, 50.822162 ], [ 14.741087, 50.8291 ], [ 14.743274, 50.828862 ], [ 14.7466, 50.828501 ], [ 14.750729, 50.824699 ], [ 14.758984, 50.824301 ], [ 14.767534, 50.819771 ], [ 14.778559, 50.820249 ], [ 14.790496, 50.824085 ], [ 14.792877, 50.819947 ], [ 14.80097, 50.824097 ], [ 14.803196, 50.836861 ], [ 14.810893, 50.850726 ], [ 14.820658, 50.858919 ], [ 14.824712, 50.867743 ], [ 14.823362, 50.87055 ], [ 14.817733, 50.879065 ], [ 14.821637, 50.887199 ], [ 14.842402, 50.900062 ], [ 14.852469, 50.910644 ], [ 14.867327, 50.9177 ], [ 14.876664, 50.931562 ], [ 14.890922, 50.935605 ], [ 14.89534, 50.939475 ], [ 14.893865, 50.950781 ], [ 14.897567, 50.958583 ], [ 14.902376, 50.961006 ], [ 14.900588, 50.964304 ], [ 14.903723, 50.971162 ], [ 14.906558, 50.972176 ], [ 14.918939, 50.975563 ], [ 14.917596, 50.994822 ], [ 14.920059, 50.997107 ], [ 14.92896, 50.998676 ], [ 14.938282, 51.012852 ], [ 14.935959, 51.019847 ], [ 14.94139, 51.025887 ], [ 14.946921, 51.027905 ], [ 14.948369, 51.033139 ], [ 14.950884, 51.036806 ], [ 14.950032, 51.042405 ], [ 14.963932, 51.050643 ], [ 14.962461, 51.055886 ], [ 14.97022, 51.065817 ], [ 14.968665, 51.071243 ], [ 14.978863, 51.077825 ], [ 14.976627, 51.085096 ], [ 14.982687, 51.090715 ], [ 14.983631, 51.100979 ], [ 14.979117, 51.107721 ], [ 14.981643, 51.116318 ], [ 14.989037, 51.116949 ], [ 14.996121, 51.12084 ], [ 14.996275, 51.133113 ], [ 14.991622, 51.141993 ], [ 15.000176, 51.149809 ], [ 14.99357, 51.161731 ], [ 15.004268, 51.167874 ], [ 15.002348, 51.172513 ], [ 15.008101, 51.183882 ], [ 15.005502, 51.190539 ], [ 15.012897, 51.19483 ], [ 15.014133, 51.198266 ], [ 15.008641, 51.199555 ], [ 15.007854, 51.203686 ], [ 15.01267, 51.208867 ], [ 15.010386, 51.213207 ], [ 15.015469, 51.214778 ], [ 15.017766, 51.219894 ], [ 15.01696, 51.227083 ], [ 15.025743, 51.232314 ], [ 15.028242, 51.240819 ], [ 15.033632, 51.24146 ], [ 15.036565, 51.243964 ], [ 15.029141, 51.250499 ], [ 15.02567, 51.249665 ], [ 15.024069, 51.251042 ], [ 15.026107, 51.253788 ], [ 15.037293, 51.258569 ], [ 15.037398, 51.269794 ], [ 15.04116, 51.273472 ], [ 15.034839, 51.278001 ], [ 15.032679, 51.293593 ], [ 15.021506, 51.300551 ], [ 15.012991, 51.300849 ], [ 15.012859, 51.307423 ], [ 15.007636, 51.311219 ], [ 15.008274, 51.316133 ], [ 14.994093, 51.322678 ], [ 14.992833, 51.327804 ], [ 14.987006, 51.329566 ], [ 14.981398, 51.335519 ], [ 14.975501, 51.357284 ], [ 14.966002, 51.361245 ], [ 14.974183, 51.36395 ], [ 14.98275, 51.373525 ], [ 14.969905, 51.379484 ], [ 14.965346, 51.386263 ], [ 14.965016, 51.391982 ], [ 14.959491, 51.395747 ], [ 14.968604, 51.399393 ], [ 14.959588, 51.409936 ], [ 14.966722, 51.417021 ], [ 14.965599, 51.426408 ], [ 14.959759, 51.429968 ], [ 14.960047, 51.432491 ], [ 14.970754, 51.43318 ], [ 14.973887, 51.44115 ], [ 14.956831, 51.45793 ], [ 14.955395, 51.464646 ], [ 14.948007, 51.471262 ], [ 14.926993, 51.473613 ], [ 14.924034, 51.480593 ], [ 14.917451, 51.483349 ], [ 14.898626, 51.482236 ], [ 14.887284, 51.487281 ], [ 14.872363, 51.485096 ], [ 14.864403, 51.490328 ], [ 14.852202, 51.489897 ], [ 14.831519, 51.503729 ], [ 14.818801, 51.507235 ], [ 14.812283, 51.506527 ], [ 14.804592, 51.514091 ], [ 14.795569, 51.51762 ], [ 14.784794, 51.51811 ], [ 14.765732, 51.519178 ], [ 14.759874, 51.523013 ], [ 14.750544, 51.522423 ], [ 14.743274, 51.52429 ], [ 14.736687, 51.525982 ], [ 14.729977, 51.530753 ], [ 14.726847, 51.539064 ], [ 14.730719, 51.544928 ], [ 14.728775, 51.549739 ], [ 14.717436, 51.555244 ], [ 14.711871, 51.562019 ], [ 14.728265, 51.57692 ], [ 14.729862, 51.581777 ], [ 14.743274, 51.592954 ], [ 14.750923, 51.595503 ], [ 14.761044, 51.602882 ], [ 14.765035, 51.608196 ], [ 14.763272, 51.618629 ], [ 14.753982, 51.627894 ], [ 14.755438, 51.645496 ], [ 14.751533, 51.652247 ], [ 14.755042, 51.655851 ], [ 14.757208, 51.66066 ], [ 14.752694, 51.667096 ], [ 14.746527, 51.675706 ], [ 14.743274, 51.676929 ], [ 14.738059, 51.678888 ], [ 14.737136, 51.687675 ], [ 14.725316, 51.690299 ], [ 14.702186, 51.704218 ], [ 14.691564, 51.708236 ], [ 14.677046, 51.722763 ], [ 14.667717, 51.726807 ], [ 14.657205, 51.740917 ], [ 14.659576, 51.748387 ], [ 14.657854, 51.752725 ], [ 14.663122, 51.757422 ], [ 14.650965, 51.762284 ], [ 14.654938, 51.773482 ], [ 14.651084, 51.785962 ], [ 14.644838, 51.795353 ], [ 14.633365, 51.800921 ], [ 14.625826, 51.800849 ], [ 14.623418, 51.800826 ], [ 14.60584, 51.804711 ], [ 14.597625, 51.816536 ], [ 14.590146, 51.821026 ], [ 14.592148, 51.838974 ], [ 14.596328, 51.841227 ], [ 14.604019, 51.841122 ], [ 14.605546, 51.846689 ], [ 14.610244, 51.84734 ], [ 14.608537, 51.852773 ], [ 14.611259, 51.856223 ], [ 14.624475, 51.858228 ], [ 14.625826, 51.859101 ], [ 14.635488, 51.86534 ], [ 14.643719, 51.867528 ], [ 14.65217, 51.874761 ], [ 14.656021, 51.884367 ], [ 14.663608, 51.890102 ], [ 14.673482, 51.890066 ], [ 14.675123, 51.894085 ], [ 14.692845, 51.90128 ], [ 14.692847, 51.909892 ], [ 14.699302, 51.914296 ], [ 14.704819, 51.923863 ], [ 14.703461, 51.930659 ], [ 14.706708, 51.934923 ], [ 14.712553, 51.936797 ], [ 14.71888, 51.942071 ], [ 14.720921, 51.952094 ], [ 14.708141, 51.964625 ], [ 14.705407, 51.976367 ], [ 14.707312, 51.979184 ], [ 14.71618, 51.983136 ], [ 14.7213, 51.996173 ], [ 14.716716, 52.001188 ], [ 14.715375, 52.004523 ], [ 14.724414, 52.008061 ], [ 14.727475, 52.014129 ], [ 14.740744, 52.023284 ], [ 14.740931, 52.028699 ], [ 14.743274, 52.029965 ], [ 14.747893, 52.03246 ], [ 14.749554, 52.04241 ], [ 14.745831, 52.053833 ], [ 14.757449, 52.061585 ], [ 14.758553, 52.065793 ], [ 14.755227, 52.070025 ], [ 14.74481, 52.082294 ], [ 14.743274, 52.08326 ], [ 14.733575, 52.08936 ], [ 14.723243, 52.093705 ], [ 14.699186, 52.098802 ], [ 14.682779, 52.113801 ], [ 14.68386, 52.125621 ], [ 14.679311, 52.142616 ], [ 14.682826, 52.148307 ], [ 14.695592, 52.157515 ], [ 14.704899, 52.167638 ], [ 14.702669, 52.178336 ], [ 14.699415, 52.18127 ], [ 14.685613, 52.193713 ], [ 14.68862, 52.198689 ], [ 14.70446, 52.207552 ], [ 14.711146, 52.217963 ], [ 14.715567, 52.23432 ], [ 14.705372, 52.242886 ], [ 14.699794, 52.251325 ], [ 14.69269, 52.255745 ], [ 14.661371, 52.261886 ], [ 14.64484, 52.263064 ], [ 14.625826, 52.268723 ], [ 14.616947, 52.271366 ], [ 14.600892, 52.272052 ], [ 14.593282, 52.274601 ], [ 14.587973, 52.282549 ], [ 14.57518, 52.290011 ], [ 14.575666, 52.296016 ], [ 14.583661, 52.302181 ], [ 14.584638, 52.306327 ], [ 14.578717, 52.312961 ], [ 14.575233, 52.321936 ], [ 14.561745, 52.328332 ], [ 14.56249, 52.339357 ], [ 14.552483, 52.353255 ], [ 14.551255, 52.375386 ], [ 14.534362, 52.395008 ], [ 14.53593, 52.400354 ], [ 14.545793, 52.411933 ], [ 14.545575, 52.413915 ], [ 14.544294, 52.425528 ], [ 14.549663, 52.433547 ], [ 14.560467, 52.43904 ], [ 14.578196, 52.44143 ], [ 14.608797, 52.46387 ], [ 14.611398, 52.470954 ], [ 14.613462, 52.476877 ], [ 14.625826, 52.484505 ], [ 14.629996, 52.487078 ], [ 14.635093, 52.495809 ], [ 14.630975, 52.50205 ], [ 14.625826, 52.50442 ], [ 14.613205, 52.510231 ], [ 14.60619, 52.52587 ], [ 14.604481, 52.53374 ], [ 14.614018, 52.545603 ], [ 14.615725, 52.55401 ], [ 14.620214, 52.5579 ], [ 14.625826, 52.560738 ], [ 14.637543, 52.566662 ], [ 14.6396, 52.571176 ], [ 14.637002, 52.575323 ], [ 14.625826, 52.580076 ], [ 14.619012, 52.582975 ], [ 14.611834, 52.58913 ], [ 14.608274, 52.598852 ], [ 14.596685, 52.610011 ], [ 14.565063, 52.624497 ], [ 14.514602, 52.63994 ], [ 14.498477, 52.64735 ], [ 14.468249, 52.659744 ], [ 14.461731, 52.664423 ], [ 14.457668, 52.673451 ], [ 14.453349, 52.676801 ], [ 14.436438, 52.6799 ], [ 14.430687, 52.683958 ], [ 14.424279, 52.695712 ], [ 14.413078, 52.701492 ], [ 14.41128, 52.703587 ], [ 14.404834, 52.711099 ], [ 14.384394, 52.725326 ], [ 14.373394, 52.736379 ], [ 14.361311, 52.74056 ], [ 14.350842, 52.751313 ], [ 14.324778, 52.761169 ], [ 14.303889, 52.765991 ], [ 14.279913, 52.77419 ], [ 14.257355, 52.787178 ], [ 14.253048, 52.789817 ], [ 14.21555, 52.817127 ], [ 14.207346, 52.819171 ], [ 14.142299, 52.824165 ], [ 14.130717, 52.828349 ], [ 14.127624, 52.831662 ], [ 14.12522, 52.833726 ], [ 14.124115, 52.834675 ], [ 14.122989, 52.837555 ], [ 14.122904, 52.842955 ], [ 14.124115, 52.845943 ], [ 14.12522, 52.846895 ], [ 14.157416, 52.874604 ], [ 14.161129, 52.88789 ], [ 14.156692, 52.895591 ], [ 14.152629, 52.90024 ], [ 14.151697, 52.909653 ], [ 14.143788, 52.930883 ], [ 14.142788, 52.933567 ], [ 14.143762, 52.944527 ], [ 14.139504, 52.9515 ], [ 14.143658, 52.961368 ], [ 14.162247, 52.965653 ], [ 14.17089, 52.974655 ], [ 14.191232, 52.980482 ], [ 14.205813, 52.98713 ], [ 14.218356, 52.988727 ], [ 14.240538, 52.995184 ], [ 14.29306, 53.020927 ], [ 14.313058, 53.035709 ], [ 14.344197, 53.050881 ], [ 14.357842, 53.067667 ], [ 14.367413, 53.082517 ], [ 14.371032, 53.095188 ], [ 14.370186, 53.103706 ], [ 14.378753, 53.112967 ], [ 14.382117, 53.130343 ], [ 14.386482, 53.142531 ], [ 14.371263, 53.157309 ], [ 14.366936, 53.173321 ], [ 14.374514, 53.188218 ], [ 14.377755, 53.201564 ], [ 14.404324, 53.209686 ], [ 14.409171, 53.223765 ], [ 14.41128, 53.225628 ], [ 14.419474, 53.232865 ], [ 14.432034, 53.240422 ], [ 14.435696, 53.248946 ], [ 14.441223, 53.25436 ], [ 14.4502, 53.261539 ], [ 14.445247, 53.274435 ], [ 14.420923, 53.277405 ], [ 14.414965, 53.301033 ], [ 14.41128, 53.304825 ], [ 14.407401, 53.308815 ], [ 14.41128, 53.316267 ], [ 14.414964, 53.323345 ], [ 14.412157, 53.329636 ], [ 14.41128, 53.33178 ], [ 14.405118, 53.346833 ], [ 14.390297, 53.353747 ], [ 14.39526, 53.36946 ], [ 14.391742, 53.382326 ], [ 14.377906, 53.401874 ], [ 14.373518, 53.409241 ], [ 14.369161, 53.43392 ], [ 14.371062, 53.455318 ], [ 14.35784, 53.458333 ], [ 14.35369, 53.484087 ], [ 14.35034, 53.495737 ], [ 14.327008, 53.504279 ], [ 14.316501, 53.524232 ], [ 14.318875, 53.530122 ], [ 14.316685, 53.535228 ], [ 14.306316, 53.544074 ], [ 14.306476, 53.546001 ], [ 14.306862, 53.550633 ], [ 14.303437, 53.554243 ], [ 14.313322, 53.564986 ], [ 14.312593, 53.570745 ], [ 14.3121, 53.574644 ], [ 14.311886, 53.576782 ], [ 14.311881, 53.579408 ], [ 14.312334, 53.583012 ], [ 14.312662, 53.585624 ], [ 14.314984, 53.604274 ], [ 14.31659, 53.617172 ], [ 14.300865, 53.623945 ], [ 14.298252, 53.625607 ], [ 14.294589, 53.627938 ], [ 14.284243, 53.634906 ], [ 14.284387, 53.65853 ], [ 14.279648, 53.662409 ], [ 14.274823, 53.662846 ], [ 14.271468, 53.666813 ], [ 14.281336, 53.67363 ], [ 14.283396, 53.681925 ], [ 14.273147, 53.689588 ], [ 14.267542, 53.697806 ], [ 14.253364, 53.694044 ], [ 14.242756, 53.694264 ], [ 14.218912, 53.699702 ], [ 14.215386, 53.703159 ], [ 14.217115, 53.707517 ], [ 14.232954, 53.712943 ], [ 14.251616, 53.719959 ], [ 14.258818, 53.727767 ], [ 14.265279, 53.730868 ], [ 14.266729, 53.736202 ], [ 14.271236, 53.73886 ], [ 14.267042, 53.746317 ], [ 14.254237, 53.756488 ], [ 14.234009, 53.761308 ], [ 14.229263, 53.760647 ], [ 14.2165, 53.752293 ], [ 14.210479, 53.747828 ], [ 14.206308, 53.746317 ], [ 14.190093, 53.738089 ], [ 14.180566, 53.735338 ], [ 14.17386, 53.735985 ], [ 14.166212, 53.741594 ], [ 14.145532, 53.741229 ], [ 14.138781, 53.739276 ], [ 14.12522, 53.737428 ], [ 14.101615, 53.741665 ], [ 14.085273, 53.744598 ], [ 14.061633, 53.754114 ], [ 14.049119, 53.753401 ], [ 14.032106, 53.757647 ], [ 14.006722, 53.766362 ], [ 14.00334, 53.766994 ], [ 13.988117, 53.769838 ], [ 13.972862, 53.772589 ], [ 13.943941, 53.78796 ], [ 13.933682, 53.796113 ], [ 13.922023, 53.798915 ], [ 13.915762, 53.804955 ], [ 13.906489, 53.802668 ], [ 13.897596, 53.804934 ], [ 13.887713, 53.813728 ], [ 13.875883, 53.820106 ], [ 13.871126, 53.831273 ], [ 13.859683, 53.838365 ], [ 13.845371, 53.843199 ], [ 13.831704, 53.843883 ], [ 13.819153, 53.841945 ], [ 13.81693, 53.843681 ], [ 13.820321, 53.846464 ], [ 13.814259, 53.847846 ], [ 13.814887, 53.853282 ], [ 13.807636, 53.85568 ], [ 13.807718, 53.859648 ], [ 13.815464, 53.863567 ], [ 13.818616, 53.863567 ], [ 13.824135, 53.86521 ], [ 13.822393, 53.872532 ], [ 13.826154, 53.877628 ], [ 13.842401, 53.878331 ], [ 13.848212, 53.879225 ], [ 13.852002, 53.888622 ], [ 13.854761, 53.891053 ], [ 13.864973, 53.900053 ], [ 13.884576, 53.909147 ], [ 13.902576, 53.910834 ], [ 13.912873, 53.918385 ], [ 13.913553, 53.922825 ], [ 13.908526, 53.92994 ], [ 13.898786, 53.936061 ], [ 13.893633, 53.942534 ], [ 13.884567, 53.944435 ], [ 13.881942, 53.949005 ], [ 13.875043, 53.951542 ], [ 13.862405, 53.950011 ], [ 13.854206, 53.952218 ], [ 13.852105, 53.954899 ], [ 13.853283, 53.9647 ], [ 13.844161, 53.97252 ], [ 13.842401, 53.974058 ], [ 13.837346, 53.978962 ], [ 13.833229, 53.984074 ], [ 13.814227, 53.993372 ], [ 13.795548, 53.996292 ], [ 13.767125, 54.011608 ], [ 13.760971, 54.01577 ], [ 13.757583, 54.026302 ], [ 13.755846, 54.027591 ], [ 13.75366, 54.026465 ], [ 13.747171, 54.027197 ], [ 13.743165, 54.03058 ], [ 13.74751, 54.033333 ], [ 13.75366, 54.034742 ], [ 13.764483, 54.037162 ], [ 13.767233, 54.038953 ], [ 13.784257, 54.050045 ], [ 13.784054, 54.055592 ], [ 13.777511, 54.056484 ], [ 13.774935, 54.059874 ], [ 13.783501, 54.06454 ], [ 13.789766, 54.065075 ], [ 13.789996, 54.071421 ], [ 13.795169, 54.078354 ], [ 13.79348, 54.08451 ], [ 13.795765, 54.090027 ], [ 13.805794, 54.096891 ], [ 13.804617, 54.103107 ], [ 13.797778, 54.106303 ], [ 13.781382, 54.108266 ], [ 13.784481, 54.111354 ], [ 13.767233, 54.12576 ], [ 13.752101, 54.132597 ], [ 13.747718, 54.13757 ], [ 13.73295, 54.137541 ], [ 13.701626, 54.148915 ], [ 13.697623, 54.158321 ], [ 13.701626, 54.158894 ], [ 13.710368, 54.160146 ], [ 13.717277, 54.163518 ], [ 13.713502, 54.168232 ], [ 13.705192, 54.171617 ], [ 13.701626, 54.171634 ], [ 13.69572, 54.171662 ], [ 13.680059, 54.164014 ], [ 13.677556, 54.162792 ], [ 13.649101, 54.152709 ], [ 13.627775, 54.141079 ], [ 13.57924, 54.132241 ], [ 13.576176, 54.131843 ], [ 13.550856, 54.130159 ], [ 13.530036, 54.130857 ], [ 13.50763, 54.127837 ], [ 13.492264, 54.124978 ], [ 13.478137, 54.119169 ], [ 13.478463, 54.113792 ], [ 13.483171, 54.110754 ], [ 13.486852, 54.101293 ], [ 13.49425, 54.094621 ], [ 13.500571, 54.088581 ], [ 13.500013, 54.085101 ], [ 13.49245, 54.083895 ], [ 13.463754, 54.088581 ], [ 13.456641, 54.092172 ], [ 13.45687, 54.09701 ], [ 13.449217, 54.101269 ], [ 13.440205, 54.111411 ], [ 13.439446, 54.1214 ], [ 13.427024, 54.138097 ], [ 13.418933, 54.142012 ], [ 13.408993, 54.146989 ], [ 13.406468, 54.151369 ], [ 13.395774, 54.145507 ], [ 13.384896, 54.14372 ], [ 13.380181, 54.151796 ], [ 13.405028, 54.162702 ], [ 13.405913, 54.164014 ], [ 13.406899, 54.165477 ], [ 13.405107, 54.168177 ], [ 13.376957, 54.175241 ], [ 13.34925, 54.167251 ], [ 13.331869, 54.165491 ], [ 13.33642, 54.176717 ], [ 13.344254, 54.181203 ], [ 13.332942, 54.182929 ], [ 13.326924, 54.184538 ], [ 13.319396, 54.193506 ], [ 13.306092, 54.205027 ], [ 13.297478, 54.224072 ], [ 13.290301, 54.233531 ], [ 13.280981, 54.236913 ], [ 13.259191, 54.240917 ], [ 13.220933, 54.24036 ], [ 13.211609, 54.244421 ], [ 13.215696, 54.249369 ], [ 13.211342, 54.251916 ], [ 13.201861, 54.257461 ], [ 13.190867, 54.259391 ], [ 13.185767, 54.26568 ], [ 13.174396, 54.263335 ], [ 13.166986, 54.26585 ], [ 13.160318, 54.259159 ], [ 13.147726, 54.25404 ], [ 13.142707, 54.254283 ], [ 13.142928, 54.25743 ], [ 13.158843, 54.26679 ], [ 13.165401, 54.267965 ], [ 13.175986, 54.26686 ], [ 13.177316, 54.27084 ], [ 13.164949, 54.277056 ], [ 13.150701, 54.268448 ], [ 13.133702, 54.269019 ], [ 13.109913, 54.279014 ], [ 13.104496, 54.283567 ], [ 13.103496, 54.288352 ], [ 13.104932, 54.294074 ], [ 13.110823, 54.300746 ], [ 13.111153, 54.305811 ], [ 13.097812, 54.316553 ], [ 13.088028, 54.320369 ], [ 13.077403, 54.34057 ], [ 13.075832, 54.345801 ], [ 13.077605, 54.350451 ], [ 13.091059, 54.36326 ], [ 13.093519, 54.365601 ], [ 13.08509, 54.377002 ], [ 13.075549, 54.382074 ], [ 13.05547, 54.380824 ], [ 13.049012, 54.380421 ], [ 13.041815, 54.386424 ], [ 13.039822, 54.388086 ], [ 13.029831, 54.393733 ], [ 13.029591, 54.393868 ], [ 13.025649, 54.397197 ], [ 13.021715, 54.412791 ], [ 13.024075, 54.420583 ], [ 13.033906, 54.425061 ], [ 13.031543, 54.434625 ], [ 13.016619, 54.439051 ], [ 13.004459, 54.437902 ], [ 12.999946, 54.435907 ], [ 12.995608, 54.428504 ], [ 12.989453, 54.425884 ], [ 12.958886, 54.422734 ], [ 12.953576, 54.417244 ], [ 12.925, 54.413262 ], [ 12.89823, 54.401515 ], [ 12.896711, 54.395928 ], [ 12.894519, 54.393733 ], [ 12.886119, 54.385316 ], [ 12.883662, 54.370832 ], [ 12.879669, 54.366748 ], [ 12.869153, 54.36326 ], [ 12.865055, 54.3619 ], [ 12.859055, 54.357624 ], [ 12.847328, 54.351434 ], [ 12.82883, 54.351636 ], [ 12.818455, 54.35103 ], [ 12.809754, 54.345661 ], [ 12.808344, 54.349716 ], [ 12.808756, 54.35841 ], [ 12.806684, 54.36326 ], [ 12.803446, 54.370839 ], [ 12.797879, 54.376525 ], [ 12.79052, 54.378518 ], [ 12.78599, 54.382105 ], [ 12.782718, 54.392121 ], [ 12.776813, 54.388653 ], [ 12.770573, 54.376413 ], [ 12.766166, 54.372935 ], [ 12.755908, 54.372732 ], [ 12.745091, 54.377895 ], [ 12.736442, 54.372851 ], [ 12.725477, 54.372566 ], [ 12.715564, 54.38468 ], [ 12.71351, 54.393733 ], [ 12.713093, 54.395571 ], [ 12.703939, 54.397479 ], [ 12.698929, 54.39497 ], [ 12.698464, 54.393733 ], [ 12.695373, 54.385501 ], [ 12.684313, 54.372351 ], [ 12.676334, 54.370922 ], [ 12.681727, 54.379433 ], [ 12.690818, 54.385581 ], [ 12.686586, 54.393733 ], [ 12.691186, 54.400118 ], [ 12.711965, 54.403954 ], [ 12.707375, 54.410282 ], [ 12.683913, 54.406996 ], [ 12.661796, 54.406908 ], [ 12.661473, 54.400195 ], [ 12.67021, 54.393733 ], [ 12.670633, 54.391981 ], [ 12.655945, 54.384076 ], [ 12.645374, 54.380844 ], [ 12.638201, 54.378517 ], [ 12.618618, 54.372163 ], [ 12.600812, 54.370309 ], [ 12.598326, 54.36326 ], [ 12.597382, 54.360582 ], [ 12.585252, 54.356178 ], [ 12.57519, 54.358858 ], [ 12.575793, 54.36326 ], [ 12.576175, 54.366058 ], [ 12.580664, 54.372762 ], [ 12.568647, 54.371364 ], [ 12.555082, 54.375653 ], [ 12.552198, 54.371325 ], [ 12.535044, 54.364973 ], [ 12.536626, 54.36326 ], [ 12.549972, 54.359941 ], [ 12.553254, 54.356431 ], [ 12.539787, 54.351518 ], [ 12.536177, 54.345781 ], [ 12.538229, 54.342047 ], [ 12.528775, 54.335056 ], [ 12.522351, 54.333641 ], [ 12.513332, 54.334985 ], [ 12.494802, 54.330513 ], [ 12.475735, 54.330231 ], [ 12.471476, 54.324008 ], [ 12.479304, 54.311604 ], [ 12.477573, 54.30385 ], [ 12.432648, 54.295395 ], [ 12.417804, 54.288396 ], [ 12.408433, 54.27775 ], [ 12.409672, 54.269317 ], [ 12.41855, 54.258749 ], [ 12.450233, 54.254267 ], [ 12.458942, 54.250771 ], [ 12.458354, 54.247761 ], [ 12.436278, 54.245433 ], [ 12.418564, 54.246536 ], [ 12.399733, 54.25079 ], [ 12.377317, 54.260898 ], [ 12.363874, 54.267082 ], [ 12.376783, 54.272168 ], [ 12.380957, 54.27775 ], [ 12.366751, 54.28943 ], [ 12.359397, 54.302186 ], [ 12.365539, 54.309436 ], [ 12.376835, 54.309322 ], [ 12.383128, 54.310957 ], [ 12.393869, 54.322462 ], [ 12.396254, 54.324008 ], [ 12.39593, 54.332133 ], [ 12.386201, 54.339776 ], [ 12.391714, 54.343342 ], [ 12.399525, 54.34287 ], [ 12.40809, 54.336747 ], [ 12.415827, 54.336005 ], [ 12.421016, 54.343817 ], [ 12.420057, 54.353101 ], [ 12.416354, 54.35627 ], [ 12.415433, 54.36326 ], [ 12.415147, 54.365435 ], [ 12.419264, 54.370847 ], [ 12.432932, 54.375879 ], [ 12.436139, 54.379089 ], [ 12.495118, 54.382235 ], [ 12.502916, 54.380707 ], [ 12.521035, 54.37246 ], [ 12.52373, 54.378708 ], [ 12.549463, 54.389052 ], [ 12.578179, 54.388322 ], [ 12.585035, 54.389249 ], [ 12.593012, 54.387759 ], [ 12.596581, 54.390521 ], [ 12.578026, 54.397094 ], [ 12.576357, 54.400623 ], [ 12.578637, 54.403998 ], [ 12.586408, 54.407063 ], [ 12.609056, 54.409732 ], [ 12.619433, 54.41845 ], [ 12.638201, 54.424597 ], [ 12.640326, 54.424378 ], [ 12.652682, 54.411679 ], [ 12.66315, 54.409126 ], [ 12.667632, 54.411296 ], [ 12.672226, 54.422329 ], [ 12.68762, 54.428485 ], [ 12.690949, 54.42754 ], [ 12.689575, 54.425008 ], [ 12.67938, 54.422763 ], [ 12.676154, 54.420097 ], [ 12.67861, 54.416011 ], [ 12.699177, 54.418401 ], [ 12.703977, 54.417754 ], [ 12.720083, 54.415585 ], [ 12.728478, 54.416303 ], [ 12.729296, 54.420267 ], [ 12.725272, 54.423979 ], [ 12.710632, 54.426108 ], [ 12.706319, 54.428437 ], [ 12.719961, 54.43126 ], [ 12.740559, 54.415773 ], [ 12.762074, 54.413388 ], [ 12.771466, 54.41691 ], [ 12.776813, 54.416763 ], [ 12.788077, 54.416452 ], [ 12.801201, 54.40984 ], [ 12.813657, 54.41757 ], [ 12.830228, 54.422296 ], [ 12.857959, 54.420407 ], [ 12.877051, 54.414654 ], [ 12.900364, 54.419953 ], [ 12.913162, 54.420966 ], [ 12.921729, 54.424092 ], [ 12.928228, 54.429112 ], [ 12.917444, 54.436275 ], [ 12.917032, 54.444842 ], [ 12.859527, 54.440847 ], [ 12.81763, 54.440153 ], [ 12.776813, 54.440766 ], [ 12.703977, 54.44186 ], [ 12.674609, 54.442301 ], [ 12.638201, 54.446804 ], [ 12.63447, 54.447265 ], [ 12.585252, 54.452364 ], [ 12.558526, 54.455144 ], [ 12.543806, 54.459759 ], [ 12.529682, 54.468698 ], [ 12.527134, 54.479841 ], [ 12.52253, 54.483682 ], [ 12.509606, 54.480711 ], [ 12.493209, 54.464219 ], [ 12.467275, 54.421541 ], [ 12.444035, 54.398406 ], [ 12.435734, 54.391605 ], [ 12.406608, 54.376796 ], [ 12.396117, 54.36326 ], [ 12.390761, 54.356348 ], [ 12.364148, 54.324008 ], [ 12.3627, 54.322469 ], [ 12.354628, 54.314742 ], [ 12.336128, 54.297027 ], [ 12.311491, 54.284332 ], [ 12.293275, 54.27775 ], [ 12.285531, 54.274952 ], [ 12.221152, 54.253501 ], [ 12.218149, 54.252185 ], [ 12.201068, 54.244695 ], [ 12.175743, 54.229328 ], [ 12.152142, 54.204969 ], [ 12.130829, 54.188497 ], [ 12.11123, 54.179938 ], [ 12.098125, 54.177991 ], [ 12.102828, 54.170974 ], [ 12.119838, 54.176506 ], [ 12.141059, 54.173197 ], [ 12.13934, 54.164014 ], [ 12.1384, 54.158992 ], [ 12.124807, 54.156361 ], [ 12.122651, 54.154542 ], [ 12.112494, 54.157698 ], [ 12.109139, 54.153358 ], [ 12.10524, 54.154212 ], [ 12.102941, 54.151272 ], [ 12.098522, 54.151217 ], [ 12.098482, 54.120158 ], [ 12.103024, 54.110767 ], [ 12.118508, 54.097934 ], [ 12.126681, 54.096184 ], [ 12.147914, 54.097463 ], [ 12.150778, 54.096302 ], [ 12.149474, 54.094675 ], [ 12.135004, 54.093238 ], [ 12.110923, 54.095591 ], [ 12.099116, 54.101926 ], [ 12.08941, 54.111977 ], [ 12.086404, 54.122302 ], [ 12.089542, 54.133292 ], [ 12.08546, 54.143783 ], [ 12.092112, 54.154205 ], [ 12.094577, 54.164014 ], [ 12.095593, 54.168055 ], [ 12.093007, 54.176286 ], [ 12.086892, 54.182895 ], [ 12.058086, 54.177908 ], [ 12.037854, 54.176662 ], [ 12.013443, 54.177859 ], [ 11.998485, 54.17497 ], [ 11.991827, 54.173536 ], [ 11.987562, 54.172617 ], [ 11.961544, 54.166168 ], [ 11.946179, 54.164876 ], [ 11.942194, 54.164014 ], [ 11.927571, 54.160853 ], [ 11.889037, 54.151285 ], [ 11.858801, 54.146132 ], [ 11.835657, 54.144552 ], [ 11.815321, 54.145482 ], [ 11.809691, 54.14574 ], [ 11.783622, 54.148785 ], [ 11.760374, 54.154468 ], [ 11.69655, 54.153741 ], [ 11.693783, 54.15371 ], [ 11.681735, 54.152524 ], [ 11.664685, 54.143033 ], [ 11.621507, 54.114348 ], [ 11.602631, 54.104617 ], [ 11.592537, 54.100912 ], [ 11.562501, 54.096219 ], [ 11.554871, 54.09242 ], [ 11.534501, 54.077388 ], [ 11.534591, 54.053949 ], [ 11.540294, 54.054882 ], [ 11.5495, 54.065844 ], [ 11.575713, 54.081224 ], [ 11.584537, 54.090703 ], [ 11.599501, 54.095529 ], [ 11.602152, 54.100717 ], [ 11.607802, 54.102814 ], [ 11.614567, 54.100748 ], [ 11.625355, 54.088349 ], [ 11.623402, 54.078005 ], [ 11.6131, 54.070183 ], [ 11.602342, 54.067538 ], [ 11.593554, 54.066812 ], [ 11.583091, 54.063129 ], [ 11.586289, 54.046196 ], [ 11.576952, 54.036025 ], [ 11.561779, 54.028088 ], [ 11.54146, 54.025518 ], [ 11.52734, 54.03293 ], [ 11.524183, 54.032776 ], [ 11.51801, 54.027019 ], [ 11.531157, 54.025457 ], [ 11.533396, 54.020835 ], [ 11.5079, 54.010355 ], [ 11.49706, 53.995916 ], [ 11.491107, 53.993061 ], [ 11.492839, 53.989592 ], [ 11.499774, 53.986115 ], [ 11.498506, 53.982056 ], [ 11.491664, 53.977078 ], [ 11.493552, 53.971525 ], [ 11.491499, 53.969259 ], [ 11.48804, 53.969143 ], [ 11.485811, 53.974132 ], [ 11.481212, 53.971211 ], [ 11.47393, 53.970613 ], [ 11.466552, 53.965966 ], [ 11.466936, 53.964364 ], [ 11.475924, 53.963395 ], [ 11.479489, 53.967804 ], [ 11.482498, 53.967386 ], [ 11.480371, 53.960944 ], [ 11.481781, 53.950364 ], [ 11.479816, 53.938308 ], [ 11.480723, 53.927016 ], [ 11.473614, 53.928069 ], [ 11.458266, 53.917046 ], [ 11.445592, 53.911777 ], [ 11.447498, 53.905282 ], [ 11.454783, 53.90264 ], [ 11.45629, 53.899601 ], [ 11.443169, 53.899249 ], [ 11.436182, 53.900792 ], [ 11.436435, 53.907093 ], [ 11.431606, 53.911203 ], [ 11.414466, 53.916168 ], [ 11.402265, 53.922814 ], [ 11.40186, 53.928382 ], [ 11.406551, 53.93405 ], [ 11.404739, 53.935705 ], [ 11.388557, 53.938903 ], [ 11.367359, 53.934961 ], [ 11.351617, 53.942287 ], [ 11.338198, 53.957099 ], [ 11.330488, 53.958522 ], [ 11.325897, 53.956097 ], [ 11.313368, 53.941561 ], [ 11.300782, 53.936742 ], [ 11.286523, 53.931282 ], [ 11.2754, 53.931876 ], [ 11.268203, 53.93226 ], [ 11.260585, 53.934635 ], [ 11.256062, 53.936992 ], [ 11.246411, 53.942022 ], [ 11.241481, 53.954145 ], [ 11.246056, 53.972731 ], [ 11.253907, 53.974554 ], [ 11.256062, 53.977241 ], [ 11.258725, 53.981264 ], [ 11.256062, 53.986181 ], [ 11.250194, 53.987092 ], [ 11.241231, 53.982751 ], [ 11.235567, 53.98221 ], [ 11.224381, 53.983194 ], [ 11.209423, 53.987566 ], [ 11.201364, 53.991662 ], [ 11.19385, 54.000354 ], [ 11.190753, 54.009699 ], [ 11.181089, 54.0147 ], [ 11.157851, 54.012569 ], [ 11.146327, 54.009803 ], [ 11.123566, 54.011185 ], [ 11.093915, 54.013721 ], [ 11.047076, 54.007557 ], [ 11.033506, 54.004347 ], [ 11.0271, 54.002832 ], [ 10.975661, 53.985073 ], [ 10.934051, 53.96525 ], [ 10.909227, 53.958293 ], [ 10.903662, 53.956822 ], [ 10.88316, 53.959385 ], [ 10.885568, 53.962053 ], [ 10.882381, 53.967667 ], [ 10.884216, 53.97879 ], [ 10.874918, 53.988438 ], [ 10.859725, 53.993662 ], [ 10.840886, 53.991894 ], [ 10.821377, 53.994798 ], [ 10.799731, 53.992699 ], [ 10.786935, 53.997796 ], [ 10.772864, 54.009191 ], [ 10.754916, 54.033363 ], [ 10.751779, 54.037586 ], [ 10.751144, 54.044904 ], [ 10.754916, 54.053081 ], [ 10.754916, 54.054193 ], [ 10.765828, 54.062005 ], [ 10.785377, 54.07123 ], [ 10.799801, 54.084148 ], [ 10.802069, 54.097603 ], [ 10.809199, 54.097104 ], [ 10.813006, 54.098738 ], [ 10.815319, 54.093581 ], [ 10.822782, 54.089817 ], [ 10.853517, 54.088826 ], [ 10.865613, 54.085483 ], [ 10.885352, 54.091638 ], [ 10.895235, 54.098324 ], [ 10.909227, 54.108991 ], [ 10.92526, 54.117918 ], [ 10.943167, 54.132996 ], [ 10.957552, 54.142079 ], [ 11.014162, 54.164014 ], [ 11.033506, 54.171507 ], [ 11.047358, 54.176871 ], [ 11.063887, 54.189202 ], [ 11.078542, 54.195621 ], [ 11.090889, 54.19746 ], [ 11.093389, 54.199741 ], [ 11.090979, 54.218871 ], [ 11.08259, 54.246481 ], [ 11.083891, 54.270369 ], [ 11.083555, 54.27775 ], [ 11.083424, 54.280631 ], [ 11.076667, 54.302645 ], [ 11.071982, 54.337347 ], [ 11.073251, 54.345625 ], [ 11.063016, 54.344759 ], [ 11.05865, 54.351744 ], [ 11.059856, 54.355353 ], [ 11.06352, 54.357813 ], [ 11.069227, 54.357992 ], [ 11.082633, 54.353243 ], [ 11.091095, 54.358702 ], [ 11.093915, 54.35994 ], [ 11.101472, 54.36326 ], [ 11.124934, 54.373563 ], [ 11.130349, 54.387591 ], [ 11.120139, 54.392985 ], [ 11.109091, 54.389897 ], [ 11.110244, 54.395803 ], [ 11.107646, 54.396909 ], [ 11.093915, 54.392715 ], [ 11.091833, 54.392079 ], [ 11.082633, 54.383589 ], [ 11.079035, 54.378547 ], [ 11.06909, 54.375593 ], [ 11.033506, 54.369669 ], [ 11.022131, 54.367775 ], [ 11.006607, 54.372426 ], [ 10.998317, 54.369884 ], [ 10.991619, 54.370806 ], [ 10.980845, 54.37618 ], [ 10.982892, 54.380323 ], [ 10.979912, 54.381551 ], [ 10.960181, 54.381961 ], [ 10.94897, 54.384288 ], [ 10.931433, 54.381729 ], [ 10.922647, 54.377805 ], [ 10.909227, 54.368713 ], [ 10.889371, 54.36326 ], [ 10.873662, 54.358945 ], [ 10.842369, 54.338916 ], [ 10.840706, 54.337347 ], [ 10.828042, 54.329457 ], [ 10.799199, 54.316189 ], [ 10.769756, 54.307598 ], [ 10.754916, 54.306412 ], [ 10.738017, 54.309397 ], [ 10.713751, 54.305072 ], [ 10.690129, 54.308205 ], [ 10.683256, 54.311463 ], [ 10.678726, 54.317 ], [ 10.678102, 54.321134 ], [ 10.657496, 54.32866 ], [ 10.649596, 54.335346 ], [ 10.64772, 54.337347 ], [ 10.636261, 54.349044 ], [ 10.598887, 54.36326 ], [ 10.594391, 54.36497 ], [ 10.585942, 54.367143 ], [ 10.583898, 54.367669 ], [ 10.552405, 54.37577 ], [ 10.539545, 54.379883 ], [ 10.485521, 54.389282 ], [ 10.444865, 54.403197 ], [ 10.421203, 54.411706 ], [ 10.394942, 54.424241 ], [ 10.379422, 54.427703 ], [ 10.376147, 54.42827 ], [ 10.366915, 54.429869 ], [ 10.358537, 54.431319 ], [ 10.328839, 54.435723 ], [ 10.302889, 54.43337 ], [ 10.27776, 54.422205 ], [ 10.278438, 54.420621 ], [ 10.289476, 54.425179 ], [ 10.293058, 54.424175 ], [ 10.288862, 54.419727 ], [ 10.280328, 54.418351 ], [ 10.241036, 54.416176 ], [ 10.22829, 54.413808 ], [ 10.20993, 54.396259 ], [ 10.210323, 54.393129 ], [ 10.201361, 54.3813 ], [ 10.195051, 54.379116 ], [ 10.195562, 54.366383 ], [ 10.185273, 54.36326 ], [ 10.179776, 54.361591 ], [ 10.177682, 54.354956 ], [ 10.174162, 54.345745 ], [ 10.165515, 54.328252 ], [ 10.14922, 54.323469 ], [ 10.154854, 54.33991 ], [ 10.144834, 54.354627 ], [ 10.145798, 54.36326 ], [ 10.146124, 54.365279 ], [ 10.161415, 54.375776 ], [ 10.166915, 54.385553 ], [ 10.190078, 54.39569 ], [ 10.188154, 54.409835 ], [ 10.168517, 54.432845 ], [ 10.169887, 54.435187 ], [ 10.175896, 54.437231 ], [ 10.18456, 54.446652 ], [ 10.195114, 54.44988 ], [ 10.197695, 54.455242 ], [ 10.184963, 54.459877 ], [ 10.182141, 54.461496 ], [ 10.158933, 54.47481 ], [ 10.134713, 54.483958 ], [ 10.125471, 54.48508 ], [ 10.054753, 54.478347 ], [ 10.029259, 54.47592 ], [ 10.026255, 54.475634 ], [ 10.022524, 54.475547 ], [ 9.995446, 54.468406 ], [ 9.969314, 54.467565 ], [ 9.939414, 54.462967 ], [ 9.926554, 54.46223 ], [ 9.924925, 54.461496 ], [ 9.926351, 54.459118 ], [ 9.915349, 54.453555 ], [ 9.90803, 54.452436 ], [ 9.90183, 54.451488 ], [ 9.875022, 54.449376 ], [ 9.864218, 54.448525 ], [ 9.84772, 54.458119 ], [ 9.845157, 54.461496 ], [ 9.841936, 54.465738 ], [ 9.840693, 54.474607 ], [ 9.848381, 54.476192 ], [ 9.862793, 54.473321 ], [ 9.875706, 54.475847 ], [ 9.90183, 54.483797 ], [ 9.90803, 54.485683 ], [ 9.922469, 54.490076 ], [ 9.938153, 54.493359 ], [ 9.963891, 54.50233 ], [ 9.975384, 54.510078 ], [ 9.983722, 54.512393 ], [ 9.997925, 54.521444 ], [ 10.004885, 54.530488 ], [ 10.008657, 54.535388 ], [ 10.01552, 54.545184 ], [ 10.022524, 54.547488 ], [ 10.026984, 54.553996 ], [ 10.026334, 54.567762 ], [ 10.026187, 54.581006 ], [ 10.023747, 54.58259 ], [ 10.026654, 54.585461 ], [ 10.025933, 54.595628 ], [ 10.02811, 54.606784 ], [ 10.029259, 54.609888 ], [ 10.032397, 54.618365 ], [ 10.033397, 54.621065 ], [ 10.03117, 54.636575 ], [ 10.033695, 54.657057 ], [ 10.031031, 54.660103 ], [ 10.029259, 54.659775 ], [ 10.022524, 54.658529 ], [ 10.009289, 54.662567 ], [ 10.002635, 54.673566 ], [ 9.994495, 54.666325 ], [ 9.989512, 54.666546 ], [ 9.988851, 54.669221 ], [ 9.976211, 54.673613 ], [ 9.959366, 54.675453 ], [ 9.950214, 54.674432 ], [ 9.941827, 54.666876 ], [ 9.938691, 54.66058 ], [ 9.941111, 54.655042 ], [ 9.937664, 54.650741 ], [ 9.938444, 54.645834 ], [ 9.945232, 54.636725 ], [ 9.93682, 54.628732 ], [ 9.937757, 54.623937 ], [ 9.929092, 54.622113 ], [ 9.921889, 54.618365 ], [ 9.919021, 54.616873 ], [ 9.90803, 54.614564 ], [ 9.904453, 54.613813 ], [ 9.90183, 54.612325 ], [ 9.878457, 54.599255 ], [ 9.875022, 54.598427 ], [ 9.850909, 54.592611 ], [ 9.846795, 54.589493 ], [ 9.841971, 54.589857 ], [ 9.838148, 54.585051 ], [ 9.830847, 54.58289 ], [ 9.82103, 54.582739 ], [ 9.817915, 54.577863 ], [ 9.800201, 54.565378 ], [ 9.777075, 54.55383 ], [ 9.776231, 54.557427 ], [ 9.767939, 54.556472 ], [ 9.762695, 54.550654 ], [ 9.749685, 54.546518 ], [ 9.740521, 54.534338 ], [ 9.742107, 54.530488 ], [ 9.733729, 54.524242 ], [ 9.725623, 54.52188 ], [ 9.724866, 54.527727 ], [ 9.721994, 54.528307 ], [ 9.71477, 54.518171 ], [ 9.700207, 54.516126 ], [ 9.708393, 54.508093 ], [ 9.711866, 54.500743 ], [ 9.708471, 54.491706 ], [ 9.696744, 54.490131 ], [ 9.686936, 54.493987 ], [ 9.683683, 54.495266 ], [ 9.673871, 54.496409 ], [ 9.663681, 54.507114 ], [ 9.645122, 54.510429 ], [ 9.635496, 54.50893 ], [ 9.628766, 54.512143 ], [ 9.611102, 54.507853 ], [ 9.594597, 54.505958 ], [ 9.581241, 54.501923 ], [ 9.56248, 54.501768 ], [ 9.554093, 54.503967 ], [ 9.547139, 54.508563 ], [ 9.549269, 54.511083 ], [ 9.555461, 54.512546 ], [ 9.585806, 54.510419 ], [ 9.597324, 54.518615 ], [ 9.604232, 54.52087 ], [ 9.605156, 54.526779 ], [ 9.628971, 54.530181 ], [ 9.632319, 54.525859 ], [ 9.626631, 54.521359 ], [ 9.632883, 54.514638 ], [ 9.639988, 54.521421 ], [ 9.672463, 54.525167 ], [ 9.686936, 54.526117 ], [ 9.696016, 54.526712 ], [ 9.703089, 54.520477 ], [ 9.708272, 54.520036 ], [ 9.717443, 54.528682 ], [ 9.717259, 54.530488 ], [ 9.716985, 54.533178 ], [ 9.73097, 54.53187 ], [ 9.734333, 54.532509 ], [ 9.735528, 54.534338 ], [ 9.738425, 54.542539 ], [ 9.753976, 54.557367 ], [ 9.767366, 54.565067 ], [ 9.765133, 54.570251 ], [ 9.768889, 54.578753 ], [ 9.776146, 54.578927 ], [ 9.775231, 54.575729 ], [ 9.788001, 54.573743 ], [ 9.792981, 54.574426 ], [ 9.79786, 54.577659 ], [ 9.81129, 54.581594 ], [ 9.811021, 54.584411 ], [ 9.805285, 54.58432 ], [ 9.806637, 54.586941 ], [ 9.820622, 54.585703 ], [ 9.82609, 54.590338 ], [ 9.837249, 54.593966 ], [ 9.837489, 54.597845 ], [ 9.861525, 54.603711 ], [ 9.875022, 54.609497 ], [ 9.884693, 54.618557 ], [ 9.893371, 54.623578 ], [ 9.901452, 54.625689 ], [ 9.90803, 54.628205 ], [ 9.90803, 54.628583 ], [ 9.90803, 54.632271 ], [ 9.909469, 54.633337 ], [ 9.915083, 54.629181 ], [ 9.928439, 54.6273 ], [ 9.93211, 54.628643 ], [ 9.936333, 54.633022 ], [ 9.934533, 54.633402 ], [ 9.931761, 54.63161 ], [ 9.930501, 54.640066 ], [ 9.932917, 54.646114 ], [ 9.935247, 54.660815 ], [ 9.942202, 54.673758 ], [ 9.947315, 54.677466 ], [ 9.960928, 54.678583 ], [ 9.968418, 54.682894 ], [ 9.978315, 54.683122 ], [ 9.979181, 54.686528 ], [ 9.973834, 54.690397 ], [ 9.982816, 54.700616 ], [ 9.992008, 54.695996 ], [ 9.991024, 54.683996 ], [ 10.017089, 54.69229 ], [ 10.021224, 54.691697 ], [ 10.027296, 54.687973 ], [ 10.026609, 54.685724 ], [ 10.029259, 54.685348 ], [ 10.029892, 54.680129 ], [ 10.032939, 54.678641 ], [ 10.036541, 54.687119 ], [ 10.033072, 54.691356 ], [ 10.029259, 54.693384 ], [ 10.022524, 54.696964 ], [ 9.989605, 54.71762 ], [ 9.985603, 54.724787 ], [ 9.97811, 54.750977 ], [ 9.971768, 54.763053 ], [ 9.963617, 54.769817 ], [ 9.956883, 54.779483 ], [ 9.939283, 54.785542 ], [ 9.90803, 54.797126 ], [ 9.902559, 54.789202 ], [ 9.901771, 54.775636 ], [ 9.906695, 54.768786 ], [ 9.903912, 54.763534 ], [ 9.900213, 54.766718 ], [ 9.889693, 54.767979 ], [ 9.88191, 54.762826 ], [ 9.875022, 54.753988 ], [ 9.873659, 54.752184 ], [ 9.848527, 54.755354 ], [ 9.832828, 54.760658 ], [ 9.829733, 54.763053 ], [ 9.802573, 54.783614 ], [ 9.79257, 54.79698 ], [ 9.776602, 54.795662 ], [ 9.768559, 54.797193 ], [ 9.764533, 54.799297 ], [ 9.727452, 54.806658 ], [ 9.709612, 54.809308 ], [ 9.686936, 54.816391 ], [ 9.678043, 54.819168 ], [ 9.665615, 54.822023 ], [ 9.660396, 54.823338 ], [ 9.650664, 54.821924 ], [ 9.633578, 54.828396 ], [ 9.623105, 54.831487 ], [ 9.612401, 54.829941 ], [ 9.604434, 54.830772 ], [ 9.590906, 54.844165 ], [ 9.590228, 54.851636 ], [ 9.600188, 54.86668 ], [ 9.603389, 54.869022 ], [ 9.611824, 54.875192 ], [ 9.591319, 54.876559 ], [ 9.58827, 54.875018 ], [ 9.585444, 54.869022 ], [ 9.583852, 54.865645 ], [ 9.580025, 54.864668 ], [ 9.573928, 54.863112 ], [ 9.563239, 54.854541 ], [ 9.539279, 54.847579 ], [ 9.524944, 54.838443 ], [ 9.515661, 54.83763 ], [ 9.502057, 54.8256 ], [ 9.49195, 54.822635 ], [ 9.463987, 54.82035 ], [ 9.453298, 54.809342 ], [ 9.440764, 54.803031 ], [ 9.434494, 54.796158 ], [ 9.430796, 54.80052 ], [ 9.434494, 54.810015 ], [ 9.422934, 54.823223 ], [ 9.420152, 54.831956 ], [ 9.416767, 54.833793 ], [ 9.417008, 54.838469 ], [ 9.410322, 54.842033 ], [ 9.396845, 54.839072 ], [ 9.382708, 54.838532 ], [ 9.380028, 54.834238 ], [ 9.374782, 54.832395 ], [ 9.372616, 54.820566 ], [ 9.365429, 54.81798 ], [ 9.355176, 54.814292 ], [ 9.343267, 54.806344 ], [ 9.345334, 54.802078 ], [ 9.343731, 54.800148 ], [ 9.330378, 54.804138 ], [ 9.329428, 54.805565 ], [ 9.327227, 54.805778 ], [ 9.324659, 54.806026 ], [ 9.308849, 54.807552 ], [ 9.293411, 54.808937 ], [ 9.292082, 54.806148 ], [ 9.295564, 54.803074 ], [ 9.294858, 54.801681 ], [ 9.286256, 54.804325 ], [ 9.284118, 54.809612 ], [ 9.281133, 54.809776 ], [ 9.273376, 54.811756 ], [ 9.270549, 54.81216 ], [ 9.26595, 54.810825 ], [ 9.258175, 54.810558 ], [ 9.250086, 54.809711 ], [ 9.245956, 54.817157 ], [ 9.235627, 54.83248 ], [ 9.236196, 54.836129 ], [ 9.244082, 54.843677 ], [ 9.240282, 54.849945 ], [ 9.230594, 54.852402 ], [ 9.205847, 54.858679 ], [ 9.187608, 54.86113 ], [ 9.184797, 54.863425 ], [ 9.177965, 54.864925 ], [ 9.172786, 54.866073 ], [ 9.160033, 54.869022 ], [ 9.142332, 54.873115 ], [ 9.113097, 54.873601 ], [ 9.090766, 54.870403 ], [ 9.078553, 54.871677 ], [ 9.048545, 54.872132 ], [ 9.036519, 54.87577 ], [ 9.026859, 54.88144 ], [ 9.014567, 54.886322 ], [ 8.985639, 54.891868 ], [ 8.972997, 54.896641 ], [ 8.9483, 54.902458 ], [ 8.913758, 54.902451 ], [ 8.906114, 54.903172 ], [ 8.892476, 54.90446 ], [ 8.883102, 54.902057 ], [ 8.880022, 54.902057 ], [ 8.859395, 54.897055 ], [ 8.856726, 54.897111 ], [ 8.848698, 54.897281 ], [ 8.844952, 54.899219 ], [ 8.842241, 54.900963 ], [ 8.836998, 54.90546 ], [ 8.832986, 54.906677 ], [ 8.824736, 54.906652 ], [ 8.817053, 54.904044 ], [ 8.810188, 54.905649 ], [ 8.801005, 54.904722 ], [ 8.776401, 54.895435 ], [ 8.774731, 54.892902 ], [ 8.752148, 54.896664 ], [ 8.735124, 54.893005 ], [ 8.721056, 54.894807 ], [ 8.680804, 54.910358 ], [ 8.669041, 54.911086 ], [ 8.658685, 54.908935 ], [ 8.637725, 54.911466 ], [ 8.635926, 54.911683 ], [ 8.637725, 54.902259 ], [ 8.637725, 54.897631 ], [ 8.634945, 54.893674 ], [ 8.628644, 54.891257 ], [ 8.6024, 54.88701 ], [ 8.56973, 54.886518 ], [ 8.564044, 54.886325 ], [ 8.514464, 54.884412 ], [ 8.48855, 54.879322 ], [ 8.48535, 54.87711 ], [ 8.467934, 54.877637 ], [ 8.435417, 54.876525 ], [ 8.424454, 54.87809 ], [ 8.407771, 54.883465 ], [ 8.38051, 54.892247 ], [ 8.371387, 54.898113 ], [ 8.362976, 54.908748 ], [ 8.361715, 54.928068 ], [ 8.360195, 54.935141 ], [ 8.362447, 54.944234 ], [ 8.358787, 54.950811 ], [ 8.360814, 54.95755 ], [ 8.353678, 54.967721 ], [ 8.370342, 54.988784 ], [ 8.379301, 54.996269 ], [ 8.394467, 55.003503 ], [ 8.407771, 55.006118 ], [ 8.415849, 55.007705 ], [ 8.440061, 55.017208 ], [ 8.439924, 55.02271 ], [ 8.431469, 55.025733 ], [ 8.427856, 55.031203 ], [ 8.434501, 55.037388 ], [ 8.428406, 55.036994 ], [ 8.424012, 55.033963 ], [ 8.407771, 55.034513 ], [ 8.401809, 55.034715 ], [ 8.39833, 55.037131 ], [ 8.396545, 55.045829 ], [ 8.407771, 55.046707 ], [ 8.432407, 55.048636 ], [ 8.448412, 55.042685 ], [ 8.462105, 55.045262 ], [ 8.462411, 55.046915 ], [ 8.442421, 55.050617 ], [ 8.41719, 55.058165 ], [ 8.410856, 55.057712 ], [ 8.407771, 55.056644 ], [ 8.398121, 55.053301 ], [ 8.382335, 55.036119 ], [ 8.352262, 54.992016 ], [ 8.330517, 54.961596 ], [ 8.321999, 54.949671 ], [ 8.309766, 54.930708 ], [ 8.298062, 54.910861 ], [ 8.290509, 54.889626 ], [ 8.282269, 54.795713 ], [ 8.280651, 54.775095 ], [ 8.278975, 54.752607 ], [ 8.291325, 54.741925 ], [ 8.296046, 54.740338 ], [ 8.298303, 54.742539 ], [ 8.294431, 54.758149 ], [ 8.299818, 54.76409 ], [ 8.30106, 54.775095 ], [ 8.296417, 54.777693 ], [ 8.292608, 54.78456 ], [ 8.294404, 54.794043 ], [ 8.294756, 54.798573 ], [ 8.29917, 54.80359 ], [ 8.297161, 54.811273 ], [ 8.299785, 54.817754 ], [ 8.293645, 54.826955 ], [ 8.299554, 54.849365 ], [ 8.308551, 54.85901 ], [ 8.330517, 54.862894 ], [ 8.334083, 54.873148 ], [ 8.339997, 54.879121 ], [ 8.34868, 54.87621 ], [ 8.362806, 54.875381 ], [ 8.378682, 54.858621 ], [ 8.401024, 54.849398 ], [ 8.415352, 54.847783 ], [ 8.428573, 54.852806 ], [ 8.452939, 54.857397 ], [ 8.47962, 54.870657 ], [ 8.509943, 54.881073 ], [ 8.535393, 54.882778 ], [ 8.543716, 54.881718 ], [ 8.564237, 54.883931 ], [ 8.603369, 54.885708 ], [ 8.612414, 54.877516 ], [ 8.611423, 54.869022 ], [ 8.608177, 54.841218 ], [ 8.637725, 54.822959 ], [ 8.644705, 54.818645 ], [ 8.659325, 54.79581 ], [ 8.680937, 54.79116 ], [ 8.683892, 54.793168 ], [ 8.700449, 54.775095 ], [ 8.697471, 54.761054 ], [ 8.707276, 54.752209 ], [ 8.708953, 54.744115 ], [ 8.714586, 54.738463 ], [ 8.710571, 54.735793 ], [ 8.689882, 54.730885 ], [ 8.692659, 54.726035 ], [ 8.707785, 54.72367 ], [ 8.719913, 54.725189 ], [ 8.741187, 54.716011 ], [ 8.751175, 54.699021 ], [ 8.749916, 54.68948 ], [ 8.75409, 54.681931 ], [ 8.779497, 54.666584 ], [ 8.809925, 54.658958 ], [ 8.829321, 54.653223 ], [ 8.830615, 54.651406 ], [ 8.847158, 54.625144 ], [ 8.856726, 54.620026 ], [ 8.864258, 54.615997 ], [ 8.882664, 54.610463 ], [ 8.892223, 54.598014 ], [ 8.869373, 54.56331 ], [ 8.873567, 54.555431 ], [ 8.877877, 54.542694 ], [ 8.872342, 54.530488 ], [ 8.871671, 54.529008 ], [ 8.864548, 54.523602 ], [ 8.856726, 54.518427 ], [ 8.854755, 54.517123 ], [ 8.836869, 54.508494 ], [ 8.818597, 54.505329 ], [ 8.809925, 54.500858 ], [ 8.806361, 54.49671 ], [ 8.809925, 54.489921 ], [ 8.81845, 54.486393 ], [ 8.809925, 54.476775 ], [ 8.807076, 54.473891 ], [ 8.806662, 54.471282 ], [ 8.807253, 54.470145 ], [ 8.809925, 54.468876 ], [ 8.826179, 54.463059 ], [ 8.842955, 54.460668 ], [ 8.856726, 54.460743 ], [ 8.893467, 54.460944 ], [ 8.906114, 54.466554 ], [ 8.91293, 54.469577 ], [ 8.916775, 54.474691 ], [ 8.923976, 54.477791 ], [ 8.931065, 54.49095 ], [ 8.948509, 54.500634 ], [ 8.946432, 54.512611 ], [ 8.960405, 54.517493 ], [ 8.983176, 54.524682 ], [ 8.987049, 54.524306 ], [ 8.990804, 54.52331 ], [ 8.991552, 54.520903 ], [ 8.990359, 54.512096 ], [ 9.00715, 54.498091 ], [ 9.014504, 54.484044 ], [ 9.004441, 54.479143 ], [ 9.025145, 54.472203 ], [ 9.014527, 54.474072 ], [ 9.001699, 54.46198 ], [ 8.961462, 54.453291 ], [ 8.95533, 54.448691 ], [ 8.94945, 54.438579 ], [ 8.933147, 54.432016 ], [ 8.91217, 54.416643 ], [ 8.906114, 54.414903 ], [ 8.872675, 54.40529 ], [ 8.856726, 54.403125 ], [ 8.831709, 54.408438 ], [ 8.801269, 54.408307 ], [ 8.741811, 54.398908 ], [ 8.710799, 54.398768 ], [ 8.69886, 54.396695 ], [ 8.673132, 54.399506 ], [ 8.655446, 54.391571 ], [ 8.649696, 54.382631 ], [ 8.650033, 54.37899 ], [ 8.657171, 54.37456 ], [ 8.690365, 54.373432 ], [ 8.693316, 54.367406 ], [ 8.692471, 54.36326 ], [ 8.690781, 54.354967 ], [ 8.659084, 54.346967 ], [ 8.654562, 54.348826 ], [ 8.647858, 54.345988 ], [ 8.647806, 54.343803 ], [ 8.652766, 54.342901 ], [ 8.647572, 54.339434 ], [ 8.646062, 54.338441 ], [ 8.644107, 54.338161 ], [ 8.640207, 54.337723 ], [ 8.637725, 54.337782 ], [ 8.633925, 54.337872 ], [ 8.622045, 54.342824 ], [ 8.603265, 54.340417 ], [ 8.602049, 54.337724 ], [ 8.606014, 54.328735 ], [ 8.599985, 54.327626 ], [ 8.602377, 54.314496 ], [ 8.609696, 54.308126 ], [ 8.630086, 54.301848 ], [ 8.637725, 54.29656 ], [ 8.652997, 54.285984 ], [ 8.673667, 54.279091 ], [ 8.690352, 54.279633 ], [ 8.704255, 54.286696 ], [ 8.70647, 54.293145 ], [ 8.722395, 54.288936 ], [ 8.73969, 54.293742 ], [ 8.748944, 54.289487 ], [ 8.759889, 54.290119 ], [ 8.768693, 54.288567 ], [ 8.771284, 54.282345 ], [ 8.782628, 54.281069 ], [ 8.792462, 54.282159 ], [ 8.809925, 54.287537 ], [ 8.821349, 54.291277 ], [ 8.829152, 54.289779 ], [ 8.836609, 54.284413 ], [ 8.842135, 54.277465 ], [ 8.844805, 54.266328 ], [ 8.843625, 54.257327 ], [ 8.836301, 54.251269 ], [ 8.832427, 54.24002 ], [ 8.839268, 54.232061 ], [ 8.834286, 54.216374 ], [ 8.818816, 54.205137 ], [ 8.810126, 54.190019 ], [ 8.807766, 54.175185 ], [ 8.809638, 54.170903 ], [ 8.817322, 54.166828 ], [ 8.825394, 54.147024 ], [ 8.837211, 54.133395 ], [ 8.854713, 54.1279 ], [ 8.856726, 54.12358 ], [ 8.857763, 54.121354 ], [ 8.863719, 54.12135 ], [ 8.886339, 54.130673 ], [ 8.906114, 54.134721 ], [ 8.908022, 54.135111 ], [ 8.925041, 54.132284 ], [ 8.932191, 54.12377 ], [ 8.934967, 54.118648 ], [ 8.937955, 54.113326 ], [ 8.938795, 54.11183 ], [ 8.941537, 54.106947 ], [ 8.953462, 54.087814 ], [ 8.975694, 54.071355 ], [ 8.974914, 54.068738 ], [ 8.959526, 54.065724 ], [ 8.959063, 54.064087 ], [ 8.966157, 54.062253 ], [ 8.970976, 54.063402 ], [ 8.981593, 54.061744 ], [ 8.985229, 54.058917 ], [ 8.982898, 54.050137 ], [ 8.982214, 54.048507 ], [ 8.981187, 54.045985 ], [ 8.980085, 54.04426 ], [ 8.979021, 54.042821 ], [ 8.977758, 54.041562 ], [ 8.960612, 54.034438 ], [ 8.955629, 54.035464 ], [ 8.945995, 54.033957 ], [ 8.920934, 54.04184 ], [ 8.906114, 54.042904 ], [ 8.878254, 54.044903 ], [ 8.849218, 54.038631 ], [ 8.825662, 54.026178 ], [ 8.832592, 54.023929 ], [ 8.843518, 54.010263 ], [ 8.848519, 54.008193 ], [ 8.856726, 53.999699 ], [ 8.874398, 53.981404 ], [ 8.892944, 53.952096 ], [ 8.906114, 53.935959 ], [ 8.914034, 53.926252 ], [ 8.935235, 53.915767 ], [ 8.939057, 53.910723 ], [ 8.963567, 53.895351 ], [ 8.972319, 53.891898 ], [ 9.01831, 53.896309 ], [ 9.02242, 53.879517 ], [ 9.036474, 53.88101 ], [ 9.052706, 53.881441 ], [ 9.059377, 53.881126 ], [ 9.075284, 53.880513 ], [ 9.082767, 53.880067 ], [ 9.105396, 53.879841 ], [ 9.119777, 53.878826 ], [ 9.142332, 53.877685 ], [ 9.199751, 53.880104 ], [ 9.215254, 53.878957 ], [ 9.230586, 53.877772 ], [ 9.232872, 53.874856 ], [ 9.25731, 53.871573 ], [ 9.272733, 53.867662 ], [ 9.274395, 53.857847 ], [ 9.253147, 53.859732 ], [ 9.230594, 53.861831 ], [ 9.217544, 53.863045 ], [ 9.175621, 53.864263 ], [ 9.142332, 53.864523 ], [ 9.081472, 53.859367 ], [ 9.070259, 53.854381 ], [ 9.054655, 53.852696 ], [ 9.029695, 53.843907 ], [ 9.020411, 53.842278 ], [ 9.01427, 53.84009 ], [ 9.018513, 53.834841 ], [ 8.985506, 53.840023 ], [ 8.949091, 53.836298 ], [ 8.906114, 53.828762 ], [ 8.859548, 53.830593 ], [ 8.83015, 53.833679 ], [ 8.821793, 53.832002 ], [ 8.80129, 53.833435 ], [ 8.786166, 53.834925 ], [ 8.763441, 53.842278 ], [ 8.728242, 53.85706 ], [ 8.727041, 53.860475 ], [ 8.703218, 53.877851 ], [ 8.694538, 53.876838 ], [ 8.690449, 53.878354 ], [ 8.683588, 53.885537 ], [ 8.687173, 53.891908 ], [ 8.668157, 53.891448 ], [ 8.64113, 53.886841 ], [ 8.637725, 53.885779 ], [ 8.62697, 53.882423 ], [ 8.613825, 53.881393 ], [ 8.602471, 53.874856 ], [ 8.603806, 53.870637 ], [ 8.588075, 53.858275 ], [ 8.576048, 53.845337 ], [ 8.566556, 53.845455 ], [ 8.563762, 53.842278 ], [ 8.561886, 53.839436 ], [ 8.560985, 53.83807 ], [ 8.560111, 53.83669 ], [ 8.559081, 53.835061 ], [ 8.557239, 53.832357 ], [ 8.5563, 53.830912 ], [ 8.555577, 53.829799 ], [ 8.554372, 53.828038 ], [ 8.553205, 53.82633 ], [ 8.552603, 53.825306 ], [ 8.550903, 53.822726 ], [ 8.542149, 53.807291 ], [ 8.538192, 53.79407 ], [ 8.543548, 53.787903 ], [ 8.538103, 53.786466 ], [ 8.519466, 53.752949 ], [ 8.520708, 53.74881 ], [ 8.510228, 53.737759 ], [ 8.483304, 53.693599 ], [ 8.481909, 53.674221 ], [ 8.484201, 53.656268 ], [ 8.489688, 53.648775 ], [ 8.508428, 53.62317 ], [ 8.520411, 53.606205 ], [ 8.484343, 53.599776 ], [ 8.502412, 53.574429 ], [ 8.504201, 53.571919 ], [ 8.537169, 53.550378 ], [ 8.554849, 53.536117 ], [ 8.55848, 53.531022 ], [ 8.554898, 53.525131 ], [ 8.550343, 53.537464 ], [ 8.535223, 53.540866 ], [ 8.523007, 53.546476 ], [ 8.517178, 53.550544 ], [ 8.515637, 53.555772 ], [ 8.503681, 53.551198 ], [ 8.474621, 53.553858 ], [ 8.461885, 53.552962 ], [ 8.43499, 53.562058 ], [ 8.407771, 53.567417 ], [ 8.398215, 53.569298 ], [ 8.384545, 53.574429 ], [ 8.348361, 53.60617 ], [ 8.334117, 53.612549 ], [ 8.308003, 53.616147 ], [ 8.276827, 53.607526 ], [ 8.255931, 53.595349 ], [ 8.243676, 53.582795 ], [ 8.241503, 53.574429 ], [ 8.2313, 53.521546 ], [ 8.265565, 53.518706 ], [ 8.303439, 53.52519 ], [ 8.310734, 53.521704 ], [ 8.314909, 53.516265 ], [ 8.31575, 53.506598 ], [ 8.316296, 53.500327 ], [ 8.315171, 53.462393 ], [ 8.311847, 53.454166 ], [ 8.308091, 53.448221 ], [ 8.296711, 53.441643 ], [ 8.295076, 53.43575 ], [ 8.297223, 53.430676 ], [ 8.292036, 53.424727 ], [ 8.278105, 53.41269 ], [ 8.258801, 53.401158 ], [ 8.246391, 53.397813 ], [ 8.227429, 53.398975 ], [ 8.202321, 53.403723 ], [ 8.195555, 53.409171 ], [ 8.190752, 53.409778 ], [ 8.193491, 53.413873 ], [ 8.152344, 53.447295 ], [ 8.136876, 53.452418 ], [ 8.115016, 53.449865 ], [ 8.110339, 53.447423 ], [ 8.098999, 53.445677 ], [ 8.078254, 53.458414 ], [ 8.069886, 53.466962 ], [ 8.065258, 53.473763 ], [ 8.06029, 53.496024 ], [ 8.061327, 53.505957 ], [ 8.075065, 53.502466 ], [ 8.085734, 53.50187 ], [ 8.115049, 53.506598 ], [ 8.156169, 53.515704 ], [ 8.166003, 53.526796 ], [ 8.16425, 53.529278 ], [ 8.158412, 53.529242 ], [ 8.157788, 53.53299 ], [ 8.16871, 53.542838 ], [ 8.157397, 53.559129 ], [ 8.152405, 53.561195 ], [ 8.153477, 53.564528 ], [ 8.146078, 53.574429 ], [ 8.143166, 53.578324 ], [ 8.153423, 53.582908 ], [ 8.154943, 53.585983 ], [ 8.14928, 53.600562 ], [ 8.123959, 53.599012 ], [ 8.115016, 53.615233 ], [ 8.091291, 53.638109 ], [ 8.081362, 53.644708 ], [ 8.073929, 53.646545 ], [ 8.057154, 53.641936 ], [ 8.046705, 53.640605 ], [ 8.042426, 53.641873 ], [ 8.037663, 53.648775 ], [ 8.032859, 53.655733 ], [ 8.027367, 53.677635 ], [ 8.023019, 53.682591 ], [ 8.023889, 53.691526 ], [ 8.03126, 53.699501 ], [ 8.031811, 53.704671 ], [ 8.027825, 53.707426 ], [ 8.014255, 53.71112 ], [ 7.998824, 53.712634 ], [ 7.963707, 53.716078 ], [ 7.912979, 53.717722 ], [ 7.87319, 53.714534 ], [ 7.831947, 53.71123 ], [ 7.814211, 53.711593 ], [ 7.809896, 53.707662 ], [ 7.807615, 53.71058 ], [ 7.791334, 53.709648 ], [ 7.770168, 53.704222 ], [ 7.761692, 53.70176 ], [ 7.737471, 53.699634 ], [ 7.715984, 53.699789 ], [ 7.703279, 53.703216 ], [ 7.630104, 53.688937 ], [ 7.606466, 53.686654 ], [ 7.587282, 53.680163 ], [ 7.574022, 53.68026 ], [ 7.572015, 53.677633 ], [ 7.550173, 53.675037 ], [ 7.542551, 53.675335 ], [ 7.521685, 53.67154 ], [ 7.498097, 53.678231 ], [ 7.481595, 53.682912 ], [ 7.432825, 53.684206 ], [ 7.406047, 53.682393 ], [ 7.378604, 53.681959 ], [ 7.357062, 53.686485 ], [ 7.317348, 53.683545 ], [ 7.291604, 53.679708 ], [ 7.281184, 53.674399 ], [ 7.263703, 53.672692 ], [ 7.243682, 53.667782 ], [ 7.200666, 53.648775 ], [ 7.183722, 53.641285 ], [ 7.168155, 53.628188 ], [ 7.159037, 53.628765 ], [ 7.155786, 53.622782 ], [ 7.15249, 53.623753 ], [ 7.146974, 53.612902 ], [ 7.140764, 53.607775 ], [ 7.132425, 53.603915 ], [ 7.112042, 53.594478 ], [ 7.090713, 53.579644 ], [ 7.089346, 53.574429 ], [ 7.088352, 53.570641 ], [ 7.119017, 53.551417 ], [ 7.118738, 53.547893 ], [ 7.127259, 53.542136 ], [ 7.132425, 53.541519 ], [ 7.134833, 53.541232 ], [ 7.133496, 53.539383 ], [ 7.137852, 53.535894 ], [ 7.132425, 53.532254 ], [ 7.122485, 53.525583 ], [ 7.100756, 53.524319 ], [ 7.098771, 53.5213 ], [ 7.103283, 53.511568 ], [ 7.09578, 53.511721 ], [ 7.088881, 53.516999 ], [ 7.083579, 53.527108 ], [ 7.077884, 53.531938 ], [ 7.075729, 53.532169 ], [ 7.07269, 53.527931 ], [ 7.063173, 53.524602 ], [ 7.050238, 53.534076 ], [ 7.038988, 53.536704 ], [ 7.033759, 53.533132 ], [ 7.0381, 53.520744 ], [ 7.048156, 53.507709 ], [ 7.047105, 53.506598 ], [ 7.024539, 53.482739 ], [ 7.025176, 53.475734 ], [ 7.010696, 53.426231 ], [ 7.012668, 53.407577 ], [ 7.007759, 53.393553 ], [ 7.010637, 53.385356 ], [ 7.007064, 53.377472 ], [ 6.9986, 53.371487 ], [ 6.999447, 53.359887 ], [ 7.013605, 53.344082 ], [ 7.023314, 53.337918 ], [ 7.032227, 53.336347 ], [ 7.050238, 53.338361 ], [ 7.061572, 53.334733 ], [ 7.132425, 53.335347 ], [ 7.166309, 53.33564 ], [ 7.235868, 53.331956 ], [ 7.25815, 53.329476 ], [ 7.264243, 53.327512 ], [ 7.2643, 53.325526 ], [ 7.249551, 53.323932 ], [ 7.242361, 53.303161 ], [ 7.230221, 53.293927 ], [ 7.236577, 53.287985 ], [ 7.235999, 53.274844 ], [ 7.226087, 53.256076 ], [ 7.219416, 53.248914 ], [ 7.208935, 53.243064 ], [ 7.211419, 53.226468 ], [ 7.216758, 53.214769 ], [ 7.217523, 53.200438 ], [ 7.216213, 53.195926 ], [ 7.208851, 53.188667 ], [ 7.225861, 53.18008 ], [ 7.203118, 53.175597 ], [ 7.191437, 53.162732 ], [ 7.189181, 53.154936 ], [ 7.189065, 53.14786 ], [ 7.179322, 53.137691 ], [ 7.180818, 53.128666 ], [ 7.184492, 53.12114 ], [ 7.202795, 53.113281 ], [ 7.201609, 53.104645 ], [ 7.200244, 53.093486 ], [ 7.199255, 53.081018 ], [ 7.20121, 53.071238 ], [ 7.204314, 53.055546 ], [ 7.206026, 53.046893 ], [ 7.207126, 53.041109 ], [ 7.212054, 53.0152 ], [ 7.212803, 53.010958 ], [ 7.216744, 53.007565 ], [ 7.209007, 52.999466 ], [ 7.200933, 52.982762 ], [ 7.18157, 52.941304 ], [ 7.152466, 52.912947 ], [ 7.134041, 52.893995 ], [ 7.132425, 52.892331 ], [ 7.129987, 52.889819 ], [ 7.119203, 52.878998 ], [ 7.115429, 52.87523 ], [ 7.112088, 52.871882 ], [ 7.107045, 52.866555 ], [ 7.104656, 52.864182 ], [ 7.087324, 52.849928 ], [ 7.088196, 52.848023 ], [ 7.092692, 52.838201 ], [ 7.072045, 52.810874 ], [ 7.069588, 52.787627 ], [ 7.067942, 52.768139 ], [ 7.066831, 52.754623 ], [ 7.054921, 52.643612 ], [ 7.050238, 52.639208 ], [ 7.040483, 52.632918 ], [ 7.00623, 52.638763 ], [ 7.002062, 52.641374 ], [ 6.991785, 52.641747 ], [ 6.976963, 52.645873 ], [ 6.968312, 52.642147 ], [ 6.952471, 52.639183 ], [ 6.938047, 52.638146 ], [ 6.932469, 52.638683 ], [ 6.918982, 52.639981 ], [ 6.913241, 52.646479 ], [ 6.897021, 52.651048 ], [ 6.880512, 52.650784 ], [ 6.872114, 52.652769 ], [ 6.86183, 52.64973 ], [ 6.849621, 52.649136 ], [ 6.836299, 52.651765 ], [ 6.823244, 52.648143 ], [ 6.816301, 52.648615 ], [ 6.803202, 52.651624 ], [ 6.785313, 52.652565 ], [ 6.774994, 52.650898 ], [ 6.767508, 52.647318 ], [ 6.759349, 52.648426 ], [ 6.74576, 52.646036 ], [ 6.726009, 52.633492 ], [ 6.709733, 52.627823 ], [ 6.722804, 52.620139 ], [ 6.726555, 52.61535 ], [ 6.719688, 52.588439 ], [ 6.764619, 52.564569 ], [ 6.766622, 52.561512 ], [ 6.752331, 52.559337 ], [ 6.726916, 52.562744 ], [ 6.71483, 52.548949 ], [ 6.681813, 52.552816 ], [ 6.704685, 52.521382 ], [ 6.702633, 52.509327 ], [ 6.69942, 52.494836 ], [ 6.697866, 52.486286 ], [ 6.710659, 52.48108 ], [ 6.717815, 52.478203 ], [ 6.720505, 52.477121 ], [ 6.72387, 52.476912 ], [ 6.735525, 52.471871 ], [ 6.744805, 52.467833 ], [ 6.753895, 52.463734 ], [ 6.774978, 52.459717 ], [ 6.854308, 52.459598 ], [ 6.853826, 52.450359 ], [ 6.864406, 52.450938 ], [ 6.932469, 52.43729 ], [ 6.93827, 52.436127 ], [ 6.947164, 52.436615 ], [ 6.963031, 52.444776 ], [ 6.977563, 52.465476 ], [ 6.988872, 52.468724 ], [ 6.993435, 52.465571 ], [ 6.998652, 52.45606 ], [ 7.011304, 52.429156 ], [ 7.022354, 52.422133 ], [ 7.035463, 52.403427 ], [ 7.050238, 52.400841 ], [ 7.05829, 52.399058 ], [ 7.072438, 52.373116 ], [ 7.071801, 52.352355 ], [ 7.057208, 52.338618 ], [ 7.050238, 52.326977 ], [ 7.046618, 52.315545 ], [ 7.040032, 52.312444 ], [ 7.026515, 52.28834 ], [ 7.028661, 52.27431 ], [ 7.042693, 52.256398 ], [ 7.050238, 52.251231 ], [ 7.065685, 52.241373 ], [ 7.060492, 52.23488 ], [ 7.050238, 52.231282 ], [ 7.026896, 52.225936 ], [ 7.017769, 52.225544 ], [ 7.004754, 52.228248 ], [ 6.990314, 52.226717 ], [ 6.987028, 52.224548 ], [ 6.981131, 52.220656 ], [ 6.973297, 52.204502 ], [ 6.960696, 52.189907 ], [ 6.948932, 52.180444 ], [ 6.932469, 52.178753 ], [ 6.909758, 52.176419 ], [ 6.904217, 52.16925 ], [ 6.889594, 52.161143 ], [ 6.88134, 52.156334 ], [ 6.87261, 52.130746 ], [ 6.866976, 52.127956 ], [ 6.855731, 52.120888 ], [ 6.846644, 52.11944 ], [ 6.760465, 52.118569 ], [ 6.756912, 52.098532 ], [ 6.754496, 52.095866 ], [ 6.745146, 52.09276 ], [ 6.750523, 52.086579 ], [ 6.749411, 52.083642 ], [ 6.734799, 52.074792 ], [ 6.696205, 52.0701 ], [ 6.695922, 52.065754 ], [ 6.686948, 52.054973 ], [ 6.687805, 52.044441 ], [ 6.687779, 52.042919 ], [ 6.687726, 52.039899 ], [ 6.715169, 52.039611 ], [ 6.751333, 52.028992 ], [ 6.766593, 52.019181 ], [ 6.773863, 52.017168 ], [ 6.80936, 51.999132 ], [ 6.809088, 51.995129 ], [ 6.826574, 51.993532 ], [ 6.83226, 51.973214 ], [ 6.830016, 51.966491 ], [ 6.827637, 51.964344 ], [ 6.814967, 51.963489 ], [ 6.799131, 51.958425 ], [ 6.794944, 51.937341 ], [ 6.786669, 51.930659 ], [ 6.787012, 51.928355 ], [ 6.77092, 51.917004 ], [ 6.754105, 51.912379 ], [ 6.751579, 51.907819 ], [ 6.743793, 51.905343 ], [ 6.73721, 51.904132 ], [ 6.731117, 51.898544 ], [ 6.72106, 51.896489 ], [ 6.704742, 51.905688 ], [ 6.702947, 51.908856 ], [ 6.69807, 51.909979 ], [ 6.695182, 51.914993 ], [ 6.68259, 51.917205 ], [ 6.668672, 51.913828 ], [ 6.6388, 51.90456 ], [ 6.633118, 51.901201 ], [ 6.623158, 51.901329 ], [ 6.585081, 51.893655 ], [ 6.559154, 51.882431 ], [ 6.555171, 51.882716 ], [ 6.551754, 51.886022 ], [ 6.548515, 51.884073 ], [ 6.543931, 51.884298 ], [ 6.54182, 51.88312 ], [ 6.527266, 51.874994 ], [ 6.516011, 51.873141 ], [ 6.502202, 51.867873 ], [ 6.498786, 51.861681 ], [ 6.476895, 51.856445 ], [ 6.472576, 51.853808 ], [ 6.464305, 51.855177 ], [ 6.450515, 51.864934 ], [ 6.43231, 51.85997 ], [ 6.426734, 51.865737 ], [ 6.412144, 51.870289 ], [ 6.399159, 51.870035 ], [ 6.391804, 51.873098 ], [ 6.387624, 51.863051 ], [ 6.408373, 51.852919 ], [ 6.402916, 51.843736 ], [ 6.407125, 51.837569 ], [ 6.403554, 51.835778 ], [ 6.40778, 51.828092 ], [ 6.401789, 51.827763 ], [ 6.389543, 51.833272 ], [ 6.365701, 51.834389 ], [ 6.3592, 51.845991 ], [ 6.347728, 51.850279 ], [ 6.323447, 51.851471 ], [ 6.306965, 51.849734 ], [ 6.298936, 51.867895 ], [ 6.273588, 51.874371 ], [ 6.260985, 51.868409 ], [ 6.234191, 51.869906 ], [ 6.213255, 51.868415 ], [ 6.197225, 51.874086 ], [ 6.186676, 51.880608 ], [ 6.18283, 51.885488 ], [ 6.190124, 51.887446 ], [ 6.190204, 51.891362 ], [ 6.167766, 51.900804 ], [ 6.164949, 51.899653 ], [ 6.156368, 51.904934 ], [ 6.126709, 51.898798 ], [ 6.118018, 51.901142 ], [ 6.103342, 51.892617 ], [ 6.116564, 51.891998 ], [ 6.136888, 51.885311 ], [ 6.145606, 51.869311 ], [ 6.165353, 51.861395 ], [ 6.163873, 51.8543 ], [ 6.166408, 51.840834 ], [ 6.141735, 51.846284 ], [ 6.0969, 51.850094 ], [ 6.090623, 51.852969 ], [ 6.063383, 51.865444 ], [ 6.059155, 51.85811 ], [ 6.052828, 51.856306 ], [ 6.054063, 51.852292 ], [ 6.03677, 51.844071 ], [ 6.032818, 51.842909 ], [ 6.026803, 51.844253 ], [ 6.018184, 51.841069 ], [ 6.010104, 51.835207 ], [ 5.993078, 51.830874 ], [ 5.984844, 51.831017 ], [ 5.962826, 51.836167 ], [ 5.948221, 51.825809 ], [ 5.946378, 51.824502 ], [ 5.948221, 51.823211 ], [ 5.956664, 51.817299 ], [ 5.953314, 51.815318 ], [ 5.948221, 51.815653 ], [ 5.948221, 51.811992 ], [ 5.9629, 51.806852 ], [ 5.97748, 51.797836 ], [ 5.973518, 51.787691 ], [ 5.975242, 51.78577 ], [ 5.987202, 51.782701 ], [ 5.983539, 51.774285 ], [ 5.990945, 51.768592 ], [ 5.987524, 51.764654 ], [ 5.955425, 51.751009 ], [ 5.953192, 51.747846 ], [ 5.952863, 51.742322 ], [ 5.955741, 51.738688 ], [ 5.993756, 51.738104 ], [ 6.032312, 51.723832 ], [ 6.035838, 51.718483 ], [ 6.044011, 51.71676 ], [ 6.040683, 51.71349 ], [ 6.030021, 51.712382 ], [ 6.026641, 51.708718 ], [ 6.03138, 51.694484 ], [ 6.029241, 51.688805 ], [ 6.03197, 51.676179 ], [ 6.039012, 51.672315 ], [ 6.070057, 51.664493 ], [ 6.076921, 51.664249 ], [ 6.080374, 51.662015 ], [ 6.090623, 51.660216 ], [ 6.098866, 51.658768 ], [ 6.104257, 51.65977 ], [ 6.117141, 51.655992 ], [ 6.099302, 51.623849 ], [ 6.094363, 51.621291 ], [ 6.094344, 51.616164 ], [ 6.092435, 51.605539 ], [ 6.121063, 51.592459 ], [ 6.131973, 51.580219 ], [ 6.157023, 51.566678 ], [ 6.176871, 51.539197 ], [ 6.200742, 51.526583 ], [ 6.211483, 51.514541 ], [ 6.213423, 51.507841 ], [ 6.213287, 51.491597 ], [ 6.219228, 51.483971 ], [ 6.223315, 51.473598 ], [ 6.220301, 51.448081 ], [ 6.21418, 51.445163 ], [ 6.214619, 51.433699 ], [ 6.205691, 51.400709 ], [ 6.225566, 51.399628 ], [ 6.215175, 51.388146 ], [ 6.224405, 51.364979 ], [ 6.224615, 51.359734 ], [ 6.19127, 51.34003 ], [ 6.192102, 51.335209 ], [ 6.169777, 51.332181 ], [ 6.160174, 51.320423 ], [ 6.15408, 51.307373 ], [ 6.150324, 51.30361 ], [ 6.144449, 51.297624 ], [ 6.141117, 51.29531 ], [ 6.137367, 51.292425 ], [ 6.132622, 51.288774 ], [ 6.129828, 51.28657 ], [ 6.128805, 51.285391 ], [ 6.125924, 51.279781 ], [ 6.1248, 51.277592 ], [ 6.124481, 51.274585 ], [ 6.121706, 51.272675 ], [ 6.119642, 51.271255 ], [ 6.09299, 51.252913 ], [ 6.090623, 51.251311 ], [ 6.072657, 51.242587 ], [ 6.081144, 51.230287 ], [ 6.082775, 51.227922 ], [ 6.084586, 51.222859 ], [ 6.072765, 51.222071 ], [ 6.068187, 51.219375 ], [ 6.073566, 51.182692 ], [ 6.082805, 51.171961 ], [ 6.090623, 51.171224 ], [ 6.099154, 51.17042 ], [ 6.110307, 51.173814 ], [ 6.123101, 51.181421 ], [ 6.164254, 51.193453 ], [ 6.179102, 51.187117 ], [ 6.174812, 51.184513 ], [ 6.140149, 51.173487 ], [ 6.174226, 51.158613 ], [ 6.163781, 51.152865 ], [ 6.162565, 51.14933 ], [ 6.154591, 51.148108 ], [ 6.126316, 51.144869 ], [ 6.118407, 51.140139 ], [ 6.092517, 51.134572 ], [ 6.090623, 51.131802 ], [ 6.085709, 51.124616 ], [ 6.081139, 51.125302 ], [ 6.080447, 51.122205 ], [ 6.07242, 51.118504 ], [ 6.061408, 51.116469 ], [ 6.051879, 51.10622 ], [ 6.036585, 51.096579 ], [ 6.023212, 51.093402 ], [ 6.017391, 51.093843 ], [ 6.009375, 51.090444 ], [ 5.996571, 51.08327 ], [ 5.988412, 51.075118 ], [ 5.981052, 51.072451 ], [ 5.979848, 51.067896 ], [ 5.970559, 51.060426 ], [ 5.968614, 51.047973 ], [ 5.966532, 51.044332 ], [ 5.959204, 51.040909 ], [ 5.956503, 51.035565 ], [ 5.948221, 51.036795 ], [ 5.937512, 51.036947 ], [ 5.926468, 51.048527 ], [ 5.919222, 51.062432 ], [ 5.912795, 51.065485 ], [ 5.891431, 51.053425 ], [ 5.867697, 51.050278 ], [ 5.868358, 51.045856 ], [ 5.876921, 51.037351 ], [ 5.877085, 51.032101 ], [ 5.875101, 51.028383 ], [ 5.880065, 51.016959 ], [ 5.884139, 51.013903 ], [ 5.894558, 51.011286 ], [ 5.896515, 51.00456 ], [ 5.90509, 51.00116 ], [ 5.903518, 50.987839 ], [ 5.893678, 50.980099 ], [ 5.897198, 50.974845 ], [ 5.905019, 50.974814 ], [ 5.919481, 50.978101 ], [ 5.923147, 50.979594 ], [ 5.933641, 50.985262 ], [ 5.941811, 50.986238 ], [ 5.948221, 50.987003 ], [ 5.950045, 50.987221 ], [ 5.954817, 50.988363 ], [ 5.957233, 50.984987 ], [ 5.96907, 50.979812 ], [ 5.980332, 50.982602 ], [ 6.025642, 50.982919 ], [ 6.016121, 50.963606 ], [ 6.006087, 50.957568 ], [ 6.015846, 50.952517 ], [ 6.015087, 50.947785 ], [ 6.016184, 50.943022 ], [ 6.018124, 50.934593 ], [ 6.051425, 50.928755 ], [ 6.057827, 50.922034 ], [ 6.074977, 50.922369 ], [ 6.088995, 50.919308 ], [ 6.090473, 50.917799 ], [ 6.086948, 50.913135 ], [ 6.079752, 50.905488 ], [ 6.075475, 50.891773 ], [ 6.080229, 50.883433 ], [ 6.086492, 50.878733 ], [ 6.086025, 50.86885 ], [ 6.077317, 50.859909 ], [ 6.07399, 50.847614 ], [ 6.057783, 50.850993 ], [ 6.054201, 50.856624 ], [ 6.042624, 50.851769 ], [ 6.019989, 50.846132 ], [ 6.017985, 50.843796 ], [ 6.017061, 50.833073 ], [ 6.023666, 50.827819 ], [ 6.023832, 50.818276 ], [ 6.023552, 50.813542 ], [ 6.004721, 50.802023 ], [ 5.987627, 50.809613 ], [ 5.983193, 50.809629 ], [ 5.976728, 50.803536 ], [ 5.977143, 50.79679 ], [ 5.989843, 50.793084 ], [ 6.000789, 50.784856 ], [ 6.026659, 50.774279 ], [ 6.018791, 50.763184 ], [ 6.020999, 50.754295 ], [ 6.039766, 50.745265 ], [ 6.04033, 50.738897 ], [ 6.033917, 50.729268 ], [ 6.037461, 50.719646 ], [ 6.041407, 50.719409 ], [ 6.044989, 50.727841 ], [ 6.059506, 50.724033 ], [ 6.07402, 50.721077 ], [ 6.090623, 50.722259 ], [ 6.102935, 50.722797 ], [ 6.116306, 50.720755 ], [ 6.123238, 50.712441 ], [ 6.125281, 50.705531 ], [ 6.142148, 50.68946 ], [ 6.145005, 50.681856 ], [ 6.160723, 50.671552 ], [ 6.166451, 50.662105 ], [ 6.183225, 50.650291 ], [ 6.194339, 50.657504 ], [ 6.19324, 50.664077 ], [ 6.196459, 50.659579 ], [ 6.195773, 50.656425 ], [ 6.178624, 50.644611 ], [ 6.167575, 50.643803 ], [ 6.18274, 50.632215 ], [ 6.180368, 50.628928 ], [ 6.176163, 50.627217 ], [ 6.176402, 50.625997 ], [ 6.182441, 50.624293 ], [ 6.188126, 50.627408 ], [ 6.187784, 50.629797 ], [ 6.194143, 50.633518 ], [ 6.20013, 50.631789 ], [ 6.217715, 50.631884 ], [ 6.235453, 50.625924 ], [ 6.251809, 50.62695 ], [ 6.261848, 50.628185 ], [ 6.268842, 50.625349 ], [ 6.268658, 50.619106 ], [ 6.261716, 50.611614 ], [ 6.248751, 50.604065 ], [ 6.248885, 50.597719 ], [ 6.241211, 50.588138 ], [ 6.225282, 50.589886 ], [ 6.219832, 50.582273 ], [ 6.207495, 50.575813 ], [ 6.202297, 50.569312 ], [ 6.189313, 50.566094 ], [ 6.175421, 50.557076 ], [ 6.178239, 50.553279 ], [ 6.178562, 50.542222 ], [ 6.18734, 50.540591 ], [ 6.197841, 50.53504 ], [ 6.196467, 50.531804 ], [ 6.188097, 50.527231 ], [ 6.192201, 50.521055 ], [ 6.206272, 50.520252 ], [ 6.221329, 50.503187 ], [ 6.221247, 50.497913 ], [ 6.225219, 50.495481 ], [ 6.251327, 50.503034 ], [ 6.259552, 50.499096 ], [ 6.269526, 50.503926 ], [ 6.280388, 50.502848 ], [ 6.285006, 50.498965 ], [ 6.297613, 50.497668 ], [ 6.30567, 50.500305 ], [ 6.309076, 50.501412 ], [ 6.314121, 50.499027 ], [ 6.314201, 50.497813 ], [ 6.315556, 50.497042 ], [ 6.330989, 50.492501 ], [ 6.335357, 50.489499 ], [ 6.348515, 50.488477 ], [ 6.341801, 50.483206 ], [ 6.338084, 50.474854 ], [ 6.343193, 50.468998 ], [ 6.341371, 50.461974 ], [ 6.350661, 50.457031 ], [ 6.36317, 50.454276 ], [ 6.371348, 50.45506 ], [ 6.374572, 50.451448 ], [ 6.377351, 50.438286 ], [ 6.375418, 50.43079 ], [ 6.367259, 50.419412 ], [ 6.369301, 50.40871 ], [ 6.35615, 50.391016 ], [ 6.343116, 50.380378 ], [ 6.360915, 50.37083 ], [ 6.369136, 50.358463 ], [ 6.397459, 50.345882 ], [ 6.400765, 50.33888 ], [ 6.407419, 50.334817 ], [ 6.405029, 50.323308 ], [ 6.383243, 50.321557 ], [ 6.373937, 50.313625 ], [ 6.361361, 50.314162 ], [ 6.36102, 50.312645 ], [ 6.359994, 50.308084 ], [ 6.355863, 50.309386 ], [ 6.350577, 50.312645 ], [ 6.342157, 50.317834 ], [ 6.335522, 50.318079 ], [ 6.333173, 50.322444 ], [ 6.327727, 50.323918 ], [ 6.318968, 50.319799 ], [ 6.31266, 50.321479 ], [ 6.307055, 50.31995 ], [ 6.308527, 50.312645 ], [ 6.308786, 50.311361 ], [ 6.296769, 50.308777 ], [ 6.29768, 50.302702 ], [ 6.286814, 50.293806 ], [ 6.286028, 50.284228 ], [ 6.29209, 50.278829 ], [ 6.278268, 50.266731 ], [ 6.276985, 50.266134 ], [ 6.271491, 50.267242 ], [ 6.26422, 50.264991 ], [ 6.257701, 50.267066 ], [ 6.246439, 50.262372 ], [ 6.235721, 50.261989 ], [ 6.227226, 50.258692 ], [ 6.223981, 50.258661 ], [ 6.22283, 50.257248 ], [ 6.215755, 50.256339 ], [ 6.206986, 50.25216 ], [ 6.200103, 50.242218 ], [ 6.197248, 50.238093 ], [ 6.178787, 50.236184 ], [ 6.173928, 50.231627 ], [ 6.176373, 50.226595 ], [ 6.16817, 50.2238 ], [ 6.166887, 50.220866 ], [ 6.177133, 50.216562 ], [ 6.187617, 50.205333 ], [ 6.184698, 50.192088 ], [ 6.189608, 50.18739 ], [ 6.187119, 50.183944 ], [ 6.192752, 50.181874 ], [ 6.184346, 50.178584 ], [ 6.164673, 50.178634 ], [ 6.161192, 50.174624 ], [ 6.157326, 50.172014 ], [ 6.1518, 50.176308 ], [ 6.14667, 50.17688 ], [ 6.146517, 50.170732 ], [ 6.140763, 50.168058 ], [ 6.146594, 50.161945 ], [ 6.146373, 50.15916 ], [ 6.142424, 50.156135 ], [ 6.13292, 50.154636 ], [ 6.140755, 50.148755 ], [ 6.148383, 50.151351 ], [ 6.152872, 50.15009 ], [ 6.153587, 50.141307 ], [ 6.148595, 50.136594 ], [ 6.139574, 50.134697 ], [ 6.138363, 50.131322 ], [ 6.137663, 50.129951 ], [ 6.136025, 50.124406 ], [ 6.129998, 50.121238 ], [ 6.128407, 50.117185 ], [ 6.134026, 50.112931 ], [ 6.131417, 50.108017 ], [ 6.134476, 50.103834 ], [ 6.125905, 50.099597 ], [ 6.131939, 50.093555 ], [ 6.120976, 50.091924 ], [ 6.121721, 50.081492 ], [ 6.117208, 50.074783 ], [ 6.120273, 50.0729 ], [ 6.125449, 50.076191 ], [ 6.12852, 50.073459 ], [ 6.120019, 50.065459 ], [ 6.113852, 50.064161 ], [ 6.11293, 50.059728 ], [ 6.116836, 50.056711 ], [ 6.12295, 50.059257 ], [ 6.121947, 50.0532 ], [ 6.133469, 50.041918 ], [ 6.130352, 50.029988 ], [ 6.145437, 50.023096 ], [ 6.139154, 50.017514 ], [ 6.133209, 50.016929 ], [ 6.137516, 50.011724 ], [ 6.148929, 50.009082 ], [ 6.145051, 49.999213 ], [ 6.138778, 49.998325 ], [ 6.142317, 49.995269 ], [ 6.150279, 49.993897 ], [ 6.153523, 49.989421 ], [ 6.170785, 49.985062 ], [ 6.168426, 49.980691 ], [ 6.166236, 49.976819 ], [ 6.165562, 49.970143 ], [ 6.169984, 49.963945 ], [ 6.175965, 49.961284 ], [ 6.178145, 49.954469 ], [ 6.184643, 49.954483 ], [ 6.186418, 49.95624 ], [ 6.182477, 49.964656 ], [ 6.186348, 49.967759 ], [ 6.191368, 49.96798 ], [ 6.19781, 49.948414 ], [ 6.204656, 49.955029 ], [ 6.212738, 49.950409 ], [ 6.223908, 49.949939 ], [ 6.21768, 49.944764 ], [ 6.226278, 49.937083 ], [ 6.224221, 49.933547 ], [ 6.226168, 49.929389 ], [ 6.218166, 49.922972 ], [ 6.229163, 49.92057 ], [ 6.233824, 49.914188 ], [ 6.227901, 49.910466 ], [ 6.235511, 49.899188 ], [ 6.245091, 49.895631 ], [ 6.259114, 49.883592 ], [ 6.273394, 49.877274 ], [ 6.282625, 49.878051 ], [ 6.291358, 49.873755 ], [ 6.296916, 49.866934 ], [ 6.310884, 49.869374 ], [ 6.314417, 49.85989 ], [ 6.321324, 49.853286 ], [ 6.320431, 49.840618 ], [ 6.32966, 49.836219 ], [ 6.336781, 49.839546 ], [ 6.341664, 49.848526 ], [ 6.362473, 49.850703 ], [ 6.3668, 49.849109 ], [ 6.38468, 49.832746 ], [ 6.391356, 49.828172 ], [ 6.40138, 49.820233 ], [ 6.424518, 49.815681 ], [ 6.42959, 49.811431 ], [ 6.440628, 49.813721 ], [ 6.451925, 49.811424 ], [ 6.453642, 49.811353 ], [ 6.467115, 49.820991 ], [ 6.474963, 49.821275 ], [ 6.487749, 49.812491 ], [ 6.5045, 49.809529 ], [ 6.510999, 49.802852 ], [ 6.514818, 49.804073 ], [ 6.520244, 49.812478 ], [ 6.528974, 49.80936 ], [ 6.529847, 49.805135 ], [ 6.521937, 49.797977 ], [ 6.506618, 49.790076 ], [ 6.51623, 49.782641 ], [ 6.51038, 49.775205 ], [ 6.513787, 49.771639 ], [ 6.51862, 49.762449 ], [ 6.500949, 49.752029 ], [ 6.501991, 49.733136 ], [ 6.516073, 49.724192 ], [ 6.511913, 49.721571 ], [ 6.503278, 49.726264 ], [ 6.496135, 49.725452 ], [ 6.505614, 49.716715 ], [ 6.507019, 49.71264 ], [ 6.496614, 49.709777 ], [ 6.479331, 49.696425 ], [ 6.461425, 49.691918 ], [ 6.456157, 49.686823 ], [ 6.449795, 49.680668 ], [ 6.431087, 49.669448 ], [ 6.426078, 49.663689 ], [ 6.431823, 49.660463 ], [ 6.438462, 49.659261 ], [ 6.440376, 49.655138 ], [ 6.422796, 49.622295 ], [ 6.401848, 49.604409 ], [ 6.392385, 49.600335 ], [ 6.382234, 49.597528 ], [ 6.374119, 49.590037 ], [ 6.381204, 49.57831 ], [ 6.377827, 49.576885 ], [ 6.36751, 49.578383 ], [ 6.360493, 49.575562 ], [ 6.358123, 49.57232 ], [ 6.375675, 49.561906 ], [ 6.381594, 49.557433 ], [ 6.380053, 49.551105 ], [ 6.361044, 49.536368 ], [ 6.357295, 49.529599 ], [ 6.364542, 49.509744 ], [ 6.367488, 49.501671 ], [ 6.367322, 49.487652 ], [ 6.367108, 49.469507 ], [ 6.37615, 49.464454 ], [ 6.403586, 49.465916 ], [ 6.421942, 49.476059 ], [ 6.430542, 49.475242 ], [ 6.44055, 49.466709 ], [ 6.445127, 49.467472 ], [ 6.455477, 49.463147 ], [ 6.464954, 49.465489 ], [ 6.484658, 49.452608 ], [ 6.484861, 49.452485 ], [ 6.486288, 49.451621 ], [ 6.491887, 49.451262 ], [ 6.494784, 49.450662 ], [ 6.496877, 49.450535 ], [ 6.499368, 49.450383 ], [ 6.507799, 49.445881 ], [ 6.523433, 49.436356 ], [ 6.535297, 49.434124 ], [ 6.540518, 49.432539 ], [ 6.556986, 49.419208 ], [ 6.547553, 49.41709 ], [ 6.538859, 49.411952 ], [ 6.537684, 49.408325 ], [ 6.540795, 49.401244 ], [ 6.551191, 49.399553 ], [ 6.552251, 49.394215 ], [ 6.56458, 49.388931 ], [ 6.575463, 49.389057 ], [ 6.584729, 49.385045 ], [ 6.584571, 49.369774 ], [ 6.594331, 49.370608 ], [ 6.599628, 49.367007 ], [ 6.588639, 49.351447 ], [ 6.580163, 49.356109 ], [ 6.569197, 49.357882 ], [ 6.564397, 49.355571 ], [ 6.565626, 49.348587 ], [ 6.576593, 49.340437 ], [ 6.578394, 49.334962 ], [ 6.586071, 49.336291 ], [ 6.595596, 49.330057 ], [ 6.589122, 49.322058 ], [ 6.600058, 49.315124 ], [ 6.603939, 49.312663 ], [ 6.614833, 49.302319 ], [ 6.623676, 49.302511 ], [ 6.632268, 49.29575 ], [ 6.638957, 49.294977 ], [ 6.644642, 49.289781 ], [ 6.650697, 49.287741 ], [ 6.65337, 49.281237 ], [ 6.660115, 49.283666 ], [ 6.668967, 49.279972 ], [ 6.666459, 49.27666 ], [ 6.667041, 49.269494 ], [ 6.661093, 49.261527 ], [ 6.662083, 49.257467 ], [ 6.665999, 49.254762 ], [ 6.675617, 49.256857 ], [ 6.683726, 49.253108 ], [ 6.68964, 49.247774 ], [ 6.685462, 49.243618 ], [ 6.690225, 49.230574 ], [ 6.688911, 49.222694 ], [ 6.694534, 49.216449 ], [ 6.706427, 49.216651 ], [ 6.719739, 49.221108 ], [ 6.723466, 49.218829 ], [ 6.725658, 49.214372 ], [ 6.731445, 49.205956 ], [ 6.728715, 49.203073 ], [ 6.723183, 49.198779 ], [ 6.711209, 49.188342 ], [ 6.719255, 49.176829 ], [ 6.729467, 49.169655 ], [ 6.738333, 49.16415 ], [ 6.747837, 49.16604 ], [ 6.76171, 49.165057 ], [ 6.77395, 49.167513 ], [ 6.789836, 49.166385 ], [ 6.795629, 49.1631 ], [ 6.834567, 49.151311 ], [ 6.836599, 49.152221 ], [ 6.843889, 49.155497 ], [ 6.846756, 49.157521 ], [ 6.84584, 49.160265 ], [ 6.845038, 49.172669 ], [ 6.858174, 49.175094 ], [ 6.861058, 49.178549 ], [ 6.85842, 49.18613 ], [ 6.850545, 49.193514 ], [ 6.851152, 49.20084 ], [ 6.837608, 49.212933 ], [ 6.860298, 49.222449 ], [ 6.874277, 49.214666 ], [ 6.885114, 49.211459 ], [ 6.894613, 49.210124 ], [ 6.901018, 49.213534 ], [ 6.912235, 49.215691 ], [ 6.922518, 49.223064 ], [ 6.937564, 49.221941 ], [ 6.944369, 49.213831 ], [ 6.953567, 49.20611 ], [ 6.960228, 49.20371 ], [ 6.975461, 49.209078 ], [ 6.993062, 49.200424 ], [ 6.999481, 49.194463 ], [ 7.008366, 49.193533 ], [ 7.011397, 49.188563 ], [ 7.015555, 49.191272 ], [ 7.020522, 49.192598 ], [ 7.023754, 49.189856 ], [ 7.034149, 49.190776 ], [ 7.033373, 49.182374 ], [ 7.029436, 49.176727 ], [ 7.027893, 49.170471 ], [ 7.032816, 49.163266 ], [ 7.032712, 49.156505 ], [ 7.046303, 49.137116 ], [ 7.045231, 49.128598 ], [ 7.0465, 49.117104 ], [ 7.051522, 49.113382 ], [ 7.057565, 49.112251 ], [ 7.066576, 49.114739 ], [ 7.072579, 49.12448 ], [ 7.090204, 49.131696 ], [ 7.083144, 49.140852 ], [ 7.082349, 49.151259 ], [ 7.094361, 49.152824 ], [ 7.101069, 49.155998 ], [ 7.112189, 49.15159 ], [ 7.103696, 49.144972 ], [ 7.104058, 49.13839 ], [ 7.125564, 49.141391 ], [ 7.131592, 49.13222 ], [ 7.132425, 49.13157 ], [ 7.135771, 49.12896 ], [ 7.158749, 49.120634 ], [ 7.163395, 49.126852 ], [ 7.185371, 49.13042 ], [ 7.19543, 49.122088 ], [ 7.198331, 49.115234 ], [ 7.208375, 49.124222 ], [ 7.243783, 49.129679 ], [ 7.249114, 49.127293 ], [ 7.264476, 49.123154 ], [ 7.282374, 49.123662 ], [ 7.283267, 49.117146 ], [ 7.293177, 49.114907 ], [ 7.304165, 49.124188 ], [ 7.310211, 49.129439 ], [ 7.315325, 49.138091 ], [ 7.32896, 49.14431 ], [ 7.35924, 49.143679 ], [ 7.362788, 49.145212 ], [ 7.36249, 49.148638 ], [ 7.36263, 49.155888 ], [ 7.368756, 49.161458 ], [ 7.365548, 49.171224 ], [ 7.381125, 49.175028 ], [ 7.38186, 49.175129 ], [ 7.410692, 49.179259 ], [ 7.445647, 49.184151 ], [ 7.436297, 49.179504 ], [ 7.436443, 49.177381 ], [ 7.440472, 49.174669 ], [ 7.441393, 49.17205 ], [ 7.439524, 49.170224 ], [ 7.433379, 49.168062 ], [ 7.433029, 49.16599 ], [ 7.435516, 49.164623 ], [ 7.439341, 49.164596 ], [ 7.44839, 49.168544 ], [ 7.453841, 49.166911 ], [ 7.457046, 49.164142 ], [ 7.461081, 49.163457 ], [ 7.468992, 49.167594 ], [ 7.48054, 49.169435 ], [ 7.491762, 49.16948 ], [ 7.493791, 49.167735 ], [ 7.495429, 49.15646 ], [ 7.506157, 49.15356 ], [ 7.50532, 49.150826 ], [ 7.497826, 49.146382 ], [ 7.494792, 49.142073 ], [ 7.490093, 49.14132 ], [ 7.489566, 49.136474 ], [ 7.497494, 49.134296 ], [ 7.505443, 49.123111 ], [ 7.515891, 49.120213 ], [ 7.52352, 49.106064 ], [ 7.529457, 49.102054 ], [ 7.528678, 49.097092 ], [ 7.537796, 49.096414 ], [ 7.535693, 49.093595 ], [ 7.540452, 49.091102 ], [ 7.54459, 49.088438 ], [ 7.549793, 49.085839 ], [ 7.555743, 49.083548 ], [ 7.558835, 49.082244 ], [ 7.568662, 49.079879 ], [ 7.598144, 49.082955 ], [ 7.605983, 49.081258 ], [ 7.61866, 49.074799 ], [ 7.630032, 49.072677 ], [ 7.631861, 49.05558 ], [ 7.635651, 49.05395 ], [ 7.648257, 49.051334 ], [ 7.673469, 49.045397 ], [ 7.681416, 49.048665 ], [ 7.697299, 49.049631 ], [ 7.697162, 49.051761 ], [ 7.692451, 49.054118 ], [ 7.694245, 49.056701 ], [ 7.695949, 49.057797 ], [ 7.704815, 49.056043 ], [ 7.708943, 49.052931 ], [ 7.716685, 49.053529 ], [ 7.721526, 49.051639 ], [ 7.730576, 49.055037 ], [ 7.732053, 49.044367 ], [ 7.734878, 49.044207 ], [ 7.741313, 49.046956 ], [ 7.759253, 49.045557 ], [ 7.766064, 49.046781 ], [ 7.774353, 49.054704 ], [ 7.776525, 49.056737 ], [ 7.778496, 49.057637 ], [ 7.783817, 49.058336 ], [ 7.789047, 49.058925 ], [ 7.795718, 49.065085 ], [ 7.809623, 49.061185 ], [ 7.818649, 49.054299 ], [ 7.830873, 49.047665 ], [ 7.850356, 49.043113 ], [ 7.8524, 49.037552 ], [ 7.855464, 49.035346 ], [ 7.867369, 49.033013 ], [ 7.874792, 49.040594 ], [ 7.888204, 49.048324 ], [ 7.902913, 49.044865 ], [ 7.910655, 49.045163 ], [ 7.914571, 49.041004 ], [ 7.921124, 49.042703 ], [ 7.933512, 49.057584 ], [ 7.945294, 49.054316 ], [ 7.946371, 49.049978 ], [ 7.957767, 49.043422 ], [ 7.964402, 49.042877 ], [ 7.975433, 49.027549 ], [ 7.982954, 49.026459 ], [ 7.9971, 49.028643 ], [ 8.011362, 49.024857 ], [ 8.013869, 49.02175 ], [ 8.023283, 49.018097 ], [ 8.030272, 49.018565 ], [ 8.041689, 49.015789 ], [ 8.050422, 49.013191 ], [ 8.063054, 49.005489 ], [ 8.068213, 48.999375 ], [ 8.068408, 48.999316 ], [ 8.070497, 48.996822 ], [ 8.091439, 48.989389 ], [ 8.103881, 48.989419 ], [ 8.113442, 48.986139 ], [ 8.123819, 48.985232 ], [ 8.132869, 48.981158 ], [ 8.147476, 48.977652 ], [ 8.162429, 48.977553 ], [ 8.163095, 48.977618 ], [ 8.174468, 48.978835 ], [ 8.194234, 48.976471 ], [ 8.1965, 48.969327 ], [ 8.199517, 48.96773 ], [ 8.216205, 48.975071 ], [ 8.223701, 48.975344 ], [ 8.228161, 48.972167 ], [ 8.232633, 48.966571 ], [ 8.227932, 48.965158 ], [ 8.202893, 48.959794 ], [ 8.198663, 48.958129 ], [ 8.196393, 48.956501 ], [ 8.193614, 48.953957 ], [ 8.19177, 48.951629 ], [ 8.187387, 48.945372 ], [ 8.169518, 48.925454 ], [ 8.168563, 48.924531 ], [ 8.165498, 48.921573 ], [ 8.163855, 48.919981 ], [ 8.159639, 48.915973 ], [ 8.155765, 48.91229 ], [ 8.153488, 48.90991 ], [ 8.14655, 48.902291 ], [ 8.141641, 48.896047 ], [ 8.130357, 48.880481 ], [ 8.121471, 48.86496 ], [ 8.119894, 48.861613 ], [ 8.115654, 48.852616 ], [ 8.109546, 48.836663 ], [ 8.106406, 48.828458 ], [ 8.105921, 48.826609 ], [ 8.104708, 48.822592 ], [ 8.103828, 48.820122 ], [ 8.101174, 48.815926 ], [ 8.094315, 48.808346 ], [ 8.087041, 48.802033 ], [ 8.084135, 48.79984 ], [ 8.072218, 48.7924 ], [ 8.063228, 48.789527 ], [ 8.058331, 48.789008 ], [ 8.041777, 48.790672 ], [ 8.030779, 48.787541 ], [ 8.026109, 48.782883 ], [ 8.023144, 48.769082 ], [ 8.017481, 48.762811 ], [ 8.005392, 48.75918 ], [ 7.983017, 48.761115 ], [ 7.973622, 48.758808 ], [ 7.968909, 48.753709 ], [ 7.967155, 48.746727 ], [ 7.967005, 48.745466 ], [ 7.967066, 48.740154 ], [ 7.967736, 48.729816 ], [ 7.959631, 48.718581 ], [ 7.924439, 48.69042 ], [ 7.896262, 48.667236 ], [ 7.889976, 48.662598 ], [ 7.881261, 48.658451 ], [ 7.861735, 48.650592 ], [ 7.8524, 48.648073 ], [ 7.848097, 48.646911 ], [ 7.844785, 48.645392 ], [ 7.841996, 48.643732 ], [ 7.839741, 48.641276 ], [ 7.83804, 48.638859 ], [ 7.836115, 48.634089 ], [ 7.835976, 48.633676 ], [ 7.83011, 48.619814 ], [ 7.800859, 48.58545 ], [ 7.805343, 48.56006 ], [ 7.803266, 48.537174 ], [ 7.806197, 48.517949 ], [ 7.801326, 48.507854 ], [ 7.791531, 48.49998 ], [ 7.781949, 48.496389 ], [ 7.77147, 48.49246 ], [ 7.770243, 48.491395 ], [ 7.768201, 48.489662 ], [ 7.766949, 48.48713 ], [ 7.76712, 48.478516 ], [ 7.767105, 48.474945 ], [ 7.766535, 48.46516 ], [ 7.7664, 48.463916 ], [ 7.766025, 48.460463 ], [ 7.765038, 48.45661 ], [ 7.762853, 48.451029 ], [ 7.76167, 48.448499 ], [ 7.75345, 48.434565 ], [ 7.752297, 48.43261 ], [ 7.744839, 48.419548 ], [ 7.733689, 48.398712 ], [ 7.731039, 48.383001 ], [ 7.736126, 48.362626 ], [ 7.738671, 48.354656 ], [ 7.739142, 48.353241 ], [ 7.743428, 48.340356 ], [ 7.745174, 48.335108 ], [ 7.745615, 48.332548 ], [ 7.745218, 48.329765 ], [ 7.744639, 48.327811 ], [ 7.74345, 48.325466 ], [ 7.741834, 48.323599 ], [ 7.739842, 48.321731 ], [ 7.737081, 48.31961 ], [ 7.704977, 48.309507 ], [ 7.693549, 48.301509 ], [ 7.680713, 48.257267 ], [ 7.679576, 48.254183 ], [ 7.671983, 48.234557 ], [ 7.665095, 48.220155 ], [ 7.647228, 48.209692 ], [ 7.641872, 48.204009 ], [ 7.637076, 48.195778 ], [ 7.629519, 48.183705 ], [ 7.615178, 48.170879 ], [ 7.611366, 48.167607 ], [ 7.599795, 48.155742 ], [ 7.600365, 48.140684 ], [ 7.597283, 48.134299 ], [ 7.57792, 48.121392 ], [ 7.548895, 48.122421 ], [ 7.518594, 48.127765 ], [ 7.517452, 48.130518 ], [ 7.515354, 48.133134 ], [ 7.514986, 48.139639 ], [ 7.5181, 48.143241 ], [ 7.520334, 48.149495 ], [ 7.512994, 48.149029 ], [ 7.510414, 48.152579 ], [ 7.478597, 48.156474 ], [ 7.47014, 48.160172 ], [ 7.471177, 48.167201 ], [ 7.46842, 48.169768 ], [ 7.471988, 48.1734 ], [ 7.472767, 48.182225 ], [ 7.474183, 48.183604 ], [ 7.475001, 48.185572 ], [ 7.473195, 48.186839 ], [ 7.47245, 48.189311 ], [ 7.47232, 48.192111 ], [ 7.473545, 48.197734 ], [ 7.476943, 48.203533 ], [ 7.451809, 48.210988 ], [ 7.442797, 48.217983 ], [ 7.435471, 48.217865 ], [ 7.414311, 48.224908 ], [ 7.405939, 48.226152 ], [ 7.401677, 48.231541 ], [ 7.361473, 48.243588 ], [ 7.353989, 48.247977 ], [ 7.325368, 48.244898 ], [ 7.311693, 48.253388 ], [ 7.31429, 48.262433 ], [ 7.321104, 48.261969 ], [ 7.331721, 48.269894 ], [ 7.333979, 48.272507 ], [ 7.330237, 48.2729 ], [ 7.318847, 48.271059 ], [ 7.316714, 48.270618 ], [ 7.315561, 48.269136 ], [ 7.312656, 48.268538 ], [ 7.309709, 48.268762 ], [ 7.304112, 48.268064 ], [ 7.300339, 48.269071 ], [ 7.297051, 48.268323 ], [ 7.295189, 48.270618 ], [ 7.29212, 48.270981 ], [ 7.290282, 48.27295 ], [ 7.290548, 48.2742 ], [ 7.300705, 48.280692 ], [ 7.300951, 48.282574 ], [ 7.297996, 48.286716 ], [ 7.292808, 48.28825 ], [ 7.291108, 48.289538 ], [ 7.290491, 48.290734 ], [ 7.290798, 48.293839 ], [ 7.282216, 48.296597 ], [ 7.275262, 48.304967 ], [ 7.265388, 48.303847 ], [ 7.259561, 48.305204 ], [ 7.254697, 48.305961 ], [ 7.242674, 48.302961 ], [ 7.234222, 48.308871 ], [ 7.217248, 48.310787 ], [ 7.203351, 48.309893 ], [ 7.198287, 48.310471 ], [ 7.193615, 48.302025 ], [ 7.185804, 48.30151 ], [ 7.184022, 48.300637 ], [ 7.176815, 48.299366 ], [ 7.174997, 48.298099 ], [ 7.172444, 48.297483 ], [ 7.175647, 48.289116 ], [ 7.163197, 48.280068 ], [ 7.158502, 48.268347 ], [ 7.157752, 48.267522 ], [ 7.154025, 48.265297 ], [ 7.15154, 48.265398 ], [ 7.147737, 48.264391 ], [ 7.147372, 48.261299 ], [ 7.14627, 48.259587 ], [ 7.143188, 48.259227 ], [ 7.141519, 48.257944 ], [ 7.140946, 48.25477 ], [ 7.139024, 48.253677 ], [ 7.139034, 48.250253 ], [ 7.13609, 48.248446 ], [ 7.13304, 48.247534 ], [ 7.133554, 48.245937 ], [ 7.132649, 48.242821 ], [ 7.134102, 48.237763 ], [ 7.132425, 48.237144 ], [ 7.130474, 48.236424 ], [ 7.129656, 48.231909 ], [ 7.129922, 48.228925 ], [ 7.128527, 48.226189 ], [ 7.126809, 48.225088 ], [ 7.125642, 48.221172 ], [ 7.123194, 48.216497 ], [ 7.119971, 48.215142 ], [ 7.115379, 48.212086 ], [ 7.115626, 48.210364 ], [ 7.117637, 48.208031 ], [ 7.112868, 48.204486 ], [ 7.108081, 48.20297 ], [ 7.10777, 48.201766 ], [ 7.105562, 48.20046 ], [ 7.108401, 48.197597 ], [ 7.106283, 48.194304 ], [ 7.091772, 48.184813 ], [ 7.086364, 48.183542 ], [ 7.083336, 48.177443 ], [ 7.082289, 48.172699 ], [ 7.077562, 48.170921 ], [ 7.079193, 48.164837 ], [ 7.065228, 48.146374 ], [ 7.060249, 48.14385 ], [ 7.058575, 48.138256 ], [ 7.070133, 48.129883 ], [ 7.084162, 48.129216 ], [ 7.084504, 48.125553 ], [ 7.083931, 48.122199 ], [ 7.078272, 48.111454 ], [ 7.076708, 48.108483 ], [ 7.071953, 48.107954 ], [ 7.070403, 48.10644 ], [ 7.051655, 48.082603 ], [ 7.047596, 48.080064 ], [ 7.041404, 48.078862 ], [ 7.037405, 48.078086 ], [ 7.036261, 48.076555 ], [ 7.031714, 48.07381 ], [ 7.029797, 48.071905 ], [ 7.029878, 48.066046 ], [ 7.022876, 48.063624 ], [ 7.024228, 48.061453 ], [ 7.022514, 48.058054 ], [ 7.023406, 48.055991 ], [ 7.01862, 48.055056 ], [ 7.014221, 48.047891 ], [ 7.012321, 48.046165 ], [ 7.011693, 48.044388 ], [ 7.009746, 48.04289 ], [ 7.010828, 48.041451 ], [ 7.014892, 48.038811 ], [ 7.016024, 48.037189 ], [ 7.010835, 48.034308 ], [ 7.010887, 48.030905 ], [ 7.00233, 48.022915 ], [ 6.989917, 48.018967 ], [ 6.98154, 48.00942 ], [ 6.973007, 48.008143 ], [ 6.961899, 48.000857 ], [ 6.953211, 48.002557 ], [ 6.945909, 48.000301 ], [ 6.944046, 47.991994 ], [ 6.943539, 47.990115 ], [ 6.945104, 47.987306 ], [ 6.941825, 47.984327 ], [ 6.943762, 47.980377 ], [ 6.931597, 47.972294 ], [ 6.925554, 47.959249 ], [ 6.92649, 47.957681 ], [ 6.923528, 47.954464 ], [ 6.923824, 47.952471 ], [ 6.920032, 47.944439 ], [ 6.925068, 47.929271 ], [ 6.912352, 47.918375 ], [ 6.92514, 47.916912 ], [ 6.928007, 47.91048 ], [ 6.926158, 47.90667 ], [ 6.917889, 47.902478 ], [ 6.918458, 47.898407 ], [ 6.897513, 47.890005 ], [ 6.898589, 47.884711 ], [ 6.908612, 47.882264 ], [ 6.904936, 47.878601 ], [ 6.907135, 47.871286 ], [ 6.907663, 47.86443 ], [ 6.91937, 47.858139 ], [ 6.920041, 47.850286 ], [ 6.916847, 47.847394 ], [ 6.914423, 47.846453 ], [ 6.907021, 47.845977 ], [ 6.902882, 47.842986 ], [ 6.900333, 47.840358 ], [ 6.89794, 47.839208 ], [ 6.89709, 47.83479 ], [ 6.89609, 47.832971 ], [ 6.893517, 47.833199 ], [ 6.8886, 47.833633 ], [ 6.884981, 47.83166 ], [ 6.87922, 47.831495 ], [ 6.877446, 47.830113 ], [ 6.874867, 47.829171 ], [ 6.8676, 47.829453 ], [ 6.863389, 47.827139 ], [ 6.858106, 47.823246 ], [ 6.851344, 47.824724 ], [ 6.846176, 47.822942 ], [ 6.841607, 47.818886 ], [ 6.842623, 47.813113 ], [ 6.84959, 47.807091 ], [ 6.85028, 47.799451 ], [ 6.860936, 47.793193 ], [ 6.864964, 47.784604 ], [ 6.871522, 47.781601 ], [ 6.877879, 47.782479 ], [ 6.881924, 47.782097 ], [ 6.891691, 47.778337 ], [ 6.893517, 47.778005 ], [ 6.902087, 47.776444 ], [ 6.907542, 47.777716 ], [ 6.911233, 47.777887 ], [ 6.91398, 47.777193 ], [ 6.92232, 47.772387 ], [ 6.9229, 47.771746 ], [ 6.924516, 47.769864 ], [ 6.926778, 47.769501 ], [ 6.931652, 47.769703 ], [ 6.934656, 47.77159 ], [ 6.940435, 47.771564 ], [ 6.943526, 47.76653 ], [ 6.945947, 47.765212 ], [ 6.952461, 47.764053 ], [ 6.955493, 47.760509 ], [ 6.960603, 47.75936 ], [ 6.96385, 47.756415 ], [ 6.973157, 47.751751 ], [ 6.981089, 47.751239 ], [ 6.998426, 47.745825 ], [ 7.004168, 47.744288 ], [ 7.007224, 47.742589 ], [ 7.012852, 47.741282 ], [ 7.015783, 47.743462 ], [ 7.020594, 47.734439 ], [ 7.022366, 47.732565 ], [ 7.025448, 47.73118 ], [ 7.026874, 47.729186 ], [ 7.028967, 47.728695 ], [ 7.032083, 47.726183 ], [ 7.03493, 47.724401 ], [ 7.037415, 47.721552 ], [ 7.02757, 47.705371 ], [ 7.027287, 47.70134 ], [ 7.032787, 47.699392 ], [ 7.033838, 47.695738 ], [ 7.038648, 47.69258 ], [ 7.036348, 47.692223 ], [ 7.038637, 47.68794 ], [ 7.041404, 47.68788 ], [ 7.041404, 47.686419 ], [ 7.047749, 47.682931 ], [ 7.041404, 47.678044 ], [ 7.037636, 47.675142 ], [ 7.041404, 47.672587 ], [ 7.041663, 47.672411 ], [ 7.046318, 47.671501 ], [ 7.044401, 47.668696 ], [ 7.04169, 47.667454 ], [ 7.041404, 47.666752 ], [ 7.040752, 47.66515 ], [ 7.035527, 47.663378 ], [ 7.035602, 47.661979 ], [ 7.03419, 47.66109 ], [ 7.037934, 47.653161 ], [ 7.039243, 47.650389 ], [ 7.0198, 47.650679 ], [ 7.016569, 47.645043 ], [ 7.013602, 47.62997 ], [ 7.010525, 47.630149 ], [ 7.005929, 47.62892 ], [ 7.006653, 47.626434 ], [ 7.007605, 47.620961 ], [ 7.005057, 47.619592 ], [ 7.010008, 47.604737 ], [ 7.005955, 47.602446 ], [ 7.009217, 47.599387 ], [ 7.012266, 47.599837 ], [ 7.020211, 47.595121 ], [ 7.020475, 47.593148 ], [ 7.016514, 47.591985 ], [ 7.019565, 47.588533 ], [ 7.024637, 47.589214 ], [ 7.025422, 47.59268 ], [ 7.033725, 47.594838 ], [ 7.041404, 47.600953 ], [ 7.055626, 47.598881 ], [ 7.064995, 47.600819 ], [ 7.07093, 47.597133 ], [ 7.074024, 47.59887 ], [ 7.074356, 47.598859 ], [ 7.077239, 47.598071 ], [ 7.078396, 47.596851 ], [ 7.08106, 47.596112 ], [ 7.08108, 47.594084 ], [ 7.085383, 47.593052 ], [ 7.086429, 47.585535 ], [ 7.088895, 47.58372 ], [ 7.090206, 47.581866 ], [ 7.090374, 47.579601 ], [ 7.093104, 47.577372 ], [ 7.094354, 47.573491 ], [ 7.10454, 47.56942 ], [ 7.107529, 47.558578 ], [ 7.107117, 47.55611 ], [ 7.108152, 47.554415 ], [ 7.10808, 47.552112 ], [ 7.106213, 47.551332 ], [ 7.118781, 47.547598 ], [ 7.131571, 47.540285 ], [ 7.13278, 47.53965 ], [ 7.137888, 47.530651 ], [ 7.139802, 47.526066 ], [ 7.14217, 47.525022 ], [ 7.136982, 47.508961 ], [ 7.130353, 47.50304 ], [ 7.111858, 47.495105 ], [ 7.100375, 47.494323 ], [ 7.096733, 47.495144 ], [ 7.074878, 47.488167 ], [ 7.070399, 47.492266 ], [ 7.062912, 47.494523 ], [ 7.041404, 47.496993 ], [ 7.036975, 47.497501 ], [ 7.036247, 47.499012 ], [ 7.02724, 47.501331 ], [ 7.024406, 47.504223 ], [ 7.005752, 47.501121 ], [ 6.982914, 47.49427 ], [ 6.988263, 47.487132 ], [ 6.988503, 47.473049 ], [ 6.992925, 47.471248 ], [ 6.991028, 47.468094 ], [ 6.991778, 47.466427 ], [ 7.000361, 47.466877 ], [ 6.999806, 47.46426 ], [ 7.001092, 47.461761 ], [ 6.997882, 47.458112 ], [ 7.00093, 47.453931 ], [ 6.995177, 47.449616 ], [ 6.970294, 47.44706 ], [ 6.968622, 47.443209 ], [ 6.966236, 47.437717 ], [ 6.96365, 47.435699 ], [ 6.957753, 47.433727 ], [ 6.954619, 47.435077 ], [ 6.951431, 47.434794 ], [ 6.939186, 47.433704 ], [ 6.941564, 47.416425 ], [ 6.9386, 47.406479 ], [ 6.917306, 47.405472 ], [ 6.915494, 47.398185 ], [ 6.909542, 47.396183 ], [ 6.911592, 47.390411 ], [ 6.913669, 47.389457 ], [ 6.91194, 47.386184 ], [ 6.905181, 47.382942 ], [ 6.894964, 47.381668 ], [ 6.893517, 47.380472 ], [ 6.884208, 47.372779 ], [ 6.879806, 47.35244 ], [ 6.893517, 47.356528 ], [ 6.901031, 47.358768 ], [ 6.921085, 47.355643 ], [ 6.935272, 47.357589 ], [ 6.974494, 47.360295 ], [ 6.989558, 47.363479 ], [ 7.002289, 47.366003 ], [ 7.012344, 47.372795 ], [ 7.033652, 47.367877 ], [ 7.035263, 47.364029 ], [ 7.041404, 47.363742 ], [ 7.043546, 47.363642 ], [ 7.048783, 47.361211 ], [ 7.05213, 47.35279 ], [ 7.050806, 47.347728 ], [ 7.060693, 47.343711 ], [ 7.052925, 47.336899 ], [ 7.055385, 47.333779 ], [ 7.046177, 47.32728 ], [ 7.041404, 47.327738 ], [ 7.034439, 47.328407 ], [ 7.026481, 47.326329 ], [ 7.012471, 47.324687 ], [ 7.009739, 47.324367 ], [ 7.015738, 47.313931 ], [ 7.007401, 47.301307 ], [ 6.995833, 47.29645 ], [ 6.977681, 47.295967 ], [ 6.973467, 47.291978 ], [ 6.947144, 47.290889 ], [ 6.944653, 47.288868 ], [ 6.941606, 47.285071 ], [ 6.951384, 47.268978 ], [ 6.947223, 47.252312 ], [ 6.955139, 47.243168 ], [ 6.944129, 47.238166 ], [ 6.942345, 47.234574 ], [ 6.928717, 47.228403 ], [ 6.92214, 47.221814 ], [ 6.893108, 47.20779 ], [ 6.889445, 47.20507 ], [ 6.880163, 47.199736 ], [ 6.873119, 47.185731 ], [ 6.867084, 47.184397 ], [ 6.861417, 47.179352 ], [ 6.841931, 47.170795 ], [ 6.845693, 47.166522 ], [ 6.858914, 47.165294 ], [ 6.849073, 47.156382 ], [ 6.826486, 47.144176 ], [ 6.824744, 47.141918 ], [ 6.820372, 47.140281 ], [ 6.817475, 47.137504 ], [ 6.80921, 47.134956 ], [ 6.804551, 47.13046 ], [ 6.792386, 47.126999 ], [ 6.7899, 47.126011 ], [ 6.778876, 47.123478 ], [ 6.775303, 47.121059 ], [ 6.770147, 47.121235 ], [ 6.765147, 47.120334 ], [ 6.752417, 47.114559 ], [ 6.747775, 47.110306 ], [ 6.744139, 47.109615 ], [ 6.740527, 47.107355 ], [ 6.745838, 47.096671 ], [ 6.739036, 47.090488 ], [ 6.725713, 47.091177 ], [ 6.716057, 47.088108 ], [ 6.704259, 47.081938 ], [ 6.70662, 47.078738 ], [ 6.70531, 47.074448 ], [ 6.692625, 47.066926 ], [ 6.701134, 47.059368 ], [ 6.719744, 47.052322 ], [ 6.698959, 47.038803 ], [ 6.696806, 47.037498 ], [ 6.686503, 47.03741 ], [ 6.677939, 47.035229 ], [ 6.657628, 47.025437 ], [ 6.642157, 47.004802 ], [ 6.633715, 46.998545 ], [ 6.616761, 46.991798 ], [ 6.600058, 46.992388 ], [ 6.596142, 46.992527 ], [ 6.591931, 46.990787 ], [ 6.584231, 46.987606 ], [ 6.563462, 46.979594 ], [ 6.519358, 46.970838 ], [ 6.506622, 46.966593 ], [ 6.496692, 46.974193 ], [ 6.491356, 46.970638 ], [ 6.48602, 46.96717 ], [ 6.481333, 46.964123 ], [ 6.472528, 46.956867 ], [ 6.471653, 46.955627 ], [ 6.470278, 46.953682 ], [ 6.466265, 46.950457 ], [ 6.462081, 46.947094 ], [ 6.459481, 46.943073 ], [ 6.44475, 46.93341 ], [ 6.437663, 46.930484 ], [ 6.43275, 46.928455 ], [ 6.4337, 46.926328 ], [ 6.435789, 46.92165 ], [ 6.437663, 46.920337 ], [ 6.441225, 46.917843 ], [ 6.44469, 46.914095 ], [ 6.447453, 46.911106 ], [ 6.463925, 46.890982 ], [ 6.462804, 46.875541 ], [ 6.461319, 46.86219 ], [ 6.460011, 46.851551 ], [ 6.455199, 46.846142 ], [ 6.452782, 46.843427 ], [ 6.448786, 46.838936 ], [ 6.445785, 46.835564 ], [ 6.442506, 46.831878 ], [ 6.439606, 46.824123 ], [ 6.439847, 46.822361 ], [ 6.440681, 46.816265 ], [ 6.437663, 46.815038 ], [ 6.434817, 46.813881 ], [ 6.430997, 46.812328 ], [ 6.43463, 46.80204 ], [ 6.437663, 46.799943 ], [ 6.441697, 46.797756 ], [ 6.457559, 46.788251 ], [ 6.451692, 46.773987 ], [ 6.438902, 46.766372 ], [ 6.438022, 46.763626 ], [ 6.439425, 46.762573 ], [ 6.437663, 46.76145 ], [ 6.427585, 46.755727 ], [ 6.417144, 46.752765 ], [ 6.400105, 46.75018 ], [ 6.394243, 46.747538 ], [ 6.389507, 46.743605 ], [ 6.39118, 46.737976 ], [ 6.385485, 46.732109 ], [ 6.371773, 46.730469 ], [ 6.370677, 46.724266 ], [ 6.36511, 46.722364 ], [ 6.360242, 46.723087 ], [ 6.357447, 46.719856 ], [ 6.354225, 46.718422 ], [ 6.353103, 46.716379 ], [ 6.352425, 46.715145 ], [ 6.349044, 46.714256 ], [ 6.347572, 46.713444 ], [ 6.342011, 46.710377 ], [ 6.332536, 46.707598 ], [ 6.327806, 46.706211 ], [ 6.324136, 46.706039 ], [ 6.307402, 46.698585 ], [ 6.298217, 46.694492 ], [ 6.295784, 46.694378 ], [ 6.283109, 46.690456 ], [ 6.277881, 46.686645 ], [ 6.270489, 46.683201 ], [ 6.268796, 46.677691 ], [ 6.257278, 46.669784 ], [ 6.23476, 46.655632 ], [ 6.22739, 46.648258 ], [ 6.219426, 46.644909 ], [ 6.217114, 46.643394 ], [ 6.217125, 46.641937 ], [ 6.212792, 46.640632 ], [ 6.182067, 46.621154 ], [ 6.175133, 46.613983 ], [ 6.166078, 46.610431 ], [ 6.161225, 46.609901 ], [ 6.153778, 46.60376 ], [ 6.149139, 46.602367 ], [ 6.14225, 46.598274 ], [ 6.138842, 46.597118 ], [ 6.126114, 46.589473 ], [ 6.121744, 46.584015 ], [ 6.110961, 46.576656 ], [ 6.138106, 46.557667 ], [ 6.156464, 46.545257 ], [ 6.149878, 46.540117 ], [ 6.15233, 46.535901 ], [ 6.145555, 46.52937 ], [ 6.136655, 46.529649 ], [ 6.120833, 46.516945 ], [ 6.117114, 46.513618 ], [ 6.112961, 46.509903 ], [ 6.111182, 46.50672 ], [ 6.110051, 46.504698 ], [ 6.103137, 46.49233 ], [ 6.098042, 46.483216 ], [ 6.097133, 46.48159 ], [ 6.073584, 46.465272 ], [ 6.075754, 46.453255 ], [ 6.086244, 46.443146 ], [ 6.085442, 46.44062 ], [ 6.084172, 46.439564 ], [ 6.074908, 46.431843 ], [ 6.073986, 46.428394 ], [ 6.070261, 46.424865 ], [ 6.064003, 46.416229 ], [ 6.09682, 46.408754 ], [ 6.105283, 46.400296 ], [ 6.110051, 46.399311 ], [ 6.11749, 46.397773 ], [ 6.149385, 46.378025 ], [ 6.154907, 46.377654 ], [ 6.158578, 46.379539 ], [ 6.170136, 46.366436 ], [ 6.160857, 46.358931 ], [ 6.158022, 46.350967 ], [ 6.148843, 46.342921 ], [ 6.138893, 46.338858 ], [ 6.139208, 46.33464 ], [ 6.137697, 46.33313 ], [ 6.131448, 46.324661 ], [ 6.125608, 46.31723 ], [ 6.124369, 46.317268 ], [ 6.119092, 46.307716 ], [ 6.121142, 46.297168 ], [ 6.110051, 46.289895 ], [ 6.102367, 46.284855 ], [ 6.104297, 46.278487 ], [ 6.110051, 46.274509 ], [ 6.112014, 46.273152 ], [ 6.111519, 46.269592 ], [ 6.116042, 46.265663 ], [ 6.12009, 46.26115 ], [ 6.12358, 46.250572 ], [ 6.110051, 46.240737 ], [ 6.101817, 46.237537 ], [ 6.088136, 46.247043 ], [ 6.069425, 46.241623 ], [ 6.060805, 46.244773 ], [ 6.046336, 46.231437 ], [ 6.042397, 46.233104 ], [ 6.033722, 46.238426 ], [ 6.025193, 46.233238 ], [ 6.019175, 46.231731 ], [ 6.016678, 46.23183 ], [ 6.002056, 46.220772 ], [ 5.992633, 46.221917 ], [ 5.992403, 46.216046 ], [ 5.979978, 46.216827 ], [ 5.974414, 46.214752 ], [ 5.969946, 46.207091 ], [ 5.971828, 46.202304 ], [ 5.964203, 46.198032 ], [ 5.963678, 46.196972 ], [ 5.991522, 46.186835 ], [ 5.994443, 46.183094 ], [ 5.992292, 46.176872 ], [ 5.988286, 46.171694 ], [ 5.982242, 46.172202 ], [ 5.976212, 46.160331 ], [ 5.973344, 46.156177 ], [ 5.965136, 46.145195 ], [ 5.965555, 46.137442 ], [ 5.956067, 46.132095 ], [ 5.957289, 46.127952 ], [ 5.975761, 46.132799 ], [ 5.980358, 46.135879 ], [ 5.982158, 46.137142 ], [ 5.982542, 46.140526 ], [ 5.982725, 46.142139 ], [ 5.993811, 46.14412 ], [ 6.024367, 46.140705 ], [ 6.03507, 46.136905 ], [ 6.047811, 46.140945 ], [ 6.052395, 46.150832 ], [ 6.074559, 46.149307 ], [ 6.091844, 46.151668 ], [ 6.099434, 46.144442 ], [ 6.110051, 46.14289 ], [ 6.126619, 46.140468 ], [ 6.131312, 46.140831 ], [ 6.135542, 46.141159 ], [ 6.141607, 46.146108 ], [ 6.146694, 46.14592 ], [ 6.15286, 46.151645 ], [ 6.175417, 46.158142 ], [ 6.188245, 46.166488 ], [ 6.186103, 46.178226 ], [ 6.199156, 46.184743 ], [ 6.206987, 46.191869 ], [ 6.214244, 46.193794 ], [ 6.223854, 46.201416 ], [ 6.230119, 46.203563 ], [ 6.234057, 46.205805 ], [ 6.242428, 46.205079 ], [ 6.245008, 46.206554 ], [ 6.249403, 46.205774 ], [ 6.263326, 46.212508 ], [ 6.276372, 46.215248 ], [ 6.278709, 46.216498 ], [ 6.280815, 46.217625 ], [ 6.291728, 46.223465 ], [ 6.294464, 46.22493 ], [ 6.309408, 46.243334 ], [ 6.306877, 46.251757 ], [ 6.308533, 46.255024 ], [ 6.295236, 46.255954 ], [ 6.294095, 46.258281 ], [ 6.296544, 46.26368 ], [ 6.294878, 46.264599 ], [ 6.283399, 46.25444 ], [ 6.267746, 46.248257 ], [ 6.250052, 46.262295 ], [ 6.238528, 46.276594 ], [ 6.238724, 46.282014 ], [ 6.24429, 46.285083 ], [ 6.251282, 46.288406 ], [ 6.251883, 46.291679 ], [ 6.247723, 46.301826 ], [ 6.241372, 46.304565 ], [ 6.235408, 46.306564 ], [ 6.219547, 46.311878 ], [ 6.231694, 46.329429 ], [ 6.237908, 46.338527 ], [ 6.24136, 46.343582 ], [ 6.252957, 46.36042 ], [ 6.271937, 46.370413 ], [ 6.277528, 46.373357 ], [ 6.3223, 46.39693 ], [ 6.33519, 46.403717 ], [ 6.351013, 46.405832 ], [ 6.378552, 46.409514 ], [ 6.392847, 46.411425 ], [ 6.422694, 46.415415 ], [ 6.425619, 46.415806 ], [ 6.437663, 46.421033 ], [ 6.504831, 46.450174 ], [ 6.511764, 46.453182 ], [ 6.519104, 46.456367 ], [ 6.535993, 46.456156 ], [ 6.586156, 46.45553 ], [ 6.594868, 46.455421 ], [ 6.600058, 46.455356 ], [ 6.626891, 46.455021 ], [ 6.65571, 46.454661 ], [ 6.673565, 46.454438 ], [ 6.681858, 46.454334 ], [ 6.757069, 46.439649 ], [ 6.779446, 46.43528 ], [ 6.812691, 46.428789 ], [ 6.815887, 46.428165 ], [ 6.821064, 46.427154 ], [ 6.805194, 46.394069 ], [ 6.802156, 46.387443 ], [ 6.805812, 46.380006 ], [ 6.800903, 46.375137 ], [ 6.791808, 46.367608 ], [ 6.77983, 46.365972 ], [ 6.772642, 46.361831 ], [ 6.770763, 46.354736 ], [ 6.774675, 46.347286 ], [ 6.779126, 46.344059 ], [ 6.785359, 46.333057 ], [ 6.796885, 46.331741 ], [ 6.800626, 46.320506 ], [ 6.807896, 46.320025 ], [ 6.819344, 46.315338 ], [ 6.821397, 46.313095 ], [ 6.824806, 46.31192 ], [ 6.830028, 46.306053 ], [ 6.828208, 46.302776 ], [ 6.828747, 46.301079 ], [ 6.830533, 46.299843 ], [ 6.834328, 46.299793 ], [ 6.836042, 46.297466 ], [ 6.839811, 46.295051 ], [ 6.843517, 46.294292 ], [ 6.8453, 46.291153 ], [ 6.847147, 46.289982 ], [ 6.850881, 46.290249 ], [ 6.854509, 46.291795 ], [ 6.858924, 46.290432 ], [ 6.864179, 46.280325 ], [ 6.859429, 46.273476 ], [ 6.859348, 46.265379 ], [ 6.854517, 46.258896 ], [ 6.85337, 46.253392 ], [ 6.840085, 46.247674 ], [ 6.832247, 46.235997 ], [ 6.820745, 46.229969 ], [ 6.821667, 46.223461 ], [ 6.819747, 46.221263 ], [ 6.816611, 46.219883 ], [ 6.813328, 46.215122 ], [ 6.810092, 46.213886 ], [ 6.810081, 46.212192 ], [ 6.808381, 46.211075 ], [ 6.803564, 46.203136 ], [ 6.804961, 46.200405 ], [ 6.806975, 46.196468 ], [ 6.812422, 46.181419 ], [ 6.807331, 46.177849 ], [ 6.806088, 46.174172 ], [ 6.805625, 46.172802 ], [ 6.795594, 46.165563 ], [ 6.792314, 46.163196 ], [ 6.792775, 46.15982 ], [ 6.790425, 46.154316 ], [ 6.798266, 46.13709 ], [ 6.807176, 46.135794 ], [ 6.815217, 46.129322 ], [ 6.819328, 46.131069 ], [ 6.823955, 46.131417 ], [ 6.839103, 46.132557 ], [ 6.841544, 46.132034 ], [ 6.844452, 46.128713 ], [ 6.852693, 46.126483 ], [ 6.875739, 46.125477 ], [ 6.8824, 46.123401 ], [ 6.890011, 46.124952 ], [ 6.893517, 46.124621 ], [ 6.899467, 46.124058 ], [ 6.893957, 46.113531 ], [ 6.89437, 46.107412 ], [ 6.893517, 46.10617 ], [ 6.88358, 46.094859 ], [ 6.891191, 46.084763 ], [ 6.889038, 46.078404 ], [ 6.891464, 46.073879 ], [ 6.887847, 46.073192 ], [ 6.884264, 46.070636 ], [ 6.880819, 46.069454 ], [ 6.873081, 46.055568 ], [ 6.872631, 46.052047 ], [ 6.877886, 46.046757 ], [ 6.890327, 46.043286 ], [ 6.893517, 46.046463 ], [ 6.894832, 46.047773 ], [ 6.909127, 46.051236 ], [ 6.923472, 46.063992 ], [ 6.93304, 46.066117 ], [ 6.936752, 46.063921 ], [ 6.936353, 46.055291 ], [ 6.943003, 46.051413 ], [ 6.949742, 46.051731 ], [ 6.962906, 46.030536 ], [ 6.966925, 46.030333 ], [ 6.980269, 46.020228 ], [ 6.986302, 46.004623 ], [ 6.997086, 45.999886 ], [ 7.00506, 46.000664 ], [ 7.0088, 45.998458 ], [ 7.012639, 45.987894 ], [ 7.022242, 45.980541 ], [ 7.021739, 45.977234 ], [ 7.011218, 45.973096 ], [ 7.010206, 45.970457 ], [ 7.009708, 45.96916 ], [ 7.018932, 45.960165 ], [ 7.036744, 45.954488 ], [ 7.036069, 45.938346 ], [ 7.041404, 45.928705 ], [ 7.044886, 45.922413 ], [ 7.061899, 45.911966 ], [ 7.064717, 45.900304 ], [ 7.075851, 45.894832 ], [ 7.080692, 45.885237 ], [ 7.093904, 45.876689 ], [ 7.093109, 45.871992 ], [ 7.101175, 45.85927 ], [ 7.118102, 45.859758 ], [ 7.131159, 45.8671 ], [ 7.136316, 45.872774 ], [ 7.153544, 45.879249 ], [ 7.16257, 45.877079 ], [ 7.162984, 45.870926 ], [ 7.173279, 45.864142 ], [ 7.190603, 45.858679 ], [ 7.193669, 45.859885 ], [ 7.199882, 45.862942 ], [ 7.197964, 45.869414 ], [ 7.199842, 45.87452 ], [ 7.21491, 45.883903 ], [ 7.217558, 45.888789 ], [ 7.229123, 45.891532 ], [ 7.2411, 45.890313 ], [ 7.248674, 45.892725 ], [ 7.253144, 45.888465 ], [ 7.257402, 45.88898 ], [ 7.269397, 45.898416 ], [ 7.276695, 45.901308 ], [ 7.285749, 45.915449 ], [ 7.294443, 45.921779 ], [ 7.302047, 45.917591 ], [ 7.315485, 45.916135 ], [ 7.318733, 45.911885 ], [ 7.323411, 45.910478 ], [ 7.345318, 45.914438 ], [ 7.355599, 45.91038 ], [ 7.360533, 45.904146 ], [ 7.37396, 45.900377 ], [ 7.382476, 45.896971 ], [ 7.386804, 45.897507 ], [ 7.395289, 45.903189 ], [ 7.400765, 45.910505 ], [ 7.411368, 45.909187 ], [ 7.428457, 45.916382 ], [ 7.444769, 45.931097 ], [ 7.455439, 45.932681 ], [ 7.460186, 45.935366 ], [ 7.472752, 45.935175 ], [ 7.472397, 45.947638 ], [ 7.487446, 45.95581 ], [ 7.493474, 45.956233 ], [ 7.498821, 45.961691 ], [ 7.507827, 45.958469 ], [ 7.516666, 45.961963 ], [ 7.527511, 45.956924 ], [ 7.540248, 45.955875 ], [ 7.54602, 45.961717 ], [ 7.543483, 45.970457 ], [ 7.54196, 45.975702 ], [ 7.546757, 45.984266 ], [ 7.551407, 45.98638 ], [ 7.574703, 45.987574 ], [ 7.579167, 45.984596 ], [ 7.584532, 45.972165 ], [ 7.600262, 45.970457 ], [ 7.610396, 45.969356 ], [ 7.614023, 45.970457 ], [ 7.619487, 45.972115 ], [ 7.637879, 45.970457 ], [ 7.639865, 45.970457 ], [ 7.65777, 45.976223 ], [ 7.665065, 45.975215 ], [ 7.670301, 45.970457 ], [ 7.676593, 45.96474 ], [ 7.680218, 45.957687 ], [ 7.697992, 45.954312 ], [ 7.708684, 45.94837 ], [ 7.707922, 45.935344 ], [ 7.71307, 45.928737 ], [ 7.721181, 45.9239 ], [ 7.735098, 45.92399 ], [ 7.749734, 45.940434 ], [ 7.768459, 45.93703 ], [ 7.789592, 45.925484 ], [ 7.799518, 45.917126 ], [ 7.820843, 45.926562 ], [ 7.837316, 45.921995 ], [ 7.8524, 45.920651 ], [ 7.858208, 45.920385 ], [ 7.864077, 45.91675 ], [ 7.872853, 45.920784 ], [ 7.877138, 45.926955 ], [ 7.868961, 45.937701 ], [ 7.870504, 45.94624 ], [ 7.876867, 45.949858 ], [ 7.875925, 45.957803 ], [ 7.881457, 45.964674 ], [ 7.879004, 45.970457 ], [ 7.877898, 45.973063 ], [ 7.893711, 45.979033 ], [ 7.90868, 45.996936 ], [ 7.958501, 45.996289 ], [ 7.976445, 45.999099 ], [ 7.989095, 45.995933 ], [ 8.001367, 46.011479 ], [ 8.012413, 46.01197 ], [ 8.011533, 46.019516 ], [ 8.016751, 46.025335 ], [ 8.013199, 46.03166 ], [ 8.022477, 46.0388 ], [ 8.034584, 46.044325 ], [ 8.022409, 46.069642 ], [ 8.034763, 46.100836 ], [ 8.055666, 46.101698 ], [ 8.066858, 46.105373 ], [ 8.082004, 46.105753 ], [ 8.108233, 46.111628 ], [ 8.113757, 46.118453 ], [ 8.116756, 46.130651 ], [ 8.127307, 46.135584 ], [ 8.143111, 46.136537 ], [ 8.149614, 46.140608 ], [ 8.154405, 46.147308 ], [ 8.149714, 46.158177 ], [ 8.150731, 46.163843 ], [ 8.158976, 46.173863 ], [ 8.165285, 46.176915 ], [ 8.164545, 46.182904 ], [ 8.15333, 46.192093 ], [ 8.151307, 46.202268 ], [ 8.14357, 46.211979 ], [ 8.138878, 46.226148 ], [ 8.125655, 46.229318 ], [ 8.12101, 46.23507 ], [ 8.11394, 46.237918 ], [ 8.110153, 46.248724 ], [ 8.101618, 46.249468 ], [ 8.100099, 46.252226 ], [ 8.087718, 46.254242 ], [ 8.081297, 46.260283 ], [ 8.085545, 46.262638 ], [ 8.086852, 46.266532 ], [ 8.097242, 46.271742 ], [ 8.105557, 46.279043 ], [ 8.114847, 46.282528 ], [ 8.122122, 46.292588 ], [ 8.141117, 46.301929 ], [ 8.161413, 46.296219 ], [ 8.178929, 46.2977 ], [ 8.192903, 46.303503 ], [ 8.196174, 46.302298 ], [ 8.198751, 46.30225 ], [ 8.200894, 46.303468 ], [ 8.20539, 46.306022 ], [ 8.211447, 46.30958 ], [ 8.215544, 46.319823 ], [ 8.223927, 46.325246 ], [ 8.222575, 46.330356 ], [ 8.225289, 46.334609 ], [ 8.235311, 46.339989 ], [ 8.248801, 46.340805 ], [ 8.253399, 46.346066 ], [ 8.261697, 46.346355 ], [ 8.260976, 46.348727 ], [ 8.265306, 46.3527 ], [ 8.261589, 46.360926 ], [ 8.263599, 46.363535 ], [ 8.272436, 46.366357 ], [ 8.283918, 46.364267 ], [ 8.29986, 46.37368 ], [ 8.312294, 46.377192 ], [ 8.318741, 46.386126 ], [ 8.31472, 46.390012 ], [ 8.316792, 46.394962 ], [ 8.314333, 46.39976 ], [ 8.309494, 46.403188 ], [ 8.304053, 46.402578 ], [ 8.288934, 46.408109 ], [ 8.297943, 46.413854 ], [ 8.307492, 46.425851 ], [ 8.314217, 46.423848 ], [ 8.324515, 46.425651 ], [ 8.363651, 46.450462 ], [ 8.373044, 46.452746 ], [ 8.379908, 46.451019 ], [ 8.384717, 46.452158 ], [ 8.392911, 46.452235 ], [ 8.408292, 46.45852 ], [ 8.43955, 46.464149 ], [ 8.449412, 46.461924 ], [ 8.45417, 46.454525 ], [ 8.46199, 46.450707 ], [ 8.465797, 46.44263 ], [ 8.458293, 46.435379 ], [ 8.460129, 46.428873 ], [ 8.457244, 46.423117 ], [ 8.467536, 46.412313 ], [ 8.463687, 46.403963 ], [ 8.470206, 46.396198 ], [ 8.461548, 46.387184 ], [ 8.465672, 46.380778 ], [ 8.468816, 46.362107 ], [ 8.4621, 46.353088 ], [ 8.464363, 46.344654 ], [ 8.463964, 46.333007 ], [ 8.453332, 46.321647 ], [ 8.443722, 46.319494 ], [ 8.440534, 46.304119 ], [ 8.42774, 46.2983 ], [ 8.435859, 46.286301 ], [ 8.449833, 46.273943 ], [ 8.454949, 46.265183 ], [ 8.443193, 46.254769 ], [ 8.444527, 46.248877 ], [ 8.447274, 46.247899 ], [ 8.45018, 46.248159 ], [ 8.453751, 46.247513 ], [ 8.459006, 46.246029 ], [ 8.46077, 46.244779 ], [ 8.464107, 46.24455 ], [ 8.468684, 46.232895 ], [ 8.492918, 46.228886 ], [ 8.50015, 46.225962 ], [ 8.512344, 46.221029 ], [ 8.527189, 46.220098 ], [ 8.532116, 46.217678 ], [ 8.536821, 46.2037 ], [ 8.542448, 46.197376 ], [ 8.552552, 46.192343 ], [ 8.555312, 46.186127 ], [ 8.563876, 46.183263 ], [ 8.569695, 46.177058 ], [ 8.575136, 46.16368 ], [ 8.586085, 46.16193 ], [ 8.589604, 46.156634 ], [ 8.602554, 46.15475 ], [ 8.593536, 46.14369 ], [ 8.609285, 46.132708 ], [ 8.611172, 46.124527 ], [ 8.613787, 46.121732 ], [ 8.628893, 46.122331 ], [ 8.634235, 46.122406 ], [ 8.637725, 46.12262 ], [ 8.64021, 46.122772 ], [ 8.645524, 46.123601 ], [ 8.648031, 46.123326 ], [ 8.6479, 46.122534 ], [ 8.658932, 46.112583 ], [ 8.670086, 46.109362 ], [ 8.678164, 46.110156 ], [ 8.685803, 46.10257 ], [ 8.698031, 46.101609 ], [ 8.713936, 46.097272 ], [ 8.718101, 46.101722 ], [ 8.720006, 46.104322 ], [ 8.721613, 46.106516 ], [ 8.724405, 46.110327 ], [ 8.726499, 46.111794 ], [ 8.730262, 46.114273 ], [ 8.742331, 46.122222 ], [ 8.755803, 46.104922 ], [ 8.760832, 46.101496 ], [ 8.783475, 46.094434 ], [ 8.798764, 46.094946 ], [ 8.807908, 46.100398 ], [ 8.847517, 46.075753 ], [ 8.852114, 46.075641 ], [ 8.854179, 46.068576 ], [ 8.854595, 46.061591 ], [ 8.844192, 46.048514 ], [ 8.834534, 46.051369 ], [ 8.830439, 46.047353 ], [ 8.828817, 46.046469 ], [ 8.831932, 46.045659 ], [ 8.835439, 46.043775 ], [ 8.832709, 46.040569 ], [ 8.830034, 46.041611 ], [ 8.828167, 46.034228 ], [ 8.82715, 46.03228 ], [ 8.819678, 46.025497 ], [ 8.80638, 46.021685 ], [ 8.797105, 46.01219 ], [ 8.793095, 46.008108 ], [ 8.792185, 46.005696 ], [ 8.789968, 45.999819 ], [ 8.785907, 45.989075 ], [ 8.795643, 45.991642 ], [ 8.812843, 45.990338 ], [ 8.821861, 45.987296 ], [ 8.823593, 45.987667 ], [ 8.831052, 45.987497 ], [ 8.838226, 45.984122 ], [ 8.846822, 45.976175 ], [ 8.849476, 45.972981 ], [ 8.853716, 45.970386 ], [ 8.856726, 45.968545 ], [ 8.860079, 45.966495 ], [ 8.869067, 45.960878 ], [ 8.882593, 45.957028 ], [ 8.89283, 45.958566 ], [ 8.896574, 45.955017 ], [ 8.898391, 45.945393 ], [ 8.89737, 45.94327 ], [ 8.892959, 45.934105 ], [ 8.898169, 45.925656 ], [ 8.906114, 45.919064 ], [ 8.916289, 45.91446 ], [ 8.920251, 45.908961 ], [ 8.924843, 45.903702 ], [ 8.924937, 45.900855 ], [ 8.923448, 45.898799 ], [ 8.921917, 45.895202 ], [ 8.924145, 45.892224 ], [ 8.931781, 45.884913 ], [ 8.933775, 45.870333 ], [ 8.936713, 45.868106 ], [ 8.941843, 45.869608 ], [ 8.943887, 45.868323 ], [ 8.939358, 45.863737 ], [ 8.93141, 45.859798 ], [ 8.914226, 45.842229 ], [ 8.912147, 45.830445 ], [ 8.914916, 45.831864 ], [ 8.918117, 45.833206 ], [ 8.920476, 45.834196 ], [ 8.923734, 45.834113 ], [ 8.926589, 45.83328 ], [ 8.929035, 45.833375 ], [ 8.934195, 45.839272 ], [ 8.946799, 45.842778 ], [ 8.948806, 45.843434 ], [ 8.953155, 45.842318 ], [ 8.955774, 45.842909 ], [ 8.962274, 45.837943 ], [ 8.969984, 45.832353 ], [ 8.986298, 45.837907 ], [ 8.992107, 45.834877 ], [ 8.997488, 45.834944 ], [ 8.994115, 45.826208 ], [ 8.99458, 45.822636 ], [ 9.00676, 45.819791 ], [ 9.015922, 45.818362 ], [ 9.021332, 45.820693 ], [ 9.034462, 45.823017 ], [ 9.0318, 45.825136 ], [ 9.037105, 45.835433 ], [ 9.035432, 45.839658 ], [ 9.038652, 45.84203 ], [ 9.040703, 45.845759 ], [ 9.050775, 45.852212 ], [ 9.051365, 45.855521 ], [ 9.04942, 45.862048 ], [ 9.055845, 45.873922 ], [ 9.066333, 45.875962 ], [ 9.07784, 45.885057 ], [ 9.07813, 45.891205 ], [ 9.087715, 45.89699 ], [ 9.088997, 45.900647 ], [ 9.086842, 45.902205 ], [ 9.076932, 45.899299 ], [ 9.076347, 45.903385 ], [ 9.07645, 45.910761 ], [ 9.068193, 45.91291 ], [ 9.060029, 45.916444 ], [ 9.059059, 45.920367 ], [ 9.04953, 45.921159 ], [ 9.042515, 45.926953 ], [ 9.029843, 45.926504 ], [ 9.026158, 45.928747 ], [ 9.022943, 45.929012 ], [ 9.019358, 45.928368 ], [ 9.022036, 45.938087 ], [ 9.012199, 45.943784 ], [ 9.016443, 45.949145 ], [ 9.013567, 45.960102 ], [ 8.993706, 45.966988 ], [ 8.990087, 45.969917 ], [ 8.99107, 45.971641 ], [ 8.995256, 45.973313 ], [ 8.99611, 45.980011 ], [ 9.007638, 45.98081 ], [ 9.01233, 45.987936 ], [ 9.019571, 45.988393 ], [ 9.023726, 45.992501 ], [ 9.028461, 45.993626 ], [ 9.02451, 46.000762 ], [ 9.023456, 46.009386 ], [ 9.022543, 46.016856 ], [ 9.008128, 46.02946 ], [ 9.017824, 46.04977 ], [ 9.050367, 46.061991 ], [ 9.06225, 46.061088 ], [ 9.078315, 46.06532 ], [ 9.078811, 46.074345 ], [ 9.089433, 46.085693 ], [ 9.072518, 46.118103 ], [ 9.076874, 46.120143 ], [ 9.078689, 46.121241 ], [ 9.098557, 46.126818 ], [ 9.10486, 46.131701 ], [ 9.117079, 46.135406 ], [ 9.121476, 46.134818 ], [ 9.134435, 46.152633 ], [ 9.15561, 46.162093 ], [ 9.159378, 46.169601 ], [ 9.168667, 46.171363 ], [ 9.170447, 46.171743 ], [ 9.172747, 46.170943 ], [ 9.183523, 46.17053 ], [ 9.193406, 46.178465 ], [ 9.198089, 46.18701 ], [ 9.195174, 46.192873 ], [ 9.202173, 46.208306 ], [ 9.20839, 46.210055 ], [ 9.217987, 46.213881 ], [ 9.222399, 46.223798 ], [ 9.220907, 46.228893 ], [ 9.224787, 46.229649 ], [ 9.226826, 46.230364 ], [ 9.235531, 46.233416 ], [ 9.239757, 46.23232 ], [ 9.246439, 46.232037 ], [ 9.248532, 46.233768 ], [ 9.248358, 46.247533 ], [ 9.252118, 46.267392 ], [ 9.257742, 46.270779 ], [ 9.26001, 46.278528 ], [ 9.284598, 46.297346 ], [ 9.282296, 46.308779 ], [ 9.285289, 46.314388 ], [ 9.294097, 46.317425 ], [ 9.300142, 46.326456 ], [ 9.29268, 46.334983 ], [ 9.299384, 46.343376 ], [ 9.296675, 46.354529 ], [ 9.283208, 46.358103 ], [ 9.276073, 46.367811 ], [ 9.276224, 46.373723 ], [ 9.283519, 46.386295 ], [ 9.276155, 46.393808 ], [ 9.281713, 46.406659 ], [ 9.280415, 46.412273 ], [ 9.274534, 46.418845 ], [ 9.265197, 46.419998 ], [ 9.249791, 46.431403 ], [ 9.24742, 46.445805 ], [ 9.251896, 46.448949 ], [ 9.268319, 46.452928 ], [ 9.276332, 46.459922 ], [ 9.274097, 46.467149 ], [ 9.277244, 46.477727 ], [ 9.275172, 46.483737 ], [ 9.28274, 46.496695 ], [ 9.292663, 46.497662 ], [ 9.313222, 46.504251 ], [ 9.340403, 46.504621 ], [ 9.35473, 46.504816 ], [ 9.362347, 46.509505 ], [ 9.373434, 46.503551 ], [ 9.368888, 46.495019 ], [ 9.371115, 46.49019 ], [ 9.385794, 46.481308 ], [ 9.390522, 46.473269 ], [ 9.410789, 46.466791 ], [ 9.423646, 46.47642 ], [ 9.425639, 46.488778 ], [ 9.434064, 46.49748 ], [ 9.459013, 46.508112 ], [ 9.464343, 46.507782 ], [ 9.461471, 46.504548 ], [ 9.461037, 46.484844 ], [ 9.450727, 46.484283 ], [ 9.44955, 46.481678 ], [ 9.451619, 46.480158 ], [ 9.462248, 46.480472 ], [ 9.465038, 46.469451 ], [ 9.459076, 46.460407 ], [ 9.460322, 46.442836 ], [ 9.454626, 46.422137 ], [ 9.456304, 46.415916 ], [ 9.461309, 46.411533 ], [ 9.467863, 46.389533 ], [ 9.462304, 46.38278 ], [ 9.461712, 46.376057 ], [ 9.487314, 46.366163 ], [ 9.495418, 46.364159 ], [ 9.507861, 46.351093 ], [ 9.511965, 46.337246 ], [ 9.519615, 46.326176 ], [ 9.534497, 46.311719 ], [ 9.549576, 46.302338 ], [ 9.5587, 46.305978 ], [ 9.583036, 46.294285 ], [ 9.609229, 46.294313 ], [ 9.618854, 46.287913 ], [ 9.638206, 46.286361 ], [ 9.646775, 46.290083 ], [ 9.661095, 46.296302 ], [ 9.668557, 46.296859 ], [ 9.676306, 46.302428 ], [ 9.688211, 46.294267 ], [ 9.702515, 46.291237 ], [ 9.71415, 46.292708 ], [ 9.717711, 46.304334 ], [ 9.725589, 46.313084 ], [ 9.725411, 46.319457 ], [ 9.717798, 46.324005 ], [ 9.726473, 46.333299 ], [ 9.723928, 46.340488 ], [ 9.72647, 46.343813 ], [ 9.735846, 46.349878 ], [ 9.74316, 46.351187 ], [ 9.770273, 46.335985 ], [ 9.778153, 46.335655 ], [ 9.784634, 46.340906 ], [ 9.797873, 46.343606 ], [ 9.802361, 46.344521 ], [ 9.821303, 46.3519 ], [ 9.832074, 46.360988 ], [ 9.849923, 46.36408 ], [ 9.86957, 46.363218 ], [ 9.884457, 46.372948 ], [ 9.907832, 46.380506 ], [ 9.916497, 46.371503 ], [ 9.921314, 46.370624 ], [ 9.92573, 46.366601 ], [ 9.936785, 46.375479 ], [ 9.952126, 46.378829 ], [ 9.959241, 46.378124 ], [ 9.956827, 46.372947 ], [ 9.964442, 46.36422 ], [ 9.985602, 46.352319 ], [ 9.995907, 46.350657 ], [ 9.995503, 46.342607 ], [ 9.986133, 46.334288 ], [ 9.981078, 46.32368 ], [ 9.999714, 46.312253 ], [ 9.99714, 46.30715 ], [ 9.999875, 46.302378 ], [ 9.992358, 46.295129 ], [ 9.995852, 46.285693 ], [ 10.000578, 46.282931 ], [ 10.029369, 46.277174 ], [ 10.053595, 46.266546 ], [ 10.060569, 46.248229 ], [ 10.054282, 46.241782 ], [ 10.052609, 46.235308 ], [ 10.044623, 46.230538 ], [ 10.049475, 46.227355 ], [ 10.052048, 46.227544 ], [ 10.056232, 46.225165 ], [ 10.058613, 46.224974 ], [ 10.063083, 46.220194 ], [ 10.066216, 46.219656 ], [ 10.06693, 46.21799 ], [ 10.070594, 46.217118 ], [ 10.08339, 46.226206 ], [ 10.101429, 46.227781 ], [ 10.123197, 46.224237 ], [ 10.135604, 46.226256 ], [ 10.145536, 46.230657 ], [ 10.151602, 46.239923 ], [ 10.173625, 46.253883 ], [ 10.176525, 46.258276 ], [ 10.163414, 46.274439 ], [ 10.161619, 46.282456 ], [ 10.154748, 46.285811 ], [ 10.153496, 46.292864 ], [ 10.137526, 46.301086 ], [ 10.13877, 46.30303 ], [ 10.138354, 46.304616 ], [ 10.116108, 46.315011 ], [ 10.105076, 46.333311 ], [ 10.106067, 46.341246 ], [ 10.109434, 46.352139 ], [ 10.128858, 46.361546 ], [ 10.126625, 46.369683 ], [ 10.128804, 46.378336 ], [ 10.143784, 46.386283 ], [ 10.158954, 46.385749 ], [ 10.163372, 46.390377 ], [ 10.162581, 46.403216 ], [ 10.165535, 46.408848 ], [ 10.159631, 46.415397 ], [ 10.14973, 46.41363 ], [ 10.142828, 46.4277 ], [ 10.130933, 46.431499 ], [ 10.121179, 46.429684 ], [ 10.116745, 46.426591 ], [ 10.10792, 46.427606 ], [ 10.09906, 46.42147 ], [ 10.082181, 46.421233 ], [ 10.076571, 46.427957 ], [ 10.064953, 46.426344 ], [ 10.061274, 46.427875 ], [ 10.056374, 46.440096 ], [ 10.042331, 46.442366 ], [ 10.040124, 46.446511 ], [ 10.042636, 46.452984 ], [ 10.053332, 46.463265 ], [ 10.051123, 46.471899 ], [ 10.045188, 46.476962 ], [ 10.043541, 46.481328 ], [ 10.047628, 46.487389 ], [ 10.045304, 46.492616 ], [ 10.048079, 46.499618 ], [ 10.042649, 46.508658 ], [ 10.051112, 46.513421 ], [ 10.053798, 46.520873 ], [ 10.052145, 46.53202 ], [ 10.044183, 46.53798 ], [ 10.046767, 46.544044 ], [ 10.061344, 46.546246 ], [ 10.068338, 46.551377 ], [ 10.072015, 46.558995 ], [ 10.084154, 46.566458 ], [ 10.079385, 46.574597 ], [ 10.096009, 46.578561 ], [ 10.10063, 46.584439 ], [ 10.097488, 46.594589 ], [ 10.102128, 46.610741 ], [ 10.116972, 46.606434 ], [ 10.129339, 46.605863 ], [ 10.138654, 46.610582 ], [ 10.162837, 46.616059 ], [ 10.189741, 46.625657 ], [ 10.21514, 46.617604 ], [ 10.224318, 46.628953 ], [ 10.238169, 46.634675 ], [ 10.244875, 46.622092 ], [ 10.257951, 46.610434 ], [ 10.241563, 46.591571 ], [ 10.24643, 46.574601 ], [ 10.253709, 46.571852 ], [ 10.267277, 46.577213 ], [ 10.272972, 46.573452 ], [ 10.28596, 46.569932 ], [ 10.295303, 46.558092 ], [ 10.29457, 46.551444 ], [ 10.297072, 46.549717 ], [ 10.3116, 46.547254 ], [ 10.325451, 46.551081 ], [ 10.339814, 46.543265 ], [ 10.349139, 46.549064 ], [ 10.352248, 46.555092 ], [ 10.361864, 46.555457 ], [ 10.396776, 46.544424 ], [ 10.418313, 46.550631 ], [ 10.433619, 46.541319 ], [ 10.437734, 46.537096 ], [ 10.452801, 46.530683 ], [ 10.459729, 46.540795 ], [ 10.47159, 46.543989 ], [ 10.477136, 46.55657 ], [ 10.474713, 46.565383 ], [ 10.484005, 46.577064 ], [ 10.48714, 46.588232 ], [ 10.48441, 46.592809 ], [ 10.487127, 46.598224 ], [ 10.485222, 46.60558 ], [ 10.492064, 46.615386 ], [ 10.48582, 46.616676 ], [ 10.462424, 46.633073 ], [ 10.447543, 46.640492 ], [ 10.420933, 46.638277 ], [ 10.409829, 46.635469 ], [ 10.403213, 46.636694 ], [ 10.394089, 46.654637 ], [ 10.391464, 46.657772 ], [ 10.391778, 46.671973 ], [ 10.382582, 46.685132 ], [ 10.393742, 46.690152 ], [ 10.402981, 46.704611 ], [ 10.40999, 46.705465 ], [ 10.414053, 46.708183 ], [ 10.418266, 46.718342 ], [ 10.401189, 46.733578 ], [ 10.434379, 46.751826 ], [ 10.441708, 46.752107 ], [ 10.443812, 46.761754 ], [ 10.440909, 46.772845 ], [ 10.433057, 46.781883 ], [ 10.42272, 46.788243 ], [ 10.426986, 46.790342 ], [ 10.428937, 46.795993 ], [ 10.444669, 46.799972 ], [ 10.451635, 46.805844 ], [ 10.457007, 46.815351 ], [ 10.456275, 46.821402 ], [ 10.459531, 46.824716 ], [ 10.457576, 46.830435 ], [ 10.465868, 46.835982 ], [ 10.464962, 46.841951 ], [ 10.471081, 46.849148 ], [ 10.469652, 46.854909 ], [ 10.468342, 46.862025 ], [ 10.471011, 46.873611 ], [ 10.465608, 46.88487 ], [ 10.474599, 46.894105 ], [ 10.478848, 46.910029 ], [ 10.485552, 46.915175 ], [ 10.487815, 46.925763 ], [ 10.485969, 46.931 ], [ 10.489351, 46.93779 ], [ 10.477376, 46.940891 ], [ 10.456758, 46.951408 ], [ 10.432948, 46.956276 ], [ 10.427822, 46.956822 ], [ 10.422795, 46.96046 ], [ 10.427197, 46.972289 ], [ 10.425554, 46.976395 ], [ 10.411196, 46.983937 ], [ 10.397947, 46.996963 ], [ 10.389318, 47.000524 ], [ 10.371388, 46.991083 ], [ 10.355686, 46.992141 ], [ 10.348979, 46.990611 ], [ 10.330891, 46.965853 ], [ 10.327457, 46.954157 ], [ 10.311138, 46.950518 ], [ 10.308414, 46.948256 ], [ 10.306922, 46.939851 ], [ 10.316577, 46.93093 ], [ 10.316069, 46.925184 ], [ 10.313869, 46.925176 ], [ 10.309532, 46.925829 ], [ 10.307149, 46.925262 ], [ 10.303537, 46.925266 ], [ 10.300806, 46.92466 ], [ 10.299267, 46.923348 ], [ 10.296885, 46.919956 ], [ 10.293612, 46.921812 ], [ 10.257511, 46.929778 ], [ 10.25248, 46.930726 ], [ 10.241699, 46.931635 ], [ 10.24161, 46.919063 ], [ 10.23683, 46.914499 ], [ 10.233326, 46.902583 ], [ 10.226442, 46.895735 ], [ 10.227846, 46.890744 ], [ 10.234603, 46.884029 ], [ 10.232828, 46.871613 ], [ 10.230905, 46.866442 ], [ 10.206291, 46.864746 ], [ 10.194751, 46.866264 ], [ 10.180485, 46.855171 ], [ 10.168431, 46.851028 ], [ 10.157808, 46.848575 ], [ 10.144975, 46.851009 ], [ 10.139097, 46.847565 ], [ 10.122157, 46.847975 ], [ 10.118158, 46.844369 ], [ 10.10517, 46.84091 ], [ 10.102031, 46.844958 ], [ 10.100545, 46.846236 ], [ 10.098012, 46.847532 ], [ 10.096797, 46.84879 ], [ 10.092583, 46.852091 ], [ 10.091877, 46.857667 ], [ 10.087482, 46.860652 ], [ 10.053912, 46.862488 ], [ 10.051163, 46.865327 ], [ 10.05166, 46.87595 ], [ 10.033125, 46.888018 ], [ 10.02619, 46.89542 ], [ 10.017795, 46.900844 ], [ 10.004704, 46.899212 ], [ 9.989636, 46.903029 ], [ 9.982676, 46.906876 ], [ 9.977887, 46.91589 ], [ 9.966689, 46.912449 ], [ 9.957924, 46.915614 ], [ 9.945428, 46.912647 ], [ 9.938454, 46.913257 ], [ 9.921929, 46.918807 ], [ 9.913028, 46.925376 ], [ 9.905509, 46.92571 ], [ 9.894615, 46.931411 ], [ 9.876149, 46.934635 ], [ 9.879536, 46.939713 ], [ 9.87683, 46.941704 ], [ 9.875594, 46.949544 ], [ 9.878295, 46.955969 ], [ 9.87201, 46.963115 ], [ 9.875577, 46.972833 ], [ 9.883349, 46.980044 ], [ 9.884055, 46.984272 ], [ 9.891673, 46.989478 ], [ 9.888799, 47.000733 ], [ 9.872971, 47.007342 ], [ 9.87187, 47.012623 ], [ 9.879676, 47.017882 ], [ 9.876259, 47.020901 ], [ 9.86043, 47.022657 ], [ 9.852894, 47.016803 ], [ 9.83663, 47.013198 ], [ 9.830727, 47.014332 ], [ 9.822889, 47.019946 ], [ 9.810681, 47.022609 ], [ 9.801415, 47.028788 ], [ 9.797873, 47.029845 ], [ 9.793155, 47.031252 ], [ 9.783336, 47.038458 ], [ 9.749284, 47.037112 ], [ 9.742045, 47.042112 ], [ 9.718136, 47.043971 ], [ 9.70729, 47.048406 ], [ 9.708157, 47.052826 ], [ 9.696921, 47.052825 ], [ 9.686421, 47.056345 ], [ 9.681011, 47.061579 ], [ 9.677454, 47.061407 ], [ 9.658804, 47.058441 ], [ 9.646775, 47.059237 ], [ 9.636565, 47.051705 ], [ 9.619111, 47.053254 ], [ 9.607078, 47.060774 ], [ 9.602818, 47.061894 ], [ 9.587708, 47.055177 ], [ 9.556852, 47.049326 ], [ 9.552006, 47.057869 ], [ 9.539752, 47.065144 ], [ 9.530543, 47.063036 ], [ 9.511717, 47.057583 ], [ 9.500944, 47.057113 ], [ 9.497184, 47.055251 ], [ 9.492333, 47.056546 ], [ 9.484695, 47.050561 ], [ 9.479731, 47.055789 ], [ 9.476048, 47.051797 ], [ 9.472235, 47.061295 ], [ 9.472197, 47.063077 ], [ 9.472972, 47.064422 ], [ 9.474911, 47.06589 ], [ 9.512247, 47.085359 ], [ 9.514393, 47.086679 ], [ 9.515607, 47.08843 ], [ 9.519492, 47.097196 ], [ 9.520344, 47.10015 ], [ 9.52005, 47.10343 ], [ 9.517157, 47.115126 ], [ 9.51522, 47.121946 ], [ 9.509579, 47.139024 ], [ 9.503738, 47.147221 ], [ 9.499403, 47.151789 ], [ 9.495433, 47.156944 ], [ 9.486204, 47.178325 ], [ 9.487608, 47.190294 ], [ 9.489308, 47.19605 ], [ 9.490224, 47.198247 ], [ 9.49612, 47.206707 ], [ 9.499111, 47.210649 ], [ 9.499637, 47.212646 ], [ 9.500151, 47.216056 ], [ 9.501346, 47.219966 ], [ 9.502723, 47.222793 ], [ 9.50427, 47.224908 ], [ 9.510388, 47.23178 ], [ 9.521243, 47.245908 ], [ 9.529044, 47.26213 ], [ 9.529812, 47.269381 ], [ 9.530749, 47.270581 ], [ 9.543322, 47.278341 ], [ 9.546148, 47.279996 ], [ 9.551466, 47.287039 ], [ 9.554011, 47.293916 ], [ 9.554564, 47.29541 ], [ 9.555095, 47.296844 ], [ 9.556576, 47.298462 ], [ 9.559226, 47.300191 ], [ 9.565733, 47.304184 ], [ 9.570612, 47.306323 ], [ 9.58156, 47.311122 ], [ 9.583604, 47.312661 ], [ 9.588289, 47.317544 ], [ 9.589281, 47.319152 ], [ 9.59236, 47.327148 ], [ 9.594806, 47.333501 ], [ 9.596353, 47.33752 ], [ 9.599423, 47.345002 ], [ 9.600727, 47.346901 ], [ 9.605081, 47.351291 ], [ 9.613241, 47.357522 ], [ 9.619674, 47.362435 ], [ 9.62448, 47.366145 ], [ 9.646775, 47.367302 ], [ 9.649546, 47.367446 ], [ 9.661094, 47.370605 ], [ 9.669832, 47.37719 ], [ 9.673324, 47.382254 ], [ 9.673579, 47.391291 ], [ 9.672474, 47.392622 ], [ 9.670627, 47.393682 ], [ 9.668694, 47.394324 ], [ 9.66246, 47.396395 ], [ 9.660107, 47.397546 ], [ 9.657351, 47.400157 ], [ 9.654393, 47.4044 ], [ 9.651636, 47.404626 ], [ 9.651902, 47.408573 ], [ 9.650899, 47.416432 ], [ 9.650302, 47.421109 ], [ 9.649034, 47.424717 ], [ 9.646775, 47.4289 ], [ 9.645115, 47.432056 ], [ 9.644343, 47.435157 ], [ 9.644701, 47.436748 ], [ 9.646775, 47.43974 ], [ 9.650803, 47.442744 ], [ 9.658005, 47.447789 ], [ 9.659056, 47.449121 ], [ 9.65945, 47.451382 ], [ 9.651695, 47.454659 ], [ 9.646775, 47.455208 ], [ 9.622435, 47.457922 ], [ 9.611774, 47.468774 ], [ 9.607249, 47.470328 ], [ 9.602979, 47.46288 ], [ 9.594818, 47.463622 ], [ 9.583076, 47.481519 ], [ 9.576392, 47.486614 ], [ 9.565803, 47.492369 ], [ 9.564142, 47.493604 ], [ 9.562822, 47.495011 ], [ 9.561796, 47.496786 ], [ 9.56131, 47.498702 ], [ 9.561826, 47.504558 ], [ 9.558721, 47.541893 ], [ 9.565161, 47.540911 ], [ 9.605921, 47.5347 ], [ 9.616842, 47.533036 ], [ 9.630566, 47.530945 ], [ 9.642107, 47.529186 ], [ 9.646775, 47.528475 ], [ 9.657496, 47.526841 ], [ 9.663875, 47.525869 ], [ 9.68036, 47.523357 ], [ 9.701966, 47.527929 ], [ 9.728051, 47.533449 ], [ 9.729883, 47.533644 ], [ 9.732173, 47.533734 ], [ 9.736195, 47.535796 ], [ 9.735554, 47.546112 ], [ 9.740664, 47.553536 ], [ 9.746047, 47.55595 ], [ 9.744485, 47.558932 ], [ 9.750719, 47.566934 ], [ 9.749374, 47.570685 ], [ 9.75568, 47.572164 ], [ 9.756251, 47.578309 ], [ 9.762279, 47.584964 ], [ 9.777181, 47.594486 ], [ 9.797873, 47.595179 ], [ 9.802751, 47.595342 ], [ 9.813478, 47.588833 ], [ 9.82031, 47.58764 ], [ 9.823747, 47.587184 ], [ 9.826681, 47.578096 ], [ 9.821436, 47.56968 ], [ 9.825544, 47.56031 ], [ 9.8155, 47.549296 ], [ 9.829767, 47.544532 ], [ 9.850018, 47.541362 ], [ 9.858399, 47.534468 ], [ 9.87449, 47.528538 ], [ 9.877784, 47.53945 ], [ 9.876114, 47.543791 ], [ 9.878774, 47.54654 ], [ 9.881433, 47.547824 ], [ 9.889422, 47.544368 ], [ 9.900989, 47.544286 ], [ 9.908436, 47.5387 ], [ 9.91473, 47.53208 ], [ 9.922575, 47.529999 ], [ 9.941149, 47.537577 ], [ 9.961124, 47.535222 ], [ 9.960051, 47.542645 ], [ 9.967814, 47.54624 ], [ 9.97038, 47.544549 ], [ 9.965545, 47.537378 ], [ 9.967625, 47.526606 ], [ 9.965028, 47.523 ], [ 9.972348, 47.515653 ], [ 9.984974, 47.510229 ], [ 9.994454, 47.503184 ], [ 9.988489, 47.497553 ], [ 9.999526, 47.483017 ], [ 10.010324, 47.482292 ], [ 10.036924, 47.488711 ], [ 10.043607, 47.487768 ], [ 10.053719, 47.475009 ], [ 10.052851, 47.468101 ], [ 10.056896, 47.465565 ], [ 10.066335, 47.462237 ], [ 10.07201, 47.456222 ], [ 10.07982, 47.455852 ], [ 10.089452, 47.459473 ], [ 10.093885, 47.452252 ], [ 10.093952, 47.442008 ], [ 10.103893, 47.430504 ], [ 10.104595, 47.428238 ], [ 10.097465, 47.423154 ], [ 10.094406, 47.4176 ], [ 10.08596, 47.414935 ], [ 10.074982, 47.414451 ], [ 10.071348, 47.41114 ], [ 10.071478, 47.407561 ], [ 10.085157, 47.399511 ], [ 10.08289, 47.393734 ], [ 10.089516, 47.378046 ], [ 10.090774, 47.375195 ], [ 10.097638, 47.359858 ], [ 10.099851, 47.354761 ], [ 10.119316, 47.374996 ], [ 10.14128, 47.367219 ], [ 10.16639, 47.36937 ], [ 10.169088, 47.372125 ], [ 10.169425, 47.384801 ], [ 10.180266, 47.387008 ], [ 10.182342, 47.391779 ], [ 10.194701, 47.388782 ], [ 10.200882, 47.38331 ], [ 10.212058, 47.381112 ], [ 10.226977, 47.388137 ], [ 10.23481, 47.382825 ], [ 10.232681, 47.378827 ], [ 10.23601, 47.372446 ], [ 10.217511, 47.354633 ], [ 10.216567, 47.349467 ], [ 10.205115, 47.337758 ], [ 10.206986, 47.332244 ], [ 10.200459, 47.326567 ], [ 10.210252, 47.319018 ], [ 10.213719, 47.312179 ], [ 10.209038, 47.305244 ], [ 10.199061, 47.297998 ], [ 10.18913, 47.294199 ], [ 10.179266, 47.295225 ], [ 10.172088, 47.279078 ], [ 10.17372, 47.271482 ], [ 10.178353, 47.270114 ], [ 10.201912, 47.276443 ], [ 10.221701, 47.275558 ], [ 10.23452, 47.271113 ], [ 10.244341, 47.278954 ], [ 10.259305, 47.281804 ], [ 10.265566, 47.285579 ], [ 10.265976, 47.288076 ], [ 10.281423, 47.288129 ], [ 10.295248, 47.299092 ], [ 10.302427, 47.2993 ], [ 10.315516, 47.306133 ], [ 10.329617, 47.304856 ], [ 10.348803, 47.317509 ], [ 10.346118, 47.321526 ], [ 10.357771, 47.337261 ], [ 10.385917, 47.356421 ], [ 10.38925, 47.370269 ], [ 10.396165, 47.376078 ], [ 10.412753, 47.378505 ], [ 10.420539, 47.384246 ], [ 10.43019, 47.383688 ], [ 10.436768, 47.380363 ], [ 10.429566, 47.390971 ], [ 10.432309, 47.402417 ], [ 10.436601, 47.406387 ], [ 10.438505, 47.412982 ], [ 10.454912, 47.418833 ], [ 10.459932, 47.42816 ], [ 10.474857, 47.433069 ], [ 10.47022, 47.44853 ], [ 10.466197, 47.45317 ], [ 10.466276, 47.463935 ], [ 10.469309, 47.469197 ], [ 10.463764, 47.48274 ], [ 10.443245, 47.484972 ], [ 10.43573, 47.495366 ], [ 10.432028, 47.50357 ], [ 10.440756, 47.514392 ], [ 10.439542, 47.52466 ], [ 10.454439, 47.555797 ], [ 10.473196, 47.55036 ] ], [ [ 6.741376, 53.570836 ], [ 6.741237, 53.572965 ], [ 6.738641, 53.572886 ], [ 6.738605, 53.574429 ], [ 6.727264, 53.580987 ], [ 6.719906, 53.582795 ], [ 6.71992, 53.583784 ], [ 6.737767, 53.587963 ], [ 6.754103, 53.596001 ], [ 6.799717, 53.597857 ], [ 6.810725, 53.601208 ], [ 6.811445, 53.603509 ], [ 6.776658, 53.614943 ], [ 6.758865, 53.617776 ], [ 6.679102, 53.603765 ], [ 6.667366, 53.603022 ], [ 6.654594, 53.595965 ], [ 6.656435, 53.585625 ], [ 6.664862, 53.578012 ], [ 6.679717, 53.573555 ], [ 6.691712, 53.568253 ], [ 6.697327, 53.565376 ], [ 6.700896, 53.566701 ], [ 6.704803, 53.564581 ], [ 6.708927, 53.563658 ], [ 6.714806, 53.559572 ], [ 6.716958, 53.560722 ], [ 6.712286, 53.562784 ], [ 6.710185, 53.565771 ], [ 6.706451, 53.568206 ], [ 6.712085, 53.570191 ], [ 6.717509, 53.570906 ], [ 6.722478, 53.569461 ], [ 6.732385, 53.570157 ], [ 6.74026, 53.567451 ], [ 6.744314, 53.562309 ], [ 6.743392, 53.557241 ], [ 6.748586, 53.557547 ], [ 6.749552, 53.558887 ], [ 6.746702, 53.559575 ], [ 6.747167, 53.562617 ], [ 6.753, 53.562884 ], [ 6.75488, 53.56059 ], [ 6.758695, 53.562946 ], [ 6.756897, 53.568245 ], [ 6.749527, 53.56969 ], [ 6.745163, 53.569676 ], [ 6.741376, 53.570836 ] ], [ [ 6.865237, 53.593109 ], [ 6.861808, 53.590857 ], [ 6.865236, 53.588771 ], [ 6.867514, 53.590797 ], [ 6.865237, 53.593109 ] ], [ [ 6.866808, 53.644965 ], [ 6.865384, 53.640169 ], [ 6.877068, 53.628792 ], [ 6.891201, 53.625783 ], [ 6.897109, 53.627592 ], [ 6.89259, 53.631695 ], [ 6.899316, 53.639664 ], [ 6.909335, 53.643696 ], [ 6.89926, 53.648775 ], [ 6.904862, 53.650876 ], [ 6.905216, 53.652359 ], [ 6.900545, 53.653626 ], [ 6.895362, 53.653315 ], [ 6.890447, 53.651876 ], [ 6.884242, 53.648775 ], [ 6.866808, 53.644965 ] ], [ [ 6.932469, 53.667797 ], [ 6.965205, 53.671701 ], [ 6.978034, 53.671055 ], [ 6.989526, 53.673515 ], [ 6.994685, 53.672338 ], [ 6.996857, 53.673755 ], [ 7.015136, 53.674086 ], [ 7.050238, 53.678793 ], [ 7.096437, 53.67889 ], [ 7.099482, 53.681752 ], [ 7.097301, 53.683835 ], [ 7.088562, 53.685862 ], [ 7.050238, 53.686105 ], [ 6.977753, 53.68138 ], [ 6.932469, 53.676172 ], [ 6.896077, 53.671986 ], [ 6.868713, 53.671155 ], [ 6.860223, 53.668784 ], [ 6.852422, 53.663091 ], [ 6.860987, 53.662579 ], [ 6.875309, 53.666529 ], [ 6.888535, 53.664289 ], [ 6.919296, 53.666226 ], [ 6.932469, 53.667797 ] ], [ [ 7.347277, 53.723609 ], [ 7.34425, 53.725503 ], [ 7.332002, 53.727075 ], [ 7.321753, 53.726242 ], [ 7.287624, 53.724676 ], [ 7.282902, 53.724696 ], [ 7.271845, 53.72378 ], [ 7.229292, 53.722836 ], [ 7.219529, 53.723263 ], [ 7.209618, 53.722667 ], [ 7.197263, 53.722576 ], [ 7.190403, 53.72306 ], [ 7.186296, 53.722712 ], [ 7.166809, 53.718262 ], [ 7.155196, 53.714267 ], [ 7.143396, 53.711163 ], [ 7.13803, 53.708422 ], [ 7.137259, 53.706973 ], [ 7.141278, 53.701155 ], [ 7.145458, 53.700007 ], [ 7.152725, 53.69687 ], [ 7.16285, 53.697669 ], [ 7.167565, 53.701025 ], [ 7.168937, 53.703843 ], [ 7.165072, 53.706345 ], [ 7.166595, 53.707409 ], [ 7.171095, 53.707685 ], [ 7.176771, 53.704563 ], [ 7.17778, 53.701329 ], [ 7.183335, 53.700863 ], [ 7.191407, 53.699293 ], [ 7.196604, 53.699281 ], [ 7.199053, 53.700262 ], [ 7.202332, 53.705176 ], [ 7.206305, 53.705246 ], [ 7.208756, 53.706597 ], [ 7.212272, 53.706436 ], [ 7.212396, 53.705179 ], [ 7.215488, 53.705186 ], [ 7.215455, 53.703586 ], [ 7.259497, 53.703726 ], [ 7.26401, 53.704108 ], [ 7.270252, 53.703687 ], [ 7.278621, 53.705733 ], [ 7.287704, 53.706597 ], [ 7.290999, 53.707626 ], [ 7.300632, 53.708875 ], [ 7.304435, 53.710201 ], [ 7.321127, 53.711716 ], [ 7.331132, 53.713828 ], [ 7.335967, 53.715552 ], [ 7.338346, 53.717269 ], [ 7.347009, 53.718661 ], [ 7.348038, 53.720364 ], [ 7.347277, 53.723609 ] ], [ [ 7.386263, 53.735169 ], [ 7.363101, 53.728777 ], [ 7.36069, 53.726471 ], [ 7.3698, 53.722601 ], [ 7.38776, 53.720166 ], [ 7.406047, 53.720158 ], [ 7.42663, 53.720813 ], [ 7.431098, 53.722914 ], [ 7.434289, 53.729755 ], [ 7.426252, 53.733113 ], [ 7.406047, 53.735237 ], [ 7.386263, 53.735169 ] ], [ [ 7.631441, 53.748541 ], [ 7.628213, 53.753654 ], [ 7.625734, 53.754715 ], [ 7.613211, 53.757043 ], [ 7.593316, 53.759076 ], [ 7.572454, 53.759324 ], [ 7.560681, 53.758807 ], [ 7.548591, 53.758806 ], [ 7.512801, 53.757116 ], [ 7.503141, 53.757104 ], [ 7.498097, 53.756897 ], [ 7.490865, 53.7566 ], [ 7.479776, 53.754364 ], [ 7.474865, 53.751803 ], [ 7.469226, 53.74611 ], [ 7.465733, 53.735147 ], [ 7.463388, 53.730058 ], [ 7.461541, 53.728498 ], [ 7.460637, 53.725334 ], [ 7.462316, 53.723709 ], [ 7.468328, 53.723238 ], [ 7.470518, 53.721044 ], [ 7.475407, 53.720697 ], [ 7.480381, 53.72172 ], [ 7.481172, 53.724956 ], [ 7.484355, 53.725937 ], [ 7.490833, 53.723953 ], [ 7.49181, 53.722596 ], [ 7.495668, 53.723054 ], [ 7.494155, 53.726414 ], [ 7.498097, 53.728608 ], [ 7.503367, 53.731542 ], [ 7.50185, 53.735335 ], [ 7.50607, 53.739936 ], [ 7.511623, 53.743259 ], [ 7.514675, 53.743833 ], [ 7.523978, 53.744009 ], [ 7.527096, 53.743631 ], [ 7.539203, 53.743687 ], [ 7.556062, 53.746916 ], [ 7.57158, 53.748427 ], [ 7.602222, 53.747147 ], [ 7.61338, 53.746004 ], [ 7.6218, 53.746175 ], [ 7.63067, 53.746823 ], [ 7.631441, 53.748541 ] ], [ [ 7.770168, 53.781041 ], [ 7.720564, 53.782154 ], [ 7.698654, 53.780644 ], [ 7.678416, 53.773506 ], [ 7.669074, 53.766625 ], [ 7.665693, 53.761089 ], [ 7.669411, 53.754591 ], [ 7.681852, 53.75205 ], [ 7.697321, 53.764701 ], [ 7.698509, 53.762614 ], [ 7.705014, 53.763495 ], [ 7.739444, 53.760058 ], [ 7.756647, 53.760605 ], [ 7.770168, 53.764716 ], [ 7.796753, 53.76982 ], [ 7.813158, 53.774823 ], [ 7.815594, 53.778426 ], [ 7.812011, 53.781443 ], [ 7.770168, 53.781041 ] ], [ [ 7.978146, 53.779824 ], [ 7.974674, 53.780369 ], [ 7.975339, 53.776288 ], [ 7.977287, 53.775168 ], [ 7.978146, 53.779824 ] ], [ [ 7.881917, 53.794777 ], [ 7.87319, 53.794331 ], [ 7.864579, 53.793891 ], [ 7.856727, 53.792184 ], [ 7.850731, 53.790153 ], [ 7.847415, 53.787414 ], [ 7.851185, 53.784365 ], [ 7.858105, 53.781252 ], [ 7.864089, 53.775883 ], [ 7.864744, 53.773059 ], [ 7.866886, 53.773801 ], [ 7.868648, 53.778176 ], [ 7.869742, 53.783986 ], [ 7.87319, 53.787309 ], [ 7.874468, 53.78854 ], [ 7.880919, 53.786919 ], [ 7.887168, 53.786244 ], [ 7.900412, 53.783361 ], [ 7.909148, 53.781157 ], [ 7.917432, 53.780137 ], [ 7.930815, 53.78035 ], [ 7.935038, 53.779856 ], [ 7.94265, 53.780981 ], [ 7.944104, 53.782172 ], [ 7.949962, 53.781648 ], [ 7.960871, 53.778549 ], [ 7.967497, 53.77604 ], [ 7.970389, 53.775938 ], [ 7.96889, 53.779229 ], [ 7.974652, 53.780388 ], [ 7.972631, 53.782337 ], [ 7.962429, 53.784515 ], [ 7.956589, 53.786589 ], [ 7.945175, 53.788064 ], [ 7.92989, 53.79049 ], [ 7.926999, 53.790559 ], [ 7.914038, 53.792354 ], [ 7.907149, 53.793694 ], [ 7.899375, 53.794338 ], [ 7.891537, 53.794238 ], [ 7.881917, 53.794777 ] ], [ [ 8.489411, 53.92657 ], [ 8.486646, 53.918053 ], [ 8.486542, 53.914632 ], [ 8.487419, 53.913687 ], [ 8.498754, 53.912471 ], [ 8.506473, 53.914486 ], [ 8.514756, 53.917624 ], [ 8.517211, 53.920564 ], [ 8.51702, 53.922816 ], [ 8.513084, 53.92537 ], [ 8.504685, 53.928552 ], [ 8.498611, 53.931745 ], [ 8.492628, 53.93012 ], [ 8.489411, 53.92657 ] ], [ [ 8.448679, 53.956333 ], [ 8.450961, 53.9611 ], [ 8.446035, 53.963775 ], [ 8.440383, 53.964129 ], [ 8.435745, 53.962382 ], [ 8.435049, 53.960088 ], [ 8.440656, 53.958383 ], [ 8.437883, 53.957451 ], [ 8.430958, 53.95887 ], [ 8.426092, 53.957365 ], [ 8.423852, 53.955666 ], [ 8.421538, 53.95194 ], [ 8.420316, 53.947409 ], [ 8.421545, 53.944691 ], [ 8.425294, 53.942992 ], [ 8.432047, 53.943505 ], [ 8.438811, 53.945416 ], [ 8.440718, 53.948926 ], [ 8.443149, 53.950883 ], [ 8.445494, 53.95461 ], [ 8.448679, 53.956333 ] ], [ [ 7.883904, 54.188385 ], [ 7.873142, 54.188407 ], [ 7.870301, 54.188011 ], [ 7.891283, 54.173418 ], [ 7.893155, 54.175049 ], [ 7.889626, 54.178487 ], [ 7.891253, 54.181394 ], [ 7.889189, 54.185288 ], [ 7.883904, 54.188385 ] ], [ [ 7.904752, 54.18715 ], [ 7.901449, 54.187374 ], [ 7.906646, 54.182283 ], [ 7.909879, 54.181141 ], [ 7.916524, 54.182011 ], [ 7.920419, 54.18453 ], [ 7.918052, 54.187816 ], [ 7.919415, 54.189367 ], [ 7.914202, 54.189243 ], [ 7.904752, 54.18715 ] ], [ [ 8.56202, 54.464792 ], [ 8.55593, 54.466922 ], [ 8.547681, 54.468653 ], [ 8.544889, 54.46558 ], [ 8.54948, 54.460587 ], [ 8.552025, 54.459623 ], [ 8.557014, 54.460675 ], [ 8.562182, 54.463932 ], [ 8.56202, 54.464792 ] ], [ [ 8.702228, 54.557652 ], [ 8.698208, 54.556286 ], [ 8.68744, 54.556809 ], [ 8.668065, 54.550231 ], [ 8.640206, 54.544502 ], [ 8.640035, 54.543465 ], [ 8.637725, 54.541613 ], [ 8.633753, 54.53843 ], [ 8.626143, 54.535775 ], [ 8.598817, 54.534226 ], [ 8.593057, 54.532568 ], [ 8.588151, 54.528464 ], [ 8.587356, 54.522983 ], [ 8.592367, 54.508825 ], [ 8.60565, 54.501084 ], [ 8.611779, 54.494488 ], [ 8.624248, 54.489326 ], [ 8.637725, 54.489657 ], [ 8.640206, 54.489718 ], [ 8.671019, 54.495132 ], [ 8.687448, 54.508313 ], [ 8.695503, 54.504356 ], [ 8.696793, 54.505075 ], [ 8.689929, 54.510199 ], [ 8.696386, 54.516099 ], [ 8.690759, 54.521633 ], [ 8.69757, 54.525208 ], [ 8.707803, 54.543465 ], [ 8.71032, 54.553196 ], [ 8.702228, 54.557652 ] ], [ [ 8.514721, 54.53014 ], [ 8.510344, 54.528372 ], [ 8.514393, 54.527259 ], [ 8.518574, 54.529274 ], [ 8.514721, 54.53014 ] ], [ [ 8.559318, 54.577543 ], [ 8.557341, 54.578616 ], [ 8.54919, 54.579302 ], [ 8.544267, 54.576769 ], [ 8.532983, 54.575275 ], [ 8.527674, 54.576255 ], [ 8.523755, 54.577714 ], [ 8.51371, 54.57922 ], [ 8.510775, 54.578629 ], [ 8.508327, 54.576741 ], [ 8.512589, 54.572056 ], [ 8.517103, 54.569931 ], [ 8.523305, 54.569302 ], [ 8.52686, 54.567149 ], [ 8.534723, 54.565779 ], [ 8.538046, 54.564368 ], [ 8.543481, 54.558887 ], [ 8.548011, 54.556949 ], [ 8.564385, 54.557012 ], [ 8.571286, 54.558409 ], [ 8.573714, 54.560499 ], [ 8.575767, 54.560402 ], [ 8.575699, 54.565352 ], [ 8.572273, 54.567275 ], [ 8.566979, 54.569086 ], [ 8.560669, 54.573814 ], [ 8.559318, 54.577543 ] ], [ [ 8.562341, 54.626642 ], [ 8.569842, 54.627333 ], [ 8.586729, 54.634398 ], [ 8.595856, 54.635646 ], [ 8.607155, 54.633178 ], [ 8.637725, 54.638305 ], [ 8.640207, 54.638721 ], [ 8.656606, 54.643664 ], [ 8.66307, 54.655114 ], [ 8.651712, 54.65705 ], [ 8.640207, 54.650414 ], [ 8.637725, 54.649862 ], [ 8.602418, 54.642001 ], [ 8.553584, 54.635585 ], [ 8.541077, 54.635958 ], [ 8.532306, 54.631759 ], [ 8.529434, 54.62675 ], [ 8.546544, 54.618802 ], [ 8.562341, 54.626642 ] ], [ [ 8.391232, 54.619326 ], [ 8.387486, 54.623108 ], [ 8.401117, 54.626848 ], [ 8.3977, 54.629032 ], [ 8.386319, 54.628245 ], [ 8.379423, 54.633204 ], [ 8.380903, 54.640363 ], [ 8.373616, 54.645725 ], [ 8.361749, 54.65034 ], [ 8.349855, 54.675365 ], [ 8.341375, 54.690389 ], [ 8.346028, 54.704006 ], [ 8.340228, 54.702426 ], [ 8.330517, 54.695416 ], [ 8.321829, 54.688974 ], [ 8.306721, 54.681702 ], [ 8.29693, 54.673025 ], [ 8.294351, 54.665605 ], [ 8.304382, 54.654242 ], [ 8.330517, 54.634153 ], [ 8.33881, 54.627777 ], [ 8.365132, 54.609656 ], [ 8.379477, 54.610082 ], [ 8.396901, 54.614442 ], [ 8.3994, 54.617503 ], [ 8.391232, 54.619326 ] ], [ [ 8.567702, 54.751387 ], [ 8.5418, 54.75541 ], [ 8.534793, 54.755602 ], [ 8.51709, 54.751282 ], [ 8.513794, 54.75397 ], [ 8.504895, 54.751813 ], [ 8.48614, 54.749919 ], [ 8.476935, 54.752099 ], [ 8.467934, 54.751215 ], [ 8.436914, 54.748229 ], [ 8.418777, 54.741889 ], [ 8.407771, 54.732913 ], [ 8.404361, 54.730131 ], [ 8.395386, 54.715077 ], [ 8.396437, 54.70484 ], [ 8.402653, 54.700439 ], [ 8.407771, 54.699276 ], [ 8.426835, 54.694941 ], [ 8.448209, 54.692795 ], [ 8.450908, 54.693014 ], [ 8.467934, 54.683342 ], [ 8.486172, 54.680346 ], [ 8.525841, 54.68084 ], [ 8.55522, 54.679075 ], [ 8.567238, 54.680756 ], [ 8.575726, 54.692388 ], [ 8.576029, 54.702008 ], [ 8.581968, 54.710203 ], [ 8.596282, 54.718734 ], [ 8.586197, 54.726899 ], [ 8.584794, 54.7295 ], [ 8.587942, 54.741108 ], [ 8.583716, 54.745313 ], [ 8.567702, 54.751387 ] ], [ [ 8.35885, 54.868346 ], [ 8.361835, 54.866653 ], [ 8.364852, 54.86657 ], [ 8.365212, 54.868297 ], [ 8.361002, 54.869485 ], [ 8.35885, 54.868346 ] ], [ [ 11.428848, 53.939905 ], [ 11.428109, 53.94265 ], [ 11.423811, 53.941714 ], [ 11.426587, 53.938482 ], [ 11.428848, 53.939905 ] ], [ [ 11.479562, 53.982158 ], [ 11.47834, 53.986115 ], [ 11.478947, 53.997826 ], [ 11.485602, 54.002124 ], [ 11.489264, 53.999852 ], [ 11.492585, 54.003331 ], [ 11.496083, 54.015778 ], [ 11.494005, 54.021374 ], [ 11.475988, 54.024152 ], [ 11.464688, 54.024146 ], [ 11.446887, 54.021262 ], [ 11.431606, 54.01647 ], [ 11.40311, 54.008354 ], [ 11.377283, 53.996473 ], [ 11.374762, 53.992344 ], [ 11.379039, 53.97396 ], [ 11.384821, 53.968982 ], [ 11.392946, 53.973981 ], [ 11.399468, 53.970321 ], [ 11.400267, 53.968016 ], [ 11.388462, 53.967131 ], [ 11.39194, 53.964952 ], [ 11.400027, 53.964359 ], [ 11.412216, 53.966416 ], [ 11.427319, 53.96121 ], [ 11.428535, 53.981973 ], [ 11.431606, 53.987993 ], [ 11.440345, 53.995133 ], [ 11.445578, 53.996439 ], [ 11.445192, 53.986115 ], [ 11.4457, 53.974523 ], [ 11.441796, 53.964256 ], [ 11.445779, 53.959344 ], [ 11.453762, 53.957773 ], [ 11.465541, 53.96958 ], [ 11.470582, 53.970949 ], [ 11.468445, 53.974158 ], [ 11.473342, 53.979657 ], [ 11.479562, 53.982158 ] ], [ [ 11.499121, 54.029958 ], [ 11.496039, 54.031548 ], [ 11.488852, 54.027334 ], [ 11.48621, 54.025171 ], [ 11.494946, 54.025103 ], [ 11.49628, 54.029168 ], [ 11.499121, 54.029958 ] ], [ [ 11.512795, 54.056627 ], [ 11.511581, 54.051402 ], [ 11.512229, 54.040852 ], [ 11.514234, 54.040683 ], [ 11.516994, 54.048358 ], [ 11.515183, 54.054097 ], [ 11.516963, 54.059696 ], [ 11.515249, 54.060001 ], [ 11.512795, 54.056627 ] ], [ [ 8.700349, 54.047114 ], [ 8.701137, 54.048064 ], [ 8.697181, 54.048532 ], [ 8.694292, 54.047861 ], [ 8.689464, 54.048475 ], [ 8.685749, 54.051805 ], [ 8.691173, 54.052817 ], [ 8.690608, 54.054031 ], [ 8.6936, 54.055951 ], [ 8.699815, 54.057118 ], [ 8.700481, 54.058665 ], [ 8.691029, 54.06092 ], [ 8.693459, 54.064988 ], [ 8.697027, 54.065874 ], [ 8.70008, 54.067795 ], [ 8.698466, 54.071074 ], [ 8.691968, 54.070646 ], [ 8.685746, 54.068104 ], [ 8.680682, 54.063963 ], [ 8.67802, 54.055516 ], [ 8.679428, 54.050771 ], [ 8.684369, 54.046431 ], [ 8.688133, 54.045408 ], [ 8.693736, 54.045629 ], [ 8.700349, 54.047114 ] ], [ [ 12.104331, 54.165309 ], [ 12.104907, 54.164014 ], [ 12.108626, 54.164014 ], [ 12.108204, 54.167404 ], [ 12.104551, 54.166815 ], [ 12.104331, 54.165309 ] ], [ [ 12.526637, 54.35198 ], [ 12.529246, 54.348026 ], [ 12.531276, 54.350056 ], [ 12.530364, 54.353386 ], [ 12.528047, 54.353617 ], [ 12.526637, 54.35198 ] ], [ [ 12.529528, 54.356461 ], [ 12.528303, 54.354953 ], [ 12.53299, 54.354724 ], [ 12.534336, 54.35679 ], [ 12.530959, 54.358508 ], [ 12.528023, 54.358169 ], [ 12.529528, 54.356461 ] ], [ [ 12.527919, 54.358446 ], [ 12.527373, 54.360238 ], [ 12.524867, 54.35943 ], [ 12.526379, 54.358087 ], [ 12.527919, 54.358446 ] ], [ [ 12.5236, 54.368143 ], [ 12.525878, 54.36696 ], [ 12.524561, 54.364921 ], [ 12.526881, 54.363514 ], [ 12.528893, 54.366182 ], [ 12.528879, 54.3689 ], [ 12.5236, 54.368143 ] ], [ [ 12.583441, 54.379249 ], [ 12.579989, 54.377229 ], [ 12.584539, 54.375003 ], [ 12.585756, 54.37633 ], [ 12.583441, 54.379249 ] ], [ [ 11.022769, 54.37989 ], [ 11.021207, 54.380631 ], [ 11.014606, 54.380719 ], [ 11.005689, 54.379899 ], [ 10.997462, 54.379748 ], [ 10.986494, 54.380876 ], [ 10.987209, 54.3787 ], [ 10.985836, 54.376626 ], [ 10.987448, 54.375812 ], [ 10.991992, 54.377056 ], [ 10.993367, 54.37903 ], [ 10.997985, 54.375189 ], [ 11.00167, 54.376734 ], [ 11.003655, 54.376145 ], [ 11.006991, 54.377298 ], [ 11.009435, 54.375667 ], [ 11.014722, 54.377324 ], [ 11.017009, 54.375785 ], [ 11.02336, 54.376768 ], [ 11.022769, 54.37989 ] ], [ [ 11.186162, 54.410946 ], [ 11.182321, 54.409199 ], [ 11.186806, 54.407235 ], [ 11.188766, 54.408517 ], [ 11.186162, 54.410946 ] ], [ [ 11.045423, 54.429835 ], [ 11.03743, 54.431505 ], [ 11.036447, 54.433928 ], [ 11.033506, 54.4366 ], [ 11.031712, 54.436834 ], [ 11.026362, 54.435666 ], [ 11.033506, 54.432104 ], [ 11.038181, 54.429899 ], [ 11.043184, 54.428809 ], [ 11.045423, 54.429835 ] ], [ [ 11.083074, 54.438154 ], [ 11.086837, 54.436229 ], [ 11.090334, 54.436317 ], [ 11.089996, 54.437749 ], [ 11.085985, 54.438941 ], [ 11.083074, 54.438154 ] ], [ [ 8.733273, 54.467662 ], [ 8.727084, 54.468041 ], [ 8.71808, 54.466489 ], [ 8.722199, 54.463487 ], [ 8.725419, 54.462191 ], [ 8.730204, 54.463075 ], [ 8.733273, 54.467662 ] ], [ [ 11.273558, 54.457221 ], [ 11.256062, 54.470843 ], [ 11.240999, 54.492694 ], [ 11.227894, 54.502016 ], [ 11.199972, 54.509145 ], [ 11.165305, 54.521471 ], [ 11.069309, 54.533895 ], [ 11.046904, 54.523776 ], [ 11.031213, 54.510691 ], [ 11.011671, 54.483033 ], [ 11.005464, 54.452654 ], [ 11.01191, 54.442314 ], [ 11.018149, 54.440255 ], [ 11.028119, 54.443925 ], [ 11.050139, 54.447072 ], [ 11.06236, 54.451143 ], [ 11.089084, 54.446312 ], [ 11.094118, 54.442979 ], [ 11.099264, 54.434115 ], [ 11.096263, 54.421779 ], [ 11.097335, 54.412544 ], [ 11.122758, 54.403208 ], [ 11.156119, 54.401704 ], [ 11.17256, 54.40294 ], [ 11.176452, 54.406721 ], [ 11.171562, 54.415477 ], [ 11.17569, 54.418211 ], [ 11.184227, 54.419546 ], [ 11.204016, 54.41672 ], [ 11.204153, 54.414506 ], [ 11.199269, 54.41112 ], [ 11.201778, 54.409289 ], [ 11.233716, 54.411402 ], [ 11.256062, 54.410167 ], [ 11.259049, 54.409986 ], [ 11.285172, 54.404991 ], [ 11.311255, 54.40448 ], [ 11.31095, 54.409092 ], [ 11.29666, 54.431148 ], [ 11.281081, 54.445162 ], [ 11.273558, 54.457221 ] ], [ [ 9.565443, 54.507711 ], [ 9.563407, 54.510254 ], [ 9.559586, 54.50779 ], [ 9.563758, 54.506249 ], [ 9.565443, 54.507711 ] ], [ [ 8.80992, 54.554908 ], [ 8.803081, 54.555267 ], [ 8.792105, 54.551655 ], [ 8.792675, 54.551112 ], [ 8.80992, 54.547226 ], [ 8.822725, 54.543271 ], [ 8.827097, 54.545462 ], [ 8.828131, 54.548613 ], [ 8.826915, 54.550032 ], [ 8.80992, 54.554908 ] ], [ [ 8.824754, 54.600378 ], [ 8.830775, 54.602898 ], [ 8.830465, 54.603839 ], [ 8.823702, 54.604832 ], [ 8.81463, 54.60241 ], [ 8.808844, 54.602993 ], [ 8.8138, 54.596851 ], [ 8.819059, 54.595213 ], [ 8.824754, 54.600378 ] ], [ [ 8.710295, 54.631585 ], [ 8.719119, 54.627291 ], [ 8.728247, 54.628717 ], [ 8.737659, 54.634636 ], [ 8.738279, 54.63758 ], [ 8.735596, 54.640226 ], [ 8.738631, 54.642799 ], [ 8.736314, 54.643956 ], [ 8.73302, 54.643429 ], [ 8.729822, 54.641613 ], [ 8.719836, 54.639373 ], [ 8.717461, 54.640883 ], [ 8.71378, 54.639161 ], [ 8.7108, 54.635322 ], [ 8.709916, 54.632387 ], [ 8.710295, 54.631585 ] ], [ [ 8.769009, 54.63683 ], [ 8.770373, 54.638266 ], [ 8.766552, 54.638024 ], [ 8.760474, 54.635845 ], [ 8.762224, 54.63498 ], [ 8.769009, 54.63683 ] ], [ [ 10.032665, 54.669597 ], [ 10.029259, 54.663863 ], [ 10.026113, 54.663442 ], [ 10.02729, 54.662449 ], [ 10.029259, 54.662404 ], [ 10.032906, 54.662878 ], [ 10.03498, 54.670233 ], [ 10.032665, 54.669597 ] ], [ [ 8.690725, 54.67629 ], [ 8.68175, 54.676051 ], [ 8.680856, 54.675483 ], [ 8.683444, 54.672036 ], [ 8.709879, 54.672579 ], [ 8.708745, 54.674737 ], [ 8.710871, 54.678457 ], [ 8.713186, 54.680101 ], [ 8.701614, 54.680331 ], [ 8.698891, 54.680994 ], [ 8.695726, 54.67826 ], [ 8.690725, 54.67629 ] ], [ [ 14.266011, 53.709895 ], [ 14.263044, 53.710574 ], [ 14.258822, 53.70874 ], [ 14.252654, 53.709011 ], [ 14.24977, 53.707893 ], [ 14.248596, 53.705237 ], [ 14.250411, 53.702715 ], [ 14.255419, 53.701609 ], [ 14.260472, 53.704316 ], [ 14.268518, 53.705557 ], [ 14.269359, 53.706541 ], [ 14.266011, 53.709895 ] ], [ [ 14.026789, 53.951962 ], [ 14.02326, 53.951603 ], [ 14.02578, 53.948321 ], [ 14.028913, 53.948473 ], [ 14.026789, 53.951962 ] ], [ [ 14.211945, 53.90013 ], [ 14.203955, 53.906636 ], [ 14.203508, 53.910607 ], [ 14.18607, 53.91238 ], [ 14.19056, 53.91562 ], [ 14.208005, 53.916336 ], [ 14.226302, 53.928653 ], [ 14.184815, 53.946747 ], [ 14.142764, 53.976382 ], [ 14.12522, 53.98697 ], [ 14.113513, 53.994035 ], [ 14.106792, 53.997601 ], [ 14.101615, 54.00053 ], [ 14.046175, 54.031887 ], [ 14.02566, 54.046054 ], [ 14.014784, 54.054227 ], [ 14.00334, 54.058119 ], [ 13.972085, 54.068747 ], [ 13.935108, 54.075539 ], [ 13.930691, 54.076996 ], [ 13.909658, 54.08451 ], [ 13.899157, 54.088736 ], [ 13.874941, 54.100198 ], [ 13.855303, 54.11285 ], [ 13.839086, 54.126056 ], [ 13.821813, 54.148511 ], [ 13.809946, 54.177149 ], [ 13.807063, 54.17678 ], [ 13.805216, 54.17338 ], [ 13.788895, 54.173888 ], [ 13.771971, 54.171672 ], [ 13.767233, 54.170264 ], [ 13.759262, 54.167895 ], [ 13.750279, 54.157479 ], [ 13.757811, 54.135971 ], [ 13.761727, 54.13475 ], [ 13.765124, 54.136743 ], [ 13.767233, 54.135476 ], [ 13.772329, 54.132416 ], [ 13.776727, 54.120193 ], [ 13.783927, 54.118373 ], [ 13.792664, 54.11144 ], [ 13.807272, 54.108519 ], [ 13.813017, 54.099393 ], [ 13.80846, 54.08451 ], [ 13.807106, 54.080759 ], [ 13.80301, 54.081591 ], [ 13.804318, 54.07837 ], [ 13.797378, 54.063611 ], [ 13.788968, 54.056446 ], [ 13.790695, 54.049864 ], [ 13.783648, 54.044814 ], [ 13.781941, 54.039726 ], [ 13.773714, 54.040611 ], [ 13.767233, 54.033571 ], [ 13.766341, 54.032602 ], [ 13.763945, 54.026562 ], [ 13.767233, 54.022168 ], [ 13.775992, 54.018607 ], [ 13.798411, 54.018687 ], [ 13.810579, 54.031206 ], [ 13.821249, 54.037126 ], [ 13.842401, 54.041707 ], [ 13.847232, 54.046217 ], [ 13.856552, 54.048175 ], [ 13.864458, 54.046248 ], [ 13.873095, 54.039855 ], [ 13.87605, 54.043292 ], [ 13.877826, 54.036395 ], [ 13.867215, 54.032184 ], [ 13.86366, 54.023455 ], [ 13.854024, 54.013008 ], [ 13.853953, 54.006089 ], [ 13.859427, 54.0016 ], [ 13.86994, 54.007726 ], [ 13.898159, 54.013114 ], [ 13.910496, 54.026232 ], [ 13.921449, 54.033152 ], [ 13.925238, 54.030391 ], [ 13.918144, 54.022081 ], [ 13.924591, 54.019111 ], [ 13.93246, 54.028269 ], [ 13.917535, 54.04417 ], [ 13.910674, 54.046996 ], [ 13.915414, 54.058483 ], [ 13.91483, 54.063178 ], [ 13.924868, 54.063105 ], [ 13.930691, 54.061937 ], [ 13.953317, 54.059185 ], [ 13.965487, 54.059824 ], [ 13.969727, 54.062924 ], [ 13.974226, 54.063047 ], [ 13.970014, 54.059528 ], [ 13.982847, 54.04994 ], [ 13.995956, 54.043677 ], [ 13.998279, 54.036533 ], [ 14.00334, 54.016864 ], [ 14.004879, 54.01088 ], [ 14.010869, 54.010242 ], [ 14.019687, 54.018013 ], [ 14.027993, 54.018149 ], [ 14.032604, 54.016725 ], [ 14.04062, 54.009547 ], [ 14.042917, 54.000266 ], [ 14.047076, 53.996978 ], [ 14.048226, 53.983434 ], [ 14.042932, 53.962254 ], [ 14.0356, 53.951388 ], [ 14.036924, 53.947743 ], [ 14.042244, 53.94486 ], [ 14.037629, 53.941337 ], [ 14.03373, 53.942554 ], [ 14.033891, 53.946771 ], [ 14.027374, 53.943948 ], [ 14.012344, 53.950223 ], [ 14.011907, 53.954495 ], [ 14.021679, 53.958506 ], [ 14.021962, 53.961492 ], [ 14.005152, 53.959737 ], [ 14.00334, 53.960096 ], [ 13.993716, 53.962003 ], [ 13.984776, 53.959443 ], [ 13.982742, 53.961586 ], [ 13.964684, 53.957088 ], [ 13.970282, 53.9506 ], [ 13.963333, 53.943096 ], [ 13.958985, 53.942427 ], [ 13.959602, 53.933992 ], [ 13.953293, 53.936947 ], [ 13.952131, 53.945655 ], [ 13.956576, 53.952756 ], [ 13.951692, 53.958653 ], [ 13.970428, 53.969587 ], [ 13.964383, 53.974541 ], [ 13.964241, 53.989125 ], [ 13.958838, 53.992143 ], [ 13.946251, 53.994084 ], [ 13.931098, 53.991113 ], [ 13.908336, 53.989933 ], [ 13.899898, 53.981765 ], [ 13.897282, 53.964394 ], [ 13.921493, 53.950764 ], [ 13.930719, 53.937009 ], [ 13.932835, 53.919936 ], [ 13.937869, 53.912933 ], [ 13.9243, 53.891 ], [ 13.920127, 53.888144 ], [ 13.903531, 53.885264 ], [ 13.892376, 53.87716 ], [ 13.874309, 53.877467 ], [ 13.857744, 53.871515 ], [ 13.842401, 53.871336 ], [ 13.835226, 53.871131 ], [ 13.830935, 53.863567 ], [ 13.829475, 53.858092 ], [ 13.822806, 53.856587 ], [ 13.826496, 53.850287 ], [ 13.846127, 53.850551 ], [ 13.862078, 53.843027 ], [ 13.873826, 53.84238 ], [ 13.879955, 53.840197 ], [ 13.898697, 53.840419 ], [ 13.91378, 53.843473 ], [ 13.920864, 53.847474 ], [ 13.943116, 53.843808 ], [ 13.978526, 53.849807 ], [ 13.984901, 53.849565 ], [ 13.990941, 53.848973 ], [ 13.995942, 53.853898 ], [ 14.00334, 53.856731 ], [ 14.006328, 53.857875 ], [ 14.013586, 53.863567 ], [ 14.019683, 53.868825 ], [ 14.027924, 53.869921 ], [ 14.038359, 53.874098 ], [ 14.062324, 53.869748 ], [ 14.085212, 53.874512 ], [ 14.101615, 53.871444 ], [ 14.106792, 53.870475 ], [ 14.11611, 53.869471 ], [ 14.12522, 53.871358 ], [ 14.13356, 53.871067 ], [ 14.151091, 53.871348 ], [ 14.187891, 53.872711 ], [ 14.213078, 53.866479 ], [ 14.215202, 53.880761 ], [ 14.213336, 53.889639 ], [ 14.211945, 53.90013 ] ], [ [ 13.39959, 54.172283 ], [ 13.401322, 54.170746 ], [ 13.406024, 54.170126 ], [ 13.409719, 54.168169 ], [ 13.41038, 54.164807 ], [ 13.411942, 54.164014 ], [ 13.414926, 54.164014 ], [ 13.418933, 54.165807 ], [ 13.422362, 54.167341 ], [ 13.421843, 54.171027 ], [ 13.418933, 54.172451 ], [ 13.406378, 54.178596 ], [ 13.40052, 54.18032 ], [ 13.398713, 54.180007 ], [ 13.400044, 54.178407 ], [ 13.39959, 54.172283 ] ], [ [ 13.35003, 54.179002 ], [ 13.346993, 54.177216 ], [ 13.350017, 54.174821 ], [ 13.352639, 54.176009 ], [ 13.35003, 54.179002 ] ], [ [ 13.358063, 54.183246 ], [ 13.35887, 54.182639 ], [ 13.368005, 54.182035 ], [ 13.368749, 54.183068 ], [ 13.364055, 54.185317 ], [ 13.358063, 54.183246 ] ], [ [ 13.774794, 54.207598 ], [ 13.770582, 54.209313 ], [ 13.768816, 54.208828 ], [ 13.768111, 54.203067 ], [ 13.770328, 54.201078 ], [ 13.773653, 54.205027 ], [ 13.774794, 54.207598 ] ], [ [ 13.919273, 54.25161 ], [ 13.916697, 54.250468 ], [ 13.916019, 54.248122 ], [ 13.908652, 54.24415 ], [ 13.911062, 54.24142 ], [ 13.914573, 54.242295 ], [ 13.917369, 54.245235 ], [ 13.924769, 54.247489 ], [ 13.926893, 54.24881 ], [ 13.923286, 54.25097 ], [ 13.919273, 54.25161 ] ], [ [ 13.112669, 54.312997 ], [ 13.111832, 54.308722 ], [ 13.115342, 54.306248 ], [ 13.117338, 54.303709 ], [ 13.120482, 54.302613 ], [ 13.12514, 54.303791 ], [ 13.128894, 54.306509 ], [ 13.129613, 54.308833 ], [ 13.12401, 54.311627 ], [ 13.128833, 54.314152 ], [ 13.125296, 54.316213 ], [ 13.119582, 54.313408 ], [ 13.112669, 54.312997 ] ], [ [ 13.518754, 54.311716 ], [ 13.523473, 54.309688 ], [ 13.524911, 54.310152 ], [ 13.524054, 54.316684 ], [ 13.521364, 54.315452 ], [ 13.517591, 54.315701 ], [ 13.518754, 54.311716 ] ], [ [ 13.535294, 54.328924 ], [ 13.53036, 54.326449 ], [ 13.530403, 54.322487 ], [ 13.526577, 54.318773 ], [ 13.527982, 54.318391 ], [ 13.534342, 54.321732 ], [ 13.537412, 54.32263 ], [ 13.543834, 54.323058 ], [ 13.547002, 54.325646 ], [ 13.54548, 54.328064 ], [ 13.540965, 54.33097 ], [ 13.535294, 54.328924 ] ], [ [ 13.218842, 54.40239 ], [ 13.211342, 54.40178 ], [ 13.208271, 54.39997 ], [ 13.207746, 54.398537 ], [ 13.208544, 54.397407 ], [ 13.211342, 54.396982 ], [ 13.215554, 54.397423 ], [ 13.218842, 54.399768 ], [ 13.220156, 54.400949 ], [ 13.218842, 54.40239 ] ], [ [ 12.73623, 54.40801 ], [ 12.737371, 54.411438 ], [ 12.734325, 54.413136 ], [ 12.729172, 54.412405 ], [ 12.725025, 54.412638 ], [ 12.720346, 54.409233 ], [ 12.71793, 54.405707 ], [ 12.719495, 54.404737 ], [ 12.729778, 54.404896 ], [ 12.73401, 54.407628 ], [ 12.73623, 54.40801 ] ], [ [ 12.638201, 54.416445 ], [ 12.639366, 54.418147 ], [ 12.644752, 54.417002 ], [ 12.643143, 54.420605 ], [ 12.638201, 54.423493 ], [ 12.63578, 54.421402 ], [ 12.636113, 54.417484 ], [ 12.638201, 54.416445 ] ], [ [ 13.115958, 54.42958 ], [ 13.116715, 54.427216 ], [ 13.123058, 54.426423 ], [ 13.123284, 54.428903 ], [ 13.116531, 54.430416 ], [ 13.115958, 54.42958 ] ], [ [ 12.962288, 54.439105 ], [ 12.958799, 54.441731 ], [ 12.95242, 54.442669 ], [ 12.929807, 54.443136 ], [ 12.925509, 54.440341 ], [ 12.923596, 54.434711 ], [ 12.925603, 54.43319 ], [ 12.92997, 54.431943 ], [ 12.93229, 54.432421 ], [ 12.93401, 54.435498 ], [ 12.938472, 54.438551 ], [ 12.948498, 54.440362 ], [ 12.957385, 54.438823 ], [ 12.957598, 54.437307 ], [ 12.960931, 54.437185 ], [ 12.962288, 54.439105 ] ], [ [ 12.990761, 54.443508 ], [ 12.990545, 54.446319 ], [ 12.984681, 54.443553 ], [ 12.985887, 54.442495 ], [ 12.990761, 54.443508 ] ], [ [ 12.98561, 54.433656 ], [ 12.999121, 54.440006 ], [ 13.008487, 54.442218 ], [ 13.036536, 54.443667 ], [ 13.039822, 54.442293 ], [ 13.041815, 54.443272 ], [ 13.05547, 54.449976 ], [ 13.057726, 54.451083 ], [ 13.05547, 54.453198 ], [ 13.053567, 54.454983 ], [ 13.051005, 54.459602 ], [ 13.048912, 54.460199 ], [ 13.047088, 54.459478 ], [ 13.045839, 54.454983 ], [ 13.041815, 54.452552 ], [ 13.039822, 54.451348 ], [ 13.032048, 54.447213 ], [ 13.000447, 54.447293 ], [ 12.993899, 54.444995 ], [ 12.989604, 54.43951 ], [ 12.984389, 54.437084 ], [ 12.983116, 54.440914 ], [ 12.978869, 54.442103 ], [ 12.970347, 54.440161 ], [ 12.968327, 54.438138 ], [ 12.975193, 54.433272 ], [ 12.98561, 54.433656 ] ], [ [ 13.427892, 54.684597 ], [ 13.418933, 54.683577 ], [ 13.408446, 54.682382 ], [ 13.396108, 54.682703 ], [ 13.389278, 54.683157 ], [ 13.379956, 54.683777 ], [ 13.3639, 54.681239 ], [ 13.335421, 54.675507 ], [ 13.301422, 54.674147 ], [ 13.286555, 54.673331 ], [ 13.249, 54.659606 ], [ 13.223778, 54.643902 ], [ 13.218842, 54.637059 ], [ 13.218842, 54.634109 ], [ 13.220723, 54.631748 ], [ 13.220211, 54.62804 ], [ 13.222117, 54.624434 ], [ 13.222503, 54.621334 ], [ 13.224346, 54.618262 ], [ 13.225711, 54.612284 ], [ 13.22322, 54.606803 ], [ 13.218842, 54.600348 ], [ 13.211342, 54.594044 ], [ 13.201955, 54.586151 ], [ 13.183264, 54.577543 ], [ 13.167559, 54.573574 ], [ 13.161234, 54.566069 ], [ 13.161363, 54.560903 ], [ 13.164716, 54.558467 ], [ 13.175054, 54.560743 ], [ 13.18342, 54.566069 ], [ 13.18523, 54.570113 ], [ 13.194217, 54.572467 ], [ 13.211342, 54.582069 ], [ 13.218842, 54.586274 ], [ 13.227508, 54.587727 ], [ 13.230238, 54.595531 ], [ 13.236937, 54.598274 ], [ 13.230583, 54.608916 ], [ 13.227663, 54.624938 ], [ 13.264081, 54.642819 ], [ 13.281242, 54.645336 ], [ 13.286028, 54.642017 ], [ 13.288153, 54.628541 ], [ 13.283367, 54.617573 ], [ 13.258804, 54.592657 ], [ 13.246579, 54.566069 ], [ 13.243413, 54.560935 ], [ 13.246147, 54.558206 ], [ 13.25749, 54.562948 ], [ 13.275882, 54.564226 ], [ 13.282003, 54.566069 ], [ 13.288725, 54.570384 ], [ 13.306702, 54.574235 ], [ 13.314583, 54.578909 ], [ 13.332629, 54.582592 ], [ 13.334104, 54.585212 ], [ 13.329077, 54.594022 ], [ 13.348231, 54.60111 ], [ 13.355217, 54.61171 ], [ 13.369058, 54.614306 ], [ 13.383533, 54.597033 ], [ 13.384719, 54.581971 ], [ 13.389278, 54.578267 ], [ 13.396108, 54.572718 ], [ 13.40837, 54.572626 ], [ 13.418933, 54.569895 ], [ 13.425558, 54.568182 ], [ 13.432665, 54.55995 ], [ 13.446022, 54.551951 ], [ 13.484235, 54.553378 ], [ 13.493034, 54.55121 ], [ 13.502391, 54.547422 ], [ 13.506985, 54.537477 ], [ 13.507209, 54.535697 ], [ 13.508871, 54.530488 ], [ 13.514202, 54.513777 ], [ 13.512521, 54.508746 ], [ 13.508236, 54.506101 ], [ 13.500973, 54.493249 ], [ 13.504125, 54.484014 ], [ 13.502707, 54.480673 ], [ 13.507283, 54.477383 ], [ 13.510771, 54.479896 ], [ 13.526748, 54.480345 ], [ 13.548617, 54.473742 ], [ 13.546166, 54.456642 ], [ 13.538646, 54.452304 ], [ 13.527877, 54.450894 ], [ 13.524646, 54.448472 ], [ 13.530151, 54.445379 ], [ 13.548335, 54.446892 ], [ 13.553863, 54.445446 ], [ 13.556456, 54.438063 ], [ 13.546249, 54.434497 ], [ 13.529541, 54.434739 ], [ 13.520929, 54.432485 ], [ 13.522622, 54.429948 ], [ 13.540557, 54.427041 ], [ 13.540428, 54.419996 ], [ 13.533845, 54.417046 ], [ 13.526287, 54.419325 ], [ 13.511153, 54.419364 ], [ 13.502887, 54.42508 ], [ 13.492658, 54.421461 ], [ 13.479251, 54.424166 ], [ 13.475656, 54.426834 ], [ 13.478475, 54.435274 ], [ 13.481371, 54.436157 ], [ 13.488202, 54.434335 ], [ 13.49708, 54.435975 ], [ 13.504139, 54.435157 ], [ 13.513147, 54.443346 ], [ 13.510467, 54.444883 ], [ 13.500636, 54.445034 ], [ 13.506338, 54.44976 ], [ 13.505542, 54.451383 ], [ 13.488202, 54.452876 ], [ 13.475021, 54.451746 ], [ 13.471567, 54.453653 ], [ 13.471604, 54.45729 ], [ 13.488202, 54.476467 ], [ 13.501483, 54.47987 ], [ 13.500012, 54.481904 ], [ 13.488202, 54.483301 ], [ 13.480543, 54.483541 ], [ 13.467096, 54.480684 ], [ 13.451965, 54.473028 ], [ 13.447642, 54.475722 ], [ 13.443197, 54.484014 ], [ 13.441719, 54.486769 ], [ 13.432215, 54.489327 ], [ 13.418933, 54.493532 ], [ 13.412388, 54.495603 ], [ 13.407145, 54.506546 ], [ 13.41362, 54.520015 ], [ 13.402482, 54.530488 ], [ 13.39272, 54.539665 ], [ 13.389278, 54.541592 ], [ 13.380429, 54.546545 ], [ 13.376549, 54.558861 ], [ 13.369223, 54.559159 ], [ 13.355107, 54.550061 ], [ 13.355496, 54.547102 ], [ 13.377502, 54.543857 ], [ 13.380692, 54.540536 ], [ 13.389267, 54.538921 ], [ 13.38764, 54.53153 ], [ 13.385732, 54.530488 ], [ 13.375366, 54.524829 ], [ 13.374231, 54.52115 ], [ 13.358607, 54.52254 ], [ 13.349594, 54.518459 ], [ 13.344666, 54.523706 ], [ 13.352757, 54.530488 ], [ 13.360207, 54.536732 ], [ 13.361476, 54.542427 ], [ 13.359543, 54.544602 ], [ 13.340612, 54.549319 ], [ 13.347643, 54.552659 ], [ 13.352925, 54.551875 ], [ 13.359858, 54.566069 ], [ 13.369528, 54.577151 ], [ 13.36727, 54.579135 ], [ 13.356468, 54.580848 ], [ 13.347048, 54.578335 ], [ 13.339637, 54.571599 ], [ 13.321258, 54.566069 ], [ 13.297569, 54.552248 ], [ 13.307065, 54.538685 ], [ 13.304254, 54.530488 ], [ 13.303453, 54.52815 ], [ 13.311769, 54.523345 ], [ 13.310886, 54.520562 ], [ 13.307238, 54.519328 ], [ 13.309615, 54.516382 ], [ 13.302574, 54.51413 ], [ 13.289224, 54.522863 ], [ 13.294371, 54.535712 ], [ 13.28741, 54.542277 ], [ 13.275525, 54.543984 ], [ 13.244229, 54.553837 ], [ 13.210263, 54.550136 ], [ 13.170145, 54.545656 ], [ 13.147032, 54.546572 ], [ 13.141806, 54.542242 ], [ 13.153153, 54.540489 ], [ 13.159682, 54.53445 ], [ 13.160533, 54.530488 ], [ 13.163157, 54.518271 ], [ 13.162244, 54.514236 ], [ 13.156426, 54.509802 ], [ 13.159411, 54.504656 ], [ 13.167101, 54.505553 ], [ 13.169039, 54.509289 ], [ 13.198797, 54.504313 ], [ 13.211342, 54.507454 ], [ 13.225631, 54.511031 ], [ 13.230618, 54.510611 ], [ 13.232171, 54.50883 ], [ 13.226988, 54.494056 ], [ 13.229087, 54.485387 ], [ 13.233297, 54.484014 ], [ 13.237856, 54.484014 ], [ 13.245742, 54.487131 ], [ 13.254233, 54.486385 ], [ 13.255532, 54.484014 ], [ 13.258359, 54.478856 ], [ 13.265443, 54.480141 ], [ 13.267956, 54.478807 ], [ 13.253834, 54.472505 ], [ 13.242963, 54.472008 ], [ 13.231493, 54.46852 ], [ 13.231155, 54.467183 ], [ 13.236517, 54.466596 ], [ 13.236099, 54.463549 ], [ 13.226267, 54.463912 ], [ 13.218597, 54.459989 ], [ 13.211342, 54.45945 ], [ 13.206865, 54.459118 ], [ 13.20205, 54.45005 ], [ 13.195972, 54.450779 ], [ 13.186668, 54.455045 ], [ 13.186389, 54.460454 ], [ 13.198366, 54.465572 ], [ 13.204269, 54.461972 ], [ 13.210671, 54.465689 ], [ 13.221121, 54.466782 ], [ 13.224664, 54.474864 ], [ 13.223777, 54.483077 ], [ 13.203711, 54.486559 ], [ 13.192422, 54.491519 ], [ 13.181983, 54.49257 ], [ 13.164422, 54.489417 ], [ 13.145788, 54.478664 ], [ 13.1269, 54.455785 ], [ 13.123019, 54.44606 ], [ 13.125755, 54.443861 ], [ 13.131387, 54.443915 ], [ 13.158537, 54.44996 ], [ 13.167917, 54.454651 ], [ 13.172866, 54.45513 ], [ 13.152829, 54.43046 ], [ 13.153787, 54.423215 ], [ 13.158909, 54.42223 ], [ 13.172769, 54.424207 ], [ 13.190065, 54.424185 ], [ 13.208759, 54.427838 ], [ 13.21955, 54.416309 ], [ 13.232424, 54.411447 ], [ 13.236911, 54.406822 ], [ 13.254838, 54.40571 ], [ 13.251378, 54.402237 ], [ 13.243529, 54.404529 ], [ 13.233542, 54.402736 ], [ 13.230214, 54.401146 ], [ 13.230202, 54.398192 ], [ 13.233855, 54.393733 ], [ 13.240599, 54.3855 ], [ 13.24707, 54.384413 ], [ 13.256448, 54.386211 ], [ 13.261484, 54.382916 ], [ 13.258142, 54.380153 ], [ 13.237516, 54.37737 ], [ 13.2354, 54.370069 ], [ 13.224681, 54.369753 ], [ 13.218842, 54.367813 ], [ 13.215141, 54.37099 ], [ 13.211342, 54.371154 ], [ 13.202301, 54.371544 ], [ 13.195884, 54.37573 ], [ 13.1704, 54.371592 ], [ 13.155663, 54.374842 ], [ 13.130615, 54.372274 ], [ 13.124791, 54.36733 ], [ 13.123571, 54.36326 ], [ 13.122848, 54.360846 ], [ 13.122174, 54.352188 ], [ 13.114379, 54.34057 ], [ 13.115346, 54.33205 ], [ 13.133536, 54.324717 ], [ 13.130135, 54.321018 ], [ 13.133322, 54.318529 ], [ 13.139155, 54.318562 ], [ 13.150994, 54.312586 ], [ 13.170528, 54.309438 ], [ 13.183937, 54.301022 ], [ 13.183373, 54.297853 ], [ 13.180018, 54.296936 ], [ 13.169463, 54.301682 ], [ 13.164894, 54.301607 ], [ 13.162225, 54.304653 ], [ 13.154363, 54.304307 ], [ 13.140394, 54.296236 ], [ 13.138453, 54.286595 ], [ 13.140616, 54.282078 ], [ 13.144096, 54.281529 ], [ 13.167671, 54.289122 ], [ 13.180274, 54.287809 ], [ 13.193768, 54.29654 ], [ 13.200414, 54.294042 ], [ 13.202762, 54.29022 ], [ 13.196138, 54.283131 ], [ 13.199538, 54.270657 ], [ 13.211342, 54.271194 ], [ 13.220933, 54.27163 ], [ 13.230153, 54.268248 ], [ 13.239483, 54.266103 ], [ 13.249019, 54.258764 ], [ 13.266957, 54.254075 ], [ 13.287027, 54.258992 ], [ 13.315136, 54.257242 ], [ 13.31972, 54.258697 ], [ 13.315386, 54.259788 ], [ 13.311129, 54.266351 ], [ 13.324948, 54.27103 ], [ 13.333933, 54.278453 ], [ 13.33714, 54.275909 ], [ 13.333218, 54.270668 ], [ 13.323587, 54.265367 ], [ 13.326206, 54.256296 ], [ 13.320795, 54.246178 ], [ 13.316378, 54.246129 ], [ 13.296058, 54.253257 ], [ 13.29348, 54.250768 ], [ 13.307172, 54.248017 ], [ 13.32168, 54.238919 ], [ 13.380517, 54.229339 ], [ 13.392582, 54.2223 ], [ 13.405451, 54.229588 ], [ 13.418933, 54.233844 ], [ 13.424876, 54.240076 ], [ 13.418933, 54.251592 ], [ 13.415467, 54.256908 ], [ 13.403358, 54.264445 ], [ 13.394428, 54.264395 ], [ 13.388406, 54.258417 ], [ 13.379266, 54.255116 ], [ 13.365841, 54.262793 ], [ 13.35765, 54.25991 ], [ 13.35346, 54.267551 ], [ 13.359105, 54.27137 ], [ 13.36789, 54.272146 ], [ 13.376428, 54.27752 ], [ 13.389654, 54.278083 ], [ 13.388476, 54.270725 ], [ 13.393441, 54.27176 ], [ 13.409418, 54.285182 ], [ 13.416929, 54.300768 ], [ 13.418933, 54.30206 ], [ 13.425345, 54.30619 ], [ 13.434528, 54.308661 ], [ 13.446985, 54.314189 ], [ 13.460647, 54.315863 ], [ 13.465709, 54.321602 ], [ 13.465546, 54.329514 ], [ 13.478726, 54.330598 ], [ 13.483404, 54.334584 ], [ 13.488202, 54.335703 ], [ 13.495997, 54.337205 ], [ 13.501652, 54.341951 ], [ 13.507347, 54.34374 ], [ 13.519224, 54.340394 ], [ 13.530498, 54.340105 ], [ 13.539046, 54.342662 ], [ 13.55287, 54.340294 ], [ 13.563777, 54.344415 ], [ 13.571299, 54.351282 ], [ 13.577444, 54.353057 ], [ 13.591049, 54.351077 ], [ 13.603074, 54.344393 ], [ 13.611672, 54.331563 ], [ 13.61529, 54.330422 ], [ 13.623441, 54.331636 ], [ 13.624405, 54.334742 ], [ 13.630684, 54.338501 ], [ 13.638198, 54.339697 ], [ 13.637273, 54.344433 ], [ 13.65155, 54.348975 ], [ 13.655755, 54.347192 ], [ 13.675771, 54.350387 ], [ 13.682454, 54.349581 ], [ 13.684842, 54.346778 ], [ 13.679403, 54.340757 ], [ 13.668796, 54.335162 ], [ 13.644473, 54.326264 ], [ 13.613889, 54.320344 ], [ 13.611383, 54.317175 ], [ 13.615797, 54.316101 ], [ 13.6232, 54.318631 ], [ 13.636716, 54.31977 ], [ 13.657113, 54.326999 ], [ 13.6724, 54.329668 ], [ 13.684573, 54.326373 ], [ 13.702583, 54.325344 ], [ 13.703829, 54.322784 ], [ 13.700381, 54.317183 ], [ 13.687915, 54.31505 ], [ 13.683399, 54.31042 ], [ 13.658132, 54.304231 ], [ 13.647344, 54.298299 ], [ 13.654512, 54.289772 ], [ 13.660689, 54.288252 ], [ 13.671742, 54.291552 ], [ 13.689359, 54.29103 ], [ 13.701626, 54.294611 ], [ 13.706602, 54.289796 ], [ 13.708703, 54.282722 ], [ 13.705518, 54.280298 ], [ 13.701626, 54.280664 ], [ 13.698449, 54.280964 ], [ 13.690628, 54.286479 ], [ 13.685962, 54.285722 ], [ 13.684366, 54.283494 ], [ 13.687241, 54.280388 ], [ 13.698537, 54.277688 ], [ 13.701626, 54.275238 ], [ 13.709465, 54.269021 ], [ 13.723576, 54.274251 ], [ 13.715853, 54.292028 ], [ 13.718494, 54.308661 ], [ 13.718835, 54.310505 ], [ 13.72321, 54.316177 ], [ 13.730377, 54.318328 ], [ 13.731071, 54.32435 ], [ 13.739063, 54.334744 ], [ 13.75366, 54.338276 ], [ 13.765087, 54.339664 ], [ 13.766271, 54.340901 ], [ 13.75366, 54.343597 ], [ 13.72786, 54.355148 ], [ 13.716708, 54.36326 ], [ 13.71429, 54.365018 ], [ 13.704196, 54.380844 ], [ 13.701626, 54.382493 ], [ 13.684105, 54.393733 ], [ 13.676623, 54.398532 ], [ 13.665446, 54.402678 ], [ 13.656606, 54.399768 ], [ 13.634318, 54.400265 ], [ 13.627359, 54.39895 ], [ 13.61694, 54.401826 ], [ 13.596105, 54.416515 ], [ 13.577444, 54.441672 ], [ 13.570031, 54.461777 ], [ 13.571812, 54.472799 ], [ 13.575997, 54.47812 ], [ 13.577444, 54.47918 ], [ 13.58121, 54.48142 ], [ 13.582375, 54.482142 ], [ 13.583493, 54.482805 ], [ 13.584701, 54.482494 ], [ 13.586675, 54.484014 ], [ 13.589106, 54.485884 ], [ 13.593548, 54.486583 ], [ 13.595812, 54.484014 ], [ 13.599469, 54.484513 ], [ 13.599287, 54.489086 ], [ 13.609625, 54.498376 ], [ 13.645019, 54.513554 ], [ 13.667149, 54.520381 ], [ 13.677931, 54.531828 ], [ 13.681072, 54.543392 ], [ 13.676669, 54.553769 ], [ 13.678072, 54.563251 ], [ 13.661222, 54.575286 ], [ 13.64216, 54.582591 ], [ 13.634586, 54.5852 ], [ 13.616162, 54.585405 ], [ 13.577444, 54.582823 ], [ 13.546325, 54.580027 ], [ 13.510655, 54.574572 ], [ 13.499836, 54.575524 ], [ 13.489085, 54.573133 ], [ 13.470339, 54.575044 ], [ 13.466213, 54.57205 ], [ 13.459641, 54.57081 ], [ 13.436053, 54.574401 ], [ 13.423516, 54.578566 ], [ 13.418933, 54.581504 ], [ 13.396108, 54.596137 ], [ 13.389278, 54.60491 ], [ 13.384102, 54.611557 ], [ 13.379082, 54.624043 ], [ 13.377443, 54.634484 ], [ 13.381081, 54.641396 ], [ 13.386789, 54.64798 ], [ 13.394601, 54.651651 ], [ 13.418933, 54.656145 ], [ 13.427354, 54.659591 ], [ 13.432144, 54.663908 ], [ 13.433503, 54.67233 ], [ 13.438397, 54.677029 ], [ 13.433843, 54.682015 ], [ 13.427892, 54.684597 ] ], [ [ 13.082096, 54.477879 ], [ 13.078482, 54.475162 ], [ 13.080205, 54.473661 ], [ 13.084362, 54.475879 ], [ 13.082096, 54.477879 ] ], [ [ 13.156195, 54.578707 ], [ 13.145646, 54.602288 ], [ 13.143748, 54.603626 ], [ 13.131942, 54.605085 ], [ 13.120692, 54.603199 ], [ 13.099647, 54.590921 ], [ 13.102209, 54.576948 ], [ 13.100691, 54.566225 ], [ 13.063407, 54.484014 ], [ 13.061796, 54.480461 ], [ 13.061395, 54.462729 ], [ 13.064235, 54.459762 ], [ 13.065927, 54.46076 ], [ 13.074527, 54.479728 ], [ 13.074328, 54.484014 ], [ 13.073675, 54.499156 ], [ 13.079497, 54.503956 ], [ 13.082502, 54.513523 ], [ 13.086656, 54.516024 ], [ 13.085911, 54.518372 ], [ 13.092215, 54.520431 ], [ 13.093961, 54.527169 ], [ 13.105062, 54.530528 ], [ 13.115798, 54.538315 ], [ 13.114121, 54.543751 ], [ 13.116608, 54.553283 ], [ 13.11184, 54.565401 ], [ 13.109222, 54.568546 ], [ 13.116403, 54.575426 ], [ 13.111504, 54.580381 ], [ 13.111453, 54.583433 ], [ 13.124007, 54.585007 ], [ 13.130374, 54.591659 ], [ 13.137849, 54.595923 ], [ 13.139718, 54.592537 ], [ 13.13586, 54.588739 ], [ 13.140587, 54.584945 ], [ 13.14296, 54.579307 ], [ 13.144756, 54.579422 ], [ 13.145712, 54.585973 ], [ 13.14698, 54.586802 ], [ 13.15081, 54.58376 ], [ 13.152478, 54.577918 ], [ 13.156195, 54.578707 ] ], [ [ 13.12574, 54.546429 ], [ 13.1234, 54.54998 ], [ 13.116843, 54.54691 ], [ 13.116339, 54.544244 ], [ 13.116997, 54.541057 ], [ 13.118898, 54.540431 ], [ 13.121027, 54.542824 ], [ 13.123927, 54.542831 ], [ 13.12574, 54.546429 ] ], [ [ 13.159834, 54.57639 ], [ 13.156027, 54.577027 ], [ 13.154385, 54.574821 ], [ 13.157699, 54.573216 ], [ 13.159834, 54.57639 ] ] ], [ [ [ 10.451023, 47.554595 ], [ 10.445269, 47.566378 ], [ 10.435076, 47.568509 ], [ 10.430724, 47.577192 ], [ 10.437034, 47.583759 ], [ 10.455951, 47.58317 ], [ 10.47264, 47.58695 ], [ 10.473852, 47.585021 ], [ 10.481779, 47.584526 ], [ 10.478272, 47.580916 ], [ 10.471026, 47.57891 ], [ 10.472286, 47.570892 ], [ 10.454439, 47.555797 ], [ 10.451023, 47.554595 ] ] ], [ [ [ 8.966871, 45.984156 ], [ 8.976967, 45.983068 ], [ 8.977565, 45.982565 ], [ 8.978526, 45.970326 ], [ 8.975668, 45.96169 ], [ 8.967301, 45.963211 ], [ 8.958594, 45.964794 ], [ 8.959831, 45.968035 ], [ 8.961287, 45.97185 ], [ 8.964022, 45.975976 ], [ 8.96464, 45.979056 ], [ 8.966871, 45.984156 ] ] ] ] } }
]
}
