{
"type": "FeatureCollection",
"name": "geofence_active_mobility",
"crs": { "type": "name", "properties": { "name": "urn:ogc:def:crs:OGC:1.3:CRS84" } },
"features": [
{ "type": "Feature", "properties": { }, "geometry": { "type": "MultiPolygon", "coordinates": [ [ [ [ -180.0, 90.0 ], [ 180.0, 90.0 ], [ 180.0, -90.0 ], [ -180.0, -90.0 ], [ -180.0, 90.0 ] ], [ [ -18.037278, 27.762523 ], [ -18.081183, 27.753401 ], [ -18.129553, 27.771129 ], [ -18.150969, 27.759712 ], [ -18.15997, 27.724709 ], [ -18.145846, 27.704122 ], [ -18.050897, 27.692708 ], [ -17.989321, 27.638479 ], [ -17.971503, 27.648155 ], [ -17.956985, 27.720206 ], [ -17.925271, 27.743748 ], [ -17.883846, 27.812213 ], [ -17.922819, 27.849196 ], [ -17.991965, 27.821703 ], [ -17.989004, 27.800752 ], [ -18.037278, 27.762523 ] ], [ [ -15.788107, 27.835698 ], [ -15.673073, 27.749737 ], [ -15.579724, 27.734561 ], [ -15.522214, 27.77957 ], [ -15.428134, 27.805199 ], [ -15.414356, 27.845182 ], [ -15.385971, 27.857951 ], [ -15.382511, 27.929456 ], [ -15.358676, 27.932506 ], [ -15.379982, 27.949221 ], [ -15.374114, 27.998271 ], [ -15.418768, 28.061876 ], [ -15.411715, 28.100458 ], [ -15.428571, 28.137304 ], [ -15.405848, 28.175732 ], [ -15.43925, 28.16852 ], [ -15.432104, 28.146053 ], [ -15.467576, 28.126186 ], [ -15.52525, 28.154076 ], [ -15.600413, 28.144903 ], [ -15.636527, 28.170784 ], [ -15.667128, 28.158746 ], [ -15.68378, 28.170028 ], [ -15.708469, 28.165185 ], [ -15.69709, 28.150999 ], [ -15.721461, 28.07037 ], [ -15.790698, 28.019478 ], [ -15.821396, 28.013755 ], [ -15.833563, 27.912088 ], [ -15.788107, 27.835698 ] ], [ [ -17.176424, 28.177984 ], [ -17.195799, 28.19867 ], [ -17.260729, 28.217272 ], [ -17.317249, 28.204334 ], [ -17.34646, 28.147253 ], [ -17.348459, 28.099864 ], [ -17.271387, 28.026371 ], [ -17.169215, 28.035751 ], [ -17.099589, 28.09495 ], [ -17.118985, 28.151445 ], [ -17.176424, 28.177984 ] ], [ [ -16.712449, 28.04649 ], [ -16.707236, 28.010509 ], [ -16.644572, 28.003943 ], [ -16.597627, 28.027754 ], [ -16.545102, 28.026085 ], [ -16.426646, 28.148656 ], [ -16.424063, 28.205308 ], [ -16.362517, 28.304689 ], [ -16.359948, 28.378595 ], [ -16.249758, 28.455846 ], [ -16.235041, 28.485833 ], [ -16.179145, 28.5105 ], [ -16.126611, 28.532817 ], [ -16.120392, 28.555167 ], [ -16.136487, 28.582362 ], [ -16.22416, 28.565775 ], [ -16.325524, 28.577537 ], [ -16.335365, 28.557279 ], [ -16.410894, 28.52741 ], [ -16.430587, 28.487358 ], [ -16.503174, 28.425142 ], [ -16.602983, 28.394311 ], [ -16.673734, 28.400304 ], [ -16.751228, 28.371632 ], [ -16.829803, 28.39234 ], [ -16.923716, 28.35186 ], [ -16.841296, 28.263483 ], [ -16.835788, 28.2075 ], [ -16.772821, 28.113896 ], [ -16.738459, 28.087556 ], [ -16.736235, 28.054503 ], [ -16.712449, 28.04649 ] ], [ [ -14.491673, 28.108644 ], [ -14.506372, 28.070109 ], [ -14.474272, 28.076996 ], [ -14.330751, 28.045183 ], [ -14.221408, 28.162959 ], [ -13.935845, 28.234591 ], [ -13.902257, 28.275636 ], [ -13.894547, 28.323737 ], [ -13.852929, 28.393869 ], [ -13.867253, 28.480694 ], [ -13.826036, 28.553468 ], [ -13.826703, 28.604427 ], [ -13.831059, 28.692679 ], [ -13.865706, 28.744937 ], [ -13.926413, 28.751183 ], [ -14.015849, 28.714904 ], [ -14.009618, 28.674907 ], [ -14.038544, 28.614147 ], [ -14.033687, 28.59568 ], [ -14.101142, 28.47537 ], [ -14.145882, 28.438523 ], [ -14.164048, 28.368473 ], [ -14.200863, 28.331066 ], [ -14.223835, 28.215991 ], [ -14.370645, 28.118015 ], [ -14.44165, 28.101365 ], [ -14.491673, 28.108644 ] ], [ [ -17.96625, 28.826438 ], [ -18.006666, 28.77522 ], [ -17.963425, 28.667644 ], [ -17.880039, 28.537293 ], [ -17.866552, 28.470975 ], [ -17.84368, 28.454295 ], [ -17.759481, 28.573818 ], [ -17.750312, 28.621199 ], [ -17.770277, 28.676039 ], [ -17.724602, 28.741114 ], [ -17.757849, 28.788157 ], [ -17.778034, 28.838715 ], [ -17.857158, 28.833203 ], [ -17.912687, 28.85751 ], [ -17.96625, 28.826438 ] ], [ [ -13.816466, 29.03147 ], [ -13.833402, 28.990047 ], [ -13.83013, 28.928874 ], [ -13.880892, 28.887231 ], [ -13.876653, 28.860328 ], [ -13.801114, 28.858562 ], [ -13.787146, 28.839699 ], [ -13.738972, 28.904331 ], [ -13.642977, 28.919816 ], [ -13.597678, 28.948244 ], [ -13.541972, 28.959249 ], [ -13.465362, 29.01968 ], [ -13.448442, 29.089519 ], [ -13.464231, 29.128113 ], [ -13.428661, 29.155448 ], [ -13.419458, 29.197827 ], [ -13.470179, 29.237548 ], [ -13.496218, 29.218154 ], [ -13.541128, 29.123203 ], [ -13.563048, 29.117722 ], [ -13.597247, 29.135731 ], [ -13.63321, 29.116595 ], [ -13.659963, 29.122036 ], [ -13.707663, 29.080182 ], [ -13.752231, 29.078814 ], [ -13.816466, 29.03147 ] ], [ [ -13.504969, 29.224797 ], [ -13.48874, 29.253341 ], [ -13.472792, 29.269328 ], [ -13.511272, 29.291028 ], [ -13.547029, 29.222516 ], [ -13.504969, 29.224797 ] ], [ [ -17.211795, 32.737004 ], [ -17.103653, 32.678744 ], [ -16.943541, 32.633213 ], [ -16.904902, 32.646623 ], [ -16.831887, 32.641528 ], [ -16.745081, 32.734486 ], [ -16.690858, 32.748775 ], [ -16.822307, 32.768442 ], [ -16.9072, 32.836446 ], [ -17.051031, 32.80889 ], [ -17.101924, 32.820306 ], [ -17.167628, 32.868446 ], [ -17.193604, 32.870353 ], [ -17.264887, 32.81473 ], [ -17.211795, 32.737004 ] ], [ [ -16.296229, 33.061072 ], [ -16.295659, 33.099039 ], [ -16.351839, 33.093167 ], [ -16.396018, 33.040081 ], [ -16.378407, 33.024726 ], [ -16.339454, 33.053708 ], [ -16.296229, 33.061072 ] ], [ [ -5.355709, 35.873625 ], [ -5.306183, 35.884899 ], [ -5.279203, 35.899905 ], [ -5.314558, 35.889892 ], [ -5.381935, 35.913023 ], [ -5.355709, 35.873625 ] ], [ [ -25.069175, 36.929999 ], [ -25.016788, 36.930297 ], [ -25.019534, 36.963268 ], [ -25.063771, 37.015407 ], [ -25.164768, 37.005491 ], [ -25.184918, 36.984992 ], [ -25.157315, 36.940454 ], [ -25.112471, 36.951503 ], [ -25.069175, 36.929999 ] ], [ [ -25.268001, 37.745576 ], [ -25.171358, 37.742411 ], [ -25.141002, 37.773654 ], [ -25.134902, 37.807634 ], [ -25.149926, 37.850267 ], [ -25.199894, 37.859023 ], [ -25.318184, 37.865238 ], [ -25.420496, 37.824629 ], [ -25.471893, 37.826216 ], [ -25.488075, 37.84675 ], [ -25.585275, 37.814143 ], [ -25.690636, 37.842954 ], [ -25.718868, 37.88591 ], [ -25.783994, 37.91016 ], [ -25.820973, 37.899808 ], [ -25.853593, 37.860273 ], [ -25.841018, 37.829014 ], [ -25.696845, 37.736165 ], [ -25.630068, 37.750042 ], [ -25.565892, 37.743179 ], [ -25.509792, 37.707469 ], [ -25.368797, 37.714009 ], [ -25.268001, 37.745576 ] ], [ [ -28.541571, 38.51019 ], [ -28.516128, 38.452658 ], [ -28.445251, 38.42046 ], [ -28.267745, 38.410943 ], [ -28.237701, 38.38294 ], [ -28.178983, 38.409003 ], [ -28.081782, 38.400233 ], [ -28.028531, 38.414673 ], [ -28.058263, 38.442928 ], [ -28.170566, 38.456708 ], [ -28.242164, 38.498708 ], [ -28.267745, 38.498756 ], [ -28.41219, 38.561024 ], [ -28.514572, 38.548386 ], [ -28.541571, 38.51019 ] ], [ [ -28.622315, 38.540435 ], [ -28.603104, 38.548022 ], [ -28.598782, 38.592482 ], [ -28.687529, 38.639264 ], [ -28.714768, 38.64369 ], [ -28.755551, 38.610959 ], [ -28.834073, 38.599944 ], [ -28.758414, 38.559412 ], [ -28.750083, 38.523271 ], [ -28.622045, 38.516468 ], [ -28.622315, 38.540435 ] ], [ [ -27.827917, 38.533839 ], [ -27.753915, 38.548045 ], [ -27.976705, 38.643964 ], [ -28.024918, 38.67202 ], [ -28.31604, 38.754301 ], [ -28.2323, 38.702078 ], [ -28.223004, 38.680896 ], [ -28.025783, 38.602362 ], [ -27.943712, 38.589512 ], [ -27.827917, 38.533839 ] ], [ [ -27.369845, 38.709091 ], [ -27.289449, 38.657002 ], [ -27.23222, 38.655525 ], [ -27.226839, 38.640634 ], [ -27.21787, 38.653737 ], [ -27.079953, 38.644091 ], [ -27.074537, 38.670347 ], [ -27.042569, 38.69664 ], [ -27.060665, 38.72815 ], [ -27.044798, 38.735807 ], [ -27.102804, 38.785044 ], [ -27.178173, 38.793617 ], [ -27.33284, 38.793386 ], [ -27.376859, 38.766199 ], [ -27.369845, 38.709091 ] ], [ [ -9.047479, 38.831443 ], [ -9.030504, 38.874755 ], [ -9.062047, 38.851616 ], [ -9.078268759307454, 38.815100920275754 ], [ -9.071773, 38.84363 ], [ -9.019926, 38.889538 ], [ -8.977632, 38.960014 ], [ -8.993965, 38.88709 ], [ -8.979992, 38.865818 ], [ -8.988487, 38.848415 ], [ -9.009717, 38.847012 ], [ -9.013882, 38.822272 ], [ -8.998594, 38.800301 ], [ -8.968466, 38.827765 ], [ -8.924881, 38.758674 ], [ -8.950251, 38.760831 ], [ -9.045033, 38.715074 ], [ -9.048477, 38.691 ], [ -8.977033997890725, 38.696257331379563 ], [ -8.975805, 38.681246 ], [ -9.006903, 38.687046 ], [ -9.012969, 38.671923 ], [ -8.995467, 38.653484 ], [ -9.020683, 38.668989 ], [ -9.040328, 38.661522 ], [ -9.059966, 38.682375 ], [ -9.090446, 38.660723 ], [ -9.067259, 38.64932 ], [ -9.049573, 38.600237 ], [ -9.083883, 38.644545 ], [ -9.106215, 38.643284 ], [ -9.107233, 38.621273 ], [ -9.133303, 38.642748 ], [ -9.106766, 38.648948 ], [ -9.137599, 38.659609 ], [ -9.147873, 38.687526 ], [ -9.257722, 38.664474 ], [ -9.211233, 38.604266 ], [ -9.182594, 38.523084 ], [ -9.221529, 38.413559 ], [ -9.028926, 38.4467 ], [ -8.887861, 38.520481 ], [ -8.785476, 38.48801 ], [ -8.765325, 38.503562 ], [ -8.803015, 38.528252 ], [ -8.761704, 38.538488 ], [ -8.739899, 38.565279 ], [ -8.7198, 38.440907 ], [ -8.700251, 38.442791 ], [ -8.650677, 38.407169 ], [ -8.736618, 38.41892 ], [ -8.775353, 38.409102 ], [ -8.805619, 38.441356 ], [ -8.80877, 38.42764 ], [ -8.78775, 38.413626 ], [ -8.798632, 38.390516 ], [ -8.825532, 38.444374 ], [ -8.910078, 38.492429 ], [ -8.813174, 38.39918 ], [ -8.780564, 38.302389 ], [ -8.77681, 38.211161 ], [ -8.796724, 38.121358 ], [ -8.887471, 37.953945 ], [ -8.810468, 37.92769 ], [ -8.80054, 37.907958 ], [ -8.790679, 37.837778 ], [ -8.811533, 37.746462 ], [ -8.786664, 37.714552 ], [ -8.818385, 37.597796 ], [ -8.786012, 37.533088 ], [ -8.796321, 37.442948 ], [ -8.877298, 37.320254 ], [ -8.860782, 37.268151 ], [ -8.896842, 37.20531 ], [ -8.91744, 37.196021 ], [ -8.903254, 37.168966 ], [ -8.994512, 37.023787 ], [ -8.964837, 37.025456 ], [ -8.947056, 36.994964 ], [ -8.895289, 37.041821 ], [ -8.723304, 37.086493 ], [ -8.669395, 37.080179 ], [ -8.664868, 37.106358 ], [ -8.60226, 37.122993 ], [ -8.443909, 37.086636 ], [ -8.369361, 37.101681 ], [ -8.301169, 37.072965 ], [ -8.184795, 37.090345 ], [ -8.096632, 37.06444 ], [ -7.97937, 36.997496 ], [ -7.897836, 36.969819 ], [ -7.889891, 36.977008 ], [ -7.928972, 36.998981 ], [ -7.922445, 37.008034 ], [ -7.8794, 36.983222 ], [ -7.859385, 36.996665 ], [ -7.881291, 37.012012 ], [ -7.862212, 37.008536 ], [ -7.869355, 37.021685 ], [ -7.790604, 37.034124 ], [ -7.807035, 37.022531 ], [ -7.797914, 37.013077 ], [ -7.570363, 37.148036 ], [ -7.506813, 37.167177 ], [ -7.44202, 37.176635 ], [ -7.398818, 37.163948 ], [ -7.401916, 37.174827 ], [ -7.365503, 37.171824 ], [ -7.284815, 37.200615 ], [ -7.027711, 37.203175 ], [ -6.760209, 37.105377 ], [ -6.509203, 36.96765 ], [ -6.447776, 36.905445 ], [ -6.395506, 36.806258 ], [ -6.345561, 36.798767 ], [ -6.442071, 36.737991 ], [ -6.394611, 36.634781 ], [ -6.358368, 36.615677 ], [ -6.299046, 36.617546 ], [ -6.265892, 36.581005 ], [ -6.23546, 36.584313 ], [ -6.224427, 36.560894 ], [ -6.233513, 36.528995 ], [ -6.256044, 36.524638 ], [ -6.23645, 36.505346 ], [ -6.196782, 36.526475 ], [ -6.173911, 36.520283 ], [ -6.213363, 36.469926 ], [ -6.237207, 36.463634 ], [ -6.254718, 36.470063 ], [ -6.288434, 36.539454 ], [ -6.30703, 36.532511 ], [ -6.142632, 36.296698 ], [ -6.102843, 36.284041 ], [ -6.033257, 36.181553 ], [ -5.915057, 36.184582 ], [ -5.796994, 36.078836 ], [ -5.778334, 36.087887 ], [ -5.722342, 36.060038 ], [ -5.686877, 36.066563 ], [ -5.644461, 36.048087 ], [ -5.608203, 36.008465 ], [ -5.45477, 36.054557 ], [ -5.427438, 36.0757 ], [ -5.442455, 36.089322 ], [ -5.433172, 36.126135 ], [ -5.446608, 36.140524 ], [ -5.424394, 36.176325 ], [ -5.385358, 36.179945 ], [ -5.339225, 36.152035 ], [ -5.312701, 36.236055 ], [ -5.24611, 36.314561 ], [ -5.221085, 36.37352 ], [ -5.175908, 36.414702 ], [ -5.078369, 36.45111 ], [ -5.00559, 36.459564 ], [ -4.910149, 36.505636 ], [ -4.758644, 36.486089 ], [ -4.639642, 36.507025 ], [ -4.589918, 36.571338 ], [ -4.511209, 36.594034 ], [ -4.41703, 36.717351 ], [ -4.178855, 36.715001 ], [ -4.059642, 36.7476 ], [ -3.957281, 36.726104 ], [ -3.835655, 36.753587 ], [ -3.766918, 36.729219 ], [ -3.748196, 36.736939 ], [ -3.731787, 36.719642 ], [ -3.659948, 36.745817 ], [ -3.601716, 36.743815 ], [ -3.567068, 36.71904 ], [ -3.526027, 36.724055 ], [ -3.468656, 36.693849 ], [ -3.420379, 36.694584 ], [ -3.338398, 36.738399 ], [ -3.249508, 36.754548 ], [ -2.976789, 36.738441 ], [ -2.927272, 36.751762 ], [ -2.846683, 36.695545 ], [ -2.810305, 36.704921 ], [ -2.772162, 36.681645 ], [ -2.701671, 36.682895 ], [ -2.620252, 36.726902 ], [ -2.562147, 36.816019 ], [ -2.472981, 36.836552 ], [ -2.427931, 36.810741 ], [ -2.367662, 36.841325 ], [ -2.292189, 36.819819 ], [ -2.193464, 36.722665 ], [ -2.12412, 36.732762 ], [ -2.104921, 36.76186 ], [ -2.064196, 36.776413 ], [ -2.058174, 36.81048 ], [ -2.000841, 36.840172 ], [ -1.991195, 36.893818 ], [ -1.967548, 36.900165 ], [ -1.945395, 36.932251 ], [ -1.896899, 36.948367 ], [ -1.900045, 36.988653 ], [ -1.849854, 37.068399 ], [ -1.803101, 37.22102 ], [ -1.70866, 37.303509 ], [ -1.674157, 37.354992 ], [ -1.51753, 37.4317 ], [ -1.487502, 37.422643 ], [ -1.453639, 37.491002 ], [ -1.402908, 37.50766 ], [ -1.325596, 37.561985 ], [ -1.202849, 37.573377 ], [ -1.164887, 37.542327 ], [ -1.113809, 37.534791 ], [ -1.124987, 37.551737 ], [ -1.111019, 37.567289 ], [ -1.073515, 37.58274 ], [ -1.015827, 37.574715 ], [ -0.988601, 37.583989 ], [ -0.991926, 37.599866 ], [ -0.950057, 37.569698 ], [ -0.959519, 37.561661 ], [ -0.920899, 37.556543 ], [ -0.851417, 37.587083 ], [ -0.81914, 37.575885 ], [ -0.720741, 37.606508 ], [ -0.68888, 37.634463 ], [ -0.706006, 37.63805 ], [ -0.738458, 37.691091 ], [ -0.721011, 37.649575 ], [ -0.740069, 37.632758 ], [ -0.811002, 37.663244 ], [ -0.859979, 37.721447 ], [ -0.78292, 37.819139 ], [ -0.746643, 37.77679 ], [ -0.762135, 37.847008 ], [ -0.750263, 37.897571 ], [ -0.720209, 37.911556 ], [ -0.694611, 37.971424 ], [ -0.655584, 37.985693 ], [ -0.636896, 38.135925 ], [ -0.612482, 38.175411 ], [ -0.510355, 38.201797 ], [ -0.519745, 38.296864 ], [ -0.504127, 38.333781 ], [ -0.445646, 38.362079 ], [ -0.404125, 38.352877 ], [ -0.388882, 38.427591 ], [ -0.301367, 38.481929 ], [ -0.141504, 38.536467 ], [ -0.096884, 38.524795 ], [ -0.049938, 38.56302 ], [ -0.06394, 38.577045 ], [ -0.02931, 38.618042 ], [ 0.055601, 38.641547 ], [ 0.079154, 38.632726 ], [ 0.096623, 38.671153 ], [ 0.149973, 38.680364 ], [ 0.167799, 38.7103 ], [ 0.23035, 38.732794 ], [ 0.22247, 38.76235 ], [ 0.184615, 38.785089 ], [ 0.197582, 38.803544 ], [ 0.09276, 38.854591 ], [ -0.023035, 38.876251 ], [ -0.121733, 38.956772 ], [ -0.181142, 39.030788 ], [ -0.236879, 39.139081 ], [ -0.23583, 39.178654 ], [ -0.216586, 39.185395 ], [ -0.290748, 39.306104 ], [ -0.334427, 39.42324 ], [ -0.32095, 39.507992 ], [ -0.258823, 39.614933 ], [ -0.210808, 39.654434 ], [ -0.177474, 39.740307 ], [ -0.078656, 39.860656 ], [ -0.007068, 39.91407 ], [ 0.051798, 40.037366 ], [ 0.145699, 40.082102 ], [ 0.201215, 40.180748 ], [ 0.264602, 40.210525 ], [ 0.278997, 40.243359 ], [ 0.407451, 40.357842 ], [ 0.417329, 40.399578 ], [ 0.538584, 40.567325 ], [ 0.603143, 40.621912 ], [ 0.726605, 40.639523 ], [ 0.74341, 40.63021 ], [ 0.881559, 40.709541 ], [ 0.874793, 40.73303 ], [ 0.863692, 40.721508 ], [ 0.834876, 40.731482 ], [ 0.770689, 40.790687 ], [ 0.736632, 40.788989 ], [ 0.783792, 40.769785 ], [ 0.739709, 40.76581 ], [ 0.700422, 40.803414 ], [ 0.792324, 40.867348 ], [ 0.862819, 40.947023 ], [ 0.965599, 41.027569 ], [ 1.04936, 41.063935 ], [ 1.127654, 41.074922 ], [ 1.17221, 41.055858 ], [ 1.218183, 41.105232 ], [ 1.299304, 41.127792 ], [ 1.398011, 41.133501 ], [ 1.527216, 41.180853 ], [ 2.119573, 41.292061 ], [ 2.149536, 41.319469 ], [ 2.151826, 41.343169 ], [ 2.270422, 41.4608 ], [ 2.53216, 41.57 ], [ 2.778513, 41.648807 ], [ 2.833092, 41.693652 ], [ 2.933613, 41.715789 ], [ 2.976736, 41.757146 ], [ 3.056203, 41.787543 ], [ 3.100021, 41.843078 ], [ 3.130822, 41.841861 ], [ 3.203118, 41.892747 ], [ 3.232554, 41.950451 ], [ 3.196932, 42.008346 ], [ 3.211055, 42.068445 ], [ 3.175982, 42.111124 ], [ 3.124504, 42.128414 ], [ 3.111662, 42.203849 ], [ 3.125348, 42.236006 ], [ 3.162562, 42.263995 ], [ 3.219032, 42.233634 ], [ 3.229886, 42.250625 ], [ 3.264226, 42.238107 ], [ 3.254594, 42.253181 ], [ 3.280621, 42.254918 ], [ 3.290519, 42.305509 ], [ 3.320628, 42.318781 ], [ 3.265425, 42.340471 ], [ 3.249505, 42.331236 ], [ 3.230321, 42.351091 ], [ 3.196595, 42.335711 ], [ 3.164171, 42.360618 ], [ 3.166395, 42.389375 ], [ 3.153507, 42.393104 ], [ 3.176232, 42.4407 ], [ 3.154954, 42.476924 ], [ 3.130885, 42.48252 ], [ 3.124033, 42.505304 ], [ 3.136707, 42.516341 ], [ 3.051196, 42.545934 ], [ 3.03373, 42.704215 ], [ 3.060204, 42.917234 ], [ 3.039758, 42.931714 ], [ 3.049126, 42.980927 ], [ 3.121009, 43.106085 ], [ 3.223442, 43.201812 ], [ 3.387832, 43.284352 ], [ 3.508874, 43.272307 ], [ 3.652869, 43.38822 ], [ 3.724577, 43.401546 ], [ 3.72498, 43.415747 ], [ 3.795892, 43.440743 ], [ 3.936932, 43.528849 ], [ 4.071093, 43.557036 ], [ 4.125857, 43.544362 ], [ 4.138595, 43.531227 ], [ 4.112427, 43.508695 ], [ 4.165619, 43.471959 ], [ 4.400754, 43.447309 ], [ 4.547178, 43.448581 ], [ 4.586813, 43.426605 ], [ 4.596265, 43.405511 ], [ 4.557493, 43.380776 ], [ 4.59385, 43.35644 ], [ 4.773279, 43.348909 ], [ 4.845457, 43.330154 ], [ 4.882714, 43.354519 ], [ 4.844702, 43.375135 ], [ 4.841534, 43.403599 ], [ 4.855749, 43.403958 ], [ 4.827748, 43.424205 ], [ 4.872239, 43.410196 ], [ 4.858057, 43.45204 ], [ 4.880397, 43.422283 ], [ 4.897805, 43.427186 ], [ 4.890857, 43.414988 ], [ 4.928567, 43.432233 ], [ 4.97226, 43.421895 ], [ 4.9755, 43.401415 ], [ 4.99991, 43.397969 ], [ 4.987783, 43.39182 ], [ 5.025, 43.35482 ], [ 5.021266, 43.341286 ], [ 5.05221, 43.325035 ], [ 5.222024, 43.32834 ], [ 5.313713, 43.3589 ], [ 5.363012, 43.309972 ], [ 5.348537, 43.281918 ], [ 5.374609, 43.25345 ], [ 5.343979, 43.213456 ], [ 5.500234, 43.198755 ], [ 5.53259, 43.212307 ], [ 5.604732, 43.160615 ], [ 5.623432, 43.186421 ], [ 5.686072, 43.179371 ], [ 5.694787, 43.144413 ], [ 5.770367, 43.139098 ], [ 5.772541, 43.117248 ], [ 5.80726, 43.115711 ], [ 5.812034, 43.09481 ], [ 5.794989, 43.070302 ], [ 5.829463, 43.04976 ], [ 5.860325, 43.048463 ], [ 5.88822, 43.077251 ], [ 5.94444, 43.067008 ], [ 5.948251, 43.079383 ], [ 5.903892, 43.07898 ], [ 5.908483, 43.099599 ], [ 5.886288, 43.104247 ], [ 5.885725, 43.117016 ], [ 5.922591, 43.12248 ], [ 5.929242, 43.104341 ], [ 6.007226, 43.103373 ], [ 6.022761, 43.078597 ], [ 6.125037, 43.077648 ], [ 6.13184, 43.050091 ], [ 6.095721, 43.039751 ], [ 6.097594, 43.02874 ], [ 6.158108, 43.028442 ], [ 6.161447, 43.089788 ], [ 6.199431, 43.114859 ], [ 6.271817, 43.121026 ], [ 6.362558, 43.087387 ], [ 6.360758, 43.119414 ], [ 6.384911, 43.143691 ], [ 6.494619, 43.150867 ], [ 6.561462, 43.188737 ], [ 6.597937, 43.183869 ], [ 6.619228, 43.159952 ], [ 6.67984, 43.199356 ], [ 6.66542, 43.242347 ], [ 6.696953, 43.265281 ], [ 6.678173, 43.278113 ], [ 6.66452, 43.265287 ], [ 6.575776, 43.272948 ], [ 6.671135, 43.313463 ], [ 6.68218, 43.340848 ], [ 6.715252, 43.347042 ], [ 6.714775, 43.371809 ], [ 6.748004, 43.419285 ], [ 6.855247, 43.411583 ], [ 6.859654, 43.432756 ], [ 6.890903, 43.428717 ], [ 6.947567, 43.484373 ], [ 6.956104, 43.500301 ], [ 6.938364, 43.516392 ], [ 6.959913, 43.540298 ], [ 7.014934, 43.550466 ], [ 7.038156, 43.535691 ], [ 7.100317, 43.570507 ], [ 7.134074, 43.544697 ], [ 7.13989, 43.569137 ], [ 7.122909, 43.586263 ], [ 7.137531, 43.635754 ], [ 7.158808, 43.654236 ], [ 7.211713, 43.648216 ], [ 7.247894, 43.691137 ], [ 7.303641, 43.68598 ], [ 7.314617, 43.705939 ], [ 7.329024, 43.675396 ], [ 7.34633, 43.685898 ], [ 7.32944, 43.701973 ], [ 7.342721, 43.713565 ], [ 7.407829, 43.720729 ], [ 7.46066, 43.759998 ], [ 7.486402, 43.749728 ], [ 7.51566, 43.782951 ], [ 7.575396, 43.792705 ], [ 7.672801, 43.776622 ], [ 7.702691, 43.799011 ], [ 7.832264, 43.816516 ], [ 8.071312, 43.89063 ], [ 8.138964, 43.945149 ], [ 8.173979, 43.955189 ], [ 8.16216, 43.989886 ], [ 8.226106, 44.045051 ], [ 8.227758, 44.082586 ], [ 8.269205, 44.139141 ], [ 8.424505, 44.196005 ], [ 8.415807, 44.218692 ], [ 8.455492, 44.257457 ], [ 8.440833, 44.270794 ], [ 8.455048, 44.290456 ], [ 8.509325, 44.328499 ], [ 8.747535, 44.426211 ], [ 8.906114, 44.401912 ], [ 8.919854, 44.412678 ], [ 8.936261, 44.394518 ], [ 9.099056, 44.371846 ], [ 9.147209, 44.355216 ], [ 9.155637, 44.316243 ], [ 9.20839, 44.301453 ], [ 9.230843, 44.34782 ], [ 9.368664, 44.295052 ], [ 9.404244, 44.252638 ], [ 9.488334, 44.238843 ], [ 9.602505, 44.172654 ], [ 9.635535, 44.133533 ], [ 9.674991, 44.139175 ], [ 9.831977, 44.051718 ], [ 9.848902, 44.066761 ], [ 9.816146, 44.096542 ], [ 9.851654, 44.109118 ], [ 9.963097, 44.038097 ], [ 10.01877, 44.044536 ], [ 10.143476, 43.97542 ], [ 10.227727, 43.887644 ], [ 10.258118, 43.815147 ], [ 10.299176, 43.534343 ], [ 10.330426, 43.474221 ], [ 10.378466, 43.447336 ], [ 10.404703, 43.401433 ], [ 10.424724, 43.398796 ], [ 10.455845, 43.32925 ], [ 10.501513, 43.290477 ], [ 10.528248, 43.231604 ], [ 10.539091, 43.113559 ], [ 10.515855, 43.000475 ], [ 10.483973, 42.988167 ], [ 10.495621, 42.932746 ], [ 10.541464, 42.920643 ], [ 10.552405, 42.947646 ], [ 10.632071, 42.954047 ], [ 10.705673, 42.941864 ], [ 10.771926, 42.910452 ], [ 10.786363, 42.888966 ], [ 10.769782, 42.869181 ], [ 10.771808, 42.829002 ], [ 10.733206, 42.801745 ], [ 10.786087, 42.77445 ], [ 10.948797, 42.738346 ], [ 10.977666, 42.71866 ], [ 11.014842, 42.656333 ], [ 11.083889, 42.627864 ], [ 11.123099, 42.557574 ], [ 11.15676, 42.562138 ], [ 11.177041, 42.540766 ], [ 11.190771, 42.515436 ], [ 11.184163, 42.463977 ], [ 11.156823, 42.434047 ], [ 11.096465, 42.438665 ], [ 11.096884, 42.393755 ], [ 11.153164, 42.361917 ], [ 11.189075, 42.364166 ], [ 11.212398, 42.388391 ], [ 11.211459, 42.409728 ], [ 11.270537, 42.418863 ], [ 11.449939, 42.37767 ], [ 11.632385, 42.295346 ], [ 11.696224, 42.2345 ], [ 11.743959, 42.141476 ], [ 11.832983, 42.031528 ], [ 11.915799, 42.038963 ], [ 12.143167, 41.914377 ], [ 12.190088, 41.855454 ], [ 12.225135, 41.743871 ], [ 12.323315, 41.71028 ], [ 12.416087, 41.655724 ], [ 12.55283, 41.534038 ], [ 12.618423, 41.448015 ], [ 12.67642, 41.454872 ], [ 12.763363, 41.410892 ], [ 12.844933, 41.414065 ], [ 12.915671, 41.383597 ], [ 12.982003, 41.33351 ], [ 13.046445, 41.227094 ], [ 13.086372, 41.223838 ], [ 13.157893, 41.270061 ], [ 13.281509, 41.297564 ], [ 13.396445, 41.273869 ], [ 13.576133, 41.204528 ], [ 13.587729, 41.208349 ], [ 13.569761, 41.231915 ], [ 13.616914, 41.259494 ], [ 13.730206, 41.243365 ], [ 13.840026, 41.156518 ], [ 13.887468, 41.100781 ], [ 13.922681, 41.025188 ], [ 14.015285, 40.929464 ], [ 14.040751, 40.877904 ], [ 14.045111, 40.791127 ], [ 14.08838, 40.781435 ], [ 14.073171, 40.818244 ], [ 14.107107, 40.831291 ], [ 14.187548, 40.794855 ], [ 14.265287, 40.842385 ], [ 14.331815, 40.814051 ], [ 14.394744, 40.760414 ], [ 14.45837, 40.745281 ], [ 14.480668, 40.699008 ], [ 14.40538, 40.656426 ], [ 14.399751, 40.637943 ], [ 14.33954, 40.626878 ], [ 14.32427, 40.570149 ], [ 14.488558, 40.627293 ], [ 14.530309, 40.607821 ], [ 14.574685, 40.613804 ], [ 14.624962, 40.647723 ], [ 14.692249, 40.634781 ], [ 14.746448, 40.676916 ], [ 14.788304, 40.665531 ], [ 14.882928, 40.580004 ], [ 14.996156, 40.39788 ], [ 14.996192, 40.356205 ], [ 14.945395, 40.335393 ], [ 14.94368, 40.276543 ], [ 14.909391, 40.243759 ], [ 14.990662, 40.218855 ], [ 15.041848, 40.170182 ], [ 15.12674, 40.173303 ], [ 15.180605, 40.125017 ], [ 15.263614, 40.081703 ], [ 15.285286, 40.03572 ], [ 15.268778, 40.025157 ], [ 15.318084, 40.029886 ], [ 15.353365, 40.000545 ], [ 15.418132, 39.991529 ], [ 15.51504, 40.068955 ], [ 15.630264, 40.071316 ], [ 15.626582, 40.057935 ], [ 15.676893, 40.029185 ], [ 15.680532, 40.007249 ], [ 15.730335, 39.965045 ], [ 15.779663, 39.89263 ], [ 15.79162, 39.861624 ], [ 15.769903, 39.837537 ], [ 15.786747, 39.816176 ], [ 15.81594, 39.680282 ], [ 15.873808, 39.554982 ], [ 15.921715, 39.528196 ], [ 15.991748, 39.446824 ], [ 16.036317, 39.34974 ], [ 16.068499, 39.129098 ], [ 16.098828, 39.028524 ], [ 16.15775, 38.95062 ], [ 16.215454, 38.926212 ], [ 16.221636, 38.848837 ], [ 16.185773, 38.752064 ], [ 16.147015, 38.72424 ], [ 16.104159, 38.712101 ], [ 15.98579, 38.722537 ], [ 15.836869, 38.645822 ], [ 15.828396, 38.618234 ], [ 15.930146, 38.546823 ], [ 15.900653, 38.451429 ], [ 15.917828, 38.473757 ], [ 15.835789, 38.362052 ], [ 15.808354, 38.291796 ], [ 15.749971, 38.257228 ], [ 15.636314, 38.231003 ], [ 15.633966, 38.18671 ], [ 15.65638, 38.136774 ], [ 15.630941, 38.094608 ], [ 15.656799, 38.04006 ], [ 15.634535, 38.017922 ], [ 15.677794, 37.954803 ], [ 15.763413, 37.916744 ], [ 16.064377, 37.925242 ], [ 16.14393, 38.031602 ], [ 16.169611, 38.140114 ], [ 16.287634, 38.258451 ], [ 16.335769, 38.300353 ], [ 16.488372, 38.352533 ], [ 16.570899, 38.426716 ], [ 16.582085, 38.46979 ], [ 16.573023, 38.560646 ], [ 16.558768, 38.680592 ], [ 16.536898, 38.71757 ], [ 16.61048, 38.815087 ], [ 16.76236, 38.889586 ], [ 16.876553, 38.925612 ], [ 16.984031, 38.937659 ], [ 17.022476, 38.906492 ], [ 17.062704, 38.917488 ], [ 17.094595, 38.89335 ], [ 17.169065, 38.954421 ], [ 17.167945, 38.999552 ], [ 17.204418, 39.022516 ], [ 17.148007, 39.045853 ], [ 17.109329, 39.106084 ], [ 17.147783, 39.209667 ], [ 17.106616, 39.252488 ], [ 17.10979, 39.307939 ], [ 17.157075, 39.399967 ], [ 17.052895, 39.439402 ], [ 17.025065, 39.483578 ], [ 16.875044, 39.534589 ], [ 16.770734, 39.621105 ], [ 16.629822, 39.620411 ], [ 16.523959, 39.660769 ], [ 16.5295, 39.724422 ], [ 16.488826, 39.758688 ], [ 16.506304, 39.832058 ], [ 16.629685, 39.964512 ], [ 16.599325, 40.039774 ], [ 16.606966, 40.082931 ], [ 16.686673, 40.146241 ], [ 16.786566, 40.302719 ], [ 16.901558, 40.435146 ], [ 17.023097, 40.505861 ], [ 17.120758, 40.518704 ], [ 17.184616, 40.479554 ], [ 17.240176, 40.467643 ], [ 17.246012, 40.436132 ], [ 17.204303, 40.411217 ], [ 17.505397, 40.296522 ], [ 17.697832, 40.303517 ], [ 17.859548, 40.283594 ], [ 17.903565, 40.255524 ], [ 17.92479, 40.222013 ], [ 17.926396, 40.182845 ], [ 17.987669, 40.138782 ], [ 18.010734, 40.101285 ], [ 18.006863, 40.076977 ], [ 17.978038, 40.055415 ], [ 18.016991, 40.030618 ], [ 18.015895, 40.005597 ], [ 17.996555, 39.995785 ], [ 18.048261, 39.928898 ], [ 18.17215, 39.851175 ], [ 18.265652, 39.835668 ], [ 18.344306, 39.79162 ], [ 18.369068, 39.793742 ], [ 18.390152, 39.816864 ], [ 18.407548, 39.97478 ], [ 18.43566, 40.024547 ], [ 18.475026, 40.044435 ], [ 18.482947, 40.077346 ], [ 18.519314, 40.106121 ], [ 18.507201, 40.12537 ], [ 18.516299, 40.135375 ], [ 18.488099, 40.148577 ], [ 18.423015, 40.29323 ], [ 18.234598, 40.448115 ], [ 18.080843, 40.525666 ], [ 18.034894, 40.571627 ], [ 18.0444, 40.597162 ], [ 18.016874, 40.62481 ], [ 18.019524, 40.64146 ], [ 17.954232, 40.645963 ], [ 17.961502, 40.660387 ], [ 17.937834, 40.683113 ], [ 17.845225, 40.689969 ], [ 17.716634, 40.75376 ], [ 17.473017, 40.832333 ], [ 17.350606, 40.905844 ], [ 17.277061, 40.972576 ], [ 17.091832, 41.063078 ], [ 16.58324, 41.208327 ], [ 15.962872, 41.457439 ], [ 15.901167, 41.541555 ], [ 15.902698, 41.616893 ], [ 16.064531, 41.693564 ], [ 16.185773, 41.771751 ], [ 16.19903, 41.825282 ], [ 16.175966, 41.861885 ], [ 16.180813, 41.887428 ], [ 16.151211, 41.909353 ], [ 16.060057, 41.947686 ], [ 16.010586, 41.950179 ], [ 15.819316, 41.92242 ], [ 15.684579, 41.914552 ], [ 15.620293, 41.928301 ], [ 15.403643, 41.900633 ], [ 15.340939, 41.916548 ], [ 15.17483, 41.921536 ], [ 15.081644, 41.942056 ], [ 14.998138, 42.005059 ], [ 14.850716, 42.03752 ], [ 14.728246, 42.095435 ], [ 14.715828, 42.172674 ], [ 14.511438, 42.25033 ], [ 14.426131, 42.325971 ], [ 14.409842, 42.35818 ], [ 14.208832, 42.47631 ], [ 14.05973, 42.62116 ], [ 13.95524, 42.781616 ], [ 13.841848, 43.103173 ], [ 13.623873, 43.501016 ], [ 13.625468, 43.549461 ], [ 13.573875, 43.570556 ], [ 13.506359, 43.630497 ], [ 13.481296, 43.607135 ], [ 13.453778, 43.610661 ], [ 13.300304, 43.672227 ], [ 12.906852, 43.923175 ], [ 12.688342, 43.987492 ], [ 12.57674, 44.07684 ], [ 12.536478, 44.090031 ], [ 12.395901, 44.210228 ], [ 12.362554, 44.259203 ], [ 12.290552, 44.458406 ], [ 12.283173, 44.595558 ], [ 12.240261, 44.705192 ], [ 12.249266, 44.762037 ], [ 12.28522, 44.816352 ], [ 12.267125, 44.823661 ], [ 12.315846, 44.843024 ], [ 12.369701, 44.797413 ], [ 12.320266, 44.79612 ], [ 12.391961, 44.786202 ], [ 12.420831, 44.813651 ], [ 12.394353, 44.828498 ], [ 12.404127, 44.852248 ], [ 12.391322, 44.877681 ], [ 12.404091, 44.893515 ], [ 12.439919, 44.895272 ], [ 12.433382, 44.852353 ], [ 12.456219, 44.842317 ], [ 12.436833, 44.823515 ], [ 12.451005, 44.825937 ], [ 12.497534, 44.959253 ], [ 12.411515, 45.031421 ], [ 12.410564, 45.008874 ], [ 12.346824, 44.99659 ], [ 12.312262, 44.969798 ], [ 12.302155, 45.014528 ], [ 12.334224, 45.044126 ], [ 12.287287, 45.056135 ], [ 12.302114, 45.074939 ], [ 12.261622, 45.096024 ], [ 12.298796, 45.122179 ], [ 12.293446, 45.138661 ], [ 12.312328, 45.136209 ], [ 12.328829, 45.083148 ], [ 12.355802, 45.063348 ], [ 12.331196, 45.089805 ], [ 12.329226, 45.167964 ], [ 12.298349, 45.229224 ], [ 12.274862, 45.224308 ], [ 12.282355, 45.204044 ], [ 12.263509, 45.209023 ], [ 12.268683, 45.193428 ], [ 12.246381, 45.184836 ], [ 12.207408, 45.196171 ], [ 12.220992, 45.20273 ], [ 12.207279, 45.256793 ], [ 12.13297, 45.258834 ], [ 12.141609, 45.356284 ], [ 12.169272, 45.359889 ], [ 12.14986, 45.365556 ], [ 12.146262, 45.390646 ], [ 12.18405, 45.368396 ], [ 12.165706, 45.390955 ], [ 12.193646, 45.412501 ], [ 12.257738, 45.418382 ], [ 12.260521, 45.454654 ], [ 12.27375, 45.450736 ], [ 12.281252, 45.476989 ], [ 12.391761, 45.518962 ], [ 12.415898, 45.544454 ], [ 12.435629, 45.528681 ], [ 12.473622, 45.562062 ], [ 12.537981, 45.57531 ], [ 12.596602, 45.545274 ], [ 12.578166, 45.526906 ], [ 12.600317, 45.53748 ], [ 12.632616, 45.527139 ], [ 12.562873, 45.487468 ], [ 12.487586, 45.499042 ], [ 12.421384, 45.442027 ], [ 12.432892, 45.425437 ], [ 12.719593, 45.525064 ], [ 12.908655, 45.614384 ], [ 13.096033, 45.635843 ], [ 13.152681, 45.697653 ], [ 13.076453, 45.691024 ], [ 13.068123, 45.709967 ], [ 13.130853, 45.771844 ], [ 13.144667, 45.751322 ], [ 13.184257, 45.773332 ], [ 13.221849, 45.771793 ], [ 13.233931, 45.753879 ], [ 13.312928, 45.748438 ], [ 13.475975, 45.704124 ], [ 13.550438, 45.723841 ], [ 13.517714, 45.743646 ], [ 13.541458, 45.791009 ], [ 13.630766, 45.769516 ], [ 13.750567, 45.682147 ], [ 13.767579, 45.653982 ], [ 13.746006, 45.639968 ], [ 13.805277, 45.61127 ], [ 13.784124, 45.599548 ], [ 13.720262, 45.605107 ], [ 13.72214, 45.591781 ], [ 13.704009, 45.590465 ], [ 13.745909, 45.565534 ], [ 13.719114, 45.543604 ], [ 13.565386, 45.52969 ], [ 13.594787, 45.507117 ], [ 13.587267, 45.477364 ], [ 13.651296, 45.454055 ], [ 13.510188, 45.504456 ], [ 13.490979, 45.488046 ], [ 13.5556, 45.3567 ], [ 13.539652, 45.350984 ], [ 13.541249, 45.329049 ], [ 13.613111, 45.312703 ], [ 13.56964, 45.297895 ], [ 13.604329, 45.276448 ], [ 13.577884, 45.2684 ], [ 13.599161, 45.243062 ], [ 13.59753, 45.204419 ], [ 13.579706, 45.197978 ], [ 13.604126, 45.178592 ], [ 13.590157, 45.176197 ], [ 13.607528, 45.157832 ], [ 13.598515, 45.13275 ], [ 13.734129, 45.131418 ], [ 13.623567, 45.127759 ], [ 13.607337, 45.116048 ], [ 13.64068, 45.095651 ], [ 13.629542, 45.063767 ], [ 13.671277, 45.06016 ], [ 13.735362, 44.985827 ], [ 13.76066, 44.985896 ], [ 13.810667, 44.912875 ], [ 13.800407, 44.892987 ], [ 13.84512, 44.874595 ], [ 13.796306, 44.867004 ], [ 13.868484, 44.810606 ], [ 13.900548, 44.805732 ], [ 13.91206, 44.769499 ], [ 13.919904, 44.805436 ], [ 13.8914, 44.82057 ], [ 14.002467, 44.804856 ], [ 13.974042, 44.819574 ], [ 14.003412, 44.884597 ], [ 13.980795, 44.90215 ], [ 14.022699, 44.902666 ], [ 14.047608, 44.937533 ], [ 14.039503, 44.948925 ], [ 14.073987, 44.97971 ], [ 14.03816, 45.004168 ], [ 14.039155, 45.031356 ], [ 14.097094, 44.972701 ], [ 14.075944, 44.969757 ], [ 14.068218, 44.946631 ], [ 14.108502, 44.970656 ], [ 14.147127, 44.95845 ], [ 14.168735, 44.979792 ], [ 14.142543, 45.05388 ], [ 14.157424, 45.047626 ], [ 14.15305, 45.076637 ], [ 14.196461, 45.105911 ], [ 14.17489, 45.133544 ], [ 14.208026, 45.116922 ], [ 14.223789, 45.138302 ], [ 14.277753, 45.296972 ], [ 14.32641, 45.354581 ], [ 14.480504, 45.313669 ], [ 14.548553, 45.277982 ], [ 14.559135, 45.284538 ], [ 14.537324, 45.306578 ], [ 14.558195, 45.297928 ], [ 14.58062, 45.280576 ], [ 14.561245, 45.273064 ], [ 14.573667, 45.248998 ], [ 14.611, 45.233137 ], [ 14.611034, 45.219151 ], [ 14.73921, 45.139563 ], [ 14.84332, 45.11208 ], [ 14.927154, 44.952502 ], [ 14.884778, 44.85727 ], [ 14.890564, 44.715306 ], [ 14.982897, 44.582066 ], [ 15.107133, 44.505818 ], [ 15.280008, 44.364992 ], [ 15.407307, 44.316853 ], [ 15.480575, 44.269497 ], [ 15.537714, 44.259361 ], [ 15.52336, 44.246116 ], [ 15.528300584728145, 44.229799344120302 ], [ 15.520414, 44.244782 ], [ 15.399987, 44.259018 ], [ 15.276228, 44.331584 ], [ 15.261643, 44.319134 ], [ 15.307133, 44.28421 ], [ 15.282586, 44.279878 ], [ 15.297947, 44.248169 ], [ 15.208766, 44.290523 ], [ 15.197241, 44.280708 ], [ 15.206075, 44.249535 ], [ 15.1807, 44.243807 ], [ 15.128154, 44.27535 ], [ 15.11353, 44.259018 ], [ 15.166604, 44.227205 ], [ 15.143546, 44.194858 ], [ 15.2095, 44.146534 ], [ 15.204029, 44.131094 ], [ 15.241445, 44.099009 ], [ 15.276588, 44.084353 ], [ 15.282319, 44.062421 ], [ 15.310181, 44.050995 ], [ 15.299589, 44.044449 ], [ 15.349417, 44.02501 ], [ 15.467735, 43.915831 ], [ 15.676234, 43.814411 ], [ 15.682837, 43.800436 ], [ 15.619989, 43.817539 ], [ 15.628627, 43.797044 ], [ 15.596692, 43.831019 ], [ 15.568271, 43.832294 ], [ 15.625553, 43.775393 ], [ 15.666876, 43.766324 ], [ 15.645713, 43.783778 ], [ 15.644711, 43.797258 ], [ 15.661353, 43.797658 ], [ 15.695857, 43.767293 ], [ 15.781557, 43.757615 ], [ 15.847792, 43.725031 ], [ 15.875787, 43.731361 ], [ 15.833933, 43.777525 ], [ 15.85976, 43.794138 ], [ 15.853852, 43.833515 ], [ 15.894792553928754, 43.809282200212927 ], [ 15.884647, 43.806911 ], [ 15.89528, 43.792769 ], [ 15.852577, 43.785057 ], [ 15.849828, 43.768242 ], [ 15.89793, 43.724047 ], [ 15.863813, 43.711116 ], [ 15.924895, 43.676825 ], [ 15.950352, 43.685791 ], [ 15.93616, 43.668808 ], [ 15.945905, 43.648025 ], [ 15.917982, 43.645886 ], [ 15.948953, 43.633623 ], [ 15.914324, 43.627767 ], [ 15.930729, 43.5811 ], [ 15.918114, 43.571084 ], [ 15.940194, 43.564428 ], [ 15.926475, 43.554014 ], [ 15.956821, 43.527203 ], [ 15.983656, 43.537658 ], [ 15.985106, 43.517965 ], [ 15.954638, 43.50526 ], [ 16.11251, 43.47136 ], [ 16.12612, 43.477322 ], [ 16.112857, 43.487634 ], [ 16.17613, 43.493244 ], [ 16.115895, 43.51262 ], [ 16.13272, 43.518967 ], [ 16.242571, 43.515623 ], [ 16.255845, 43.493145 ], [ 16.204254, 43.49623 ], [ 16.24487, 43.481284 ], [ 16.382151, 43.484647 ], [ 16.263666, 43.518096 ], [ 16.349664, 43.551179 ], [ 16.430763, 43.545205 ], [ 16.473108, 43.527427 ], [ 16.392039, 43.508982 ], [ 16.530889, 43.504905 ], [ 16.640248, 43.437833 ], [ 16.695218, 43.441583 ], [ 16.75165, 43.407818 ], [ 16.887271, 43.399786 ], [ 17.112822, 43.207915 ], [ 17.334822, 43.112019 ], [ 17.408534, 43.040721 ], [ 17.424546, 43.062217 ], [ 17.435431, 43.052738 ], [ 17.425498, 43.027768 ], [ 17.463746, 43.020632 ], [ 17.466488, 43.001775 ], [ 17.480643, 43.003193 ], [ 17.473012, 42.990835 ], [ 17.512322, 42.955326 ], [ 17.694236, 42.867767 ], [ 17.708648, 42.88183 ], [ 17.700097, 42.858291 ], [ 17.739658, 42.834638 ], [ 17.529568, 42.921435 ], [ 17.527778, 42.905247 ], [ 17.46989, 42.91485 ], [ 17.439707, 42.952756 ], [ 17.273387, 43.009967 ], [ 17.071566, 43.021191 ], [ 17.005526, 43.047015 ], [ 17.032713, 43.025199 ], [ 17.018145, 43.004644 ], [ 17.137542, 42.974578 ], [ 17.214431, 42.981739 ], [ 17.363696, 42.913176 ], [ 17.415707, 42.91152 ], [ 17.449292, 42.894151 ], [ 17.440288, 42.877669 ], [ 17.45262, 42.867661 ], [ 17.741729, 42.793001 ], [ 17.757974, 42.767936 ], [ 17.761096, 42.784284 ], [ 17.726797, 42.815194 ], [ 17.782046, 42.787657 ], [ 17.805954, 42.806597 ], [ 17.841652, 42.804462 ], [ 17.863858, 42.777627 ], [ 17.888197, 42.786099 ], [ 17.87605, 42.764827 ], [ 17.904444, 42.746258 ], [ 18.08826, 42.670076 ], [ 18.062395, 42.661349 ], [ 18.066759, 42.64938 ], [ 18.178981, 42.61519 ], [ 18.205727, 42.621865 ], [ 18.230102, 42.599517 ], [ 18.214987, 42.57891 ], [ 18.235704, 42.5583 ], [ 18.421834, 42.451276 ], [ 18.458358, 42.446038 ], [ 18.514627, 42.400272 ], [ 18.52775, 42.426652 ], [ 18.505135, 42.44777 ], [ 18.514172, 42.457494 ], [ 18.600962, 42.433886 ], [ 18.631035, 42.441028 ], [ 18.673431, 42.459467 ], [ 18.684419, 42.479311 ], [ 18.651099, 42.490939 ], [ 18.686486, 42.515837 ], [ 18.701022, 42.485501 ], [ 18.763046, 42.488363 ], [ 18.766388, 42.422708 ], [ 18.735527, 42.463939 ], [ 18.692465, 42.476439 ], [ 18.686327, 42.442541 ], [ 18.711262, 42.407433 ], [ 18.568058, 42.430845 ], [ 18.548569, 42.414475 ], [ 18.610271, 42.365819 ], [ 18.651791, 42.364007 ], [ 18.656531, 42.383935 ], [ 18.684063, 42.38401 ], [ 18.70973, 42.321177 ], [ 18.778337, 42.268469 ], [ 18.808792, 42.283435 ], [ 18.881343, 42.278465 ], [ 18.907828, 42.220267 ], [ 18.966143, 42.191695 ], [ 19.011117, 42.136141 ], [ 19.059507, 42.133862 ], [ 19.090051, 42.100055 ], [ 19.072248, 42.086209 ], [ 19.140386, 42.043448 ], [ 19.151263, 41.983943 ], [ 19.140414, 41.975063 ], [ 19.163835, 41.953943 ], [ 19.156965, 41.945309 ], [ 19.310157, 41.88592 ], [ 19.36329, 41.846352 ], [ 19.447893, 41.859202 ], [ 19.591637, 41.812526 ], [ 19.602555, 41.783894 ], [ 19.573272, 41.760827 ], [ 19.582476, 41.705393 ], [ 19.569718, 41.653513 ], [ 19.587282, 41.616 ], [ 19.535665, 41.57123 ], [ 19.451988, 41.583127 ], [ 19.463929, 41.555483 ], [ 19.510205, 41.533472 ], [ 19.50881, 41.487823 ], [ 19.45092, 41.430476 ], [ 19.441687, 41.402372 ], [ 19.396662, 41.408346 ], [ 19.421753, 41.382938 ], [ 19.422447, 41.326101 ], [ 19.444679, 41.307926 ], [ 19.485395, 41.307408 ], [ 19.518871, 41.249428 ], [ 19.468838, 41.156373 ], [ 19.437788, 41.146199 ], [ 19.456549, 41.107677 ], [ 19.442483, 41.000525 ], [ 19.475702, 40.969217 ], [ 19.414828, 40.9169 ], [ 19.393408, 40.847812 ], [ 19.365368, 40.828081 ], [ 19.376686, 40.796959 ], [ 19.368242, 40.728938 ], [ 19.314219, 40.647232 ], [ 19.350428, 40.608456 ], [ 19.401658, 40.502904 ], [ 19.491077, 40.449108 ], [ 19.485203, 40.349988 ], [ 19.426296, 40.321775 ], [ 19.398071, 40.385855 ], [ 19.353803, 40.424357 ], [ 19.319126, 40.436881 ], [ 19.292698, 40.419932 ], [ 19.367418, 40.342967 ], [ 19.378676, 40.300561 ], [ 19.47075, 40.216522 ], [ 19.655035, 40.127899 ], [ 19.751679, 40.098274 ], [ 19.751659, 40.080705 ], [ 19.77273, 40.059591 ], [ 19.790452, 40.068089 ], [ 19.797017, 40.04698 ], [ 19.856772, 40.042539 ], [ 19.936395, 39.941877 ], [ 19.937531, 39.926726 ], [ 19.909032, 39.907847 ], [ 20.010597, 39.871702 ], [ 20.018969, 39.855922 ], [ 19.994893, 39.795877 ], [ 20.005403, 39.780894 ], [ 19.974959, 39.753558 ], [ 19.996746, 39.750797 ], [ 19.982175, 39.694617 ], [ 20.059462, 39.682049 ], [ 20.181811, 39.624764 ], [ 20.161241, 39.554026 ], [ 20.137913, 39.530508 ], [ 20.260452, 39.509472 ], [ 20.256783, 39.485056 ], [ 20.21631, 39.489125 ], [ 20.274469, 39.448146 ], [ 20.217768, 39.444033 ], [ 20.235775, 39.409159 ], [ 20.212738, 39.404005 ], [ 20.270471, 39.389538 ], [ 20.287612, 39.328194 ], [ 20.341253, 39.283931 ], [ 20.477822, 39.274841 ], [ 20.475645, 39.217804 ], [ 20.533868, 39.187912 ], [ 20.604767, 39.115941 ], [ 20.704072, 39.049337 ], [ 20.715288, 39.012945 ], [ 20.700559, 38.997087 ], [ 20.725889, 38.950993 ], [ 20.756131, 38.949912 ], [ 20.759075, 38.971358 ], [ 20.82958, 38.960746 ], [ 20.740084, 39.017072 ], [ 20.779497, 39.046123 ], [ 20.79049, 39.075007 ], [ 20.860722, 39.061216 ], [ 20.869506, 39.032578 ], [ 20.867496, 39.054601 ], [ 20.893409, 39.075021 ], [ 20.939129, 39.063444 ], [ 20.945711, 39.031867 ], [ 21.043527, 39.003392 ], [ 21.067948, 39.011855 ], [ 21.047157, 39.023038 ], [ 21.083285, 39.051439 ], [ 21.117121, 39.040609 ], [ 21.164794, 38.976742 ], [ 21.141152, 38.962019 ], [ 21.139555, 38.923718 ], [ 21.165897, 38.903513 ], [ 21.172148, 38.866644 ], [ 21.148991, 38.892831 ], [ 21.097575, 38.912798 ], [ 21.078966, 38.865626 ], [ 21.022247, 38.897187 ], [ 21.024433, 38.924586 ], [ 20.996889, 38.922486 ], [ 20.977989, 38.943997 ], [ 20.942103, 38.934156 ], [ 20.920331, 38.945178 ], [ 20.891665, 38.921543 ], [ 20.866856, 38.933193 ], [ 20.863498, 38.954292 ], [ 20.835854, 38.921845 ], [ 20.806194, 38.919367 ], [ 20.765506, 38.955576 ], [ 20.748208, 38.919561 ], [ 20.79772, 38.869381 ], [ 20.731957, 38.850217 ], [ 20.729154, 38.812319 ], [ 20.775574, 38.756848 ], [ 20.871011, 38.793086 ], [ 20.919158, 38.671719 ], [ 20.98773, 38.668246 ], [ 21.022041, 38.60577 ], [ 21.010878, 38.533275 ], [ 21.02539, 38.507193 ], [ 21.09377, 38.531173 ], [ 21.095704, 38.487309 ], [ 21.079105, 38.48478 ], [ 21.10119, 38.478665 ], [ 21.093203, 38.465231 ], [ 21.118944, 38.422155 ], [ 21.147873, 38.41209 ], [ 21.123172, 38.411443 ], [ 21.124822, 38.386823 ], [ 21.099016, 38.378062 ], [ 21.102759, 38.340507 ], [ 21.129104, 38.334545 ], [ 21.151033, 38.303053 ], [ 21.236699, 38.30155 ], [ 21.220138, 38.321027 ], [ 21.282923, 38.339142 ], [ 21.278194, 38.359572 ], [ 21.3355, 38.389387 ], [ 21.348811, 38.436812 ], [ 21.306214, 38.475616 ], [ 21.317926, 38.495435 ], [ 21.358694, 38.454099 ], [ 21.362726, 38.411002 ], [ 21.410462, 38.364195 ], [ 21.41646, 38.330753 ], [ 21.438154, 38.328542 ], [ 21.420042, 38.33786 ], [ 21.439689, 38.36578 ], [ 21.481527, 38.351592 ], [ 21.483566, 38.300349 ], [ 21.640054, 38.356793 ], [ 21.766111, 38.328775 ], [ 21.787893, 38.373687 ], [ 21.832386, 38.392041 ], [ 21.851732, 38.374535 ], [ 21.896241, 38.372141 ], [ 21.93613, 38.405917 ], [ 22.051096, 38.39435 ], [ 22.124755, 38.366687 ], [ 22.184732, 38.321492 ], [ 22.25054, 38.362377 ], [ 22.278693, 38.340998 ], [ 22.299392, 38.354452 ], [ 22.37194, 38.333603 ], [ 22.40001, 38.364587 ], [ 22.375237, 38.391201 ], [ 22.412907, 38.412921 ], [ 22.402033, 38.44709 ], [ 22.455671, 38.425412 ], [ 22.504647, 38.38062 ], [ 22.53803, 38.340776 ], [ 22.521692, 38.326235 ], [ 22.55821, 38.282534 ], [ 22.581859, 38.282557 ], [ 22.602539, 38.315742 ], [ 22.588704, 38.328093 ], [ 22.595803, 38.351788 ], [ 22.620182, 38.363653 ], [ 22.634376, 38.349605 ], [ 22.646496, 38.366661 ], [ 22.629576, 38.374954 ], [ 22.656023, 38.385578 ], [ 22.678551, 38.37318 ], [ 22.69645, 38.315177 ], [ 22.795799, 38.274532 ], [ 22.765245, 38.248038 ], [ 22.779296, 38.234569 ], [ 22.880291, 38.222854 ], [ 22.894548, 38.23589 ], [ 22.906382, 38.18547 ], [ 22.965848, 38.188376 ], [ 22.944693, 38.207464 ], [ 22.921237, 38.199742 ], [ 22.930487, 38.218487 ], [ 23.024401, 38.21282 ], [ 23.05125, 38.194681 ], [ 23.02979, 38.179404 ], [ 23.068854, 38.170495 ], [ 23.11439, 38.205767 ], [ 23.142254, 38.182728 ], [ 23.125531, 38.164276 ], [ 23.2243, 38.150986 ], [ 23.175637, 38.141594 ], [ 23.217199, 38.111717 ], [ 23.169541, 38.07414 ], [ 23.055503, 38.052587 ], [ 22.954939, 38.07892 ], [ 22.851051, 38.028854 ], [ 22.910885, 38.01693 ], [ 22.975834, 37.976529 ], [ 22.950214, 37.943348 ], [ 22.899325, 37.932352 ], [ 22.801333, 37.964289 ], [ 22.724544, 38.03659 ], [ 22.63803, 38.078488 ], [ 22.491621, 38.135292 ], [ 22.392429, 38.135548 ], [ 22.352131, 38.151273 ], [ 22.33516, 38.176084 ], [ 22.214885, 38.18153 ], [ 22.155739, 38.213495 ], [ 22.10978, 38.265102 ], [ 22.078325, 38.255209 ], [ 22.028219, 38.285538 ], [ 22.017826, 38.310052 ], [ 21.94763, 38.327889 ], [ 21.851328, 38.338378 ], [ 21.824815, 38.316685 ], [ 21.780597, 38.311683 ], [ 21.670755, 38.167655 ], [ 21.605223, 38.142891 ], [ 21.529123, 38.156334 ], [ 21.452003, 38.198825 ], [ 21.407952, 38.192232 ], [ 21.373545, 38.216122 ], [ 21.361557, 38.112764 ], [ 21.303877, 38.026785 ], [ 21.196432, 37.934889 ], [ 21.127134, 37.938256 ], [ 21.105769, 37.849278 ], [ 21.283833, 37.779095 ], [ 21.319795, 37.70468 ], [ 21.303596, 37.679904 ], [ 21.310454, 37.633778 ], [ 21.327877, 37.661134 ], [ 21.377524, 37.657574 ], [ 21.533642, 37.567116 ], [ 21.660484, 37.419212 ], [ 21.698152, 37.312822 ], [ 21.669734, 37.258434 ], [ 21.577263, 37.19213 ], [ 21.566868, 37.146495 ], [ 21.575072, 37.058849 ], [ 21.638346, 37.006342 ], [ 21.668768, 36.911209 ], [ 21.663089, 36.950889 ], [ 21.70923, 36.941858 ], [ 21.680244, 36.887095 ], [ 21.70385, 36.813979 ], [ 21.760407, 36.789144 ], [ 21.820858, 36.803778 ], [ 21.876836, 36.72097 ], [ 21.963884, 36.794054 ], [ 21.938408, 36.809728 ], [ 21.921903, 36.865765 ], [ 21.931099, 36.981778 ], [ 22.049609, 37.027128 ], [ 22.147134, 37.018957 ], [ 22.145436, 36.937755 ], [ 22.128761, 36.913374 ], [ 22.169789, 36.890654 ], [ 22.201019, 36.904276 ], [ 22.228837, 36.890977 ], [ 22.294878, 36.814421 ], [ 22.30319, 36.772459 ], [ 22.35265, 36.696469 ], [ 22.387186, 36.691427 ], [ 22.362707, 36.66636 ], [ 22.381194, 36.643216 ], [ 22.365009, 36.636534 ], [ 22.365096, 36.605465 ], [ 22.384287, 36.593672 ], [ 22.373226, 36.580957 ], [ 22.388056, 36.542484 ], [ 22.366198, 36.541458 ], [ 22.349559, 36.509155 ], [ 22.372148, 36.476645 ], [ 22.455619, 36.45225 ], [ 22.483998, 36.391881 ], [ 22.498226, 36.402141 ], [ 22.485251, 36.433022 ], [ 22.500864, 36.444047 ], [ 22.502319, 36.489613 ], [ 22.473555, 36.528597 ], [ 22.47627, 36.609668 ], [ 22.526362, 36.615474 ], [ 22.501295, 36.660937 ], [ 22.549944, 36.652263 ], [ 22.545911, 36.671283 ], [ 22.522634, 36.681197 ], [ 22.523555, 36.705405 ], [ 22.573635, 36.734508 ], [ 22.567937, 36.776679 ], [ 22.622527, 36.805569 ], [ 22.781328, 36.798988 ], [ 22.819969, 36.713641 ], [ 22.807076, 36.67412 ], [ 22.821211, 36.659338 ], [ 22.833618, 36.687463 ], [ 22.868042, 36.66508 ], [ 22.882394, 36.647081 ], [ 22.872784, 36.626131 ], [ 22.93726, 36.582198 ], [ 22.96863, 36.522283 ], [ 23.038925, 36.523699 ], [ 23.06685, 36.502173 ], [ 23.062993, 36.473565 ], [ 23.094561, 36.438269 ], [ 23.19653, 36.435509 ], [ 23.193631, 36.459273 ], [ 23.130375, 36.496238 ], [ 23.149811, 36.536165 ], [ 23.069097, 36.58491 ], [ 23.032645, 36.628352 ], [ 23.026107, 36.726497 ], [ 23.057222, 36.744572 ], [ 23.085239, 36.730663 ], [ 23.085032, 36.759319 ], [ 23.108476, 36.773355 ], [ 23.088149, 36.785021 ], [ 23.086902, 36.818177 ], [ 23.048111, 36.849258 ], [ 23.016812, 36.946555 ], [ 22.993726, 36.973056 ], [ 23.003049, 37.024389 ], [ 22.96607, 37.069474 ], [ 22.98225, 37.07989 ], [ 22.956619, 37.115072 ], [ 22.916493, 37.108962 ], [ 22.896251, 37.122568 ], [ 22.909287, 37.191213 ], [ 22.856079, 37.255111 ], [ 22.862064, 37.269158 ], [ 22.839339, 37.279867 ], [ 22.814326, 37.33755 ], [ 22.754591, 37.39261 ], [ 22.771293, 37.423517 ], [ 22.727894, 37.486714 ], [ 22.73879, 37.511381 ], [ 22.718617, 37.56489 ], [ 22.781142, 37.588848 ], [ 22.819423, 37.529965 ], [ 22.850991, 37.514406 ], [ 22.927034, 37.534632 ], [ 22.979508, 37.513781 ], [ 23.00473, 37.462963 ], [ 23.041599, 37.47863 ], [ 23.057626, 37.451162 ], [ 23.119722, 37.449462 ], [ 23.140485, 37.413878 ], [ 23.112461, 37.42074 ], [ 23.10074, 37.392055 ], [ 23.066013, 37.390644 ], [ 23.068862, 37.354143 ], [ 23.118124, 37.344899 ], [ 23.127084, 37.317331 ], [ 23.150456, 37.324903 ], [ 23.138862, 37.308184 ], [ 23.173137, 37.287443 ], [ 23.199284, 37.296294 ], [ 23.179504, 37.323593 ], [ 23.190524, 37.339067 ], [ 23.27391, 37.346866 ], [ 23.225452, 37.376707 ], [ 23.267933, 37.404807 ], [ 23.306715, 37.394254 ], [ 23.336269, 37.4129 ], [ 23.409263, 37.404697 ], [ 23.532709, 37.434034 ], [ 23.477197, 37.48476 ], [ 23.393491, 37.510243 ], [ 23.415841, 37.529654 ], [ 23.37005, 37.554848 ], [ 23.318083, 37.53365 ], [ 23.164676, 37.613826 ], [ 23.157656, 37.637457 ], [ 23.16942, 37.649564 ], [ 23.151539, 37.675663 ], [ 23.174771, 37.714876 ], [ 23.120032, 37.729985 ], [ 23.118048, 37.752796 ], [ 23.178506, 37.777976 ], [ 23.176998, 37.804706 ], [ 23.111739, 37.84771 ], [ 23.013535, 37.844128 ], [ 22.992148, 37.879695 ], [ 23.015745, 37.899983 ], [ 23.013441, 37.92187 ], [ 23.134643, 37.920784 ], [ 23.165092, 37.947983 ], [ 23.243013, 37.975388 ], [ 23.41664, 37.970674 ], [ 23.389719, 37.981769 ], [ 23.452556, 38.023299 ], [ 23.521647, 38.043924 ], [ 23.547378, 38.033871 ], [ 23.567239, 38.04598 ], [ 23.596528, 38.029672 ], [ 23.589557, 38.000317 ], [ 23.552769, 37.979632 ], [ 23.557484, 37.963084 ], [ 23.605827, 37.961091 ], [ 23.619071, 37.941159 ], [ 23.641001, 37.943894 ], [ 23.625156, 37.936019 ], [ 23.635647, 37.927078 ], [ 23.68213, 37.942365 ], [ 23.769207, 37.832981 ], [ 23.757281, 37.813643 ], [ 23.787481, 37.797474 ], [ 23.805046, 37.819057 ], [ 23.840837, 37.814423 ], [ 23.884013, 37.786118 ], [ 23.909065, 37.724244 ], [ 23.942856, 37.720973 ], [ 23.946612, 37.669266 ], [ 24.02721, 37.650693 ], [ 24.069686, 37.681722 ], [ 24.05365, 37.730612 ], [ 24.079616, 37.745544 ], [ 24.084028, 37.793593 ], [ 24.04703, 37.821408 ], [ 24.057735, 37.857059 ], [ 24.009159, 37.888619 ], [ 24.04562, 37.902473 ], [ 24.030167, 37.922805 ], [ 24.003986, 37.92542 ], [ 24.017014, 37.94234 ], [ 24.012211, 37.98442 ], [ 24.030196, 37.992399 ], [ 23.981728, 38.0996 ], [ 24.033794, 38.140974 ], [ 24.059365, 38.128273 ], [ 24.061993, 38.157915 ], [ 24.078765, 38.163745 ], [ 24.058947, 38.181407 ], [ 24.072717, 38.197193 ], [ 23.956643, 38.28284 ], [ 23.786697, 38.322396 ], [ 23.770117, 38.338048 ], [ 23.677565, 38.340082 ], [ 23.631183, 38.379001 ], [ 23.63068, 38.409331 ], [ 23.593933, 38.418185 ], [ 23.597105, 38.440135 ], [ 23.569641, 38.451462 ], [ 23.577849, 38.462152 ], [ 23.591659, 38.447008 ], [ 23.611116, 38.454708 ], [ 23.647885, 38.399634 ], [ 23.692334, 38.412623 ], [ 23.791283, 38.388937 ], [ 23.825348, 38.404558 ], [ 23.89446, 38.384412 ], [ 23.994716, 38.402975 ], [ 24.049882, 38.393386 ], [ 24.058774, 38.342776 ], [ 24.024633, 38.328449 ], [ 24.109516, 38.31564 ], [ 24.113967, 38.288319 ], [ 24.097016, 38.280053 ], [ 24.112574, 38.252527 ], [ 24.152012, 38.27851 ], [ 24.157974, 38.267769 ], [ 24.117924, 38.218736 ], [ 24.127716, 38.209616 ], [ 24.158958, 38.228166 ], [ 24.185086, 38.215447 ], [ 24.210712, 38.162854 ], [ 24.179592, 38.128017 ], [ 24.21201, 38.123518 ], [ 24.203562, 38.085942 ], [ 24.26043, 38.093855 ], [ 24.307413, 38.068669 ], [ 24.320548, 38.045038 ], [ 24.306661, 38.025136 ], [ 24.375528, 37.963052 ], [ 24.400147, 37.975867 ], [ 24.38773, 37.994525 ], [ 24.414707, 38.013034 ], [ 24.459842, 37.997769 ], [ 24.475238, 37.957085 ], [ 24.500239, 37.949084 ], [ 24.556239, 37.979714 ], [ 24.58115, 38.024152 ], [ 24.57438, 38.107314 ], [ 24.592052, 38.1488 ], [ 24.457755, 38.141767 ], [ 24.395643, 38.16594 ], [ 24.349077, 38.155894 ], [ 24.32808, 38.186737 ], [ 24.272478, 38.199122 ], [ 24.24785, 38.229386 ], [ 24.251056, 38.293969 ], [ 24.206395, 38.338589 ], [ 24.210897, 38.379314 ], [ 24.183972, 38.394616 ], [ 24.205853, 38.409869 ], [ 24.182979, 38.433464 ], [ 24.188136, 38.485974 ], [ 24.232614, 38.516874 ], [ 24.123729, 38.595783 ], [ 24.122507, 38.628064 ], [ 24.153556, 38.646873 ], [ 24.131496, 38.669854 ], [ 24.043879, 38.68586 ], [ 23.982603, 38.679861 ], [ 23.955166, 38.661109 ], [ 23.893281, 38.678105 ], [ 23.860016, 38.671341 ], [ 23.756229, 38.706051 ], [ 23.703047, 38.76761 ], [ 23.668197, 38.75242 ], [ 23.592103, 38.765752 ], [ 23.588028, 38.784201 ], [ 23.457339, 38.847845 ], [ 23.426604, 38.905031 ], [ 23.42957, 38.953627 ], [ 23.380929, 38.966138 ], [ 23.37607, 39.006885 ], [ 23.337576, 39.016198 ], [ 23.319105, 39.037681 ], [ 23.279342, 39.037821 ], [ 23.205383, 39.004982 ], [ 23.13121, 39.007857 ], [ 23.091838, 38.981603 ], [ 23.081409, 38.941376 ], [ 23.048963, 38.942997 ], [ 23.006874, 38.909612 ], [ 22.850565, 38.86988 ], [ 22.831152, 38.828605 ], [ 22.989315, 38.850262 ], [ 22.983179, 38.871052 ], [ 22.949883, 38.876587 ], [ 22.96476, 38.889565 ], [ 23.031566, 38.88119 ], [ 23.045148, 38.854476 ], [ 23.08174, 38.839679 ], [ 23.134015, 38.852025 ], [ 23.196602, 38.834671 ], [ 23.284323, 38.767479 ], [ 23.322234, 38.761876 ], [ 23.386559, 38.698384 ], [ 23.429033, 38.682688 ], [ 23.44938, 38.649539 ], [ 23.490119, 38.634252 ], [ 23.511484, 38.58748 ], [ 23.60009, 38.570144 ], [ 23.634015, 38.507923 ], [ 23.614866, 38.470982 ], [ 23.592529, 38.468114 ], [ 23.540721, 38.509075 ], [ 23.512045, 38.481381 ], [ 23.400167, 38.509035 ], [ 23.328289, 38.50122 ], [ 23.332456, 38.517837 ], [ 23.377791, 38.525757 ], [ 23.332366, 38.535306 ], [ 23.315632, 38.568659 ], [ 23.288331, 38.562379 ], [ 23.33887, 38.604688 ], [ 23.321851, 38.636429 ], [ 23.249046, 38.646102 ], [ 23.191147, 38.678869 ], [ 23.168648, 38.672816 ], [ 23.187606, 38.65102 ], [ 23.106646, 38.626167 ], [ 23.03665, 38.752641 ], [ 22.969137, 38.745824 ], [ 22.89922, 38.776747 ], [ 22.864167, 38.755147 ], [ 22.824959, 38.788877 ], [ 22.768317, 38.780342 ], [ 22.696993, 38.85057 ], [ 22.607296, 38.822263 ], [ 22.5997, 38.841626 ], [ 22.585423, 38.826936 ], [ 22.555836, 38.836867 ], [ 22.570913, 38.865741 ], [ 22.537035, 38.858968 ], [ 22.556776, 38.871887 ], [ 22.55021, 38.883405 ], [ 22.603792, 38.908444 ], [ 22.646783, 38.903165 ], [ 22.671099, 38.881834 ], [ 22.786694, 38.877941 ], [ 22.832098, 38.890232 ], [ 22.857783, 38.926429 ], [ 22.916493, 38.920287 ], [ 22.937654, 38.94288 ], [ 22.991012, 38.947046 ], [ 23.01702, 39.003166 ], [ 23.061383, 39.025229 ], [ 23.064223, 39.037381 ], [ 23.035315, 39.03706 ], [ 22.96098, 39.008992 ], [ 22.961787, 39.031787 ], [ 22.995457, 39.038655 ], [ 22.980409, 39.100049 ], [ 22.934362, 39.130776 ], [ 22.939901, 39.114487 ], [ 22.922653, 39.114123 ], [ 22.888092, 39.188525 ], [ 22.850911, 39.154707 ], [ 22.823588, 39.206035 ], [ 22.822149, 39.276829 ], [ 22.944765, 39.300184 ], [ 22.925712, 39.319884 ], [ 22.943047, 39.342793 ], [ 22.931131, 39.358257 ], [ 22.992464, 39.350491 ], [ 23.020942, 39.316621 ], [ 23.118642, 39.305248 ], [ 23.159262, 39.275289 ], [ 23.190472, 39.208585 ], [ 23.216566, 39.187661 ], [ 23.213307, 39.149336 ], [ 23.180439, 39.155725 ], [ 23.17508, 39.127941 ], [ 23.106975, 39.100353 ], [ 23.096713, 39.107048 ], [ 23.116484, 39.133347 ], [ 23.109111, 39.150425 ], [ 23.077917, 39.144642 ], [ 23.05329, 39.097167 ], [ 23.075701, 39.086031 ], [ 23.200613, 39.098673 ], [ 23.221435, 39.110021 ], [ 23.207703, 39.119488 ], [ 23.216952, 39.129225 ], [ 23.321551, 39.150088 ], [ 23.350071, 39.188589 ], [ 23.284323, 39.274124 ], [ 23.272955, 39.316016 ], [ 23.207541, 39.364303 ], [ 23.095685, 39.498447 ], [ 22.936533, 39.574418 ], [ 22.90376, 39.626899 ], [ 22.851395, 39.799858 ], [ 22.735918, 39.869956 ], [ 22.708705, 39.952354 ], [ 22.595717, 40.011381 ], [ 22.570913, 40.055874 ], [ 22.550259, 40.159067 ], [ 22.590068, 40.210211 ], [ 22.600118, 40.272054 ], [ 22.66126, 40.365054 ], [ 22.626635, 40.3777 ], [ 22.586825, 40.461661 ], [ 22.594557, 40.472613 ], [ 22.657884, 40.467424 ], [ 22.652437, 40.479432 ], [ 22.670671, 40.487193 ], [ 22.652808, 40.509186 ], [ 22.664585, 40.526328 ], [ 22.690611, 40.527654 ], [ 22.715529, 40.503347 ], [ 22.735238, 40.510105 ], [ 22.747607, 40.521606 ], [ 22.744323, 40.558181 ], [ 22.797567, 40.562217 ], [ 22.854475, 40.593717 ], [ 22.856792, 40.610738 ], [ 22.837115, 40.621781 ], [ 22.845881, 40.628736 ], [ 22.900213, 40.644058 ], [ 22.932959, 40.634588 ], [ 22.95146, 40.62019 ], [ 22.935727, 40.578707 ], [ 22.979182, 40.541496 ], [ 22.912846, 40.506166 ], [ 22.826216, 40.506668 ], [ 22.814676, 40.479012 ], [ 22.856098, 40.464442 ], [ 22.865402, 40.433176 ], [ 22.90206, 40.397844 ], [ 22.890976, 40.374913 ], [ 22.9774, 40.369474 ], [ 23.022396, 40.323454 ], [ 23.310969, 40.223992 ], [ 23.32622, 40.184008 ], [ 23.309579, 40.083971 ], [ 23.337171, 40.068438 ], [ 23.381012, 40.001499 ], [ 23.358737, 39.958051 ], [ 23.463604, 39.969401 ], [ 23.595913, 39.921095 ], [ 23.714944, 39.908712 ], [ 23.749132, 39.923196 ], [ 23.692349, 39.934445 ], [ 23.665023, 39.981363 ], [ 23.492914, 40.034903 ], [ 23.416923, 40.125845 ], [ 23.362738, 40.146583 ], [ 23.334925, 40.219578 ], [ 23.40077, 40.278781 ], [ 23.528757, 40.237777 ], [ 23.655503, 40.221972 ], [ 23.770848, 40.117691 ], [ 23.818295, 40.021965 ], [ 23.892523, 39.991451 ], [ 23.934251, 39.940105 ], [ 23.978757, 39.946809 ], [ 23.989355, 39.956858 ], [ 23.97058, 39.963443 ], [ 23.996716, 39.971727 ], [ 23.990304, 39.988105 ], [ 24.021008, 40.019432 ], [ 24.015304, 40.035921 ], [ 23.987381, 40.042152 ], [ 24.005712, 40.055834 ], [ 23.980516, 40.083586 ], [ 23.991748, 40.1118 ], [ 23.911942, 40.15705 ], [ 23.777198, 40.193458 ], [ 23.697278, 40.28544 ], [ 23.705437, 40.334069 ], [ 23.726441, 40.333339 ], [ 23.736601, 40.353572 ], [ 23.78326, 40.337793 ], [ 23.86068, 40.37013 ], [ 23.938103, 40.358556 ], [ 24.005043, 40.314567 ], [ 24.015448, 40.333682 ], [ 24.010988, 40.389434 ], [ 23.929268, 40.381912 ], [ 23.889363, 40.395382 ], [ 23.837743, 40.441489 ], [ 23.820894, 40.481538 ], [ 23.829141, 40.515977 ], [ 23.917622, 40.534097 ], [ 23.884922, 40.559198 ], [ 23.832517, 40.55821 ], [ 23.78405, 40.593042 ], [ 23.74176, 40.65579 ], [ 23.696426, 40.66757 ], [ 23.705437, 40.711133 ], [ 23.739267, 40.755636 ], [ 23.844427, 40.783796 ], [ 24.044253, 40.719173 ], [ 24.091029, 40.722531 ], [ 24.339383, 40.826056 ], [ 24.306031, 40.830674 ], [ 24.335937, 40.859281 ], [ 24.317433, 40.867009 ], [ 24.320702, 40.882464 ], [ 24.376694, 40.908551 ], [ 24.395167, 40.93351 ], [ 24.510817, 40.958289 ], [ 24.554681, 40.949749 ], [ 24.627956, 40.859144 ], [ 24.66908, 40.872677 ], [ 24.704609, 40.851397 ], [ 24.762883, 40.859891 ], [ 24.798731, 40.845995 ], [ 24.877668, 40.908996 ], [ 24.986659, 40.931218 ], [ 24.999417, 40.959499 ], [ 25.043957, 40.99055 ], [ 25.105725, 41.005538 ], [ 25.139545, 40.990687 ], [ 25.130616, 40.955832 ], [ 25.173446, 40.940568 ], [ 25.265935, 40.922674 ], [ 25.313781, 40.944943 ], [ 25.358139, 40.935765 ], [ 25.378365, 40.911483 ], [ 25.550538, 40.859377 ], [ 25.588978, 40.8684 ], [ 25.726866, 40.846546 ], [ 25.951396, 40.840787 ], [ 26.02637, 40.789229 ], [ 26.032758, 40.730257 ], [ 26.074491, 40.728549 ], [ 26.123377, 40.744773 ], [ 26.154194, 40.807859 ], [ 26.213846, 40.834972 ], [ 26.20935, 40.860422 ], [ 26.225669, 40.885005 ], [ 26.247031, 40.885046 ], [ 26.26014, 40.907982 ], [ 26.290316, 40.895755 ], [ 26.29052, 40.927635 ], [ 26.355262, 40.9479 ], [ 26.329981, 40.985881 ], [ 26.366758, 41.019388 ], [ 26.313655, 41.075677 ], [ 26.333525, 41.105611 ], [ 26.305458, 41.113303 ], [ 26.332187, 41.146993 ], [ 26.308286, 41.170054 ], [ 26.330743, 41.226897 ], [ 26.323159, 41.251656 ], [ 26.406328, 41.255171 ], [ 26.532091, 41.341949 ], [ 26.599163, 41.324274 ], [ 26.628453, 41.346442 ], [ 26.630854, 41.408278 ], [ 26.613187, 41.426033 ], [ 26.592355, 41.529854 ], [ 26.598561, 41.603185 ], [ 26.529093, 41.62227 ], [ 26.490047, 41.653115 ], [ 26.488305, 41.671145 ], [ 26.383966, 41.6925 ], [ 26.328429, 41.73698 ], [ 26.369061, 41.820682 ], [ 26.538609, 41.823482 ], [ 26.580374, 41.871856 ], [ 26.56822, 41.887413 ], [ 26.584593, 41.902653 ], [ 26.561545, 41.926273 ], [ 26.62355, 41.97859 ], [ 26.753819, 41.958435 ], [ 26.787407, 41.989601 ], [ 26.845695, 41.96996 ], [ 26.870943, 41.990543 ], [ 26.964111, 41.997073 ], [ 26.982675, 42.036969 ], [ 27.025801, 42.056579 ], [ 27.024729, 42.080168 ], [ 27.067093, 42.093181 ], [ 27.132867, 42.066813 ], [ 27.203745, 42.059846 ], [ 27.198975, 42.0784 ], [ 27.222082, 42.098503 ], [ 27.293342, 42.096638 ], [ 27.337081, 42.06023 ], [ 27.363587, 42.058437 ], [ 27.414847, 41.990814 ], [ 27.46883, 41.958613 ], [ 27.51141, 41.957236 ], [ 27.560817, 41.904869 ], [ 27.574973, 41.936816 ], [ 27.702151, 41.976601 ], [ 27.835162, 41.950347 ], [ 27.819393, 41.98667 ], [ 27.855811, 41.99164 ], [ 27.859885, 42.005878 ], [ 27.909991, 41.973719 ], [ 27.976881, 41.989053 ], [ 28.035513, 41.983079 ], [ 27.991539, 42.063225 ], [ 27.946855, 42.103166 ], [ 27.913519, 42.111244 ], [ 27.839251, 42.193103 ], [ 27.778219, 42.22596 ], [ 27.784731, 42.236473 ], [ 27.756605, 42.245498 ], [ 27.755035, 42.285326 ], [ 27.791105, 42.307509 ], [ 27.774618, 42.320915 ], [ 27.783611, 42.335338 ], [ 27.738703, 42.3291 ], [ 27.710302, 42.367858 ], [ 27.719554, 42.378685 ], [ 27.706888, 42.393237 ], [ 27.7282, 42.409592 ], [ 27.706099, 42.409437 ], [ 27.694753, 42.426666 ], [ 27.661865, 42.411052 ], [ 27.648683, 42.450066 ], [ 27.614535, 42.444941 ], [ 27.585103, 42.46089 ], [ 27.570393, 42.445747 ], [ 27.538846, 42.455638 ], [ 27.513304, 42.429149 ], [ 27.480527, 42.459659 ], [ 27.468554, 42.445831 ], [ 27.451998, 42.457089 ], [ 27.447571, 42.476519 ], [ 27.481283, 42.490811 ], [ 27.492606, 42.52986 ], [ 27.527114, 42.558944 ], [ 27.65201, 42.55582 ], [ 27.633595, 42.578255 ], [ 27.63529, 42.625374 ], [ 27.729917, 42.658172 ], [ 27.71317, 42.677783 ], [ 27.730642, 42.707572 ], [ 27.899067, 42.700245 ], [ 27.889984, 42.755031 ], [ 27.90081, 42.771858 ], [ 27.88262, 42.838413 ], [ 27.902882, 42.854019 ], [ 27.9068, 42.929565 ], [ 27.890019, 43.042133 ], [ 27.912709, 43.061908 ], [ 27.946584, 43.167496 ], [ 27.910334, 43.18749 ], [ 27.94219, 43.210731 ], [ 28.013828, 43.227592 ], [ 28.09268, 43.376316 ], [ 28.150778, 43.404732 ], [ 28.223261, 43.399326 ], [ 28.30944, 43.417972 ], [ 28.389213, 43.403267 ], [ 28.464949, 43.366502 ], [ 28.585496, 43.490215 ], [ 28.607464, 43.539371 ], [ 28.567904, 43.60175 ], [ 28.57753, 43.796724 ], [ 28.639711, 43.952503 ], [ 28.66723, 43.987382 ], [ 28.63863, 44.077033 ], [ 28.667859, 44.090888 ], [ 28.663185, 44.106985 ], [ 28.643785, 44.094798 ], [ 28.640494, 44.115707 ], [ 28.663107, 44.173158 ], [ 28.623101, 44.250729 ], [ 28.638105, 44.321841 ], [ 28.687553, 44.339074 ], [ 28.855719, 44.51003 ], [ 28.96977, 44.656987 ], [ 29.085051, 44.749025 ], [ 29.245373, 44.796776 ], [ 29.552901, 44.823916 ], [ 29.60121, 44.840784 ], [ 29.621963, 44.884898 ], [ 29.653516, 45.096213 ], [ 29.71263, 45.165498 ], [ 29.646742, 45.164926 ], [ 29.637478, 45.181583 ], [ 29.631906, 45.20975 ], [ 29.681344, 45.206832 ], [ 29.659848, 45.247642 ], [ 29.677492, 45.273053 ], [ 29.6549, 45.335895 ], [ 29.552775, 45.406948 ], [ 29.431869, 45.440912 ], [ 29.330227, 45.448279 ], [ 29.293899, 45.428663 ], [ 29.239935, 45.433314 ], [ 29.168492, 45.394786 ], [ 28.964158, 45.329475 ], [ 28.944919, 45.281759 ], [ 28.797824, 45.335393 ], [ 28.779291, 45.324039 ], [ 28.803482, 45.304837 ], [ 28.750836, 45.281865 ], [ 28.790869, 45.255622 ], [ 28.790244, 45.24081 ], [ 28.71192, 45.22431 ], [ 28.563611, 45.24866 ], [ 28.34749, 45.32128 ], [ 28.285699, 45.398415 ], [ 28.279997, 45.443417 ], [ 28.186732, 45.474397 ], [ 28.157927, 45.509758 ], [ 28.155207, 45.572167 ], [ 28.120466, 45.573309 ], [ 28.088562, 45.606112 ], [ 28.173054, 45.647034 ], [ 28.158713, 45.650732 ], [ 28.169584, 45.707542 ], [ 28.143917, 45.760706 ], [ 28.152873, 45.78237 ], [ 28.112928, 45.792678 ], [ 28.106754, 45.859477 ], [ 28.131441, 45.87552 ], [ 28.113405, 45.88428 ], [ 28.124558, 45.922259 ], [ 28.087068, 46.007909 ], [ 28.104711, 46.05364 ], [ 28.089247, 46.058414 ], [ 28.142034, 46.164655 ], [ 28.1287, 46.176746 ], [ 28.141505, 46.190354 ], [ 28.119337, 46.19244 ], [ 28.124364, 46.209975 ], [ 28.110123, 46.205099 ], [ 28.11008, 46.242295 ], [ 28.146039, 46.25253 ], [ 28.127209, 46.26146 ], [ 28.139528, 46.284255 ], [ 28.166622, 46.282773 ], [ 28.195724, 46.304012 ], [ 28.206739, 46.317989 ], [ 28.188546, 46.326335 ], [ 28.198357, 46.343367 ], [ 28.183869, 46.35327 ], [ 28.204601, 46.35884 ], [ 28.21746, 46.394022 ], [ 28.24221, 46.396133 ], [ 28.225158, 46.399971 ], [ 28.230445, 46.414621 ], [ 28.256533, 46.424243 ], [ 28.257615, 46.445494 ], [ 28.240842, 46.45051 ], [ 28.257405, 46.461198 ], [ 28.211037, 46.507891 ], [ 28.234408, 46.55296 ], [ 28.223531, 46.577528 ], [ 28.250939, 46.622087 ], [ 28.236401, 46.67777 ], [ 28.210013, 46.68538 ], [ 28.209238, 46.711787 ], [ 28.187371, 46.723831 ], [ 28.19436, 46.733738 ], [ 28.173511, 46.751392 ], [ 28.184117, 46.758185 ], [ 28.161835, 46.77677 ], [ 28.175239, 46.777776 ], [ 28.115457, 46.821342 ], [ 28.125455, 46.851328 ], [ 28.102125, 46.871132 ], [ 28.11401, 46.890525 ], [ 28.083351, 46.902756 ], [ 28.111435, 46.920114 ], [ 28.083221, 46.936022 ], [ 28.09704, 46.949219 ], [ 28.078978, 46.961773 ], [ 28.095202, 46.976385 ], [ 28.033676, 47.011077 ], [ 28.034984, 47.030122 ], [ 27.995669, 47.029172 ], [ 27.945989, 47.049085 ], [ 27.956403, 47.05809 ], [ 27.897561, 47.07378 ], [ 27.874592, 47.107671 ], [ 27.826208, 47.121391 ], [ 27.847607, 47.12297 ], [ 27.842539, 47.134888 ], [ 27.781728, 47.142579 ], [ 27.799141, 47.142431 ], [ 27.785242, 47.150794 ], [ 27.809876, 47.165364 ], [ 27.77933, 47.206396 ], [ 27.786391, 47.216291 ], [ 27.745997, 47.241143 ], [ 27.756281, 47.250783 ], [ 27.742799, 47.256175 ], [ 27.757724, 47.258135 ], [ 27.728492, 47.294454 ], [ 27.706137, 47.299833 ], [ 27.685928, 47.28489 ], [ 27.678107, 47.309342 ], [ 27.635573, 47.302247 ], [ 27.6222, 47.325024 ], [ 27.581835, 47.327744 ], [ 27.614227, 47.339662 ], [ 27.595125, 47.34782 ], [ 27.596361, 47.371299 ], [ 27.569405, 47.376844 ], [ 27.584148, 47.40866 ], [ 27.552791, 47.432431 ], [ 27.570316, 47.463072 ], [ 27.537055, 47.487146 ], [ 27.515773, 47.475739 ], [ 27.473365, 47.486845 ], [ 27.454539, 47.508093 ], [ 27.46666, 47.526442 ], [ 27.45312, 47.521569 ], [ 27.45708, 47.534673 ], [ 27.417221, 47.569257 ], [ 27.425549, 47.583822 ], [ 27.37343, 47.596895 ], [ 27.333716, 47.627366 ], [ 27.252014, 47.719793 ], [ 27.263842, 47.732522 ], [ 27.293441, 47.724266 ], [ 27.281035, 47.73473 ], [ 27.297155, 47.748222 ], [ 27.265975, 47.759289 ], [ 27.264696, 47.779167 ], [ 27.231638, 47.799094 ], [ 27.241514, 47.815708 ], [ 27.215424, 47.81867 ], [ 27.246123, 47.835586 ], [ 27.210356, 47.846396 ], [ 27.199801, 47.901418 ], [ 27.151728, 47.921076 ], [ 27.178135, 47.946931 ], [ 27.141528, 47.967169 ], [ 27.163467, 47.992961 ], [ 27.120436, 47.994552 ], [ 27.127981, 48.014555 ], [ 27.093611, 48.006581 ], [ 27.107976, 48.030658 ], [ 27.026294, 48.089407 ], [ 27.039774, 48.107359 ], [ 27.028316, 48.137354 ], [ 27.002003, 48.122351 ], [ 26.963963, 48.131319 ], [ 26.95239, 48.149813 ], [ 26.991204, 48.149898 ], [ 26.936838, 48.163327 ], [ 26.946911, 48.192263 ], [ 26.914083, 48.197776 ], [ 26.919873, 48.182695 ], [ 26.898567, 48.183656 ], [ 26.908128, 48.200871 ], [ 26.886142, 48.201535 ], [ 26.853159, 48.233121 ], [ 26.831372, 48.227537 ], [ 26.807424, 48.254458 ], [ 26.734675, 48.245411 ], [ 26.7299, 48.25786 ], [ 26.720374, 48.246109 ], [ 26.69997, 48.264484 ], [ 26.666404, 48.246712 ], [ 26.66222, 48.262587 ], [ 26.63056, 48.25975 ], [ 26.620143, 48.24055 ], [ 26.576697, 48.242771 ], [ 26.571517, 48.219872 ], [ 26.471927, 48.219437 ], [ 26.437205, 48.194206 ], [ 26.332676, 48.185804 ], [ 26.333904, 48.159378 ], [ 26.297988, 48.133669 ], [ 26.272471, 48.081722 ], [ 26.212053, 48.05012 ], [ 26.199192, 48.008325 ], [ 26.170951, 47.990793 ], [ 25.914656, 47.977375 ], [ 25.907864, 47.964886 ], [ 25.840116, 47.967506 ], [ 25.77463, 47.93937 ], [ 25.625394, 47.948567 ], [ 25.310895, 47.91432 ], [ 25.270064, 47.892826 ], [ 25.230104, 47.892373 ], [ 25.221579, 47.859187 ], [ 25.18137, 47.826375 ], [ 25.167098, 47.792282 ], [ 25.134412, 47.782164 ], [ 25.114977, 47.75512 ], [ 25.055338, 47.74446 ], [ 25.039077, 47.725933 ], [ 24.88314, 47.724353 ], [ 24.877258, 47.752924 ], [ 24.836497, 47.780499 ], [ 24.827191, 47.819997 ], [ 24.706647, 47.840441 ], [ 24.670892, 47.865276 ], [ 24.673177, 47.89616 ], [ 24.627314, 47.948636 ], [ 24.598568, 47.94631 ], [ 24.56286, 47.968577 ], [ 24.511252, 47.952104 ], [ 24.434137, 47.969708 ], [ 24.393494, 47.953439 ], [ 24.380287, 47.926455 ], [ 24.227413, 47.89692 ], [ 24.19629, 47.915657 ], [ 24.109704, 47.916573 ], [ 24.097828, 47.936192 ], [ 24.008911, 47.966826 ], [ 23.954058, 47.964301 ], [ 23.939192, 47.948005 ], [ 23.86435, 47.932139 ], [ 23.816272, 47.982346 ], [ 23.770787, 47.994672 ], [ 23.66833, 47.984206 ], [ 23.529062, 48.019807 ], [ 23.493605, 47.967811 ], [ 23.287961, 48.046775 ], [ 23.276803, 48.057626 ], [ 23.291471, 48.07296 ], [ 23.267823, 48.100115 ], [ 23.191021, 48.097753 ], [ 23.173788, 48.119528 ], [ 23.11541, 48.08654 ], [ 23.089694, 48.005449 ], [ 23.014587, 47.99106 ], [ 22.926269, 48.018254 ], [ 22.946814, 47.967325 ], [ 22.896271, 47.95412 ], [ 22.84092, 47.980949 ], [ 22.880978, 48.054069 ], [ 22.837546, 48.079973 ], [ 22.825665, 48.116159 ], [ 22.8058, 48.106209 ], [ 22.800894, 48.121308 ], [ 22.771229, 48.109244 ], [ 22.73469, 48.119518 ], [ 22.67421, 48.091949 ], [ 22.591131, 48.108074 ], [ 22.597179, 48.146427 ], [ 22.575378, 48.159719 ], [ 22.569469, 48.195755 ], [ 22.531242, 48.210271 ], [ 22.488111, 48.253172 ], [ 22.371063, 48.244269 ], [ 22.313654, 48.325933 ], [ 22.317751, 48.354049 ], [ 22.26725, 48.360939 ], [ 22.241179, 48.386644 ], [ 22.26507, 48.409919 ], [ 22.211287, 48.425358 ], [ 22.155306, 48.403396 ], [ 22.137584, 48.417099 ], [ 22.165941, 48.577101 ], [ 22.189581, 48.609328 ], [ 22.340821, 48.687067 ], [ 22.361358, 48.73011 ], [ 22.345944, 48.765903 ], [ 22.386762, 48.799904 ], [ 22.375588, 48.835355 ], [ 22.386071, 48.868513 ], [ 22.4208, 48.885031 ], [ 22.425443, 48.927459 ], [ 22.479593, 48.992677 ], [ 22.543138, 49.006026 ], [ 22.553134, 49.078048 ], [ 22.582624, 49.096801 ], [ 22.682504, 49.038913 ], [ 22.768126, 49.052875 ], [ 22.833723, 49.025272 ], [ 22.846545, 49.003266 ], [ 22.89043, 49.007677 ], [ 22.865527, 49.06676 ], [ 22.891303, 49.095319 ], [ 22.830556, 49.111724 ], [ 22.789551, 49.157114 ], [ 22.739403, 49.158661 ], [ 22.755386, 49.181881 ], [ 22.719331, 49.165493 ], [ 22.708023, 49.174324 ], [ 22.746189, 49.216147 ], [ 22.71523, 49.227245 ], [ 22.739166, 49.247765 ], [ 22.746631, 49.35955 ], [ 22.700061, 49.488847 ], [ 22.652039, 49.508041 ], [ 22.641507, 49.529213 ], [ 22.801261, 49.689427 ], [ 22.844991, 49.708379 ], [ 22.960677, 49.804748 ], [ 22.970271, 49.83752 ], [ 22.995463, 49.842136 ], [ 23.279983, 50.099768 ], [ 23.470429, 50.217776 ], [ 23.581213, 50.266469 ], [ 23.639591, 50.320395 ], [ 23.686592, 50.332837 ], [ 23.703427, 50.375343 ], [ 23.725718, 50.387343 ], [ 23.803375, 50.404762 ], [ 23.997076, 50.412656 ], [ 24.006243, 50.435086 ], [ 24.034315, 50.445305 ], [ 24.091096, 50.562116 ], [ 24.098189, 50.63739 ], [ 24.081256, 50.644647 ], [ 24.0814, 50.674079 ], [ 24.062908, 50.678296 ], [ 24.071505, 50.717205 ], [ 24.018725, 50.724312 ], [ 24.02142, 50.766719 ], [ 23.978684, 50.768823 ], [ 23.958544, 50.794037 ], [ 23.995955, 50.839229 ], [ 24.099056, 50.836083 ], [ 24.145443, 50.868285 ], [ 24.05251, 50.891878 ], [ 23.970145, 50.951671 ], [ 23.955429, 50.991357 ], [ 23.916773, 51.007862 ], [ 23.932124, 51.015252 ], [ 23.908026, 51.077411 ], [ 23.877013, 51.077652 ], [ 23.858173, 51.099679 ], [ 23.86184, 51.156624 ], [ 23.823749, 51.162839 ], [ 23.808244, 51.184808 ], [ 23.740343, 51.212546 ], [ 23.724745, 51.259516 ], [ 23.694596, 51.287176 ], [ 23.649885, 51.289079 ], [ 23.637882, 51.33039 ], [ 23.685013, 51.36881 ], [ 23.678164, 51.393605 ], [ 23.700178, 51.403396 ], [ 23.700992, 51.419656 ], [ 23.677847, 51.429077 ], [ 23.684589, 51.443326 ], [ 23.651462, 51.44597 ], [ 23.670235, 51.481734 ], [ 23.621037, 51.496542 ], [ 23.612007, 51.528388 ], [ 23.564615, 51.535326 ], [ 23.577037, 51.55741 ], [ 23.541326, 51.601912 ], [ 23.539866, 51.656272 ], [ 23.557718, 51.665512 ], [ 23.559791, 51.699398 ], [ 23.530464, 51.742895 ], [ 23.630363, 51.780541 ], [ 23.640945, 51.801407 ], [ 23.600964, 51.8411 ], [ 23.616792, 51.856379 ], [ 23.607602, 51.875844 ], [ 23.63012, 51.873995 ], [ 23.623074, 51.885456 ], [ 23.637457, 51.89355 ], [ 23.612511, 51.918528 ], [ 23.644832, 51.933182 ], [ 23.627369, 51.950017 ], [ 23.667754, 51.964273 ], [ 23.66599, 51.978825 ], [ 23.688576, 51.991069 ], [ 23.658317, 52.018541 ], [ 23.662251, 52.039553 ], [ 23.643767, 52.05869 ], [ 23.653733, 52.072495 ], [ 23.61349, 52.097063 ], [ 23.618354, 52.106984 ], [ 23.58031, 52.119149 ], [ 23.5498, 52.110752 ], [ 23.489179, 52.151914 ], [ 23.496694, 52.179845 ], [ 23.427639, 52.172903 ], [ 23.366025, 52.207655 ], [ 23.204206, 52.226644 ], [ 23.203839, 52.275688 ], [ 23.178338, 52.283141 ], [ 23.356721, 52.468892 ], [ 23.466922, 52.549144 ], [ 23.642732, 52.607547 ], [ 23.766039, 52.61834 ], [ 23.938353, 52.71346 ], [ 23.939472, 52.812225 ], [ 23.924834, 52.83106 ], [ 23.916877, 52.938618 ], [ 23.945457, 52.959208 ], [ 23.925504, 53.023478 ], [ 23.87233, 53.083405 ], [ 23.916917, 53.156784 ], [ 23.863236, 53.196902 ], [ 23.855396, 53.231242 ], [ 23.818003, 53.245267 ], [ 23.659654, 53.521757 ], [ 23.582108, 53.743174 ], [ 23.549006, 53.768833 ], [ 23.55113, 53.851185 ], [ 23.524764, 53.862773 ], [ 23.51465, 53.95656 ], [ 23.606528, 53.922521 ], [ 23.710397, 53.938825 ], [ 23.764316, 53.923994 ], [ 23.778137, 53.899287 ], [ 23.816665, 53.910086 ], [ 23.797371, 53.93248 ], [ 23.834011, 53.953043 ], [ 23.885553, 53.943644 ], [ 23.915591, 53.969026 ], [ 23.961074, 53.954397 ], [ 23.969459, 53.927031 ], [ 23.985013, 53.924282 ], [ 24.201625, 53.969946 ], [ 24.211626, 53.949444 ], [ 24.252972, 53.951759 ], [ 24.353327, 53.89702 ], [ 24.437061, 53.901343 ], [ 24.512508, 53.965432 ], [ 24.625553, 54.009749 ], [ 24.698696, 54.016448 ], [ 24.685195, 53.962887 ], [ 24.738717, 53.966139 ], [ 24.756875, 53.999503 ], [ 24.815689, 53.996471 ], [ 24.833133, 54.026973 ], [ 24.870921, 54.033353 ], [ 24.822451, 54.04411 ], [ 24.818729, 54.069625 ], [ 24.778597, 54.100775 ], [ 24.777106, 54.118494 ], [ 24.828891, 54.131535 ], [ 24.814202, 54.144658 ], [ 24.95661, 54.171518 ], [ 24.992618, 54.144544 ], [ 25.06863, 54.134156 ], [ 25.195979, 54.213868 ], [ 25.215912, 54.25615 ], [ 25.251418, 54.251684 ], [ 25.270219, 54.274401 ], [ 25.353643, 54.264208 ], [ 25.498976, 54.308962 ], [ 25.520789, 54.281643 ], [ 25.56351, 54.273919 ], [ 25.553546, 54.264904 ], [ 25.589634, 54.232212 ], [ 25.548582, 54.228667 ], [ 25.561212, 54.199449 ], [ 25.514106, 54.181896 ], [ 25.535297, 54.155839 ], [ 25.624099, 54.14285 ], [ 25.638284, 54.128225 ], [ 25.684902, 54.14147 ], [ 25.704062, 54.168629 ], [ 25.784676, 54.154657 ], [ 25.777155, 54.199662 ], [ 25.750937, 54.221363 ], [ 25.784856, 54.236399 ], [ 25.745162, 54.272138 ], [ 25.699827, 54.280079 ], [ 25.709628, 54.298614 ], [ 25.677531, 54.323432 ], [ 25.555155, 54.315519 ], [ 25.531923, 54.342031 ], [ 25.555176, 54.342706 ], [ 25.563012, 54.365364 ], [ 25.592452, 54.375174 ], [ 25.590297, 54.401436 ], [ 25.605655, 54.397254 ], [ 25.631426, 54.420855 ], [ 25.627021, 54.455514 ], [ 25.603318, 54.46078 ], [ 25.636949, 54.471359 ], [ 25.679554, 54.533784 ], [ 25.761605, 54.577099 ], [ 25.731167, 54.682504 ], [ 25.749334, 54.763223 ], [ 25.734289, 54.802139 ], [ 25.775042, 54.825418 ], [ 25.78076, 54.855163 ], [ 25.852473, 54.896733 ], [ 25.856914, 54.925465 ], [ 25.884571, 54.936417 ], [ 25.9905, 54.957922 ], [ 26.061101, 54.942197 ], [ 26.077255, 54.969783 ], [ 26.109939, 54.972318 ], [ 26.113729, 54.987291 ], [ 26.207968, 54.997678 ], [ 26.241204, 55.040176 ], [ 26.236852, 55.063768 ], [ 26.270219, 55.077419 ], [ 26.231016, 55.107615 ], [ 26.260413, 55.121019 ], [ 26.359551, 55.150159 ], [ 26.462158, 55.129201 ], [ 26.51721, 55.160689 ], [ 26.540525, 55.143942 ], [ 26.674244, 55.157961 ], [ 26.705319, 55.172869 ], [ 26.676015, 55.197649 ], [ 26.728661, 55.21557 ], [ 26.726111, 55.238352 ], [ 26.743454, 55.254103 ], [ 26.835133, 55.286941 ], [ 26.829974, 55.306801 ], [ 26.790724, 55.320438 ], [ 26.666554, 55.338653 ], [ 26.564522, 55.320046 ], [ 26.441609, 55.347478 ], [ 26.551387, 55.389615 ], [ 26.557241, 55.412496 ], [ 26.540609, 55.438805 ], [ 26.555429, 55.465921 ], [ 26.526756, 55.512937 ], [ 26.629113, 55.577265 ], [ 26.630365, 55.680667 ], [ 26.645367, 55.704483 ], [ 26.718052, 55.702737 ], [ 26.782088, 55.678385 ], [ 26.800553, 55.697859 ], [ 26.869104, 55.712439 ], [ 26.920028, 55.786877 ], [ 26.947213, 55.788277 ], [ 26.973582, 55.813938 ], [ 27.093663, 55.827421 ], [ 27.123022, 55.850355 ], [ 27.199395, 55.833742 ], [ 27.285115, 55.785815 ], [ 27.36706, 55.814649 ], [ 27.43112, 55.794633 ], [ 27.613599, 55.786757 ], [ 27.639389, 55.848717 ], [ 27.62529, 55.891924 ], [ 27.65309, 55.929588 ], [ 27.750483, 55.978865 ], [ 27.799079, 55.982709 ], [ 27.806655, 56.008127 ], [ 27.832698, 56.022891 ], [ 27.80652, 56.035496 ], [ 27.903558, 56.048452 ], [ 27.971893, 56.120337 ], [ 28.043067, 56.118942 ], [ 28.115549, 56.163227 ], [ 28.177676, 56.179948 ], [ 28.17879, 56.205276 ], [ 28.202253, 56.214094 ], [ 28.18662, 56.231075 ], [ 28.23777, 56.26997 ], [ 28.193298, 56.357985 ], [ 28.163828, 56.378651 ], [ 28.19303, 56.406136 ], [ 28.191279, 56.449426 ], [ 28.143435, 56.478375 ], [ 28.129366, 56.50864 ], [ 28.095229, 56.517413 ], [ 28.105723, 56.542719 ], [ 28.140787, 56.551571 ], [ 28.142375, 56.572411 ], [ 28.042897, 56.59097 ], [ 28.011796, 56.636678 ], [ 28.012244, 56.67242 ], [ 27.899475, 56.752714 ], [ 27.916309, 56.773456 ], [ 27.944573, 56.776952 ], [ 27.943893, 56.801455 ], [ 27.976113, 56.812271 ], [ 27.965382, 56.836827 ], [ 27.902589, 56.822428 ], [ 27.874564, 56.874085 ], [ 27.849194, 56.87944 ], [ 27.659445, 56.834365 ], [ 27.672092, 56.894418 ], [ 27.686088, 56.915014 ], [ 27.737758, 56.921591 ], [ 27.768084, 57.002919 ], [ 27.715333, 57.00702 ], [ 27.748779, 57.054401 ], [ 27.741206, 57.067173 ], [ 27.768107, 57.084759 ], [ 27.715748, 57.097568 ], [ 27.751271, 57.098343 ], [ 27.737165, 57.118484 ], [ 27.817774, 57.143401 ], [ 27.832703, 57.166783 ], [ 27.829629, 57.208274 ], [ 27.868956, 57.247009 ], [ 27.867218, 57.296856 ], [ 27.823485, 57.322599 ], [ 27.783262, 57.321242 ], [ 27.778023, 57.343748 ], [ 27.682643, 57.37345 ], [ 27.670897, 57.394802 ], [ 27.518208, 57.427412 ], [ 27.566509, 57.509091 ], [ 27.547647, 57.519762 ], [ 27.554698, 57.537724 ], [ 27.415814, 57.523205 ], [ 27.375528, 57.53506 ], [ 27.351579, 57.518237 ], [ 27.32008, 57.578982 ], [ 27.404202, 57.612843 ], [ 27.379143, 57.644329 ], [ 27.390078, 57.685638 ], [ 27.447256, 57.716134 ], [ 27.522298, 57.710935 ], [ 27.540241, 57.733458 ], [ 27.496913, 57.788481 ], [ 27.533872, 57.793989 ], [ 27.549078, 57.831918 ], [ 27.70737, 57.846011 ], [ 27.739794, 57.828768 ], [ 27.775691, 57.834357 ], [ 27.81436, 57.861862 ], [ 27.817717, 57.890522 ], [ 27.69811, 57.906544 ], [ 27.716384, 57.919852 ], [ 27.681176, 57.924226 ], [ 27.65771, 57.955245 ], [ 27.683668, 57.960869 ], [ 27.697689, 57.999477 ], [ 27.650071, 58.018938 ], [ 27.653373, 57.997371 ], [ 27.621054, 58.005111 ], [ 27.60781, 58.054206 ], [ 27.634125, 58.097296 ], [ 27.590799, 58.118399 ], [ 27.490746, 58.225123 ], [ 27.515844, 58.333166 ], [ 27.553213, 58.365981 ], [ 27.35705, 58.787144 ], [ 27.738873, 58.97895 ], [ 27.745081, 59.026266 ], [ 27.768455, 59.034483 ], [ 27.791245, 59.070155 ], [ 27.808222, 59.128742 ], [ 27.887824, 59.18428 ], [ 27.905109, 59.241739 ], [ 27.956996, 59.271571 ], [ 28.130186, 59.291028 ], [ 28.190426, 59.345721 ], [ 28.208388, 59.383727 ], [ 28.041915, 59.47012 ], [ 27.93799, 59.408126 ], [ 27.809261, 59.394955 ], [ 27.737038, 59.417939 ], [ 27.594168, 59.414559 ], [ 27.375995, 59.446448 ], [ 26.935979, 59.438622 ], [ 26.649184, 59.545542 ], [ 26.592936, 59.551577 ], [ 26.569973, 59.521425 ], [ 26.505562, 59.512183 ], [ 26.266377, 59.585461 ], [ 26.104315, 59.586113 ], [ 26.052587, 59.625457 ], [ 25.998369, 59.613892 ], [ 25.974823, 59.633421 ], [ 25.96945, 59.582942 ], [ 25.916421, 59.582253 ], [ 25.917854, 59.610699 ], [ 25.868677, 59.621929 ], [ 25.870875, 59.576195 ], [ 25.815516, 59.563448 ], [ 25.775522, 59.574388 ], [ 25.770987, 59.609733 ], [ 25.78443, 59.61999 ], [ 25.708567, 59.668962 ], [ 25.670772, 59.655883 ], [ 25.691114, 59.645919 ], [ 25.683477, 59.617519 ], [ 25.712456, 59.599471 ], [ 25.706996, 59.579187 ], [ 25.67869, 59.565204 ], [ 25.636013, 59.570956 ], [ 25.571024, 59.612166 ], [ 25.523868, 59.615923 ], [ 25.521129, 59.643084 ], [ 25.499823, 59.646397 ], [ 25.494527, 59.603535 ], [ 25.554258, 59.539862 ], [ 25.530088, 59.519753 ], [ 25.461405, 59.517195 ], [ 25.454198, 59.497552 ], [ 25.424445, 59.490194 ], [ 25.319321, 59.497826 ], [ 25.273449, 59.511498 ], [ 25.270203, 59.527623 ], [ 25.204668, 59.504467 ], [ 25.147315, 59.537256 ], [ 25.141302, 59.524308 ], [ 25.177031, 59.504269 ], [ 25.149702, 59.476992 ], [ 25.088243, 59.505867 ], [ 24.998972, 59.507365 ], [ 24.965614, 59.489962 ], [ 24.917548, 59.499643 ], [ 24.88381, 59.549083 ], [ 24.797328, 59.566587 ], [ 24.794467, 59.529676 ], [ 24.836984, 59.484512 ], [ 24.790513, 59.44402 ], [ 24.707694, 59.458092 ], [ 24.722576, 59.473796 ], [ 24.708603, 59.48289 ], [ 24.688434, 59.484266 ], [ 24.689099, 59.465645 ], [ 24.647377, 59.468428 ], [ 24.682925, 59.447838 ], [ 24.664933, 59.430036 ], [ 24.574135, 59.461149 ], [ 24.572659, 59.446719 ], [ 24.541183, 59.437937 ], [ 24.462439, 59.468553 ], [ 24.37384, 59.474419 ], [ 24.350141, 59.463133 ], [ 24.33847, 59.424127 ], [ 24.235147, 59.394719 ], [ 24.192409, 59.404112 ], [ 24.185883, 59.394113 ], [ 24.246698, 59.359135 ], [ 24.241251, 59.344661 ], [ 24.203938, 59.34095 ], [ 24.039055, 59.388862 ], [ 24.046726, 59.351874 ], [ 24.115661, 59.311118 ], [ 24.087048, 59.269824 ], [ 24.034599, 59.289727 ], [ 23.884104, 59.270424 ], [ 23.822842, 59.288654 ], [ 23.732241, 59.27218 ], [ 23.741143, 59.245762 ], [ 23.70925, 59.230199 ], [ 23.658447, 59.247197 ], [ 23.564506, 59.21501 ], [ 23.514388, 59.226394 ], [ 23.485877, 59.192255 ], [ 23.540541, 59.09249 ], [ 23.435391, 59.076075 ], [ 23.42961, 59.042804 ], [ 23.446711, 59.029746 ], [ 23.40743, 59.024391 ], [ 23.479293, 58.977448 ], [ 23.548181, 58.963692 ], [ 23.572735, 58.97421 ], [ 23.572067, 59.004674 ], [ 23.622201, 58.980503 ], [ 23.611558, 58.999194 ], [ 23.622343, 59.00475 ], [ 23.662875, 58.973372 ], [ 23.653155, 58.961224 ], [ 23.592534, 58.973148 ], [ 23.596773, 58.960811 ], [ 23.560219, 58.94685 ], [ 23.518842, 58.960266 ], [ 23.52572, 58.941586 ], [ 23.475809, 58.933535 ], [ 23.428344, 58.941291 ], [ 23.425016, 58.9062 ], [ 23.453114, 58.900796 ], [ 23.44314, 58.887924 ], [ 23.52289, 58.83518 ], [ 23.533818, 58.810623 ], [ 23.508178, 58.804788 ], [ 23.436234, 58.831114 ], [ 23.489049, 58.802011 ], [ 23.454351, 58.790381 ], [ 23.447052, 58.765072 ], [ 23.7269, 58.787502 ], [ 23.800976, 58.750483 ], [ 23.751736, 58.737896 ], [ 23.67759, 58.747607 ], [ 23.657463, 58.744522 ], [ 23.657254, 58.731224 ], [ 23.595023, 58.726947 ], [ 23.535563, 58.740034 ], [ 23.524164, 58.737532 ], [ 23.530642, 58.72494 ], [ 23.577143, 58.710152 ], [ 23.513694, 58.706394 ], [ 23.515536, 58.693427 ], [ 23.495964, 58.68817 ], [ 23.524522, 58.597006 ], [ 23.538874, 58.594072 ], [ 23.501441, 58.568503 ], [ 23.553, 58.553941 ], [ 23.548983, 58.568665 ], [ 23.581114, 58.581375 ], [ 23.568014, 58.561367 ], [ 23.5976, 58.53698 ], [ 23.653724, 58.514277 ], [ 23.674669, 58.530175 ], [ 23.687937, 58.519574 ], [ 23.678264, 58.432587 ], [ 23.750451, 58.338918 ], [ 23.763902, 58.335582 ], [ 23.75363, 58.349875 ], [ 23.769199, 58.355261 ], [ 23.821225, 58.339661 ], [ 23.839135, 58.358746 ], [ 23.901649, 58.31567 ], [ 23.912819, 58.328985 ], [ 23.95029, 58.327016 ], [ 23.999651, 58.299015 ], [ 24.011149, 58.318717 ], [ 24.07364, 58.252702 ], [ 24.116066, 58.233225 ], [ 24.170309, 58.268836 ], [ 24.267758, 58.278596 ], [ 24.292938, 58.365135 ], [ 24.313876, 58.381358 ], [ 24.419805, 58.387611 ], [ 24.523685, 58.366424 ], [ 24.566429, 58.344099 ], [ 24.586923, 58.304614 ], [ 24.470204, 58.247062 ], [ 24.482354, 58.235544 ], [ 24.453355, 58.175257 ], [ 24.478552, 58.154026 ], [ 24.478301, 58.116572 ], [ 24.461889, 58.104922 ], [ 24.480392, 58.076738 ], [ 24.446139, 58.013234 ], [ 24.4058, 57.977589 ], [ 24.336369, 57.836451 ], [ 24.343323, 57.701158 ], [ 24.386241, 57.615034 ], [ 24.363591, 57.578186 ], [ 24.362905, 57.541879 ], [ 24.380518, 57.508613 ], [ 24.410664, 57.267452 ], [ 24.369408, 57.216466 ], [ 24.198753, 57.118541 ], [ 24.082998, 57.075544 ], [ 24.013701, 57.067652 ], [ 24.002806, 57.04244 ], [ 23.934533, 57.00637 ], [ 23.752856, 56.96967 ], [ 23.625389, 56.964455 ], [ 23.552946, 56.979897 ], [ 23.487613, 57.03447 ], [ 23.375919, 57.043766 ], [ 23.277162, 57.078056 ], [ 23.237517, 57.109211 ], [ 23.238202, 57.163418 ], [ 23.17861, 57.233618 ], [ 23.178637, 57.264002 ], [ 23.132913, 57.327699 ], [ 23.132234, 57.359325 ], [ 22.946042, 57.414207 ], [ 22.845902, 57.49195 ], [ 22.693509, 57.551106 ], [ 22.60596, 57.612807 ], [ 22.574023, 57.69547 ], [ 22.603395, 57.758685 ], [ 22.016596, 57.607962 ], [ 21.848431, 57.598343 ], [ 21.689328, 57.557839 ], [ 21.593861, 57.431009 ], [ 21.526293, 57.406434 ], [ 21.497618, 57.356989 ], [ 21.419337, 57.290952 ], [ 21.406598, 57.174522 ], [ 21.417319, 57.080986 ], [ 21.374714, 57.003078 ], [ 21.23906, 56.915732 ], [ 21.058046, 56.835695 ], [ 21.052268, 56.674737 ], [ 20.992807, 56.546242 ], [ 20.99566, 56.52478 ], [ 20.977347, 56.523689 ], [ 20.999753, 56.465328 ], [ 20.970778, 56.353261 ], [ 20.980266, 56.231183 ], [ 21.07201, 56.04187 ], [ 21.068559, 55.962589 ], [ 21.049034, 55.918717 ], [ 21.08337, 55.729907 ], [ 21.140025, 55.685917 ], [ 21.164235, 55.647425 ], [ 21.144255, 55.660875 ], [ 21.151841, 55.63876 ], [ 21.251187, 55.466312 ], [ 21.247492, 55.415323 ], [ 21.194275, 55.344845 ], [ 21.263393, 55.360238 ], [ 21.248504, 55.334798 ], [ 21.296619, 55.297648 ], [ 21.264447, 55.277539 ], [ 21.26625, 55.245942 ], [ 21.382825, 55.294408 ], [ 21.502387, 55.186768 ], [ 21.569494, 55.198128 ], [ 21.651071, 55.179983 ], [ 21.720839, 55.133962 ], [ 21.911672, 55.081976 ], [ 22.029179, 55.084605 ], [ 22.039537, 55.040097 ], [ 22.066625, 55.027152 ], [ 22.12192, 55.028746 ], [ 22.156, 55.054912 ], [ 22.220392, 55.060591 ], [ 22.463044, 55.044442 ], [ 22.588968, 55.070251 ], [ 22.602889, 55.014878 ], [ 22.642396, 54.971714 ], [ 22.66558, 54.966008 ], [ 22.659556, 54.981392 ], [ 22.676772, 54.988041 ], [ 22.764675, 54.935913 ], [ 22.756076, 54.918678 ], [ 22.782941, 54.923939 ], [ 22.796955, 54.903483 ], [ 22.820293, 54.912081 ], [ 22.845587, 54.89683 ], [ 22.840834, 54.864382 ], [ 22.86731, 54.853304 ], [ 22.86, 54.839595 ], [ 22.885498, 54.813166 ], [ 22.843961, 54.767223 ], [ 22.775359, 54.751045 ], [ 22.739141, 54.725763 ], [ 22.748319, 54.70721 ], [ 22.724495, 54.685943 ], [ 22.75638, 54.653236 ], [ 22.744464, 54.627141 ], [ 22.685186, 54.589164 ], [ 22.713592, 54.563769 ], [ 22.68089, 54.533872 ], [ 22.70276, 54.453536 ], [ 22.73656, 54.442241 ], [ 22.792096, 54.363359 ], [ 21.446113, 54.318215 ], [ 20.631323, 54.366724 ], [ 19.803769, 54.44241 ], [ 19.746904, 54.430802 ], [ 19.745032, 54.413516 ], [ 19.645773, 54.34523 ], [ 19.502265, 54.321585 ], [ 19.399355, 54.262427 ], [ 19.369453, 54.219707 ], [ 19.389043, 54.266617 ], [ 19.267975, 54.272058 ], [ 19.24678, 54.292342 ], [ 19.263494, 54.304497 ], [ 19.24795, 54.328674 ], [ 19.22563, 54.336058 ], [ 19.41002, 54.367048 ], [ 19.648523, 54.453339 ], [ 19.443514, 54.388126 ], [ 19.227462, 54.354613 ], [ 18.989136, 54.34528 ], [ 18.94428, 54.361104 ], [ 18.880637, 54.348107 ], [ 18.737292, 54.374526 ], [ 18.676434, 54.408074 ], [ 18.615252, 54.417557 ], [ 18.568842, 54.449481 ], [ 18.55066, 54.514602 ], [ 18.559084, 54.551118 ], [ 18.512867, 54.61232 ], [ 18.513787, 54.634144 ], [ 18.469404, 54.633728 ], [ 18.472145, 54.694393 ], [ 18.396984, 54.727694 ], [ 18.397032, 54.747525 ], [ 18.424228, 54.788082 ], [ 18.571004186721879, 54.738011417480266 ], [ 18.328031, 54.8346 ], [ 17.967824, 54.830833 ], [ 17.253984, 54.732363 ], [ 17.046298, 54.667781 ], [ 16.884156, 54.590893 ], [ 16.529692, 54.540421 ], [ 16.431858, 54.487191 ], [ 16.314366, 54.383923 ], [ 16.214325, 54.320577 ], [ 16.090745, 54.271445 ], [ 15.85815, 54.242443 ], [ 15.48547, 54.16645 ], [ 15.286455, 54.146965 ], [ 14.73076, 54.023547 ], [ 14.50031, 53.963649 ], [ 14.391694, 53.915955 ], [ 14.286311, 53.920585 ], [ 14.261285, 53.903308 ], [ 14.287485, 53.860438 ], [ 14.342163, 53.873466 ], [ 14.362657173664148, 53.861816598576851 ], [ 14.344666, 53.86573 ], [ 14.285361, 53.857447 ], [ 14.254301, 53.894851 ], [ 14.272398, 53.919952 ], [ 14.184815, 53.946747 ], [ 14.014784, 54.054227 ], [ 13.874941, 54.100198 ], [ 13.839086, 54.126056 ], [ 13.809946, 54.177149 ], [ 13.750279, 54.157479 ], [ 13.757811, 54.135971 ], [ 13.813017, 54.099393 ], [ 13.783951357653951, 54.050367265460125 ], [ 13.774935, 54.059874 ], [ 13.804617, 54.103107 ], [ 13.701626, 54.148915 ], [ 13.717277, 54.163518 ], [ 13.69572, 54.171662 ], [ 13.627775, 54.141079 ], [ 13.492264, 54.124978 ], [ 13.478463, 54.113792 ], [ 13.500013, 54.085101 ], [ 13.463754, 54.088581 ], [ 13.427024, 54.138097 ], [ 13.406468, 54.151369 ], [ 13.384896, 54.14372 ], [ 13.405107, 54.168177 ], [ 13.331869, 54.165491 ], [ 13.344254, 54.181203 ], [ 13.290301, 54.233531 ], [ 13.220933, 54.24036 ], [ 13.185767, 54.26568 ], [ 13.142707, 54.254283 ], [ 13.177316, 54.27084 ], [ 13.109913, 54.279014 ], [ 13.111153, 54.305811 ], [ 13.075832, 54.345801 ], [ 13.093519, 54.365601 ], [ 13.025649, 54.397197 ], [ 13.033906, 54.425061 ], [ 13.016619, 54.439051 ], [ 12.89823, 54.401515 ], [ 12.879669, 54.366748 ], [ 12.809754, 54.345661 ], [ 12.782718, 54.392121 ], [ 12.766166, 54.372935 ], [ 12.725477, 54.372566 ], [ 12.703939, 54.397479 ], [ 12.676334, 54.370922 ], [ 12.691186, 54.400118 ], [ 12.711965, 54.403954 ], [ 12.661796, 54.406908 ], [ 12.670633, 54.391981 ], [ 12.585252, 54.356178 ], [ 12.580664, 54.372762 ], [ 12.555082, 54.375653 ], [ 12.535044, 54.364973 ], [ 12.553254, 54.356431 ], [ 12.528775, 54.335056 ], [ 12.475735, 54.330231 ], [ 12.477573, 54.30385 ], [ 12.408433, 54.27775 ], [ 12.41855, 54.258749 ], [ 12.458354, 54.247761 ], [ 12.363874, 54.267082 ], [ 12.380957, 54.27775 ], [ 12.359397, 54.302186 ], [ 12.396254, 54.324008 ], [ 12.391714, 54.343342 ], [ 12.415827, 54.336005 ], [ 12.415147, 54.365435 ], [ 12.436139, 54.379089 ], [ 12.521035, 54.37246 ], [ 12.549463, 54.389052 ], [ 12.593012, 54.387759 ], [ 12.578637, 54.403998 ], [ 12.638201, 54.424597 ], [ 12.66315, 54.409126 ], [ 12.68762, 54.428485 ], [ 12.67861, 54.416011 ], [ 12.728478, 54.416303 ], [ 12.706319, 54.428437 ], [ 12.719961, 54.43126 ], [ 12.801201, 54.40984 ], [ 12.928228, 54.429112 ], [ 12.917032, 54.444842 ], [ 12.558526, 54.455144 ], [ 12.509606, 54.480711 ], [ 12.336128, 54.297027 ], [ 12.201068, 54.244695 ], [ 12.098125, 54.177991 ], [ 12.141059, 54.173197 ], [ 12.1384, 54.158992 ], [ 12.098522, 54.151217 ], [ 12.098482, 54.120158 ], [ 12.111618549024495, 54.105579618619778 ], [ 12.08941, 54.111977 ], [ 12.086892, 54.182895 ], [ 11.858801, 54.146132 ], [ 11.681735, 54.152524 ], [ 11.534501, 54.077388 ], [ 11.534591, 54.053949 ], [ 11.602152, 54.100717 ], [ 11.625355, 54.088349 ], [ 11.583091, 54.063129 ], [ 11.576952, 54.036025 ], [ 11.51801, 54.027019 ], [ 11.533396, 54.020835 ], [ 11.491107, 53.993061 ], [ 11.493552, 53.971525 ], [ 11.466552, 53.965966 ], [ 11.482498, 53.967386 ], [ 11.480723, 53.927016 ], [ 11.445592, 53.911777 ], [ 11.45629, 53.899601 ], [ 11.402265, 53.922814 ], [ 11.404739, 53.935705 ], [ 11.367359, 53.934961 ], [ 11.330488, 53.958522 ], [ 11.286523, 53.931282 ], [ 11.260585, 53.934635 ], [ 11.241481, 53.954145 ], [ 11.256062, 53.986181 ], [ 11.209423, 53.987566 ], [ 11.181089, 54.0147 ], [ 11.047076, 54.007557 ], [ 10.88316, 53.959385 ], [ 10.874918, 53.988438 ], [ 10.786935, 53.997796 ], [ 10.751779, 54.037586 ], [ 10.754916, 54.054193 ], [ 10.802069, 54.097603 ], [ 10.885352, 54.091638 ], [ 10.957552, 54.142079 ], [ 11.090889, 54.19746 ], [ 11.073251, 54.345625 ], [ 11.05865, 54.351744 ], [ 11.124934, 54.373563 ], [ 11.130349, 54.387591 ], [ 11.107646, 54.396909 ], [ 11.022131, 54.367775 ], [ 10.931433, 54.381729 ], [ 10.799199, 54.316189 ], [ 10.713751, 54.305072 ], [ 10.594391, 54.36497 ], [ 10.328839, 54.435723 ], [ 10.22829, 54.413808 ], [ 10.14922, 54.323469 ], [ 10.146124, 54.365279 ], [ 10.190078, 54.39569 ], [ 10.168517, 54.432845 ], [ 10.197695, 54.455242 ], [ 10.158933, 54.47481 ], [ 10.125471, 54.48508 ], [ 9.864218, 54.448525 ], [ 9.841936, 54.465738 ], [ 9.963891, 54.50233 ], [ 10.022524, 54.547488 ], [ 10.033695, 54.657057 ], [ 10.002635, 54.673566 ], [ 9.950214, 54.674432 ], [ 9.937757, 54.623937 ], [ 9.749685, 54.546518 ], [ 9.733729, 54.524242 ], [ 9.700207, 54.516126 ], [ 9.708471, 54.491706 ], [ 9.628766, 54.512143 ], [ 9.554093, 54.503967 ], [ 9.628971, 54.530181 ], [ 9.632883, 54.514638 ], [ 9.708272, 54.520036 ], [ 9.768889, 54.578753 ], [ 9.792981, 54.574426 ], [ 9.909469, 54.633337 ], [ 9.93211, 54.628643 ], [ 9.942202, 54.673758 ], [ 9.978315, 54.683122 ], [ 9.982816, 54.700616 ], [ 9.991024, 54.683996 ], [ 10.036541, 54.687119 ], [ 9.989605, 54.71762 ], [ 9.956883, 54.779483 ], [ 9.90803, 54.797126 ], [ 9.903912, 54.763534 ], [ 9.848527, 54.755354 ], [ 9.79257, 54.79698 ], [ 9.604434, 54.830772 ], [ 9.590228, 54.851636 ], [ 9.611824, 54.875192 ], [ 9.463987, 54.82035 ], [ 9.434494, 54.796158 ], [ 9.420152, 54.831956 ], [ 9.483661, 54.848026 ], [ 9.523884, 54.876807 ], [ 9.565556, 54.879725 ], [ 9.625553, 54.934945 ], [ 9.673929, 54.913171 ], [ 9.599848, 54.905966 ], [ 9.655942, 54.880602 ], [ 9.638785, 54.860946 ], [ 9.726613, 54.83641 ], [ 9.752807, 54.840618 ], [ 9.758196, 54.861229 ], [ 9.705344, 54.901885 ], [ 9.781892, 54.908986 ], [ 9.831758, 54.889274 ], [ 9.896962, 54.908056 ], [ 9.998123, 54.860094 ], [ 10.070872, 54.877742 ], [ 10.044583, 54.931065 ], [ 9.986426, 54.993436 ], [ 9.759214, 55.083039 ], [ 9.701001, 55.077911 ], [ 9.639733, 55.042157 ], [ 9.706206, 55.043355 ], [ 9.713428, 55.032284 ], [ 9.659415, 55.025734 ], [ 9.698349, 55.006964 ], [ 9.792462, 55.010596 ], [ 9.775972, 54.995489 ], [ 9.803075, 54.996412 ], [ 9.783527, 54.98418 ], [ 9.858536, 54.969563 ], [ 9.836399, 54.948597 ], [ 9.872166, 54.94254 ], [ 9.827255, 54.933898 ], [ 9.759195, 54.981557 ], [ 9.780455, 54.912837 ], [ 9.755341, 54.928993 ], [ 9.737683, 54.98682 ], [ 9.630384, 55.010404 ], [ 9.599741, 55.039232 ], [ 9.494883, 55.015045 ], [ 9.422604, 55.033341 ], [ 9.501968, 55.046659 ], [ 9.550708, 55.075932 ], [ 9.518755, 55.109419 ], [ 9.457979, 55.114459 ], [ 9.474595, 55.131031 ], [ 9.519274, 55.128503 ], [ 9.497184, 55.155628 ], [ 9.590025, 55.192807 ], [ 9.628283, 55.177074 ], [ 9.692857, 55.196573 ], [ 9.691266, 55.224558 ], [ 9.717413, 55.250259 ], [ 9.637348, 55.284684 ], [ 9.566231, 55.247311 ], [ 9.506693, 55.250576 ], [ 9.564685, 55.251544 ], [ 9.625837, 55.287828 ], [ 9.66746, 55.287796 ], [ 9.642568, 55.311604 ], [ 9.620183, 55.309704 ], [ 9.650054, 55.327583 ], [ 9.647239, 55.340712 ], [ 9.565273, 55.371822 ], [ 9.600587, 55.361985 ], [ 9.615387, 55.372069 ], [ 9.621282, 55.390539 ], [ 9.596571, 55.424372 ], [ 9.693394, 55.460468 ], [ 9.624894, 55.498137 ], [ 9.485016, 55.487924 ], [ 9.585168, 55.49775 ], [ 9.556844, 55.514671 ], [ 9.588535, 55.516629 ], [ 9.571017, 55.527176 ], [ 9.610168, 55.510544 ], [ 9.676682, 55.527748 ], [ 9.740929, 55.519394 ], [ 9.735517, 55.558937 ], [ 9.767627, 55.556345 ], [ 9.79604, 55.594362 ], [ 9.860324, 55.624908 ], [ 9.755482, 55.624316 ], [ 9.738064, 55.658068 ], [ 9.667736, 55.69366 ], [ 9.587705, 55.691166 ], [ 9.54516, 55.706523 ], [ 9.672057, 55.712057 ], [ 9.820836, 55.668808 ], [ 10.028614, 55.697994 ], [ 10.001408, 55.727885 ], [ 10.081434, 55.746357 ], [ 10.016654, 55.766171 ], [ 10.061861, 55.810016 ], [ 10.018718, 55.831976 ], [ 9.982656, 55.826904 ], [ 9.853131, 55.856196 ], [ 9.964907, 55.858743 ], [ 9.97447, 55.879663 ], [ 10.086533, 55.884012 ], [ 10.111187, 55.881895 ], [ 10.116027, 55.867619 ], [ 10.059974, 55.868927 ], [ 10.036847, 55.84425 ], [ 10.117897, 55.860955 ], [ 10.132906, 55.880733 ], [ 10.141714, 55.858509 ], [ 10.194216, 55.838062 ], [ 10.204767, 55.858534 ], [ 10.194216, 55.88583 ], [ 10.258342, 55.912166 ], [ 10.265974, 55.958163 ], [ 10.253391, 55.992128 ], [ 10.280888, 56.020345 ], [ 10.266209, 56.023742 ], [ 10.271624, 56.046435 ], [ 10.210758, 56.136098 ], [ 10.249863, 56.151904 ], [ 10.223119, 56.144889 ], [ 10.236011, 56.180502 ], [ 10.335472, 56.234105 ], [ 10.346312, 56.262363 ], [ 10.387956, 56.277336 ], [ 10.383458, 56.289159 ], [ 10.45353, 56.294481 ], [ 10.457169, 56.280999 ], [ 10.504683, 56.274612 ], [ 10.507185, 56.26149 ], [ 10.447357, 56.22739 ], [ 10.467095, 56.227971 ], [ 10.479444, 56.207864 ], [ 10.434525, 56.202091 ], [ 10.433846, 56.220648 ], [ 10.349509, 56.200753 ], [ 10.379293, 56.167871 ], [ 10.422363, 56.164227 ], [ 10.456098, 56.181553 ], [ 10.526894, 56.168828 ], [ 10.516253, 56.145683 ], [ 10.481864, 56.140547 ], [ 10.512356, 56.095189 ], [ 10.557813, 56.114806 ], [ 10.537426, 56.175458 ], [ 10.601558, 56.22642 ], [ 10.653507, 56.225096 ], [ 10.676138, 56.204792 ], [ 10.638182, 56.178125 ], [ 10.686077, 56.142894 ], [ 10.715012, 56.143137 ], [ 10.739554, 56.179611 ], [ 10.741874, 56.223308 ], [ 10.811364, 56.2571 ], [ 10.914788, 56.344446 ], [ 10.923673, 56.413859 ], [ 10.959553, 56.44173 ], [ 10.950954, 56.455581 ], [ 10.881194, 56.486284 ], [ 10.861708, 56.51773 ], [ 10.796286, 56.537864 ], [ 10.539461, 56.512989 ], [ 10.429556, 56.524872 ], [ 10.357961, 56.563703 ], [ 10.342188, 56.595243 ], [ 10.306314056617484, 56.606376964508307 ], [ 10.359638, 56.63886 ], [ 10.353042, 56.69144 ], [ 10.33789, 56.701059 ], [ 10.203952, 56.682526 ], [ 10.121123, 56.712269 ], [ 10.084868, 56.683102 ], [ 10.049071, 56.68972 ], [ 9.982366, 56.654181 ], [ 9.805551, 56.639861 ], [ 9.93454, 56.653572 ], [ 9.953383, 56.661133 ], [ 9.93679, 56.666152 ], [ 10.14383, 56.719764 ], [ 10.1839, 56.703325 ], [ 10.221088, 56.719179 ], [ 10.331512, 56.707478 ], [ 10.333446, 56.722996 ], [ 10.290889, 56.767791 ], [ 10.266887, 56.858165 ], [ 10.272158, 56.936652 ], [ 10.30565, 56.982351 ], [ 10.191344, 56.987317 ], [ 10.016772, 57.078404 ], [ 9.942418, 57.04855 ], [ 9.893657, 57.059298 ], [ 9.848721, 57.044201 ], [ 9.775744, 57.052351 ], [ 9.68357, 57.036625 ], [ 9.618952, 56.969617 ], [ 9.575485, 56.958148 ], [ 9.578433, 56.917679 ], [ 9.538308, 56.955805 ], [ 9.575415, 56.9621 ], [ 9.566641, 56.971764 ], [ 9.58296, 56.987709 ], [ 9.509561, 57.01334 ], [ 9.427072, 57.018422 ], [ 9.295833, 56.998458 ], [ 9.277205, 56.972595 ], [ 9.200046, 56.936316 ], [ 9.164169, 56.889973 ], [ 9.211045, 56.850056 ], [ 9.168679, 56.807215 ], [ 9.185742, 56.767851 ], [ 9.23504, 56.760021 ], [ 9.242745, 56.741254 ], [ 9.160074, 56.677095 ], [ 9.180734, 56.665139 ], [ 9.265782, 56.695199 ], [ 9.305746, 56.69258 ], [ 9.324568, 56.649826 ], [ 9.291358, 56.605644 ], [ 9.288224, 56.561487 ], [ 9.312754, 56.552167 ], [ 9.374397, 56.565365 ], [ 9.368516, 56.534909 ], [ 9.335864, 56.540187 ], [ 9.305081, 56.520886 ], [ 9.307812, 56.532923 ], [ 9.247156, 56.572348 ], [ 9.294573, 56.610031 ], [ 9.284533, 56.621952 ], [ 9.171354, 56.621854 ], [ 9.152603, 56.654035 ], [ 9.113189, 56.620214 ], [ 9.149817, 56.608656 ], [ 9.096519, 56.602451 ], [ 9.093893, 56.570036 ], [ 9.051766, 56.56092 ], [ 9.044896, 56.595773 ], [ 9.058065, 56.629525 ], [ 9.102425, 56.64434 ], [ 9.096239, 56.665588 ], [ 9.178104, 56.707421 ], [ 9.125083, 56.748422 ], [ 9.112932, 56.787213 ], [ 9.065627, 56.802622 ], [ 9.026349, 56.800486 ], [ 9.031948, 56.784744 ], [ 8.963957, 56.801808 ], [ 8.863707, 56.763949 ], [ 8.869549, 56.754146 ], [ 8.826472, 56.706012 ], [ 8.883511, 56.716231 ], [ 8.919001, 56.698881 ], [ 8.81215, 56.693794 ], [ 8.726744, 56.623693 ], [ 8.680133, 56.624782 ], [ 8.67548, 56.610426 ], [ 8.703029, 56.584874 ], [ 8.763027, 56.552466 ], [ 8.734563, 56.53021 ], [ 8.737872, 56.481761 ], [ 8.668203, 56.468015 ], [ 8.624313, 56.473859 ], [ 8.611583, 56.499547 ], [ 8.586034, 56.49644 ], [ 8.604223, 56.519189 ], [ 8.564435, 56.570911 ], [ 8.516963, 56.541472 ], [ 8.38454, 56.578514 ], [ 8.318743, 56.575147 ], [ 8.301266, 56.550947 ], [ 8.283512, 56.583666 ], [ 8.299596, 56.595773 ], [ 8.249725, 56.60064 ], [ 8.227707, 56.627651 ], [ 8.188943, 56.634563 ], [ 8.228634, 56.681953 ], [ 8.211462, 56.70724 ], [ 8.158428, 56.641109 ], [ 8.117072, 56.53157 ], [ 8.129961, 56.228878 ], [ 8.099594, 56.036022 ], [ 8.11104, 56.001127 ], [ 8.143817, 56.007188 ], [ 8.125864, 56.032955 ], [ 8.144757, 56.098572 ], [ 8.136104, 56.114595 ], [ 8.230422, 56.092857 ], [ 8.306084, 56.055646 ], [ 8.31373, 55.995872 ], [ 8.374155, 55.948741 ], [ 8.366326, 55.911196 ], [ 8.384149, 55.906321 ], [ 8.269395, 55.842119 ], [ 8.261282, 55.866175 ], [ 8.277589, 55.879889 ], [ 8.20736, 55.895665 ], [ 8.211397, 55.880388 ], [ 8.195435, 55.877856 ], [ 8.206967, 55.858304 ], [ 8.177625, 55.836337 ], [ 8.195808, 55.83232 ], [ 8.180306, 55.829279 ], [ 8.185083, 55.819126 ], [ 8.174029, 55.841494 ], [ 8.194627, 55.864458 ], [ 8.168473, 55.90636 ], [ 8.171124, 55.949247 ], [ 8.136165, 56.000676 ], [ 8.118465, 55.998372 ], [ 8.178104, 55.772374 ], [ 8.158173, 55.705971 ], [ 8.077004, 55.557311 ], [ 8.299704, 55.476549 ], [ 8.304837, 55.495615 ], [ 8.255924, 55.524351 ], [ 8.267609, 55.534145 ], [ 8.238058, 55.555159 ], [ 8.2485, 55.580944 ], [ 8.290835, 55.594288 ], [ 8.330517, 55.584232 ], [ 8.295976, 55.563697 ], [ 8.43319, 55.459677 ], [ 8.540984, 55.456325 ], [ 8.620148, 55.42868 ], [ 8.677816, 55.331905 ], [ 8.657874, 55.308924 ], [ 8.546166, 55.29242 ], [ 8.53406, 55.270903 ], [ 8.569195, 55.267764 ], [ 8.58598, 55.287106 ], [ 8.654818, 55.304809 ], [ 8.660788, 55.276469 ], [ 8.644021, 55.270525 ], [ 8.660907, 55.262879 ], [ 8.65541, 55.223934 ], [ 8.684044, 55.158828 ], [ 8.569353, 55.153867 ], [ 8.591806, 55.191352 ], [ 8.516682, 55.211105 ], [ 8.490308, 55.196726 ], [ 8.464418, 55.107501 ], [ 8.479148, 55.077428 ], [ 8.507717, 55.061913 ], [ 8.56973, 55.085472 ], [ 8.552993, 55.102096 ], [ 8.555847, 55.148957 ], [ 8.684529, 55.144442 ], [ 8.63395, 55.046008 ], [ 8.6589, 54.987574 ], [ 8.637725, 54.897631 ], [ 8.435417, 54.876525 ], [ 8.371387, 54.898113 ], [ 8.353678, 54.967721 ], [ 8.379301, 54.996269 ], [ 8.440061, 55.017208 ], [ 8.434501, 55.037388 ], [ 8.396545, 55.045829 ], [ 8.462411, 55.046915 ], [ 8.398121, 55.053301 ], [ 8.298062, 54.910861 ], [ 8.278975, 54.752607 ], [ 8.298303, 54.742539 ], [ 8.299554, 54.849365 ], [ 8.339997, 54.879121 ], [ 8.415352, 54.847783 ], [ 8.509943, 54.881073 ], [ 8.603369, 54.885708 ], [ 8.608177, 54.841218 ], [ 8.700449, 54.775095 ], [ 8.714586, 54.738463 ], [ 8.692659, 54.726035 ], [ 8.741187, 54.716011 ], [ 8.75409, 54.681931 ], [ 8.829321, 54.653223 ], [ 8.892223, 54.598014 ], [ 8.869373, 54.56331 ], [ 8.871671, 54.529008 ], [ 8.809925, 54.500858 ], [ 8.807253, 54.470145 ], [ 8.893467, 54.460944 ], [ 8.948509, 54.500634 ], [ 8.946432, 54.512611 ], [ 8.983176, 54.524682 ], [ 9.014504, 54.484044 ], [ 9.004441, 54.479143 ], [ 9.025145, 54.472203 ], [ 8.872675, 54.40529 ], [ 8.673132, 54.399506 ], [ 8.650033, 54.37899 ], [ 8.690365, 54.373432 ], [ 8.690781, 54.354967 ], [ 8.603265, 54.340417 ], [ 8.602377, 54.314496 ], [ 8.673667, 54.279091 ], [ 8.70647, 54.293145 ], [ 8.836609, 54.284413 ], [ 8.839268, 54.232061 ], [ 8.809638, 54.170903 ], [ 8.857763, 54.121354 ], [ 8.925041, 54.132284 ], [ 8.975694, 54.071355 ], [ 8.959063, 54.064087 ], [ 8.985229, 54.058917 ], [ 8.960612, 54.034438 ], [ 8.878254, 54.044903 ], [ 8.825662, 54.026178 ], [ 8.914034, 53.926252 ], [ 8.972319, 53.891898 ], [ 9.01831, 53.896309 ], [ 9.02242, 53.879517 ], [ 9.230586, 53.877772 ], [ 9.274395, 53.857847 ], [ 9.142332, 53.864523 ], [ 9.018513, 53.834841 ], [ 8.906114, 53.828762 ], [ 8.786166, 53.834925 ], [ 8.690449, 53.878354 ], [ 8.687173, 53.891908 ], [ 8.613825, 53.881393 ], [ 8.563762, 53.842278 ], [ 8.483304, 53.693599 ], [ 8.484201, 53.656268 ], [ 8.520411, 53.606205 ], [ 8.484343, 53.599776 ], [ 8.554898, 53.525131 ], [ 8.515637, 53.555772 ], [ 8.461885, 53.552962 ], [ 8.384545, 53.574429 ], [ 8.334117, 53.612549 ], [ 8.276827, 53.607526 ], [ 8.243676, 53.582795 ], [ 8.2313, 53.521546 ], [ 8.310734, 53.521704 ], [ 8.315171, 53.462393 ], [ 8.292036, 53.424727 ], [ 8.246391, 53.397813 ], [ 8.190752, 53.409778 ], [ 8.152344, 53.447295 ], [ 8.098999, 53.445677 ], [ 8.069886, 53.466962 ], [ 8.061327, 53.505957 ], [ 8.156169, 53.515704 ], [ 8.16871, 53.542838 ], [ 8.143166, 53.578324 ], [ 8.14928, 53.600562 ], [ 8.123959, 53.599012 ], [ 8.081362, 53.644708 ], [ 8.042426, 53.641873 ], [ 8.023019, 53.682591 ], [ 8.027825, 53.707426 ], [ 7.814211, 53.711593 ], [ 7.521685, 53.67154 ], [ 7.317348, 53.683545 ], [ 7.183722, 53.641285 ], [ 7.090713, 53.579644 ], [ 7.137852, 53.535894 ], [ 7.100756, 53.524319 ], [ 7.103283, 53.511568 ], [ 7.077884, 53.531938 ], [ 7.033759, 53.533132 ], [ 7.048156, 53.507709 ], [ 7.024539, 53.482739 ], [ 6.999447, 53.359887 ], [ 7.032227, 53.336347 ], [ 7.264243, 53.327512 ], [ 7.249551, 53.323932 ], [ 7.206013, 53.237441 ], [ 7.092713, 53.257017 ], [ 7.079483, 53.269963 ], [ 7.089759, 53.303195 ], [ 6.932469, 53.327188 ], [ 6.900912, 53.351297 ], [ 6.874905, 53.408013 ], [ 6.880829, 53.441055 ], [ 6.847049, 53.455317 ], [ 6.829266, 53.4452 ], [ 6.81673, 53.462515 ], [ 6.658251, 53.457421 ], [ 6.308443, 53.396704 ], [ 6.251934, 53.415574 ], [ 6.015613, 53.403483 ], [ 5.888177, 53.388345 ], [ 5.585523, 53.300392 ], [ 5.436961, 53.21016 ], [ 5.409602, 53.173534 ], [ 5.403816, 53.122012 ], [ 5.371063, 53.093123 ], [ 5.293898, 53.069414 ], [ 5.041553, 52.933506 ], [ 4.969131, 52.930253 ], [ 4.939837, 52.905165 ], [ 4.874322, 52.88985 ], [ 4.81028, 52.913646 ], [ 4.791874, 52.935594 ], [ 4.800824, 52.963299 ], [ 4.733661, 52.962415 ], [ 4.639604, 52.728118 ], [ 4.60624, 52.557237 ], [ 4.568133, 52.469563 ], [ 4.59743, 52.468465 ], [ 4.555227, 52.460111 ], [ 4.551192, 52.415842 ], [ 4.445236, 52.264253 ], [ 4.341084, 52.157623 ], [ 4.127789, 52.000542 ], [ 4.07182, 51.976512 ], [ 4.001714, 51.988034 ], [ 3.966131, 51.969764 ], [ 3.982341, 51.924427 ], [ 4.054513, 51.915557 ], [ 4.031185, 51.887254 ], [ 4.067506, 51.8453 ], [ 4.032962, 51.826425 ], [ 4.007689, 51.849944 ], [ 3.86772, 51.81788 ], [ 3.856246, 51.806376 ], [ 3.865723, 51.781428 ], [ 3.821341, 51.743406 ], [ 3.718696, 51.735972 ], [ 3.679097, 51.703715 ], [ 3.691856, 51.676611 ], [ 3.72285, 51.665332 ], [ 3.813212, 51.695651 ], [ 3.873538, 51.667959 ], [ 3.892355, 51.633373 ], [ 3.971411, 51.614494 ], [ 4.066846, 51.631332 ], [ 4.103454, 51.669827 ], [ 4.149947, 51.67624 ], [ 4.15671, 51.664448 ], [ 4.143429, 51.657254 ], [ 4.193678, 51.635617 ], [ 4.121322, 51.653542 ], [ 4.101294, 51.630934 ], [ 4.173124, 51.606483 ], [ 4.074626, 51.61298 ], [ 3.983094, 51.582907 ], [ 4.07361, 51.527752 ], [ 4.163769, 51.522326 ], [ 4.17438, 51.502654 ], [ 4.217558, 51.487452 ], [ 4.222516, 51.438774 ], [ 4.133218, 51.432693 ], [ 4.093372, 51.446969 ], [ 4.05946, 51.475937 ], [ 4.052313, 51.50245 ], [ 4.013714, 51.518429 ], [ 3.940179, 51.526657 ], [ 3.925222, 51.54422 ], [ 3.869229, 51.541688 ], [ 3.897747, 51.561738 ], [ 3.893337, 51.57568 ], [ 3.837435, 51.60493 ], [ 3.579174, 51.594478 ], [ 3.437486, 51.541337 ], [ 3.433731, 51.5283 ], [ 3.574059, 51.439652 ], [ 3.63078, 51.44155 ], [ 3.716979, 51.473842 ], [ 3.69345, 51.458985 ], [ 3.719108, 51.444223 ], [ 3.678169, 51.449317 ], [ 3.732643, 51.412014 ], [ 3.77491, 51.409652 ], [ 3.809922, 51.386245 ], [ 3.899195, 51.394552 ], [ 3.925949, 51.449987 ], [ 3.97545, 51.461145 ], [ 4.079185, 51.407844 ], [ 4.231666, 51.393402 ], [ 4.24367, 51.374729 ], [ 4.218264, 51.373026 ], [ 4.242049, 51.353967 ], [ 4.192328, 51.375158 ], [ 4.155018, 51.366998 ], [ 4.16434, 51.343539 ], [ 4.120621, 51.362361 ], [ 4.127533, 51.344429 ], [ 3.985423, 51.405447 ], [ 3.968222, 51.399922 ], [ 3.957716, 51.369294 ], [ 3.813317, 51.33272 ], [ 3.516662, 51.407636 ], [ 3.253305, 51.343357 ], [ 3.185943, 51.361176 ], [ 3.169849, 51.350006 ], [ 3.179541, 51.331075 ], [ 2.494153, 51.073027 ], [ 2.371379, 51.044705 ], [ 2.254548, 51.04053 ], [ 2.17962, 51.015918 ], [ 2.17985, 51.001329 ], [ 2.147402, 51.029614 ], [ 2.111027, 51.004826 ], [ 2.120449, 50.991892 ], [ 2.083494, 51.00849 ], [ 1.867654, 50.974134 ], [ 1.742516, 50.943221 ], [ 1.645565, 50.880419 ], [ 1.58169, 50.869103 ], [ 1.593937, 50.817682 ], [ 1.614569, 50.803552 ], [ 1.594489, 50.728085 ], [ 1.565207, 50.724069 ], [ 1.577916, 50.56994 ], [ 1.630369622193505, 50.518224120842504 ], [ 1.584337, 50.534778 ], [ 1.555929, 50.398844 ], [ 1.617355651423722, 50.365345281921648 ], [ 1.556462, 50.361486 ], [ 1.538228, 50.281038 ], [ 1.550132, 50.260238 ], [ 1.594602, 50.257675 ], [ 1.621243, 50.215858 ], [ 1.676779, 50.20901 ], [ 1.683543, 50.183271 ], [ 1.592909, 50.184441 ], [ 1.565512, 50.198964 ], [ 1.563713, 50.216197 ], [ 1.542783, 50.213325 ], [ 1.492379, 50.18453 ], [ 1.44339, 50.100721 ], [ 1.196325, 49.969015 ], [ 1.02573, 49.916603 ], [ 0.962073, 49.919758 ], [ 0.763892, 49.871644 ], [ 0.582476, 49.852339 ], [ 0.33706, 49.746961 ], [ 0.206441, 49.713673 ], [ 0.164755, 49.68679 ], [ 0.065862, 49.512629 ], [ 0.114, 49.480205 ], [ 0.164399, 49.472706 ], [ 0.122857, 49.464738 ], [ 0.179553, 49.453132 ], [ 0.377652, 49.450958 ], [ 0.501222, 49.487682 ], [ 0.51958709071604, 49.477148897425927 ], [ 0.493662, 49.480815 ], [ 0.406982, 49.446408 ], [ 0.138103, 49.405617 ], [ 0.077021, 49.367656 ], [ 0.085306, 49.361185 ], [ 0.070405, 49.367071 ], [ -0.003232, 49.324786 ], [ -0.112016, 49.285907 ], [ -0.104676, 49.295964 ], [ -0.220774, 49.283929 ], [ -0.229253292718016, 49.276863614518774 ], [ -0.39747, 49.333358 ], [ -0.827291, 49.357966 ], [ -0.947159, 49.39581 ], [ -1.079285, 49.387765 ], [ -1.117841, 49.360321 ], [ -1.105715, 49.322427 ], [ -1.119587, 49.322267 ], [ -1.117816, 49.343975 ], [ -1.154226, 49.361898 ], [ -1.20926, 49.333083 ], [ -1.183338, 49.346676 ], [ -1.168161, 49.407976 ], [ -1.307433, 49.541189 ], [ -1.295447, 49.583422 ], [ -1.263557, 49.585566 ], [ -1.255508, 49.612394 ], [ -1.229269, 49.606895 ], [ -1.239636, 49.653799 ], [ -1.2717, 49.680179 ], [ -1.266389, 49.69443 ], [ -1.371406, 49.707058 ], [ -1.473489, 49.69627 ], [ -1.488052, 49.668397 ], [ -1.604356, 49.656331 ], [ -1.614321, 49.643873 ], [ -1.687579, 49.673258 ], [ -1.822947, 49.691472 ], [ -1.851757, 49.718677 ], [ -1.884761, 49.706478 ], [ -1.941579, 49.725393 ], [ -1.945817, 49.675813 ], [ -1.873661, 49.657382 ], [ -1.845589, 49.620136 ], [ -1.841369, 49.571721 ], [ -1.888471, 49.534489 ], [ -1.851065, 49.508683 ], [ -1.807226, 49.372132 ], [ -1.784843, 49.373807 ], [ -1.721395, 49.32703 ], [ -1.712405, 49.343044 ], [ -1.682863, 49.330936 ], [ -1.707575, 49.319483 ], [ -1.684163, 49.288422 ], [ -1.657546, 49.281236 ], [ -1.678002, 49.281175 ], [ -1.640471, 49.221121 ], [ -1.626255, 49.212526 ], [ -1.613794, 49.235146 ], [ -1.574128, 49.224642 ], [ -1.612308, 49.21786 ], [ -1.596211, 49.144093 ], [ -1.578422, 49.129948 ], [ -1.595015, 49.13056 ], [ -1.609526, 49.102367 ], [ -1.59459, 49.024604 ], [ -1.577344, 48.998745 ], [ -1.559916, 49.03829 ], [ -1.505364, 49.02019 ], [ -1.5558, 49.026452 ], [ -1.549595, 48.895522 ], [ -1.561252, 48.92195 ], [ -1.582671, 48.852555 ], [ -1.608663, 48.835362 ], [ -1.572901, 48.815983 ], [ -1.572872, 48.74773 ], [ -1.530694, 48.730883 ], [ -1.503214, 48.685341 ], [ -1.449645, 48.670215 ], [ -1.446118, 48.654985 ], [ -1.37229, 48.693779 ], [ -1.400013, 48.656534 ], [ -1.350959, 48.631619 ], [ -1.426178, 48.642992 ], [ -1.448752, 48.623713 ], [ -1.512112, 48.613246 ], [ -1.541076, 48.631089 ], [ -1.767721, 48.602526 ], [ -1.842065, 48.614634 ], [ -1.867712, 48.636926 ], [ -1.862408, 48.667051 ], [ -1.836903, 48.680228 ], [ -1.843819, 48.709121 ], [ -1.90401, 48.690575 ], [ -1.936223, 48.701838 ], [ -1.959066, 48.690024 ], [ -1.941343, 48.68552 ], [ -1.988927, 48.684156 ], [ -1.993737, 48.661328 ], [ -2.027542, 48.650741 ], [ -2.031007, 48.636423 ], [ -2.002932, 48.613973 ], [ -2.012134, 48.598975 ], [ -1.962152, 48.592632 ], [ -1.955331, 48.576386 ], [ -1.986207, 48.583742 ], [ -1.963131, 48.55586 ], [ -1.968827, 48.537104 ], [ -1.948051, 48.538919 ], [ -1.976472, 48.4986 ], [ -2.00145, 48.49132 ], [ -1.973012, 48.537082 ], [ -2.010854, 48.570971 ], [ -1.996944, 48.583353 ], [ -2.035899, 48.600532 ], [ -2.029268, 48.617135 ], [ -2.049892, 48.63699 ], [ -2.149201, 48.633163 ], [ -2.123827, 48.604825 ], [ -2.150311, 48.617765 ], [ -2.169669, 48.595312 ], [ -2.156962, 48.587562 ], [ -2.17646, 48.576669 ], [ -2.193406, 48.608287 ], [ -2.226404, 48.538297 ], [ -2.210423, 48.58689 ], [ -2.24531, 48.615773 ], [ -2.255318, 48.634998 ], [ -2.244775, 48.644228 ], [ -2.313502, 48.610987 ], [ -2.337534, 48.619722 ], [ -2.286059, 48.66663 ], [ -2.316855, 48.686617 ], [ -2.420774, 48.629364 ], [ -2.437173, 48.651824 ], [ -2.485765, 48.644398 ], [ -2.468544, 48.633984 ], [ -2.476282, 48.620521 ], [ -2.552118, 48.598366 ], [ -2.632026, 48.537073 ], [ -2.622794, 48.520717 ], [ -2.680326, 48.53288 ], [ -2.679742, 48.491744 ], [ -2.714123, 48.531165 ], [ -2.741205, 48.524703 ], [ -2.713881, 48.554548 ], [ -2.824422, 48.598867 ], [ -2.814864, 48.610653 ], [ -2.827353, 48.655299 ], [ -2.943538, 48.720029 ], [ -2.931568, 48.755524 ], [ -2.952648, 48.769138 ], [ -3.015276, 48.767241 ], [ -3.026195, 48.778273 ], [ -3.014302, 48.781336 ], [ -3.045653, 48.787494 ], [ -3.004769, 48.799963 ], [ -3.013079, 48.821999 ], [ -3.085113, 48.810252 ], [ -3.098702, 48.769326 ], [ -3.142004267818594, 48.739627250912477 ], [ -3.146897, 48.747673 ], [ -3.09992, 48.783988 ], [ -3.080269, 48.82964 ], [ -3.099256, 48.830599 ], [ -3.084149, 48.847203 ], [ -3.093968, 48.858796 ], [ -3.076664, 48.85779 ], [ -3.086952, 48.86635 ], [ -3.16764, 48.852715 ], [ -3.223393, 48.795599 ], [ -3.220971, 48.774537 ], [ -3.199096, 48.76579 ], [ -3.221274, 48.771145 ], [ -3.269053, 48.748394 ], [ -3.224741, 48.774001 ], [ -3.229142, 48.79099 ], [ -3.253545, 48.784557 ], [ -3.207316, 48.814625 ], [ -3.203949, 48.834959 ], [ -3.218808, 48.833979 ], [ -3.207659, 48.847441 ], [ -3.226807, 48.868244 ], [ -3.269522, 48.833948 ], [ -3.321031, 48.837785 ], [ -3.408745, 48.799916 ], [ -3.440546, 48.798261 ], [ -3.427944, 48.819341 ], [ -3.458664, 48.816368 ], [ -3.480956, 48.837649 ], [ -3.490895, 48.821892 ], [ -3.512273, 48.834171 ], [ -3.540112, 48.82343 ], [ -3.53537, 48.802868 ], [ -3.577891, 48.788908 ], [ -3.584474, 48.7582 ], [ -3.56461, 48.759458 ], [ -3.549514, 48.733243 ], [ -3.502067, 48.732816 ], [ -3.580912, 48.723022 ], [ -3.583573, 48.690386 ], [ -3.567915, 48.682536 ], [ -3.579993, 48.670878 ], [ -3.610504, 48.670231 ], [ -3.624883, 48.685817 ], [ -3.640084508118806, 48.674109918100449 ], [ -3.654432, 48.682414 ], [ -3.644555, 48.695313 ], [ -3.679039, 48.686983 ], [ -3.735595, 48.708676 ], [ -3.83661, 48.708179 ], [ -3.85307, 48.688688 ], [ -3.84657, 48.660293 ], [ -3.86361, 48.670061 ], [ -3.846679, 48.630196 ], [ -3.811397, 48.629321 ], [ -3.851117, 48.623418 ], [ -3.848713, 48.603181 ], [ -3.870796, 48.604109 ], [ -3.85839, 48.628659 ], [ -3.896347, 48.645533 ], [ -3.90551, 48.658969 ], [ -3.89349, 48.671233 ], [ -3.922396, 48.674949 ], [ -3.950485, 48.6508 ], [ -3.940969, 48.602832 ], [ -3.953202, 48.618005 ], [ -3.950632, 48.671919 ], [ -3.970512, 48.674282 ], [ -3.965176, 48.721359 ], [ -3.988829, 48.726462 ], [ -3.999853, 48.712227 ], [ -4.007098, 48.725859 ], [ -4.056065, 48.70136 ], [ -4.055884, 48.687206 ], [ -4.035891, 48.687569 ], [ -4.066635, 48.686586 ], [ -4.057184, 48.669611 ], [ -4.081984, 48.692687 ], [ -4.130229, 48.696201 ], [ -4.186742, 48.686096 ], [ -4.221318, 48.658492 ], [ -4.194557, 48.652082 ], [ -4.274968, 48.649141 ], [ -4.299175, 48.632825 ], [ -4.31606, 48.637573 ], [ -4.296636, 48.66316 ], [ -4.349123, 48.676376 ], [ -4.435828, 48.655024 ], [ -4.397603, 48.63645 ], [ -4.441121, 48.640793 ], [ -4.499908, 48.621643 ], [ -4.541831, 48.636396 ], [ -4.563967, 48.624197 ], [ -4.5663, 48.609602 ], [ -4.478497, 48.572255 ], [ -4.543969, 48.597942 ], [ -4.607015, 48.596455 ], [ -4.610318, 48.577597 ], [ -4.601383145849997, 48.572475743826423 ], [ -4.627164, 48.578249 ], [ -4.702043, 48.569446 ], [ -4.704163, 48.550169 ], [ -4.720984, 48.559188 ], [ -4.751098, 48.542558 ], [ -4.775025, 48.488838 ], [ -4.759211, 48.470781 ], [ -4.716755, 48.468513 ], [ -4.766852, 48.463569 ], [ -4.794797, 48.414209 ], [ -4.761124, 48.378571 ], [ -4.769605, 48.3644 ], [ -4.746651, 48.366599 ], [ -4.779255, 48.359137 ], [ -4.772342, 48.329822 ], [ -4.715496, 48.330335 ], [ -4.678938, 48.355307 ], [ -4.60865, 48.338323 ], [ -4.495945, 48.379897 ], [ -4.437898, 48.383524 ], [ -4.433687, 48.395955 ], [ -4.403119, 48.390041 ], [ -4.378519, 48.399816 ], [ -4.385652, 48.412447 ], [ -4.373981, 48.400566 ], [ -4.347525, 48.407837 ], [ -4.274536, 48.443926 ], [ -4.432628, 48.362331 ], [ -4.451283, 48.328929 ], [ -4.405831, 48.338577 ], [ -4.410812, 48.325362 ], [ -4.379901, 48.326443 ], [ -4.318495, 48.362046 ], [ -4.329641, 48.340415 ], [ -4.268654, 48.35767 ], [ -4.330005, 48.315842 ], [ -4.255353, 48.327152 ], [ -4.279252, 48.311946 ], [ -4.221137, 48.313845 ], [ -4.238169, 48.299136 ], [ -4.186538, 48.295759 ], [ -4.278004, 48.280586 ], [ -4.239598, 48.254414 ], [ -4.107724, 48.244719 ], [ -4.117456, 48.220131 ], [ -4.112877, 48.243959 ], [ -4.243795, 48.249096 ], [ -4.288573, 48.273349 ], [ -4.283215, 48.288422 ], [ -4.265345, 48.285779 ], [ -4.271433, 48.295523 ], [ -4.384499, 48.275199 ], [ -4.420482, 48.292706 ], [ -4.502558, 48.281044 ], [ -4.516842, 48.294912 ], [ -4.500815, 48.310661 ], [ -4.537515, 48.285516 ], [ -4.555481, 48.304556 ], [ -4.537361, 48.340424 ], [ -4.580072, 48.318873 ], [ -4.566987, 48.286296 ], [ -4.623832, 48.279803 ], [ -4.621237, 48.257314 ], [ -4.544497, 48.249974 ], [ -4.571114, 48.232668 ], [ -4.55274, 48.208781 ], [ -4.553106, 48.1684 ], [ -4.496409, 48.218572 ], [ -4.499569, 48.23191 ], [ -4.464783, 48.238951 ], [ -4.370586, 48.205673 ], [ -4.316622, 48.203202 ], [ -4.291926, 48.175224 ], [ -4.295414, 48.159198 ], [ -4.272933, 48.152609 ], [ -4.296953, 48.092228 ], [ -4.415737, 48.106513 ], [ -4.551575, 48.076611 ], [ -4.713637, 48.064452 ], [ -4.706426, 48.046589 ], [ -4.734174, 48.038316 ], [ -4.633019, 48.029321 ], [ -4.564248, 48.000329 ], [ -4.527618, 48.038759 ], [ -4.490328, 48.037878 ], [ -4.533045, 48.032503 ], [ -4.536264, 48.012108 ], [ -4.451689, 47.980959 ], [ -4.38921, 47.928075 ], [ -4.346407, 47.839818 ], [ -4.379527, 47.821004 ], [ -4.372952, 47.79784 ], [ -4.183171, 47.800623 ], [ -4.160422, 47.829853 ], [ -4.182217, 47.836107 ], [ -4.197947, 47.857593 ], [ -4.176898, 47.854027 ], [ -4.19319, 47.873997 ], [ -4.172584, 47.874829 ], [ -4.165019, 47.848359 ], [ -4.114627, 47.863283 ], [ -4.123676, 47.884189 ], [ -4.175214, 47.906309 ], [ -4.147025, 47.898513 ], [ -4.140305, 47.924926 ], [ -4.130410909913726, 47.929059808284002 ], [ -4.139286, 47.924924 ], [ -4.140728, 47.900069 ], [ -4.116145, 47.896711 ], [ -4.111875, 47.872135 ], [ -4.067233, 47.871256 ], [ -4.039958, 47.845448 ], [ -3.977069, 47.854298 ], [ -3.990281, 47.897023 ], [ -3.946018, 47.904557 ], [ -3.929703, 47.870738 ], [ -3.908394, 47.873849 ], [ -3.903857, 47.858796 ], [ -3.918038, 47.856097 ], [ -3.878773, 47.859941 ], [ -3.901153, 47.834705 ], [ -3.851074, 47.793206 ], [ -3.739289, 47.799689 ], [ -3.755816, 47.83544 ], [ -3.747876, 47.848179 ], [ -3.732531, 47.804561 ], [ -3.639639, 47.829019 ], [ -3.720678, 47.804835 ], [ -3.680582, 47.776836 ], [ -3.538159, 47.763495 ], [ -3.521598, 47.803367 ], [ -3.545101, 47.823373 ], [ -3.529193, 47.855311 ], [ -3.539821, 47.830705 ], [ -3.518955, 47.803224 ], [ -3.528455, 47.766248 ], [ -3.450222, 47.696499 ], [ -3.386813, 47.70214 ], [ -3.368166, 47.715773 ], [ -3.386097, 47.73131 ], [ -3.362101, 47.728305 ], [ -3.350639, 47.743756 ], [ -3.40392, 47.808583 ], [ -3.388853, 47.82852 ], [ -3.391586, 47.805999 ], [ -3.341763, 47.74199 ], [ -3.295208919010516, 47.768555245371381 ], [ -3.360948, 47.708486 ], [ -3.287857, 47.700911 ], [ -3.285573, 47.685681 ], [ -3.215697, 47.645893 ], [ -3.206340655035198, 47.667925947059828 ], [ -3.178756, 47.656865 ], [ -3.20612, 47.664405 ], [ -3.209981, 47.641345 ], [ -3.158367, 47.606695 ], [ -3.132811, 47.550109 ], [ -3.124176, 47.597187 ], [ -3.092317, 47.57897 ], [ -3.105694, 47.575373 ], [ -3.096426, 47.564355 ], [ -3.041098, 47.58523 ], [ -3.020867, 47.568853 ], [ -3.036366, 47.639648 ], [ -3.004868, 47.566754 ], [ -2.997497, 47.589442 ], [ -2.982526, 47.58957 ], [ -2.991892, 47.581336 ], [ -2.96726, 47.556253 ], [ -2.9282, 47.55581 ], [ -2.961869, 47.58354 ], [ -2.955624, 47.597992 ], [ -2.980749, 47.604436 ], [ -2.954063, 47.613278 ], [ -2.982053, 47.655881 ], [ -2.957099, 47.639257 ], [ -2.9493981550153, 47.646395289265079 ], [ -2.957413, 47.627145 ], [ -2.935709, 47.625376 ], [ -2.949942, 47.609261 ], [ -2.938163, 47.588575 ], [ -2.930711, 47.601075 ], [ -2.889666, 47.575253 ], [ -2.888298, 47.603623 ], [ -2.859633, 47.602152 ], [ -2.872734, 47.623402 ], [ -2.800474, 47.61817 ], [ -2.781104, 47.627377 ], [ -2.793536, 47.645013 ], [ -2.771659, 47.630501 ], [ -2.761236, 47.639974 ], [ -2.738857, 47.615954 ], [ -2.777728, 47.620089 ], [ -2.714348, 47.594407 ], [ -2.71397, 47.614189 ], [ -2.698389, 47.610101 ], [ -2.715167, 47.621326 ], [ -2.710478, 47.648811 ], [ -2.693612, 47.637301 ], [ -2.689827, 47.589908 ], [ -2.71384, 47.578724 ], [ -2.732814, 47.542186 ], [ -2.76468, 47.536417 ], [ -2.787472, 47.551923 ], [ -2.799677, 47.538 ], [ -2.822978, 47.556239 ], [ -2.819933, 47.542548 ], [ -2.853148, 47.537889 ], [ -2.879691, 47.560669 ], [ -2.911842, 47.557958 ], [ -2.90296, 47.536312 ], [ -2.869538, 47.530272 ], [ -2.849466, 47.498994 ], [ -2.815776, 47.487066 ], [ -2.72455, 47.506405 ], [ -2.684738, 47.496475 ], [ -2.665474, 47.517411 ], [ -2.688281, 47.534541 ], [ -2.625644, 47.519721 ], [ -2.669057, 47.543811 ], [ -2.624372, 47.534202 ], [ -2.617695, 47.555742 ], [ -2.598861, 47.534398 ], [ -2.581546, 47.561597 ], [ -2.560983, 47.551231 ], [ -2.580602, 47.536653 ], [ -2.565267, 47.534566 ], [ -2.601457, 47.51694 ], [ -2.504824, 47.524551 ], [ -2.491759, 47.545122 ], [ -2.502053, 47.515251 ], [ -2.383384, 47.501621 ], [ -2.423297, 47.485395 ], [ -2.498123, 47.494818 ], [ -2.491766, 47.447277 ], [ -2.458476, 47.448005 ], [ -2.446262, 47.436444 ], [ -2.457612, 47.424078 ], [ -2.433019, 47.416012 ], [ -2.47054, 47.416837 ], [ -2.55842, 47.37465 ], [ -2.50988, 47.345103 ], [ -2.507106, 47.310641 ], [ -2.481167, 47.316964 ], [ -2.474069, 47.307321 ], [ -2.487203, 47.304048 ], [ -2.469164, 47.2947 ], [ -2.544034, 47.290079 ], [ -2.431137, 47.258665 ], [ -2.41157, 47.279375 ], [ -2.369951, 47.27743 ], [ -2.296726, 47.234423 ], [ -2.19909, 47.270906 ], [ -2.181534, 47.298566 ], [ -2.172791, 47.288777 ], [ -2.035832, 47.315183 ], [ -2.032866, 47.301302 ], [ -2.010494, 47.314998 ], [ -1.947007, 47.303593 ], [ -1.843321, 47.25577 ], [ -2.041554, 47.291335 ], [ -2.170059, 47.267211 ], [ -2.180521, 47.234128 ], [ -2.159348, 47.210821 ], [ -2.166808, 47.167591 ], [ -2.224543, 47.153017 ], [ -2.245233, 47.131246 ], [ -2.053554, 47.094541 ], [ -1.980464, 47.028722 ], [ -2.028749, 47.009184 ], [ -2.045792, 46.967158 ], [ -2.106193, 46.91919 ], [ -2.109915, 46.899612 ], [ -2.154468, 46.889172 ], [ -2.142836, 46.820517 ], [ -2.000035, 46.733852 ], [ -1.96936, 46.694001 ], [ -1.943994, 46.693232 ], [ -1.856845, 46.609183 ], [ -1.811809, 46.493558 ], [ -1.78075, 46.493852 ], [ -1.655687, 46.430689 ], [ -1.639369, 46.442367 ], [ -1.609652, 46.43356 ], [ -1.653331, 46.422745 ], [ -1.62278, 46.413177 ], [ -1.512308, 46.403036 ], [ -1.465445, 46.342408 ], [ -1.343324, 46.34185 ], [ -1.281145, 46.28773 ], [ -1.332963, 46.348718 ], [ -1.206396, 46.266904 ], [ -1.202047, 46.316095 ], [ -1.167522, 46.320005 ], [ -1.164291, 46.332639 ], [ -1.140364, 46.311782 ], [ -1.114536, 46.328872 ], [ -1.075287, 46.319993 ], [ -1.126765, 46.307312 ], [ -1.111441, 46.261263 ], [ -1.198349, 46.213355 ], [ -1.205732, 46.204746 ], [ -1.189236, 46.204939 ], [ -1.21855, 46.179326 ], [ -1.222635, 46.150329 ], [ -1.160381, 46.154478 ], [ -1.170503, 46.139464 ], [ -1.128171, 46.125877 ], [ -1.124151, 46.113415 ], [ -1.142122, 46.105467 ], [ -1.103211, 46.094935 ], [ -1.088403, 46.054534 ], [ -1.061662, 46.045358 ], [ -1.057299, 45.998404 ], [ -1.106372, 45.996629 ], [ -1.078707, 45.961631 ], [ -1.02464, 45.964922 ], [ -1.001757, 45.981376 ], [ -0.99123, 45.970457 ], [ -1.004046, 45.931431 ], [ -0.94905, 45.919891 ], [ -0.979533, 45.914034 ], [ -1.010692, 45.93219 ], [ -0.998785, 45.968503 ], [ -1.094109, 45.948874 ], [ -1.074848, 45.910605 ], [ -1.098475, 45.880945 ], [ -1.079411, 45.870928 ], [ -1.098297, 45.87756 ], [ -1.098692, 45.859714 ], [ -1.152355, 45.861341 ], [ -1.166233, 45.845802 ], [ -1.133236, 45.796812 ], [ -1.114602, 45.798738 ], [ -1.114437, 45.784574 ], [ -1.064248, 45.768073 ], [ -1.076806, 45.761193 ], [ -1.028544, 45.743838 ], [ -1.037825, 45.737845 ], [ -1.021856, 45.725686 ], [ -0.971723, 45.716215 ], [ -0.952378, 45.693633 ], [ -0.994829, 45.711158 ], [ -0.981291, 45.688406 ], [ -1.02477, 45.710516 ], [ -1.156194, 45.801802 ], [ -1.241892, 45.783763 ], [ -1.235317, 45.693348 ], [ -1.220483, 45.672841 ], [ -1.229874, 45.691686 ], [ -1.210544, 45.696163 ], [ -1.051578, 45.621626 ], [ -1.023655, 45.622914 ], [ -0.970264, 45.561897 ], [ -0.91794, 45.551246 ], [ -0.7992, 45.475588 ], [ -0.724328, 45.359721 ], [ -0.683013, 45.233172 ], [ -0.667889, 45.128811 ], [ -0.60171, 45.047386 ], [ -0.616812, 45.038774 ], [ -0.672114, 45.084655 ], [ -0.623758, 45.02658 ], [ -0.688861, 45.087866 ], [ -0.803518, 45.344183 ], [ -0.933616, 45.440358 ], [ -1.060592, 45.507426 ], [ -1.06852, 45.526878 ], [ -1.043554, 45.543616 ], [ -1.064038, 45.570533 ], [ -1.091459, 45.561424 ], [ -1.154559, 45.480684 ], [ -1.164511, 45.285068 ], [ -1.261033, 44.628203 ], [ -1.24493, 44.623296 ], [ -1.223228, 44.708919 ], [ -1.174911, 44.746096 ], [ -1.161911, 44.774992 ], [ -1.036933, 44.694048 ], [ -1.068074, 44.695849 ], [ -1.004662, 44.648115 ], [ -1.14467, 44.638886 ], [ -1.152751, 44.661643 ], [ -1.194328, 44.657815 ], [ -1.204703, 44.615398 ], [ -1.259434, 44.544168 ], [ -1.256523, 44.444996 ], [ -1.326634, 44.092024 ], [ -1.314947, 44.08537 ], [ -1.327446, 44.087293 ], [ -1.436497, 43.710426 ], [ -1.445544, 43.656474 ], [ -1.429747, 43.654209 ], [ -1.444974, 43.654536 ], [ -1.597174, 43.436039 ], [ -1.662654, 43.402215 ], [ -1.663814, 43.385497 ], [ -1.689581, 43.394653 ], [ -1.788318, 43.373778 ], [ -1.770507, 43.365213 ], [ -1.785978, 43.350479 ], [ -1.790868, 43.394483 ], [ -1.857882, 43.375046 ], [ -1.925139, 43.332128 ], [ -1.9631, 43.336351 ], [ -1.992376, 43.317267 ], [ -2.129868, 43.2878 ], [ -2.177322, 43.288213 ], [ -2.201298, 43.310681 ], [ -2.355701, 43.299598 ], [ -2.463998, 43.338676 ], [ -2.508353, 43.376011 ], [ -2.618878, 43.392278 ], [ -2.647111, 43.41547 ], [ -2.695102, 43.40535 ], [ -2.737801, 43.429419 ], [ -2.751408, 43.455905 ], [ -2.805368, 43.431319 ], [ -2.945179, 43.434815 ], [ -2.94556, 43.412655 ], [ -3.037387, 43.372717 ], [ -3.013285, 43.34699 ], [ -3.017594, 43.323032 ], [ -3.094401, 43.362909 ], [ -3.16291, 43.351899 ], [ -3.225231, 43.394762 ], [ -3.319308, 43.403167 ], [ -3.327031, 43.415315 ], [ -3.421551, 43.413105 ], [ -3.450847, 43.435142 ], [ -3.462719, 43.403713 ], [ -3.461779, 43.431514 ], [ -3.491435, 43.423166 ], [ -3.464916, 43.444609 ], [ -3.426647, 43.443968 ], [ -3.435594, 43.464349 ], [ -3.495666, 43.471651 ], [ -3.548303, 43.508151 ], [ -3.594309, 43.51319 ], [ -3.757534, 43.457034 ], [ -3.742557, 43.432212 ], [ -3.7697, 43.448076 ], [ -3.788799, 43.431016 ], [ -3.780268, 43.422134 ], [ -3.814484, 43.40205 ], [ -3.822013, 43.412796 ], [ -3.806439, 43.423633 ], [ -3.834196, 43.441565 ], [ -3.76365, 43.467692 ], [ -3.784511, 43.475026 ], [ -3.786064, 43.491324 ], [ -3.945854, 43.469308 ], [ -3.982079, 43.441189 ], [ -4.046538, 43.443533 ], [ -4.173564, 43.402457 ], [ -4.28099, 43.387142 ], [ -4.32659, 43.389621 ], [ -4.343407, 43.405838 ], [ -4.378197, 43.390887 ], [ -4.562224, 43.39118 ], [ -4.738722, 43.415265 ], [ -4.843066, 43.446616 ], [ -4.873886, 43.441421 ], [ -4.928404, 43.46258 ], [ -5.036623, 43.460885 ], [ -5.123239, 43.484259 ], [ -5.214872, 43.473708 ], [ -5.293741, 43.534576 ], [ -5.382646, 43.535695 ], [ -5.410223, 43.555835 ], [ -5.49266, 43.545604 ], [ -5.618765, 43.55697 ], [ -5.693015, 43.543421 ], [ -5.697875, 43.573212 ], [ -5.758012, 43.585547 ], [ -5.790715, 43.614076 ], [ -5.782114, 43.628636 ], [ -5.829674, 43.6406 ], [ -5.843194, 43.658412 ], [ -5.880777, 43.624004 ], [ -5.91362, 43.623637 ], [ -5.914238, 43.607374 ], [ -5.961148, 43.578428 ], [ -6.019277, 43.586607 ], [ -6.107894, 43.556629 ], [ -6.186603, 43.563583 ], [ -6.1901, 43.578734 ], [ -6.243288, 43.593713 ], [ -6.355227, 43.551073 ], [ -6.428729, 43.552846 ], [ -6.469943, 43.569907 ], [ -6.474293, 43.550521 ], [ -6.535765, 43.546533 ], [ -6.626855, 43.570808 ], [ -6.814858, 43.556513 ], [ -6.944435, 43.573882 ], [ -6.974573, 43.557805 ], [ -7.021326, 43.559179 ], [ -7.031837, 43.544471 ], [ -7.058149, 43.558644 ], [ -7.235289, 43.56814 ], [ -7.255194, 43.547823 ], [ -7.248088, 43.576349 ], [ -7.297829, 43.593138 ], [ -7.357148, 43.670646 ], [ -7.472136, 43.704853 ], [ -7.46975, 43.723136 ], [ -7.553026, 43.729666 ], [ -7.609352, 43.674323 ], [ -7.606828, 43.716919 ], [ -7.627511, 43.72069 ], [ -7.636744, 43.752325 ], [ -7.699736, 43.735115 ], [ -7.662417, 43.775435 ], [ -7.686206, 43.787928 ], [ -7.724531, 43.748977 ], [ -7.810361, 43.724352 ], [ -7.827509, 43.709906 ], [ -7.819327, 43.695392 ], [ -7.861443, 43.700397 ], [ -7.847334, 43.670168 ], [ -7.899445, 43.670903 ], [ -7.873753, 43.674963 ], [ -7.889939, 43.683243 ], [ -7.873908, 43.716618 ], [ -7.850907, 43.712428 ], [ -7.869582, 43.732955 ], [ -7.866423, 43.769216 ], [ -7.905038, 43.766504 ], [ -8.00164, 43.704857 ], [ -8.062334, 43.703307 ], [ -8.074387, 43.659645 ], [ -8.054706, 43.649148 ], [ -8.081319, 43.644964 ], [ -8.092101, 43.662782 ], [ -8.155503, 43.615767 ], [ -8.186897, 43.618881 ], [ -8.257906, 43.558826 ], [ -8.323059, 43.561628 ], [ -8.297179, 43.533715 ], [ -8.324923, 43.522112 ], [ -8.320282, 43.494082 ], [ -8.337928, 43.459766 ], [ -8.265424, 43.469623 ], [ -8.248645, 43.491867 ], [ -8.247129, 43.478856 ], [ -8.200231, 43.478527 ], [ -8.151337, 43.516487 ], [ -8.171848, 43.477243 ], [ -8.204785, 43.459724 ], [ -8.25421, 43.465783 ], [ -8.315786, 43.443545 ], [ -8.244481, 43.418191 ], [ -8.173671, 43.419068 ], [ -8.219493, 43.389473 ], [ -8.209778, 43.327629 ], [ -8.305115, 43.403637 ], [ -8.349018, 43.395974 ], [ -8.340129, 43.367862 ], [ -8.361241, 43.342176 ], [ -8.385114, 43.339332 ], [ -8.399816, 43.388489 ], [ -8.408518, 43.370107 ], [ -8.439705, 43.38069 ], [ -8.47569, 43.353174 ], [ -8.494186, 43.35869 ], [ -8.507881, 43.32776 ], [ -8.533447, 43.316074 ], [ -8.606701, 43.321171 ], [ -8.709153, 43.289944 ], [ -8.784883, 43.303873 ], [ -8.838891, 43.345832 ], [ -8.846861, 43.319941 ], [ -8.910431, 43.320406 ], [ -8.907441, 43.294518 ], [ -8.927401, 43.282937 ], [ -8.956369, 43.2931 ], [ -8.983543, 43.281543 ], [ -8.976461, 43.262825 ], [ -8.952721, 43.262939 ], [ -8.939315, 43.227931 ], [ -8.993695, 43.21669 ], [ -9.012193, 43.232639 ], [ -9.060511, 43.184735 ], [ -9.147141, 43.191763 ], [ -9.210886, 43.158057 ], [ -9.192803, 43.125863 ], [ -9.168868, 43.142036 ], [ -9.167024, 43.105314 ], [ -9.1874, 43.09053 ], [ -9.220658, 43.112294 ], [ -9.220934, 43.089963 ], [ -9.255436, 43.090365 ], [ -9.262557, 43.049114 ], [ -9.29841, 43.054837 ], [ -9.257119, 43.002487 ], [ -9.296997, 42.923617 ], [ -9.275562, 42.909689 ], [ -9.27213, 42.881269 ], [ -9.262625, 42.918911 ], [ -9.232407, 42.939879 ], [ -9.183927, 42.916281 ], [ -9.188462, 42.951815 ], [ -9.160224, 42.913049 ], [ -9.125363, 42.905426 ], [ -9.149939, 42.872328 ], [ -9.105822, 42.822588 ], [ -9.150081, 42.799663 ], [ -9.08807, 42.739391 ], [ -9.049783, 42.769446 ], [ -9.063895, 42.785 ], [ -9.021051, 42.799633 ], [ -9.011689, 42.783768 ], [ -8.957926, 42.780933 ], [ -8.933939, 42.805121 ], [ -8.908611, 42.802193 ], [ -8.900857, 42.827497 ], [ -8.88670718054977, 42.816998425577189 ], [ -8.90006, 42.803131 ], [ -8.890949, 42.780987 ], [ -8.927337, 42.78442 ], [ -8.957268, 42.746541 ], [ -8.987633, 42.742207 ], [ -9.02885, 42.701171 ], [ -9.045678, 42.628991 ], [ -9.090576, 42.577688 ], [ -9.034922, 42.559616 ], [ -9.043312, 42.520518 ], [ -8.987478, 42.5374 ], [ -8.990727, 42.563232 ], [ -8.954058, 42.584488 ], [ -8.920572, 42.587551 ], [ -8.937106, 42.607522 ], [ -8.899129, 42.640284 ], [ -8.875234, 42.629964 ], [ -8.886577, 42.615038 ], [ -8.858567, 42.60784 ], [ -8.855679, 42.628083 ], [ -8.839371, 42.631762 ], [ -8.859419, 42.646229 ], [ -8.841333, 42.686386 ], [ -8.814621, 42.661385 ], [ -8.820902, 42.646102 ], [ -8.794967, 42.637811 ], [ -8.75231013520375, 42.650211920262045 ], [ -8.775905, 42.617002 ], [ -8.770974, 42.595916 ], [ -8.830599, 42.574329 ], [ -8.827226, 42.521622 ], [ -8.804013, 42.500026 ], [ -8.83095, 42.48405 ], [ -8.820349, 42.452928 ], [ -8.868981, 42.447998 ], [ -8.858004, 42.491482 ], [ -8.871819, 42.500677 ], [ -8.907758, 42.476211 ], [ -8.93689, 42.477959 ], [ -8.942081, 42.463597 ], [ -8.927786, 42.451437 ], [ -8.887297, 42.45728 ], [ -8.872581, 42.438816 ], [ -8.879729, 42.416048 ], [ -8.839771, 42.386531 ], [ -8.811519, 42.400188 ], [ -8.776254, 42.389203 ], [ -8.691891, 42.438458 ], [ -8.679268, 42.421506 ], [ -8.656388, 42.424314 ], [ -8.70903, 42.396474 ], [ -8.772469, 42.332037 ], [ -8.835555, 42.341001 ], [ -8.819803, 42.279713 ], [ -8.856501, 42.305267 ], [ -8.870993, 42.251918 ], [ -8.792854, 42.248504 ], [ -8.731357, 42.286337 ], [ -8.710238, 42.276876 ], [ -8.658873, 42.291435 ], [ -8.659622, 42.315789 ], [ -8.63645, 42.327476 ], [ -8.643609, 42.33868 ], [ -8.611899, 42.345569 ], [ -8.616579, 42.28821 ], [ -8.649385, 42.288424 ], [ -8.739989, 42.227247 ], [ -8.774254, 42.221827 ], [ -8.813928, 42.188712 ], [ -8.82098, 42.157969 ], [ -8.849762, 42.153878 ], [ -8.820322, 42.140751 ], [ -8.827317, 42.114377 ], [ -8.850306, 42.127382 ], [ -8.898766, 42.103592 ], [ -8.878005, 42.001921 ], [ -8.881893, 41.882255 ], [ -8.863186, 41.872066 ], [ -8.880565, 41.752002 ], [ -8.846972, 41.683627 ], [ -8.826711, 41.672419 ], [ -8.777321, 41.479582 ], [ -8.789006, 41.416314 ], [ -8.739838, 41.332351 ], [ -8.716614, 41.204962 ], [ -8.667846, 41.139115 ], [ -8.644973, 41.015969 ], [ -8.668451, 40.900111 ], [ -8.754916, 40.646499 ], [ -8.718178, 40.678415 ], [ -8.701353, 40.758978 ], [ -8.647256, 40.834957 ], [ -8.621528, 40.813863 ], [ -8.677593, 40.784109 ], [ -8.674713, 40.734738 ], [ -8.610047, 40.725044 ], [ -8.675351, 40.718127 ], [ -8.665503, 40.692601 ], [ -8.69794, 40.658021 ], [ -8.683895, 40.622318 ], [ -8.706817, 40.656494 ], [ -8.748609, 40.643604 ], [ -8.846326, 40.326881 ], [ -8.90808, 40.190042 ], [ -8.874763, 40.160658 ], [ -8.86791, 40.1126 ], [ -9.050814, 39.718939 ], [ -9.085316, 39.615023 ], [ -9.074878, 39.592729 ], [ -9.144828, 39.52027 ], [ -9.137699, 39.505067 ], [ -9.169711, 39.50212 ], [ -9.27437, 39.401755 ], [ -9.357853, 39.36042 ], [ -9.37513, 39.372223 ], [ -9.407571, 39.361705 ], [ -9.365945, 39.34838 ], [ -9.348203, 39.312859 ], [ -9.340557, 39.224824 ], [ -9.421449, 39.074736 ], [ -9.419827, 38.932432 ], [ -9.499923, 38.780714 ], [ -9.472404, 38.749379 ], [ -9.48594, 38.710471 ], [ -9.459222, 38.695121 ], [ -9.39794, 38.70207 ], [ -9.324671, 38.6745 ], [ -9.28799, 38.695759 ], [ -9.131367, 38.707604 ], [ -9.090964, 38.759344 ], [ -9.080465864661152, 38.805451333394302 ], [ -9.047479, 38.831443 ] ], [ [ 18.708279040717095, 54.683440854605031 ], [ 18.706615, 54.684844 ], [ 18.617377, 54.722192 ], [ 18.571004186721879, 54.738011417480266 ], [ 18.708279040717095, 54.683440854605031 ] ], [ [ 18.814483, 54.593888 ], [ 18.826621, 54.62056 ], [ 18.78211, 54.654091 ], [ 18.708279040717095, 54.683440854605031 ], [ 18.814483, 54.593888 ] ], [ [ -27.995709, 39.087614 ], [ -28.048456, 39.094577 ], [ -28.070205, 39.070295 ], [ -28.036115, 39.024336 ], [ -27.969468, 39.008846 ], [ -27.95274, 39.026445 ], [ -27.995709, 39.087614 ] ], [ [ -31.248107, 39.376146 ], [ -31.160129, 39.386527 ], [ -31.125269, 39.45475 ], [ -31.148026, 39.475386 ], [ -31.155454, 39.499939 ], [ -31.235871, 39.520658 ], [ -31.267909, 39.451904 ], [ -31.248107, 39.376146 ] ], [ [ -31.088, 39.719262 ], [ -31.118816, 39.724704 ], [ -31.122885, 39.672195 ], [ -31.09643, 39.680084 ], [ -31.088, 39.719262 ] ], [ [ -8.723157, 40.661244 ], [ -8.679669, 40.67998 ], [ -8.682125, 40.712254 ], [ -8.709596, 40.7032 ], [ -8.700067, 40.678625 ], [ -8.713748, 40.666854 ], [ -8.723157, 40.661244 ] ], [ [ -3.157165, 47.363706 ], [ -3.251602, 47.388103 ], [ -3.259667, 47.370893 ], [ -3.262122, 47.352927 ], [ -3.23552, 47.323945 ], [ -3.248337, 47.314673 ], [ -3.2192, 47.293836 ], [ -3.173483, 47.30082 ], [ -3.092769, 47.279754 ], [ -3.057647, 47.308256 ], [ -3.109177, 47.318744 ], [ -3.145777, 47.333953 ], [ -3.157165, 47.363706 ] ], [ [ -3.119441, 47.478525 ], [ -3.091861, 47.473331 ], [ -3.134708, 47.543374 ], [ -3.160476, 47.528218 ], [ -3.143666, 47.484333 ], [ -3.119441, 47.478525 ] ], [ [ -3.415624, 47.632025 ], [ -3.513708, 47.648322 ], [ -3.473369, 47.626289 ], [ -3.421551, 47.621083 ], [ -3.415624, 47.632025 ] ], [ [ -5.099313, 48.45639 ], [ -5.116733, 48.438367 ], [ -5.102879, 48.436096 ], [ -5.0349, 48.463263 ], [ -5.048466, 48.462172 ], [ -5.073125, 48.482673 ], [ -5.1416, 48.449305 ], [ -5.099313, 48.45639 ] ], [ [ -9.7842, 51.644969 ], [ -9.901027, 51.637403 ], [ -9.9182, 51.621601 ], [ -9.877161, 51.615457 ], [ -9.7842, 51.644969 ] ], [ [ -10.352637, 51.891637 ], [ -10.28749, 51.925551 ], [ -10.35182, 51.934419 ], [ -10.40857, 51.911474 ], [ -10.429858, 51.88222 ], [ -10.352637, 51.891637 ] ], [ [ -9.566238, 53.098857 ], [ -9.597394, 53.097798 ], [ -9.618904, 53.068631 ], [ -9.580635, 53.071247 ], [ -9.566238, 53.098857 ] ], [ [ -9.65585, 53.131372 ], [ -9.705395, 53.141486 ], [ -9.750204, 53.131498 ], [ -9.770412, 53.150816 ], [ -9.807042, 53.151641 ], [ -9.829205, 53.138461 ], [ -9.639332, 53.089826 ], [ -9.631124, 53.110027 ], [ -9.647006, 53.100141 ], [ -9.675796, 53.114624 ], [ -9.65585, 53.131372 ] ], [ [ -9.721959, 53.260579 ], [ -9.700727, 53.226763 ], [ -9.668096, 53.224499 ], [ -9.642573, 53.242033 ], [ -9.658318, 53.283794 ], [ -9.721959, 53.260579 ] ], [ [ -4.202814, 53.214227 ], [ -4.087818, 53.263572 ], [ -4.041024, 53.31107 ], [ -4.118387, 53.319094 ], [ -4.213081, 53.298135 ], [ -4.204582, 53.31324 ], [ -4.232552, 53.339186 ], [ -4.230355, 53.356914 ], [ -4.280686, 53.376366 ], [ -4.270813, 53.393375 ], [ -4.288962, 53.415665 ], [ -4.357251, 53.415847 ], [ -4.42665, 53.428904 ], [ -4.572618, 53.4043 ], [ -4.555907, 53.374034 ], [ -4.583536, 53.331054 ], [ -4.562471, 53.316427 ], [ -4.574847, 53.288673 ], [ -4.653034, 53.322518 ], [ -4.695584, 53.308088 ], [ -4.679577, 53.298016 ], [ -4.684955, 53.283097 ], [ -4.618712, 53.27949 ], [ -4.6104, 53.245153 ], [ -4.553543, 53.248247 ], [ -4.524863, 53.234459 ], [ -4.498238, 53.206957 ], [ -4.50505, 53.187268 ], [ -4.460315, 53.180317 ], [ -4.440081, 53.156902 ], [ -4.385472, 53.189969 ], [ -4.38575, 53.171617 ], [ -4.418132, 53.159869 ], [ -4.344457, 53.130074 ], [ -4.337527, 53.147685 ], [ -4.284741, 53.155272 ], [ -4.219328, 53.186191 ], [ -4.202814, 53.214227 ] ], [ [ -9.70845, 53.287516 ], [ -9.689956, 53.280422 ], [ -9.63194, 53.297844 ], [ -9.70482, 53.303912 ], [ -9.69222, 53.290761 ], [ -9.70845, 53.287516 ] ], [ [ -8.977959, 52.75493 ], [ -8.94201, 52.740186 ], [ -8.966174, 52.684705 ], [ -8.859695, 52.698723 ], [ -8.713444, 52.675984 ], [ -8.695113, 52.655063 ], [ -8.635956, 52.662742 ], [ -8.62801, 52.687927 ], [ -8.613701, 52.686306 ], [ -8.633961, 52.661522 ], [ -8.693565, 52.652174 ], [ -8.747166, 52.673512 ], [ -8.803074, 52.658465 ], [ -8.835616, 52.671495 ], [ -8.957637, 52.660106 ], [ -8.998594, 52.637477 ], [ -8.975755, 52.603412 ], [ -8.996058, 52.624141 ], [ -9.009603, 52.614285 ], [ -9.062337, 52.63594 ], [ -9.084935, 52.618628 ], [ -9.07227, 52.605688 ], [ -9.124381, 52.615219 ], [ -9.290288, 52.571528 ], [ -9.365192, 52.572124 ], [ -9.364201, 52.590804 ], [ -9.45196, 52.580947 ], [ -9.475406, 52.558502 ], [ -9.621542, 52.580318 ], [ -9.678872, 52.546636 ], [ -9.669048, 52.540586 ], [ -9.689276, 52.483246 ], [ -9.769441, 52.449203 ], [ -9.864462, 52.426838 ], [ -9.918145, 52.430615 ], [ -9.946944, 52.411121 ], [ -9.838043, 52.388834 ], [ -9.848441, 52.314217 ], [ -9.831563, 52.323515 ], [ -9.825449, 52.312017 ], [ -9.864518, 52.30269 ], [ -9.832385, 52.299239 ], [ -9.87358, 52.275938 ], [ -9.776688, 52.275283 ], [ -9.735549, 52.257378 ], [ -9.824811, 52.243036 ], [ -9.837871, 52.248966 ], [ -9.815695, 52.25928 ], [ -9.83385, 52.258559 ], [ -9.858099, 52.237495 ], [ -9.955809, 52.232887 ], [ -10.026282, 52.273572 ], [ -10.012472, 52.314812 ], [ -10.057259, 52.308609 ], [ -10.034842, 52.281813 ], [ -10.10267, 52.244733 ], [ -10.182122, 52.231442 ], [ -10.147613, 52.26115 ], [ -10.172762, 52.290121 ], [ -10.362564, 52.234111 ], [ -10.372437, 52.171951 ], [ -10.414206, 52.184097 ], [ -10.408145, 52.208206 ], [ -10.470877, 52.181799 ], [ -10.441012, 52.173067 ], [ -10.477137, 52.151138 ], [ -10.459863, 52.123459 ], [ -10.477893, 52.110089 ], [ -10.451552, 52.097226 ], [ -10.357787, 52.105379 ], [ -10.376602, 52.120366 ], [ -10.359973, 52.131764 ], [ -10.323557, 52.11446 ], [ -10.266124, 52.114353 ], [ -10.310656, 52.129114 ], [ -10.288108, 52.142406 ], [ -10.248, 52.117058 ], [ -10.20618, 52.134699 ], [ -10.214343, 52.123287 ], [ -10.19441, 52.108402 ], [ -9.985361, 52.142654 ], [ -9.9376, 52.10642 ], [ -9.967814, 52.140843 ], [ -9.864313, 52.159307 ], [ -9.800027, 52.158473 ], [ -9.79115, 52.135597 ], [ -9.889839, 52.110679 ], [ -9.897588, 52.133834 ], [ -9.934942, 52.085428 ], [ -9.903562, 52.068401 ], [ -9.936215, 52.077514 ], [ -10.027058, 52.037582 ], [ -10.132243, 52.028574 ], [ -10.213062, 51.989299 ], [ -10.255692, 51.992012 ], [ -10.264588, 51.966328 ], [ -10.320987, 51.953642 ], [ -10.2748, 51.939425 ], [ -10.179232, 51.963562 ], [ -10.277198, 51.92949 ], [ -10.251962, 51.919933 ], [ -10.250693, 51.897992 ], [ -10.276379, 51.912338 ], [ -10.296536, 51.895773 ], [ -10.393173, 51.885593 ], [ -10.38542, 51.857819 ], [ -10.396983, 51.844339 ], [ -10.33623, 51.845398 ], [ -10.331134, 51.821802 ], [ -10.351138, 51.797126 ], [ -10.34112, 51.785316 ], [ -10.275249, 51.806895 ], [ -10.251008, 51.839909 ], [ -10.186538, 51.856974 ], [ -10.205889, 51.843582 ], [ -10.173857, 51.827195 ], [ -10.17796, 51.793022 ], [ -10.223916, 51.780464 ], [ -10.147849, 51.752866 ], [ -10.111518, 51.763478 ], [ -10.138917, 51.742043 ], [ -10.128328, 51.738247 ], [ -10.036687, 51.7763 ], [ -9.901909, 51.80408 ], [ -9.907901, 51.833806 ], [ -9.897725, 51.814651 ], [ -9.841607, 51.81088 ], [ -9.743627, 51.855613 ], [ -9.585374, 51.873252 ], [ -9.646916, 51.844927 ], [ -9.728159, 51.836157 ], [ -9.822828, 51.785068 ], [ -9.775459, 51.765489 ], [ -9.84551, 51.776316 ], [ -9.849686, 51.757672 ], [ -9.88066, 51.741816 ], [ -9.882301, 51.763034 ], [ -9.977586, 51.73396 ], [ -10.004338, 51.715391 ], [ -9.948554, 51.71474 ], [ -9.968418, 51.686678 ], [ -10.094272, 51.672249 ], [ -10.098576, 51.661012 ], [ -10.057777, 51.651187 ], [ -10.062422, 51.624811 ], [ -10.14279, 51.620219 ], [ -10.157543, 51.613488 ], [ -10.143565, 51.597898 ], [ -10.163984, 51.581335 ], [ -10.112969, 51.601388 ], [ -10.04429, 51.602855 ], [ -10.051929, 51.594625 ], [ -10.039111, 51.589267 ], [ -9.968507, 51.620086 ], [ -9.934784, 51.61555 ], [ -9.907524, 51.651929 ], [ -9.732981, 51.667255 ], [ -9.729844, 51.690011 ], [ -9.64929, 51.67455 ], [ -9.551813, 51.713382 ], [ -9.5395, 51.751053 ], [ -9.502421, 51.717043 ], [ -9.439506, 51.723395 ], [ -9.45936, 51.698357 ], [ -9.441843, 51.69502 ], [ -9.698955, 51.613045 ], [ -9.849708, 51.541591 ], [ -9.523876, 51.619197 ], [ -9.64511, 51.564475 ], [ -9.658467, 51.542179 ], [ -9.753151, 51.521652 ], [ -9.837636, 51.482071 ], [ -9.808928, 51.473188 ], [ -9.819544, 51.450152 ], [ -9.775363, 51.468269 ], [ -9.761269, 51.461504 ], [ -9.77002, 51.449344 ], [ -9.74206, 51.458281 ], [ -9.750415, 51.463933 ], [ -9.704488, 51.477331 ], [ -9.709589, 51.495747 ], [ -9.663912, 51.500273 ], [ -9.663234, 51.517257 ], [ -9.644682, 51.520572 ], [ -9.613048, 51.492388 ], [ -9.586896, 51.497851 ], [ -9.587175, 51.516831 ], [ -9.586162, 51.504025 ], [ -9.542651, 51.512191 ], [ -9.53476, 51.529811 ], [ -9.528643, 51.513672 ], [ -9.455811, 51.525278 ], [ -9.435561, 51.542731 ], [ -9.456997, 51.563042 ], [ -9.413487, 51.541641 ], [ -9.394634, 51.554126 ], [ -9.428085, 51.50633 ], [ -9.414724, 51.514398 ], [ -9.416899, 51.499913 ], [ -9.375515, 51.487382 ], [ -9.380593, 51.47037 ], [ -9.344704, 51.469531 ], [ -9.294699, 51.490541 ], [ -9.306562, 51.506462 ], [ -9.229033, 51.48189 ], [ -9.169403, 51.532671 ], [ -9.172985, 51.516399 ], [ -9.110706, 51.538357 ], [ -9.118151, 51.556049 ], [ -9.141118, 51.559105 ], [ -9.144463, 51.57994 ], [ -9.083704, 51.546466 ], [ -8.999122, 51.566373 ], [ -8.956992, 51.552615 ], [ -8.952195, 51.529931 ], [ -8.940091, 51.545827 ], [ -8.900451, 51.547164 ], [ -8.87185, 51.576237 ], [ -8.868344, 51.591534 ], [ -8.892295, 51.604209 ], [ -8.778318, 51.583294 ], [ -8.760932, 51.59229 ], [ -8.749582, 51.569956 ], [ -8.708044, 51.57207 ], [ -8.681331, 51.607712 ], [ -8.70167, 51.61891 ], [ -8.683661, 51.635699 ], [ -8.710984, 51.637254 ], [ -8.674114, 51.657938 ], [ -8.659425, 51.635222 ], [ -8.571245, 51.64117 ], [ -8.530849, 51.606204 ], [ -8.530866, 51.628363 ], [ -8.550856, 51.642825 ], [ -8.505398, 51.684422 ], [ -8.511243, 51.697622 ], [ -8.546414, 51.698326 ], [ -8.511491, 51.705342 ], [ -8.478668, 51.674448 ], [ -8.451941, 51.692515 ], [ -8.471265, 51.711221 ], [ -8.451867, 51.697851 ], [ -8.444032, 51.716775 ], [ -8.438375, 51.686029 ], [ -8.302925, 51.744412 ], [ -8.308769, 51.771009 ], [ -8.372411, 51.762446 ], [ -8.295993, 51.7795 ], [ -8.276299, 51.808709 ], [ -8.392343, 51.813176 ], [ -8.294002, 51.810214 ], [ -8.324683, 51.821167 ], [ -8.304944, 51.819669 ], [ -8.299601, 51.834595 ], [ -8.359216, 51.837903 ], [ -8.333318, 51.847176 ], [ -8.328368, 51.866363 ], [ -8.316474, 51.84307 ], [ -8.206488, 51.869562 ], [ -8.185588, 51.857132 ], [ -8.261867, 51.817381 ], [ -8.253743, 51.792817 ], [ -8.169633, 51.78568 ], [ -8.00214, 51.826192 ], [ -8.022388, 51.841249 ], [ -7.99674, 51.860672 ], [ -7.866321, 51.881073 ], [ -7.906207, 51.904216 ], [ -7.842556, 51.941587 ], [ -7.845253, 51.953588 ], [ -7.815502, 51.93893 ], [ -7.774664, 51.951739 ], [ -7.710245, 51.94136 ], [ -7.721681, 51.953034 ], [ -7.695117, 51.974521 ], [ -7.586294, 51.992166 ], [ -7.577345, 52.031424 ], [ -7.53791, 52.053819 ], [ -7.645049, 52.062818 ], [ -7.628863, 52.066918 ], [ -7.63572, 52.081447 ], [ -7.587019, 52.101232 ], [ -7.595041, 52.108079 ], [ -7.55411, 52.078431 ], [ -7.54138, 52.097225 ], [ -7.443066, 52.127219 ], [ -7.170674, 52.137313 ], [ -7.131842, 52.161634 ], [ -7.136288, 52.173919 ], [ -7.062485, 52.160675 ], [ -7.106842, 52.129067 ], [ -7.023931, 52.133946 ], [ -6.959311, 52.176853 ], [ -6.982957, 52.190275 ], [ -6.970451, 52.237826 ], [ -6.953507, 52.242 ], [ -6.904172, 52.199805 ], [ -6.899265, 52.161634 ], [ -6.931479, 52.133585 ], [ -6.918545, 52.126095 ], [ -6.880262, 52.161634 ], [ -6.829113, 52.173557 ], [ -6.820876, 52.210278 ], [ -6.836822, 52.217647 ], [ -6.766877, 52.25149 ], [ -6.773023, 52.267467 ], [ -6.753587, 52.247596 ], [ -6.789533, 52.215461 ], [ -6.807307, 52.218692 ], [ -6.785524, 52.204848 ], [ -6.655402, 52.213957 ], [ -6.654545, 52.226074 ], [ -6.630706, 52.203066 ], [ -6.671734, 52.212133 ], [ -6.58905, 52.174695 ], [ -6.476557, 52.191118 ], [ -6.361754, 52.173843 ], [ -6.314864, 52.240364 ], [ -6.376913, 52.260747 ], [ -6.390179, 52.305552 ], [ -6.404755, 52.288242 ], [ -6.446138, 52.307409 ], [ -6.447066, 52.328898 ], [ -6.477426, 52.351655 ], [ -6.510815, 52.351184 ], [ -6.458988, 52.37874 ], [ -6.47114, 52.364451 ], [ -6.454632, 52.344451 ], [ -6.437051, 52.355718 ], [ -6.358597, 52.348511 ], [ -6.355571, 52.404148 ], [ -6.194193, 52.563508 ], [ -6.2293, 52.626109 ], [ -6.22487, 52.64892 ], [ -6.142196, 52.73303 ], [ -6.13875, 52.802196 ], [ -6.108911, 52.835253 ], [ -6.05777, 52.858571 ], [ -6.058369, 52.881557 ], [ -5.998544, 52.966029 ], [ -6.047784, 52.993452 ], [ -6.042218, 53.119813 ], [ -6.079635, 53.191936 ], [ -6.109608, 53.205494 ], [ -6.112339, 53.253296 ], [ -6.092051, 53.272904 ], [ -6.194798, 53.309888 ], [ -6.210659, 53.332753 ], [ -6.180152, 53.340645 ], [ -6.233779, 53.358092 ], [ -6.182486, 53.360473 ], [ -6.120855, 53.388515 ], [ -6.084364, 53.362859 ], [ -6.052904, 53.362826 ], [ -6.046288, 53.384973 ], [ -6.123364, 53.395336 ], [ -6.13755, 53.41798 ], [ -6.114058, 53.406517 ], [ -6.136231, 53.449816 ], [ -6.205967, 53.467866 ], [ -6.144691, 53.474387 ], [ -6.135502, 53.453241 ], [ -6.099857, 53.49276 ], [ -6.120676, 53.509104 ], [ -6.177372, 53.500139 ], [ -6.077159, 53.519475 ], [ -6.079813, 53.553105 ], [ -6.105799, 53.582071 ], [ -6.150052, 53.586909 ], [ -6.188307, 53.629888 ], [ -6.214899, 53.633407 ], [ -6.231943, 53.666124 ], [ -6.249221, 53.751985 ], [ -6.217684, 53.796049 ], [ -6.260597, 53.808683 ], [ -6.238866, 53.861032 ], [ -6.330502, 53.876013 ], [ -6.375816, 53.921413 ], [ -6.378664, 53.954225 ], [ -6.339897, 53.998113 ], [ -6.381102, 54.012704 ], [ -6.359275, 54.013801 ], [ -6.375747, 54.023406 ], [ -6.366565, 54.031224 ], [ -6.350815, 54.011568 ], [ -6.198633, 53.980001 ], [ -6.14001, 53.981692 ], [ -6.103996, 54.000107 ], [ -6.13159, 54.033231 ], [ -6.15455, 54.028978 ], [ -6.19595, 54.056572 ], [ -6.268015, 54.102337 ], [ -6.201515, 54.098472 ], [ -6.164527, 54.067119 ], [ -6.095027, 54.062257 ], [ -6.077849, 54.0491 ], [ -6.105193, 54.041368 ], [ -6.061881, 54.024098 ], [ -5.963632, 54.062697 ], [ -5.892114, 54.111378 ], [ -5.871696, 54.167052 ], [ -5.891768, 54.204827 ], [ -5.832168, 54.240066 ], [ -5.837415, 54.252844 ], [ -5.859382, 54.238484 ], [ -5.858046, 54.249405 ], [ -5.814387, 54.286278 ], [ -5.817217, 54.259091 ], [ -5.832444, 54.256111 ], [ -5.82272, 54.244559 ], [ -5.685742, 54.249241 ], [ -5.65961, 54.227038 ], [ -5.637953, 54.242608 ], [ -5.641638, 54.258441 ], [ -5.613982, 54.247784 ], [ -5.525505, 54.313333 ], [ -5.541425, 54.320762 ], [ -5.55527, 54.373788 ], [ -5.565665, 54.365339 ], [ -5.574026, 54.382866 ], [ -5.648465, 54.364588 ], [ -5.684533, 54.371573 ], [ -5.641375, 54.400822 ], [ -5.628731, 54.457869 ], [ -5.645356, 54.453474 ], [ -5.647158, 54.492483 ], [ -5.676009, 54.500994 ], [ -5.653624, 54.516826 ], [ -5.722579, 54.540474 ], [ -5.697868, 54.547052 ], [ -5.68567, 54.582354 ], [ -5.561161, 54.532479 ], [ -5.533447, 54.48319 ], [ -5.533561, 54.452246 ], [ -5.578892, 54.402881 ], [ -5.526948, 54.344004 ], [ -5.497732, 54.334328 ], [ -5.48156, 54.35744 ], [ -5.488392, 54.376659 ], [ -5.459395, 54.39242 ], [ -5.479479, 54.429352 ], [ -5.438031, 54.456517 ], [ -5.433173, 54.486729 ], [ -5.462685, 54.49805 ], [ -5.48315, 54.538432 ], [ -5.479232, 54.566748 ], [ -5.520048, 54.596596 ], [ -5.530473, 54.642368 ], [ -5.576792, 54.674762 ], [ -5.630404, 54.679845 ], [ -5.672879, 54.663569 ], [ -5.740615, 54.676941 ], [ -5.855336, 54.63377 ], [ -5.912931, 54.648037 ], [ -5.839738, 54.704938 ], [ -5.71066, 54.746151 ], [ -5.689561, 54.767211 ], [ -5.689918, 54.803576 ], [ -5.724682, 54.847257 ], [ -5.790461, 54.850996 ], [ -5.734858, 54.813426 ], [ -5.721779, 54.772852 ], [ -5.745651, 54.8127 ], [ -5.809287, 54.83087 ], [ -5.814966, 54.845916 ], [ -5.797709, 54.852992 ], [ -5.843738, 54.900238 ], [ -5.874749, 54.905699 ], [ -5.918487, 54.962063 ], [ -5.991323, 54.987915 ], [ -5.963709, 55.046563 ], [ -6.056794, 55.063558 ], [ -6.02672, 55.159373 ], [ -6.063849, 55.196898 ], [ -6.146236, 55.22751 ], [ -6.238117, 55.204921 ], [ -6.332673, 55.239063 ], [ -6.369478, 55.246058 ], [ -6.409102, 55.232501 ], [ -6.482692, 55.251576 ], [ -6.547606, 55.217078 ], [ -6.661938, 55.212013 ], [ -6.658164, 55.199862 ], [ -6.720971, 55.190298 ], [ -6.730376, 55.171417 ], [ -6.884937, 55.169528 ], [ -6.965381, 55.194918 ], [ -6.968616, 55.148567 ], [ -6.99379, 55.106488 ], [ -7.019595, 55.100393 ], [ -7.01378, 55.079925 ], [ -7.044552, 55.05187 ], [ -7.127522, 55.04199 ], [ -7.149065, 55.04338 ], [ -7.14765, 55.057453 ], [ -7.225546, 55.059974 ], [ -7.253086, 55.045463 ], [ -7.243923, 55.081263 ], [ -7.166388, 55.143918 ], [ -6.951296, 55.210239 ], [ -6.923144, 55.236741 ], [ -7.156776, 55.297202 ], [ -7.190097, 55.345329 ], [ -7.368339, 55.382153 ], [ -7.397986, 55.37544 ], [ -7.349148, 55.357571 ], [ -7.352398, 55.332706 ], [ -7.330098, 55.312066 ], [ -7.248515, 55.279354 ], [ -7.34865, 55.285107 ], [ -7.304993, 55.293395 ], [ -7.363422, 55.318074 ], [ -7.383257, 55.293271 ], [ -7.437147, 55.278206 ], [ -7.466594, 55.29657 ], [ -7.47097, 55.281611 ], [ -7.523505, 55.286005 ], [ -7.509265, 55.266461 ], [ -7.533403, 55.247386 ], [ -7.518689, 55.239166 ], [ -7.553612, 55.19668 ], [ -7.518577, 55.184269 ], [ -7.465933, 55.13439 ], [ -7.45937, 55.118534 ], [ -7.479146, 55.091981 ], [ -7.454477, 55.065067 ], [ -7.492696, 55.084422 ], [ -7.531273, 55.073988 ], [ -7.524626, 55.05869 ], [ -7.472979, 55.046505 ], [ -7.597986, 54.992636 ], [ -7.639788, 54.947225 ], [ -7.624168, 54.966788 ], [ -7.658375, 54.969126 ], [ -7.638995, 54.996538 ], [ -7.55967, 55.036693 ], [ -7.575405, 55.05374 ], [ -7.638593, 55.040568 ], [ -7.633058, 55.058061 ], [ -7.533644, 55.094243 ], [ -7.51824, 55.124042 ], [ -7.57163, 55.179227 ], [ -7.61689, 55.190738 ], [ -7.624357, 55.204664 ], [ -7.604499, 55.231795 ], [ -7.634585, 55.277342 ], [ -7.69335, 55.263493 ], [ -7.701772, 55.248465 ], [ -7.752975, 55.253313 ], [ -7.79674, 55.211488 ], [ -7.767192, 55.191712 ], [ -7.738827, 55.196053 ], [ -7.71294, 55.17261 ], [ -7.721287, 55.213896 ], [ -7.701751, 55.224667 ], [ -7.697734, 55.202171 ], [ -7.714715, 55.195825 ], [ -7.665101, 55.158736 ], [ -7.69253, 55.101999 ], [ -7.70886, 55.103843 ], [ -7.691278, 55.141313 ], [ -7.711622, 55.165939 ], [ -7.760585, 55.186449 ], [ -7.806064, 55.178477 ], [ -7.815584, 55.199546 ], [ -7.78679, 55.254109 ], [ -7.820944, 55.23718 ], [ -7.818077, 55.226099 ], [ -7.868885, 55.221742 ], [ -7.872041, 55.201791 ], [ -7.82641, 55.180865 ], [ -7.854313, 55.129405 ], [ -7.874973, 55.143996 ], [ -7.903716, 55.134385 ], [ -7.853916, 55.165414 ], [ -7.910523, 55.155618 ], [ -7.879045, 55.172987 ], [ -7.899843, 55.175079 ], [ -7.897152, 55.187738 ], [ -7.982788, 55.184969 ], [ -7.941682, 55.205557 ], [ -7.985796, 55.223859 ], [ -8.017062, 55.210555 ], [ -8.023896, 55.175803 ], [ -8.121062, 55.157802 ], [ -8.132321, 55.123656 ], [ -8.162545, 55.126717 ], [ -8.158181, 55.138879 ], [ -8.177657, 55.147224 ], [ -8.284153, 55.158203 ], [ -8.315472, 55.113204 ], [ -8.3005, 55.087081 ], [ -8.32529, 55.089243 ], [ -8.319419, 55.068102 ], [ -8.349717, 55.060431 ], [ -8.349417, 55.040721 ], [ -8.395165, 55.043009 ], [ -8.404779, 55.003296 ], [ -8.456087, 54.998911 ], [ -8.366149, 54.947347 ], [ -8.452034, 54.94371 ], [ -8.452231, 54.910594 ], [ -8.383047, 54.884181 ], [ -8.379773, 54.903338 ], [ -8.346548, 54.905636 ], [ -8.338995, 54.891225 ], [ -8.304506, 54.888236 ], [ -8.323511, 54.875083 ], [ -8.388816, 54.878029 ], [ -8.38365, 54.853296 ], [ -8.411292, 54.846523 ], [ -8.48871, 54.84791 ], [ -8.511478, 54.829205 ], [ -8.56346, 54.827128 ], [ -8.458695, 54.79924 ], [ -8.438752, 54.77669 ], [ -8.411415, 54.774611 ], [ -8.423189, 54.762528 ], [ -8.483743, 54.791081 ], [ -8.550036, 54.787157 ], [ -8.45695, 54.756487 ], [ -8.603585, 54.778684 ], [ -8.666148, 54.769439 ], [ -8.743163, 54.737258 ], [ -8.741619, 54.709555 ], [ -8.803958, 54.700182 ], [ -8.784433, 54.688615 ], [ -8.789762, 54.661111 ], [ -8.693588, 54.642022 ], [ -8.677473, 54.619896 ], [ -8.632255, 54.622661 ], [ -8.643226, 54.649664 ], [ -8.58684, 54.606709 ], [ -8.486395, 54.634674 ], [ -8.482902, 54.606254 ], [ -8.463829, 54.606563 ], [ -8.428162, 54.650115 ], [ -8.434895, 54.620938 ], [ -8.387655, 54.633629 ], [ -8.379694, 54.612196 ], [ -8.458997, 54.568529 ], [ -8.292853, 54.645306 ], [ -8.272999, 54.635351 ], [ -8.295787, 54.603211 ], [ -8.162957, 54.647229 ], [ -8.154679, 54.635597 ], [ -8.119998, 54.64995 ], [ -8.123793, 54.63311 ], [ -8.108679, 54.632368 ], [ -8.130401, 54.623169 ], [ -8.107166, 54.617517 ], [ -8.132246, 54.617668 ], [ -8.134833, 54.603353 ], [ -8.162979, 54.624755 ], [ -8.167627, 54.594492 ], [ -8.220273, 54.57236 ], [ -8.210209, 54.548852 ], [ -8.268196, 54.52461 ], [ -8.214796, 54.501802 ], [ -8.256132, 54.509217 ], [ -8.288169, 54.479048 ], [ -8.418851, 54.455857 ], [ -8.459834, 54.47203 ], [ -8.489677, 54.418818 ], [ -8.551714, 54.394651 ], [ -8.568756, 54.408517 ], [ -8.57165, 54.392523 ], [ -8.679576, 54.356209 ], [ -8.647804, 54.332027 ], [ -8.577497, 54.343735 ], [ -8.502512, 54.328244 ], [ -8.522797, 54.314834 ], [ -8.565809, 54.33112 ], [ -8.573617, 54.307659 ], [ -8.491441, 54.285592 ], [ -8.608988, 54.282849 ], [ -8.621573, 54.257439 ], [ -8.512272, 54.214264 ], [ -8.582043, 54.20754 ], [ -8.661209, 54.271801 ], [ -8.72614, 54.263136 ], [ -8.761754, 54.278551 ], [ -8.830921, 54.253582 ], [ -8.933814, 54.292177 ], [ -9.053049, 54.294105 ], [ -9.09517, 54.215607 ], [ -9.134382, 54.205443 ], [ -9.116747, 54.199804 ], [ -9.139122, 54.161876 ], [ -9.15923, 54.199991 ], [ -9.220601, 54.217568 ], [ -9.197597, 54.246149 ], [ -9.268255, 54.225263 ], [ -9.218756, 54.247448 ], [ -9.213607, 54.2866 ], [ -9.254131, 54.270085 ], [ -9.249004, 54.296103 ], [ -9.265368, 54.309956 ], [ -9.345511, 54.326892 ], [ -9.384154, 54.295823 ], [ -9.394318, 54.308775 ], [ -9.49974, 54.318979 ], [ -9.61763, 54.325351 ], [ -9.661069, 54.313696 ], [ -9.806995, 54.34161 ], [ -9.857573, 54.322181 ], [ -9.859225, 54.30454 ], [ -9.766308, 54.28766 ], [ -9.807434, 54.287488 ], [ -9.749761, 54.255587 ], [ -9.72328, 54.266761 ], [ -9.7515, 54.251584 ], [ -9.814155, 54.283279 ], [ -9.865089, 54.273465 ], [ -9.876375, 54.242587 ], [ -9.84927, 54.22318 ], [ -9.884472, 54.23291 ], [ -9.876723, 54.218022 ], [ -9.916392, 54.212377 ], [ -9.969524, 54.223033 ], [ -9.921398, 54.228794 ], [ -9.895604, 54.262615 ], [ -9.931596, 54.262553 ], [ -9.99514, 54.303736 ], [ -10.068423, 54.275695 ], [ -10.0909, 54.2485 ], [ -10.073373, 54.236164 ], [ -10.09643, 54.240596 ], [ -10.056922, 54.218974 ], [ -10.095408, 54.199082 ], [ -10.087068, 54.179909 ], [ -10.117566, 54.145576 ], [ -10.12516, 54.096814 ], [ -10.080314, 54.086846 ], [ -10.061926, 54.09886 ], [ -10.093367, 54.115119 ], [ -10.066266, 54.124399 ], [ -10.074942, 54.139023 ], [ -10.057799, 54.14779 ], [ -10.092974, 54.157816 ], [ -10.038514, 54.171659 ], [ -10.042997, 54.192832 ], [ -10.010388, 54.183228 ], [ -10.004562, 54.198143 ], [ -10.023964, 54.213941 ], [ -9.992284, 54.227629 ], [ -9.952853, 54.195655 ], [ -9.921443, 54.195488 ], [ -9.953862, 54.171816 ], [ -9.923451, 54.150314 ], [ -9.957856, 54.143654 ], [ -9.903524, 54.118964 ], [ -9.988133, 54.102901 ], [ -9.967479, 54.06331 ], [ -9.89746, 54.071361 ], [ -9.899858, 54.095154 ], [ -9.883057, 54.088917 ], [ -9.87289, 54.121165 ], [ -9.820202, 54.108538 ], [ -9.856107, 54.105803 ], [ -9.840935, 54.092256 ], [ -9.872624, 54.071557 ], [ -9.848439, 54.071228 ], [ -9.867486, 54.056425 ], [ -9.888602, 54.064559 ], [ -9.906128, 54.037655 ], [ -9.828303, 53.991144 ], [ -9.847833, 53.991725 ], [ -9.84632, 53.966259 ], [ -9.819194, 53.955974 ], [ -9.801952, 53.969208 ], [ -9.793064, 53.912655 ], [ -9.813908, 53.928963 ], [ -9.800256, 53.92911 ], [ -9.803729, 53.949746 ], [ -9.905878, 53.953741 ], [ -9.937862, 53.875715 ], [ -9.863544, 53.86721 ], [ -9.777651, 53.904417 ], [ -9.742226, 53.892239 ], [ -9.653818, 53.898863 ], [ -9.65294, 53.888526 ], [ -9.577168, 53.896604 ], [ -9.546066, 53.884208 ], [ -9.592099, 53.871954 ], [ -9.5611, 53.849926 ], [ -9.612085, 53.844631 ], [ -9.621138, 53.822922 ], [ -9.551813, 53.799562 ], [ -9.582228, 53.780454 ], [ -9.780884, 53.782123 ], [ -9.90041, 53.763517 ], [ -9.897133, 53.727748 ], [ -9.918362, 53.697335 ], [ -9.911524, 53.653274 ], [ -9.788101, 53.604129 ], [ -9.672513, 53.607538 ], [ -9.786783, 53.593713 ], [ -9.872187, 53.62336 ], [ -9.852679, 53.61241 ], [ -9.93174, 53.597623 ], [ -10.045306, 53.609786 ], [ -10.023151, 53.579292 ], [ -9.964062, 53.571222 ], [ -9.997749, 53.556212 ], [ -9.953637, 53.552413 ], [ -10.002068, 53.545586 ], [ -10.013947, 53.566175 ], [ -10.102672, 53.576717 ], [ -10.126282, 53.572201 ], [ -10.097473, 53.554685 ], [ -10.150874, 53.565522 ], [ -10.190892, 53.555259 ], [ -10.200206, 53.544812 ], [ -10.046304, 53.507891 ], [ -10.12803, 53.520756 ], [ -10.133793, 53.510883 ], [ -10.034631, 53.485117 ], [ -10.017894, 53.46406 ], [ -10.085546, 53.486611 ], [ -10.087591, 53.467924 ], [ -10.040392, 53.460768 ], [ -10.090584, 53.437796 ], [ -10.130802, 53.456392 ], [ -10.180566, 53.410149 ], [ -10.150164, 53.419499 ], [ -10.11899, 53.40129 ], [ -10.073171, 53.421312 ], [ -10.035021, 53.407341 ], [ -10.027132, 53.385413 ], [ -9.955451, 53.369276 ], [ -9.917726, 53.389453 ], [ -9.901388, 53.423514 ], [ -9.838043, 53.43036 ], [ -9.884242, 53.412002 ], [ -9.879366, 53.394069 ], [ -9.808798, 53.418626 ], [ -9.798784, 53.415306 ], [ -9.821127, 53.406719 ], [ -9.784057, 53.405324 ], [ -9.799943, 53.397279 ], [ -9.787985, 53.392226 ], [ -9.88806, 53.366849 ], [ -9.892198, 53.354133 ], [ -9.877598, 53.352123 ], [ -9.904085, 53.325254 ], [ -9.870947, 53.31377 ], [ -9.863386, 53.32981 ], [ -9.840134, 53.308792 ], [ -9.815531, 53.321744 ], [ -9.776483, 53.293515 ], [ -9.731335, 53.311261 ], [ -9.655985, 53.390749 ], [ -9.625933, 53.376145 ], [ -9.643307, 53.351307 ], [ -9.626304, 53.346358 ], [ -9.663886, 53.339634 ], [ -9.598504, 53.335923 ], [ -9.613267, 53.346926 ], [ -9.600267, 53.365915 ], [ -9.612171, 53.379676 ], [ -9.578181, 53.379484 ], [ -9.574647, 53.394736 ], [ -9.543909, 53.403364 ], [ -9.574138, 53.386435 ], [ -9.55632, 53.379214 ], [ -9.596894, 53.363797 ], [ -9.552338, 53.342997 ], [ -9.55644, 53.303832 ], [ -9.571562, 53.34477 ], [ -9.584493, 53.329763 ], [ -9.576055, 53.320154 ], [ -9.624201, 53.319516 ], [ -9.599391, 53.291633 ], [ -9.629682, 53.251045 ], [ -9.614004, 53.234294 ], [ -9.579853, 53.246194 ], [ -9.582302, 53.271639 ], [ -9.557428, 53.288035 ], [ -9.538853, 53.278927 ], [ -9.564967, 53.263325 ], [ -9.52548, 53.222631 ], [ -8.944291, 53.272902 ], [ -8.938934, 53.258553 ], [ -8.985369, 53.247171 ], [ -8.950365, 53.236865 ], [ -8.988734, 53.237644 ], [ -8.978265, 53.23447 ], [ -8.998058, 53.223661 ], [ -8.909915, 53.210397 ], [ -8.952233, 53.178277 ], [ -8.927954, 53.14095 ], [ -8.985664, 53.162499 ], [ -8.96976, 53.17609 ], [ -9.045956, 53.16633 ], [ -8.989643, 53.144363 ], [ -9.080455, 53.167079 ], [ -9.125848, 53.148844 ], [ -9.100224352970285, 53.140376748693178 ], [ -9.15208, 53.119407 ], [ -9.263778, 53.153874 ], [ -9.282418, 53.143969 ], [ -9.309981, 53.093903 ], [ -9.354436, 53.075111 ], [ -9.407317, 53.020312 ], [ -9.393248, 53.007645 ], [ -9.475012, 52.941766 ], [ -9.465113, 52.930716 ], [ -9.359528, 52.943022 ], [ -9.347913, 52.928738 ], [ -9.433325, 52.882304 ], [ -9.431411, 52.859986 ], [ -9.451302, 52.849263 ], [ -9.432279, 52.83699 ], [ -9.491857, 52.808745 ], [ -9.482512, 52.775124 ], [ -9.501683, 52.77003 ], [ -9.498282, 52.750531 ], [ -9.534203, 52.735765 ], [ -9.551813, 52.750998 ], [ -9.605011, 52.744411 ], [ -9.632849, 52.727695 ], [ -9.617567, 52.715364 ], [ -9.651124, 52.700657 ], [ -9.649218, 52.679916 ], [ -9.676055, 52.680254 ], [ -9.81538, 52.601668 ], [ -9.875844, 52.591454 ], [ -9.937508, 52.559615 ], [ -9.701301, 52.581362 ], [ -9.699009, 52.612277 ], [ -9.606862, 52.617866 ], [ -9.547513, 52.641025 ], [ -9.589096, 52.667254 ], [ -9.54219, 52.668257 ], [ -9.530237, 52.63189 ], [ -9.407792, 52.603599 ], [ -9.272039, 52.639099 ], [ -9.337941, 52.600227 ], [ -9.313111, 52.587395 ], [ -9.24484, 52.621961 ], [ -9.162996, 52.619157 ], [ -9.101389, 52.666752 ], [ -9.08022, 52.667432 ], [ -9.060983, 52.712569 ], [ -9.033823, 52.728152 ], [ -9.043241, 52.749271 ], [ -8.949072359650366, 52.78014304747375 ], [ -8.977959, 52.75493 ] ], [ [ -10.191628, 53.607404 ], [ -10.178515, 53.629317 ], [ -10.25957, 53.623066 ], [ -10.233595, 53.612531 ], [ -10.191628, 53.607404 ] ], [ [ -10.038279, 53.789804 ], [ -9.950492, 53.797875 ], [ -9.944253, 53.81113 ], [ -9.980293, 53.828712 ], [ -10.048773, 53.80132 ], [ -10.038279, 53.789804 ] ], [ [ -10.045193, 53.958205 ], [ -10.05396, 53.917172 ], [ -10.01895, 53.92023 ], [ -9.960213, 53.874514 ], [ -9.937019, 53.897528 ], [ -9.957013, 53.910302 ], [ -9.9342, 53.917128 ], [ -9.924728, 53.929627 ], [ -9.94097, 53.931054 ], [ -9.916504, 53.962637 ], [ -9.94287, 53.960361 ], [ -9.957545, 53.952525 ], [ -9.956292, 53.988451 ], [ -9.931551, 53.996983 ], [ -9.972788, 54.028301 ], [ -9.988637, 54.012373 ], [ -10.068843, 54.024594 ], [ -10.101161, 54.001423 ], [ -10.187546, 54.01452 ], [ -10.208199, 53.982434 ], [ -10.244959, 53.978731 ], [ -10.192679, 53.961532 ], [ -10.073922, 53.973187 ], [ -10.045193, 53.958205 ] ], [ [ -3.210129, 54.048134 ], [ -3.172219, 54.054781 ], [ -3.205111, 54.052319 ], [ -3.243879, 54.093543 ], [ -3.264606, 54.144792 ], [ -3.253766, 54.151374 ], [ -3.270106, 54.148465 ], [ -3.268675, 54.108285 ], [ -3.247353, 54.082412 ], [ -3.210129, 54.048134 ] ], [ [ -8.496032, 55.001973 ], [ -8.537773, 55.021219 ], [ -8.560811, 55.014932 ], [ -8.547437, 55.001642 ], [ -8.566964, 54.97684 ], [ -8.488495, 54.973843 ], [ -8.496032, 55.001973 ] ], [ [ -6.173929, 55.302829 ], [ -6.239688, 55.312504 ], [ -6.285012, 55.293994 ], [ -6.195354, 55.292132 ], [ -6.190529, 55.259431 ], [ -6.173929, 55.302829 ] ], [ [ -5.354792, 55.50723 ], [ -5.326659, 55.497224 ], [ -5.313542, 55.465433 ], [ -5.201846, 55.434116 ], [ -5.084249, 55.454243 ], [ -5.094664, 55.491354 ], [ -5.07996, 55.509458 ], [ -5.128694, 55.530314 ], [ -5.08303, 55.552145 ], [ -5.153173, 55.582984 ], [ -5.12956, 55.615502 ], [ -5.161625, 55.678675 ], [ -5.268585, 55.720973 ], [ -5.37015, 55.673334 ], [ -5.395494, 55.612041 ], [ -5.349069, 55.570651 ], [ -5.354792, 55.50723 ] ], [ [ -5.731186, 55.663241 ], [ -5.735422, 55.676958 ], [ -5.718259, 55.686215 ], [ -5.728823, 55.692028 ], [ -5.712693, 55.722327 ], [ -5.722669, 55.729122 ], [ -5.774026, 55.677188 ], [ -5.76227, 55.646209 ], [ -5.731186, 55.663241 ] ], [ [ -6.340581, 55.717702 ], [ -6.293598, 55.706814 ], [ -6.262135, 55.66325 ], [ -6.321605, 55.632431 ], [ -6.337502, 55.591356 ], [ -6.269796, 55.579937 ], [ -6.212992, 55.630265 ], [ -6.079902, 55.641778 ], [ -6.073488, 55.660497 ], [ -6.022633, 55.683057 ], [ -6.038619, 55.706818 ], [ -6.03129, 55.725891 ], [ -6.050584, 55.740738 ], [ -6.049889, 55.764271 ], [ -6.1013, 55.810839 ], [ -6.132595, 55.936811 ], [ -6.196978, 55.925471 ], [ -6.31408, 55.873362 ], [ -6.328585, 55.824822 ], [ -6.345095, 55.835174 ], [ -6.328933, 55.890773 ], [ -6.395363, 55.858734 ], [ -6.454175, 55.852368 ], [ -6.458185, 55.810901 ], [ -6.485594, 55.792585 ], [ -6.457595, 55.78192 ], [ -6.465032, 55.75165 ], [ -6.494544, 55.737549 ], [ -6.505936, 55.718334 ], [ -6.495049, 55.713322 ], [ -6.524062, 55.693395 ], [ -6.48417, 55.672679 ], [ -6.418441, 55.704288 ], [ -6.345877, 55.783534 ], [ -6.260832, 55.781518 ], [ -6.263201, 55.764567 ], [ -6.330756, 55.742264 ], [ -6.340581, 55.717702 ] ], [ [ -4.902057, 55.792625 ], [ -4.925165, 55.788149 ], [ -4.950965, 55.751802 ], [ -4.901304, 55.753736 ], [ -4.902057, 55.792625 ] ], [ [ -5.185094, 55.925537 ], [ -5.22033, 55.901394 ], [ -5.168849, 55.852179 ], [ -5.129838, 55.843853 ], [ -5.141632, 55.814389 ], [ -5.120364, 55.774575 ], [ -5.064787, 55.760346 ], [ -5.028932, 55.722885 ], [ -5.005245, 55.733079 ], [ -5.031253, 55.755212 ], [ -5.001876, 55.770563 ], [ -5.021722, 55.809838 ], [ -5.025445, 55.842854 ], [ -5.058817, 55.840213 ], [ -5.063092, 55.858246 ], [ -5.091415, 55.863355 ], [ -5.079074, 55.880703 ], [ -5.159704, 55.921018 ], [ -5.185094, 55.925537 ] ], [ [ -6.080854, 55.821113 ], [ -6.030799, 55.79619 ], [ -5.966252, 55.793316 ], [ -5.940664, 55.825467 ], [ -5.9506, 55.834723 ], [ -5.935301, 55.867232 ], [ -5.89952, 55.8688 ], [ -5.896721, 55.889153 ], [ -5.87592, 55.888183 ], [ -5.835167, 55.969872 ], [ -5.70977, 56.092966 ], [ -5.688615, 56.128375 ], [ -5.710822, 56.14858 ], [ -5.958523, 56.031438 ], [ -6.004084, 55.975671 ], [ -5.939295, 55.961665 ], [ -5.886042, 55.973938 ], [ -5.916473, 55.956846 ], [ -6.042083, 55.939766 ], [ -6.092896, 55.890605 ], [ -6.080854, 55.821113 ] ], [ [ -6.204354, 56.032159 ], [ -6.187757, 56.042158 ], [ -6.193057, 56.061958 ], [ -6.136036, 56.119624 ], [ -6.142792, 56.13016 ], [ -6.244712, 56.08621 ], [ -6.256689, 56.049657 ], [ -6.278877, 56.036874 ], [ -6.204354, 56.032159 ] ], [ [ -5.671055, 56.169603 ], [ -5.690042, 56.200515 ], [ -5.742812, 56.178377 ], [ -5.744448, 56.161249 ], [ -5.671055, 56.169603 ] ], [ [ -5.638401, 56.269858 ], [ -5.652521, 56.245685 ], [ -5.664543, 56.22016 ], [ -5.633942, 56.18932 ], [ -5.618785, 56.247602 ], [ -5.638401, 56.269858 ] ], [ [ -5.619024, 56.321456 ], [ -5.653561, 56.297266 ], [ -5.634097, 56.290682 ], [ -5.626092, 56.265757 ], [ -5.600336, 56.279957 ], [ -5.609232, 56.293939 ], [ -5.584651, 56.32361 ], [ -5.606852, 56.311792 ], [ -5.619024, 56.321456 ] ], [ [ -6.385076, 56.335851 ], [ -6.382997, 56.350077 ], [ -6.407538, 56.3462 ], [ -6.445021, 56.313887 ], [ -6.421275, 56.306944 ], [ -6.385076, 56.335851 ] ], [ [ -5.491348, 56.422251 ], [ -5.563781, 56.407872 ], [ -5.588035, 56.381874 ], [ -5.557578, 56.37137 ], [ -5.491348, 56.422251 ] ], [ [ -5.681402, 56.385344 ], [ -5.656593, 56.409226 ], [ -5.684599, 56.436717 ], [ -5.654887, 56.425503 ], [ -5.654675, 56.456663 ], [ -5.682033, 56.452786 ], [ -5.721259, 56.486544 ], [ -5.764902, 56.48919 ], [ -5.79881, 56.514733 ], [ -5.952716, 56.521231 ], [ -5.988602, 56.577034 ], [ -6.055017, 56.614223 ], [ -6.063739, 56.634964 ], [ -6.125399, 56.654802 ], [ -6.194912, 56.641639 ], [ -6.223901, 56.632366 ], [ -6.221504, 56.601718 ], [ -6.321639, 56.604221 ], [ -6.312985, 56.578604 ], [ -6.283057, 56.577734 ], [ -6.338571, 56.542071 ], [ -6.284854, 56.524411 ], [ -6.230793, 56.52842 ], [ -6.151546, 56.500743 ], [ -6.147914, 56.482085 ], [ -6.122908, 56.473636 ], [ -6.01272, 56.499238 ], [ -5.996747, 56.485537 ], [ -6.056368, 56.451648 ], [ -6.126645, 56.448627 ], [ -6.153841, 56.412522 ], [ -6.202762, 56.386898 ], [ -6.196393, 56.360658 ], [ -6.101619, 56.367709 ], [ -6.02624, 56.393838 ], [ -5.981768, 56.386171 ], [ -6.014422, 56.387448 ], [ -6.004402, 56.378631 ], [ -6.019956, 56.365946 ], [ -6.103632, 56.344042 ], [ -6.247056, 56.342607 ], [ -6.238615, 56.317199 ], [ -6.274738, 56.322688 ], [ -6.277595, 56.338301 ], [ -6.347994, 56.34673 ], [ -6.372524, 56.318961 ], [ -6.350995, 56.303011 ], [ -6.382842, 56.289649 ], [ -6.268605, 56.266076 ], [ -6.244676, 56.287387 ], [ -6.045156, 56.293341 ], [ -5.986704, 56.321588 ], [ -5.935447, 56.32177 ], [ -5.874262, 56.355913 ], [ -5.847772, 56.348964 ], [ -5.888422, 56.321591 ], [ -5.83209, 56.312449 ], [ -5.691495, 56.377694 ], [ -5.790245, 56.367404 ], [ -5.733495, 56.396778 ], [ -5.742505, 56.412563 ], [ -5.713583, 56.413631 ], [ -5.71374, 56.390224 ], [ -5.681402, 56.385344 ] ], [ [ -6.30807, 56.495542 ], [ -6.302801, 56.480911 ], [ -6.200146, 56.461769 ], [ -6.14339, 56.473502 ], [ -6.162601, 56.481425 ], [ -6.220164, 56.499202 ], [ -6.30807, 56.495542 ] ], [ [ -6.997251, 56.504202 ], [ -6.975595, 56.488477 ], [ -6.979089, 56.45327 ], [ -6.909132, 56.442072 ], [ -6.889989, 56.447982 ], [ -6.896003, 56.472334 ], [ -6.876147, 56.487897 ], [ -6.814513, 56.489194 ], [ -6.796018, 56.506149 ], [ -6.813941, 56.513176 ], [ -6.804221, 56.523512 ], [ -6.749404, 56.526582 ], [ -6.724179, 56.529946 ], [ -6.754704, 56.555972 ], [ -6.779061, 56.537299 ], [ -6.816836, 56.542791 ], [ -6.87517, 56.519028 ], [ -6.948744, 56.528844 ], [ -6.997251, 56.504202 ] ], [ [ -5.428352, 56.561035 ], [ -5.470661, 56.557661 ], [ -5.521523, 56.514422 ], [ -5.570389, 56.497686 ], [ -5.5949, 56.462109 ], [ -5.502074, 56.502298 ], [ -5.428352, 56.561035 ] ], [ [ -6.469629, 56.652308 ], [ -6.453299, 56.684436 ], [ -6.492, 56.688548 ], [ -6.708658, 56.57749 ], [ -6.689657, 56.564042 ], [ -6.670524, 56.582836 ], [ -6.639629, 56.573443 ], [ -6.626127, 56.590601 ], [ -6.610659, 56.578648 ], [ -6.569496, 56.587797 ], [ -6.469629, 56.652308 ] ], [ [ -6.151124, 56.942101 ], [ -6.160361, 56.914546 ], [ -6.207966, 56.907267 ], [ -6.210046, 56.888705 ], [ -6.193057, 56.879132 ], [ -6.127437, 56.87892 ], [ -6.118133, 56.935049 ], [ -6.151124, 56.942101 ] ], [ [ -7.560676, 56.9216 ], [ -7.549729, 56.910023 ], [ -7.502377, 56.920402 ], [ -7.532001, 56.921345 ], [ -7.484333, 56.931629 ], [ -7.565465, 56.948439 ], [ -7.576884, 56.933775 ], [ -7.543932, 56.92734 ], [ -7.560676, 56.9216 ] ], [ [ -6.279207, 57.012222 ], [ -6.247772, 57.020998 ], [ -6.271308, 57.040674 ], [ -6.3375, 57.059333 ], [ -6.458784, 57.007541 ], [ -6.311403, 56.935542 ], [ -6.260811, 56.961738 ], [ -6.23887, 57.003414 ], [ -6.279207, 57.012222 ] ], [ [ -7.380595, 56.990776 ], [ -7.447445, 57.021625 ], [ -7.421845, 57.044263 ], [ -7.455793, 57.056451 ], [ -7.457188, 57.025193 ], [ -7.527531, 57.013215 ], [ -7.506732, 57.004896 ], [ -7.525723, 56.98703 ], [ -7.514048, 56.980078 ], [ -7.562735, 56.956338 ], [ -7.455123, 56.945306 ], [ -7.380595, 56.990776 ] ], [ [ -6.465772, 57.04649 ], [ -6.507832, 57.056461 ], [ -6.485236, 57.065784 ], [ -6.556527, 57.06996 ], [ -6.610984, 57.051462 ], [ -6.465772, 57.04649 ] ], [ [ -7.292265, 57.053906 ], [ -7.268937, 57.091157 ], [ -7.302986, 57.088048 ], [ -7.308146, 57.061923 ], [ -7.292265, 57.053906 ] ], [ [ -6.180629, 57.158715 ], [ -6.20914, 57.165845 ], [ -6.256145, 57.148699 ], [ -6.231628, 57.130333 ], [ -6.180629, 57.158715 ] ], [ [ -7.246765, 57.163464 ], [ -7.261912, 57.206185 ], [ -7.302865, 57.224485 ], [ -7.261827, 57.228137 ], [ -7.249592, 57.262051 ], [ -7.195025, 57.300664 ], [ -7.227918, 57.322944 ], [ -7.267964, 57.325528 ], [ -7.223102, 57.347826 ], [ -7.267881, 57.347739 ], [ -7.242293, 57.351408 ], [ -7.293989, 57.383284 ], [ -7.340801, 57.401495 ], [ -7.428735, 57.387455 ], [ -7.404518, 57.359789 ], [ -7.397824, 57.302281 ], [ -7.420205, 57.287972 ], [ -7.428095, 57.249116 ], [ -7.45599, 57.240741 ], [ -7.423868, 57.215944 ], [ -7.390456, 57.114573 ], [ -7.230931, 57.096107 ], [ -7.213181, 57.116666 ], [ -7.246157, 57.134837 ], [ -7.33696, 57.138459 ], [ -7.34753, 57.150517 ], [ -7.268933, 57.150319 ], [ -7.246765, 57.163464 ] ], [ [ -6.01667, 57.319627 ], [ -6.022497, 57.305258 ], [ -5.980211, 57.274392 ], [ -5.944115, 57.275329 ], [ -5.920576, 57.298187 ], [ -5.981295, 57.325266 ], [ -6.01667, 57.319627 ] ], [ [ -6.154061, 57.300838 ], [ -6.104482, 57.322634 ], [ -6.100289, 57.34003 ], [ -6.14098, 57.369067 ], [ -6.125167, 57.388241 ], [ -6.137027, 57.403854 ], [ -6.200358, 57.39586 ], [ -6.145629, 57.431894 ], [ -6.141859, 57.584202 ], [ -6.18894, 57.631105 ], [ -6.232712, 57.638625 ], [ -6.245225, 57.662478 ], [ -6.29829, 57.704541 ], [ -6.350288, 57.704143 ], [ -6.352523, 57.674638 ], [ -6.421684, 57.643313 ], [ -6.392794, 57.589893 ], [ -6.366628, 57.586939 ], [ -6.395071, 57.558269 ], [ -6.364064, 57.516515 ], [ -6.315116, 57.486374 ], [ -6.322324, 57.46317 ], [ -6.398307, 57.525446 ], [ -6.437357, 57.476719 ], [ -6.446262, 57.485748 ], [ -6.430782, 57.515285 ], [ -6.462306, 57.502959 ], [ -6.561361, 57.548811 ], [ -6.587148, 57.590856 ], [ -6.631783, 57.606429 ], [ -6.652819, 57.546755 ], [ -6.564152, 57.506896 ], [ -6.570133, 57.495904 ], [ -6.600507, 57.508269 ], [ -6.634783, 57.500246 ], [ -6.620373, 57.460013 ], [ -6.596543, 57.453548 ], [ -6.583603, 57.426997 ], [ -6.602418, 57.444717 ], [ -6.637734, 57.442981 ], [ -6.718204, 57.512233 ], [ -6.747758, 57.495462 ], [ -6.726079, 57.452683 ], [ -6.779641, 57.456714 ], [ -6.786452, 57.424929 ], [ -6.739954, 57.412513 ], [ -6.719751, 57.374055 ], [ -6.582238, 57.33591 ], [ -6.565207, 57.344264 ], [ -6.565665, 57.386488 ], [ -6.528877, 57.398134 ], [ -6.519262, 57.376377 ], [ -6.489253, 57.394155 ], [ -6.456019, 57.345095 ], [ -6.405846, 57.353984 ], [ -6.323467, 57.299964 ], [ -6.421526, 57.335759 ], [ -6.477874, 57.308415 ], [ -6.477907, 57.293332 ], [ -6.411188, 57.236306 ], [ -6.349754, 57.24428 ], [ -6.384397, 57.221153 ], [ -6.366217, 57.196869 ], [ -6.288341, 57.196116 ], [ -6.313736, 57.162201 ], [ -6.176853, 57.175607 ], [ -6.158812, 57.195384 ], [ -6.114617, 57.187446 ], [ -6.109132, 57.139283 ], [ -6.084463, 57.130375 ], [ -6.031032, 57.18652 ], [ -6.034822, 57.223301 ], [ -5.985994, 57.169889 ], [ -5.848699, 57.183121 ], [ -5.997033, 57.1224 ], [ -5.990215, 57.107097 ], [ -6.035019, 57.055163 ], [ -6.017322, 57.022181 ], [ -5.92433, 57.044293 ], [ -5.852806, 57.109337 ], [ -5.806432, 57.121763 ], [ -5.792488, 57.139973 ], [ -5.803061, 57.174736 ], [ -5.764063, 57.170463 ], [ -5.668891, 57.211687 ], [ -5.650685, 57.253528 ], [ -5.667662, 57.264171 ], [ -5.744129, 57.27435 ], [ -5.891394, 57.239785 ], [ -6.021115, 57.285007 ], [ -6.077575, 57.269633 ], [ -6.046287, 57.293713 ], [ -6.056594, 57.312207 ], [ -6.154061, 57.300838 ] ], [ [ -6.031438, 57.432363 ], [ -5.983974, 57.479343 ], [ -6.005445, 57.515966 ], [ -5.99602, 57.492913 ], [ -6.032351, 57.490256 ], [ -6.017192, 57.458688 ], [ -6.056115, 57.460527 ], [ -6.084088, 57.419671 ], [ -6.085168, 57.353221 ], [ -6.049462, 57.329088 ], [ -5.992938, 57.361213 ], [ -6.031438, 57.432363 ] ], [ [ -7.291549, 57.480517 ], [ -7.357927, 57.49277 ], [ -7.404355, 57.470886 ], [ -7.408417, 57.452272 ], [ -7.389618, 57.424442 ], [ -7.310581, 57.400611 ], [ -7.203004, 57.41321 ], [ -7.218427, 57.436971 ], [ -7.266721, 57.439424 ], [ -7.204552, 57.460619 ], [ -7.291549, 57.480517 ] ], [ [ -7.232939, 57.503517 ], [ -7.284921, 57.495439 ], [ -7.203607, 57.475639 ], [ -7.232939, 57.503517 ] ], [ [ -7.341009, 57.530734 ], [ -7.363445, 57.542135 ], [ -7.399817, 57.539741 ], [ -7.354777, 57.498562 ], [ -7.357815, 57.525172 ], [ -7.341009, 57.530734 ] ], [ [ -5.972731, 57.52286 ], [ -5.954241, 57.567581 ], [ -5.971186, 57.583366 ], [ -5.967176, 57.572764 ], [ -5.9896, 57.570483 ], [ -5.981476, 57.545615 ], [ -6.001777, 57.54355 ], [ -5.98318, 57.539038 ], [ -5.992693, 57.519934 ], [ -5.979335, 57.511478 ], [ -5.972731, 57.52286 ] ], [ [ -7.153019, 57.589993 ], [ -7.157046, 57.61235 ], [ -7.199362, 57.621462 ], [ -7.191936, 57.631548 ], [ -7.21135, 57.639021 ], [ -7.123016, 57.63014 ], [ -7.10224, 57.61054 ], [ -7.065676, 57.641418 ], [ -7.11224, 57.660318 ], [ -7.106841, 57.650266 ], [ -7.13171, 57.644322 ], [ -7.17327, 57.647375 ], [ -7.188638, 57.649487 ], [ -7.161811, 57.659171 ], [ -7.1598, 57.678062 ], [ -7.189205, 57.694995 ], [ -7.273833, 57.665197 ], [ -7.248592, 57.655935 ], [ -7.288224, 57.643764 ], [ -7.333101, 57.660625 ], [ -7.317842, 57.690988 ], [ -7.38334, 57.635223 ], [ -7.486857, 57.66028 ], [ -7.522134, 57.607396 ], [ -7.544751, 57.602706 ], [ -7.474074, 57.567769 ], [ -7.434592, 57.583995 ], [ -7.351976, 57.553732 ], [ -7.320748, 57.526977 ], [ -7.323692, 57.512433 ], [ -7.164013, 57.508901 ], [ -7.13364, 57.535468 ], [ -7.137705, 57.554287 ], [ -7.284719, 57.5545 ], [ -7.135544, 57.559567 ], [ -7.104011, 57.587797 ], [ -7.153019, 57.589993 ] ], [ [ -7.147067, 57.733303 ], [ -7.199547, 57.734256 ], [ -7.226848, 57.707155 ], [ -7.183115, 57.703549 ], [ -7.147067, 57.733303 ] ], [ [ -7.266264, 57.773933 ], [ -7.235224, 57.759668 ], [ -7.200359, 57.772747 ], [ -7.229759, 57.785618 ], [ -7.266264, 57.773933 ] ], [ [ -6.714102, 57.8753 ], [ -6.670547, 57.850219 ], [ -6.641729, 57.857291 ], [ -6.64948, 57.868906 ], [ -6.714102, 57.8753 ] ], [ [ -6.99198, 57.894657 ], [ -6.998104, 57.921198 ], [ -7.085396, 57.894034 ], [ -7.077416, 57.875799 ], [ -7.045503, 57.894289 ], [ -7.019449, 57.886393 ], [ -6.99198, 57.894657 ] ], [ [ -7.170774, 58.029199 ], [ -7.150964, 58.009426 ], [ -7.099552, 58.012367 ], [ -7.129222, 58.037531 ], [ -7.170774, 58.029199 ] ], [ [ -7.057059, 58.0103 ], [ -7.082935, 58.018609 ], [ -7.111862, 57.989671 ], [ -7.090189, 57.993232 ], [ -7.078297, 57.968481 ], [ -7.034052, 57.954987 ], [ -6.999144, 57.963679 ], [ -6.849599, 57.929918 ], [ -6.860422, 57.922331 ], [ -6.835586, 57.905365 ], [ -6.944875, 57.903564 ], [ -6.957112, 57.8883 ], [ -6.912896, 57.869719 ], [ -6.991424, 57.867215 ], [ -7.072992, 57.812575 ], [ -7.106895, 57.840429 ], [ -7.12927, 57.835962 ], [ -7.12281, 57.82028 ], [ -6.969768, 57.730154 ], [ -6.903856, 57.764574 ], [ -6.908508, 57.777838 ], [ -6.876471, 57.77539 ], [ -6.880753, 57.79291 ], [ -6.858955, 57.792414 ], [ -6.844279, 57.827527 ], [ -6.792943, 57.806596 ], [ -6.794472, 57.831047 ], [ -6.740866, 57.827093 ], [ -6.767017, 57.860948 ], [ -6.808476, 57.881083 ], [ -6.773676, 57.897243 ], [ -6.667193, 57.884409 ], [ -6.70415, 57.914338 ], [ -6.680692, 57.928757 ], [ -6.731616, 57.952794 ], [ -6.729402, 57.977904 ], [ -6.755307, 57.995965 ], [ -6.674295, 58.044798 ], [ -6.69152, 58.058277 ], [ -6.61063, 58.052073 ], [ -6.659282, 58.053449 ], [ -6.711443, 58.011631 ], [ -6.708521, 57.970366 ], [ -6.655022, 57.921164 ], [ -6.610255, 57.918037 ], [ -6.637903, 57.957112 ], [ -6.575328, 57.913027 ], [ -6.540329, 57.919778 ], [ -6.544893, 57.945775 ], [ -6.517868, 57.929965 ], [ -6.471651, 57.940518 ], [ -6.451335, 57.969773 ], [ -6.456013, 57.991055 ], [ -6.564829, 58.004292 ], [ -6.464397, 58.013431 ], [ -6.39296, 58.0021 ], [ -6.359413, 58.034508 ], [ -6.405126, 58.044721 ], [ -6.368814, 58.059447 ], [ -6.380456, 58.089012 ], [ -6.395395, 58.089112 ], [ -6.390783, 58.104822 ], [ -6.63308, 58.082851 ], [ -6.466249, 58.104262 ], [ -6.427692, 58.123661 ], [ -6.482869, 58.140282 ], [ -6.373194, 58.1328 ], [ -6.387305, 58.145288 ], [ -6.369419, 58.154095 ], [ -6.372804, 58.190178 ], [ -6.393477, 58.199173 ], [ -6.389808, 58.211372 ], [ -6.353069, 58.189421 ], [ -6.286557, 58.204706 ], [ -6.253692, 58.180412 ], [ -6.161968, 58.214061 ], [ -6.142019, 58.261966 ], [ -6.285931, 58.207137 ], [ -6.344816, 58.234204 ], [ -6.318557, 58.246071 ], [ -6.322662, 58.267111 ], [ -6.283487, 58.269982 ], [ -6.279272, 58.292223 ], [ -6.242865, 58.296171 ], [ -6.221763, 58.319228 ], [ -6.163065, 58.343378 ], [ -6.217891, 58.368305 ], [ -6.169371, 58.425355 ], [ -6.19263, 58.446577 ], [ -6.185008, 58.468661 ], [ -6.26543, 58.514829 ], [ -6.301303, 58.482003 ], [ -6.520459, 58.395937 ], [ -6.547834, 58.366245 ], [ -6.666801, 58.350355 ], [ -6.738231, 58.314734 ], [ -6.800086, 58.304661 ], [ -6.825217, 58.283185 ], [ -6.794251, 58.277508 ], [ -6.81503, 58.270565 ], [ -6.807843, 58.253168 ], [ -6.746223, 58.211946 ], [ -6.759079, 58.200931 ], [ -6.720105, 58.187254 ], [ -6.72035, 58.172829 ], [ -6.826121, 58.203077 ], [ -6.884884, 58.172388 ], [ -6.948435, 58.199327 ], [ -6.911988, 58.204642 ], [ -6.914012, 58.216341 ], [ -7.034785, 58.239939 ], [ -7.062625, 58.197767 ], [ -7.018685, 58.185788 ], [ -7.099233, 58.186217 ], [ -7.094484, 58.162182 ], [ -7.13346, 58.126838 ], [ -7.099792, 58.070838 ], [ -7.065978, 58.061225 ], [ -7.029715, 58.078787 ], [ -7.057501, 58.057157 ], [ -7.024884, 58.053804 ], [ -7.061586, 58.045145 ], [ -7.036581, 58.034846 ], [ -6.99605003621993, 58.039518613966486 ], [ -7.057059, 58.0103 ] ], [ [ -6.864056, 58.20705 ], [ -6.78227, 58.204113 ], [ -6.78586, 58.221398 ], [ -6.839912, 58.238251 ], [ -6.854043, 58.258502 ], [ -6.89233, 58.258108 ], [ -6.858982, 58.221803 ], [ -6.874963, 58.219862 ], [ -6.864056, 58.20705 ] ], [ [ -3.138489, 58.802247 ], [ -3.152631, 58.806406 ], [ -3.224837, 58.78591 ], [ -3.130684, 58.787347 ], [ -3.14152, 58.78881 ], [ -3.153016, 58.787196 ], [ -3.138489, 58.802247 ] ], [ [ -3.435562, 58.876178 ], [ -3.380251, 58.867921 ], [ -3.369084, 58.837132 ], [ -3.291521, 58.776883 ], [ -3.222823, 58.775156 ], [ -3.258726, 58.788325 ], [ -3.172406, 58.823546 ], [ -3.213657, 58.840348 ], [ -3.198873, 58.853203 ], [ -3.229948, 58.87042 ], [ -3.213149, 58.878125 ], [ -3.285389, 58.904976 ], [ -3.315654, 58.907218 ], [ -3.326307, 58.927828 ], [ -3.396145, 58.923759 ], [ -3.435562, 58.876178 ] ], [ [ -2.945858, 35.31409 ], [ -2.962399, 35.31161 ], [ -2.967338, 35.282205 ], [ -2.949993, 35.266333 ], [ -2.92809, 35.2731 ], [ -2.945858, 35.31409 ] ], [ [ 1.583801, 38.66895 ], [ 1.56851, 38.69038 ], [ 1.514065, 38.679176 ], [ 1.435888, 38.753398 ], [ 1.415605, 38.723379 ], [ 1.395794, 38.731839 ], [ 1.382311, 38.719067 ], [ 1.387538, 38.642467 ], [ 1.451611, 38.684653 ], [ 1.52489, 38.653792 ], [ 1.5727, 38.652703 ], [ 1.583801, 38.66895 ] ], [ [ 1.343927, 38.87011 ], [ 1.371811, 38.833754 ], [ 1.403925, 38.834614 ], [ 1.4041, 38.876789 ], [ 1.422738, 38.904366 ], [ 1.526386, 38.946065 ], [ 1.533549, 38.981759 ], [ 1.5787, 38.99081 ], [ 1.586572, 39.015036 ], [ 1.615944, 39.026461 ], [ 1.588663, 39.063074 ], [ 1.604907, 39.077041 ], [ 1.593251, 39.096159 ], [ 1.557256, 39.093864 ], [ 1.532179, 39.117806 ], [ 1.439534, 39.082095 ], [ 1.425291, 39.09183 ], [ 1.374042, 39.062997 ], [ 1.359259, 39.074174 ], [ 1.292067, 39.028758 ], [ 1.28462, 38.994788 ], [ 1.302139, 38.969467 ], [ 1.23018, 38.971702 ], [ 1.216051, 38.958225 ], [ 1.234966, 38.937856 ], [ 1.214115, 38.89885 ], [ 1.225574, 38.874129 ], [ 1.247842, 38.857628 ], [ 1.27228, 38.878632 ], [ 1.302096, 38.862882 ], [ 1.343927, 38.87011 ] ], [ [ 2.955836, 39.125501 ], [ 2.966306, 39.147765 ], [ 2.974869, 39.156242 ], [ 2.950411, 39.165493 ], [ 2.94943, 39.148256 ], [ 2.931293, 39.156441 ], [ 2.93013, 39.143251 ], [ 2.917529, 39.160081 ], [ 2.914105, 39.142954 ], [ 2.919542, 39.128938 ], [ 2.955836, 39.125501 ] ], [ [ 3.456639, 39.744471 ], [ 3.347168, 39.788176 ], [ 3.327343, 39.759765 ], [ 3.252489, 39.729847 ], [ 3.144904, 39.773849 ], [ 3.119986, 39.831247 ], [ 3.179512, 39.841894 ], [ 3.203299, 39.88927 ], [ 3.098775, 39.860251 ], [ 3.080051, 39.901008 ], [ 3.126325, 39.916844 ], [ 3.212835, 39.960303 ], [ 3.154254, 39.956311 ], [ 3.122958, 39.933215 ], [ 3.062678, 39.92127 ], [ 3.038964, 39.935423 ], [ 2.983024, 39.909174 ], [ 2.949486, 39.918527 ], [ 2.84401, 39.861915 ], [ 2.779002, 39.855333 ], [ 2.763486, 39.833432 ], [ 2.698371, 39.809216 ], [ 2.69368, 39.791478 ], [ 2.66953, 39.792372 ], [ 2.586978, 39.717589 ], [ 2.527619, 39.701039 ], [ 2.461894, 39.652582 ], [ 2.356377, 39.60499 ], [ 2.347645, 39.564217 ], [ 2.389171, 39.546475 ], [ 2.364211, 39.531747 ], [ 2.38774, 39.533398 ], [ 2.388163, 39.521438 ], [ 2.416903, 39.538498 ], [ 2.421804, 39.523868 ], [ 2.456075, 39.533902 ], [ 2.478642, 39.516473 ], [ 2.45968, 39.500771 ], [ 2.480395, 39.470734 ], [ 2.518908, 39.458464 ], [ 2.539381, 39.522611 ], [ 2.606459, 39.55181 ], [ 2.623701, 39.545923 ], [ 2.63033, 39.567208 ], [ 2.687169, 39.553201 ], [ 2.751245, 39.503773 ], [ 2.722658, 39.475782 ], [ 2.747058, 39.438082 ], [ 2.739632, 39.411063 ], [ 2.787669, 39.363457 ], [ 2.95876, 39.361814 ], [ 2.990415, 39.336015 ], [ 2.986806, 39.316408 ], [ 3.01837, 39.30473 ], [ 3.050544, 39.266107 ], [ 3.069674, 39.267655 ], [ 3.119043, 39.312212 ], [ 3.229465, 39.360207 ], [ 3.262176, 39.424764 ], [ 3.274124, 39.416447 ], [ 3.296419, 39.499054 ], [ 3.379894, 39.575678 ], [ 3.403001, 39.579853 ], [ 3.386734, 39.588461 ], [ 3.393172, 39.620885 ], [ 3.403631, 39.635413 ], [ 3.436287, 39.63446 ], [ 3.440448, 39.65533 ], [ 3.455666, 39.657473 ], [ 3.456665, 39.704393 ], [ 3.476809, 39.714975 ], [ 3.452665, 39.722666 ], [ 3.456639, 39.744471 ] ], [ [ 4.320511, 39.876026 ], [ 4.257125, 39.964613 ], [ 4.260625, 39.996724 ], [ 4.207456, 40.008308 ], [ 4.206163, 39.993408 ], [ 4.192774, 40.032745 ], [ 4.181608, 40.023353 ], [ 4.161311, 40.035726 ], [ 4.170327, 40.060715 ], [ 4.154564, 40.06739 ], [ 4.138617, 40.066795 ], [ 4.134289, 40.033871 ], [ 4.121125, 40.035475 ], [ 4.132622, 40.061247 ], [ 4.103323, 40.046383 ], [ 4.091628, 40.088495 ], [ 4.073005, 40.059075 ], [ 4.050913, 40.053513 ], [ 4.032379, 40.064325 ], [ 3.984167, 40.052276 ], [ 3.934872, 40.06166 ], [ 3.920771, 40.046979 ], [ 3.897706, 40.058916 ], [ 3.82676, 40.052501 ], [ 3.791881, 40.01751 ], [ 3.796871, 39.998926 ], [ 3.828765, 39.993584 ], [ 3.823251, 39.923035 ], [ 3.957315, 39.938595 ], [ 4.054959, 39.907356 ], [ 4.207088, 39.825824 ], [ 4.287891, 39.815557 ], [ 4.305734, 39.867079 ], [ 4.270795, 39.891904 ], [ 4.320511, 39.876026 ] ], [ [ 0.616947, 40.586514 ], [ 0.597513, 40.573746 ], [ 0.616898, 40.555809 ], [ 0.683942, 40.566134 ], [ 0.71031839379412, 40.592064306914729 ], [ 0.616947, 40.586514 ] ], [ [ 0.711474, 40.592133 ], [ 0.727697, 40.609149 ], [ 0.71031839379412, 40.592064306914729 ], [ 0.711474, 40.592133 ] ], [ [ -1.188539, 45.886062 ], [ -1.229114, 45.920385 ], [ -1.238163, 45.982455 ], [ -1.318004, 45.996058 ], [ -1.370907, 46.0391 ], [ -1.411529, 46.047612 ], [ -1.387395, 45.997158 ], [ -1.387624, 45.95508 ], [ -1.269858, 45.881191 ], [ -1.236613, 45.801296 ], [ -1.196764, 45.82933 ], [ -1.207694, 45.850318 ], [ -1.188539, 45.886062 ] ], [ [ -1.561989, 46.24398 ], [ -1.534276, 46.203044 ], [ -1.505258, 46.194321 ], [ -1.457893, 46.200982 ], [ -1.312855, 46.143609 ], [ -1.255663, 46.161563 ], [ -1.355091, 46.205898 ], [ -1.444387, 46.213865 ], [ -1.414358, 46.228738 ], [ -1.456184, 46.228309 ], [ -1.486596, 46.204169 ], [ -1.515147, 46.230756 ], [ -1.475262, 46.234136 ], [ -1.497098, 46.25671 ], [ -1.561989, 46.24398 ] ], [ [ -2.348408, 46.728557 ], [ -2.399296, 46.723825 ], [ -2.357043, 46.694305 ], [ -2.283029, 46.689912 ], [ -2.348408, 46.728557 ] ], [ [ -2.219857, 46.991446 ], [ -2.226076, 47.016545 ], [ -2.304722, 47.024401 ], [ -2.292509, 47.010529 ], [ -2.301831, 46.989699 ], [ -2.262202, 46.959744 ], [ -2.223478, 46.965069 ], [ -2.198164, 46.951034 ], [ -2.150377, 46.89615 ], [ -2.149689, 46.939153 ], [ -2.187302, 46.961224 ], [ -2.246934, 46.994062 ], [ -2.219857, 46.991446 ] ], [ [ -1.529507, 50.704118 ], [ -1.58013, 50.662694 ], [ -1.486983, 50.666841 ], [ -1.29482, 50.575165 ], [ -1.184441, 50.597859 ], [ -1.160586, 50.64933 ], [ -1.070261, 50.68433 ], [ -1.106087, 50.693229 ], [ -1.109565, 50.721493 ], [ -1.216708, 50.735363 ], [ -1.269188, 50.764455 ], [ -1.287515, 50.762969 ], [ -1.277252, 50.730805 ], [ -1.289537, 50.709503 ], [ -1.292836, 50.757492 ], [ -1.32054, 50.765251 ], [ -1.403282, 50.727549 ], [ -1.393569, 50.716852 ], [ -1.425605, 50.726451 ], [ -1.529507, 50.704118 ] ], [ [ -0.994048, 50.798949 ], [ -1.024813, 50.793936 ], [ -0.937154, 50.780532 ], [ -0.948205, 50.784236 ], [ -0.971892, 50.80719 ], [ -0.957131, 50.808265 ], [ -0.958027, 50.830746 ], [ -0.977745, 50.833076 ], [ -0.994048, 50.798949 ] ], [ [ -0.878136, 50.807339 ], [ -0.914156, 50.779702 ], [ -0.789085, 50.722741 ], [ -0.759059, 50.752626 ], [ -0.784949, 50.760303 ], [ -0.763066, 50.772915 ], [ -0.750011, 50.760677 ], [ -0.560323, 50.799754 ], [ -0.388362, 50.806682 ], [ -0.250992, 50.830501 ], [ 0.066807, 50.78247 ], [ 0.24, 50.735118 ], [ 0.363425, 50.816055 ], [ 0.666591, 50.871986 ], [ 0.774811, 50.932083 ], [ 0.978942, 50.91304 ], [ 0.964192, 50.968079 ], [ 1.006073, 51.031166 ], [ 1.075615, 51.063459 ], [ 1.315316, 51.113937 ], [ 1.401126, 51.165161 ], [ 1.402631, 51.238724 ], [ 1.359894, 51.311741 ], [ 1.377084, 51.329171 ], [ 1.422415, 51.32788 ], [ 1.442615, 51.351082 ], [ 1.442122, 51.387176 ], [ 1.102152, 51.372463 ], [ 0.895478, 51.336361 ], [ 0.871585, 51.354217 ], [ 0.764979, 51.361957 ], [ 0.762944409914735, 51.378041860806746 ], [ 0.774522, 51.367944 ], [ 0.923037, 51.360905 ], [ 0.949685, 51.37338 ], [ 0.886052, 51.420506 ], [ 0.745393, 51.446851 ], [ 0.740923, 51.412107 ], [ 0.726787, 51.409578 ], [ 0.737687121620947, 51.400071020560041 ], [ 0.717095, 51.413572 ], [ 0.727912, 51.422884 ], [ 0.696845, 51.419271 ], [ 0.718086, 51.388445 ], [ 0.686039, 51.390769 ], [ 0.675182, 51.37665 ], [ 0.647246, 51.397107 ], [ 0.626895, 51.37521 ], [ 0.634104, 51.388506 ], [ 0.615023, 51.378766 ], [ 0.536164, 51.409526 ], [ 0.52233, 51.385639 ], [ 0.501733, 51.391647 ], [ 0.451921, 51.365778 ], [ 0.449214, 51.348522 ], [ 0.449337, 51.365613 ], [ 0.503929, 51.397075 ], [ 0.519745, 51.388404 ], [ 0.530972, 51.41149 ], [ 0.610164, 51.417515 ], [ 0.618225, 51.435752 ], [ 0.656944, 51.44878 ], [ 0.677561, 51.433418 ], [ 0.712977, 51.435752 ], [ 0.722262, 51.454885 ], [ 0.684445, 51.474951 ], [ 0.483664, 51.487121 ], [ 0.43782, 51.447357 ], [ 0.355975, 51.445793 ], [ 0.309375, 51.466081 ], [ 0.276561, 51.453563 ], [ 0.130474, 51.512673 ], [ 0.076112, 51.49601 ], [ 0.000741, 51.50406 ], [ -0.01574, 51.483068 ], [ -0.036191, 51.507034 ], [ -0.115345, 51.507534 ], [ -0.128365, 51.485058 ], [ -0.1951, 51.462894 ], [ -0.235468, 51.488949 ], [ -0.262388, 51.470276 ], [ -0.298917, 51.485252 ], [ -0.261687, 51.471306 ], [ -0.234351, 51.490417 ], [ -0.194246, 51.464832 ], [ -0.132601, 51.485695 ], [ -0.116853, 51.510036 ], [ -0.036225, 51.509177 ], [ -0.015146, 51.486386 ], [ -0.001211, 51.507482 ], [ 0.06095, 51.498554 ], [ 0.127674, 51.519257 ], [ 0.280343, 51.462128 ], [ 0.317252, 51.473556 ], [ 0.342622, 51.452245 ], [ 0.398445, 51.453655 ], [ 0.433714, 51.461595 ], [ 0.445495, 51.500198 ], [ 0.540044, 51.513018 ], [ 0.513704, 51.531185 ], [ 0.57213, 51.508076 ], [ 0.635127, 51.522112 ], [ 0.566308, 51.54113 ], [ 0.782809, 51.521585 ], [ 0.911535, 51.582702 ], [ 0.954942, 51.618325 ], [ 0.880783, 51.614356 ], [ 0.863408787809326, 51.60607809239773 ], [ 0.865158, 51.612152 ], [ 0.765835, 51.635065 ], [ 0.59077, 51.630649 ], [ 0.763113, 51.640717 ], [ 0.8251, 51.623021 ], [ 0.926876, 51.629126 ], [ 0.949847, 51.722271 ], [ 0.928434, 51.747084 ], [ 0.848425, 51.715866 ], [ 0.797541, 51.717773 ], [ 0.751393, 51.688832 ], [ 0.762918, 51.707933 ], [ 0.688037, 51.731712 ], [ 0.834916, 51.738716 ], [ 0.876548, 51.75591 ], [ 0.854354, 51.77287 ], [ 0.891551, 51.767266 ], [ 0.850373, 51.785183 ], [ 0.891571, 51.773934 ], [ 0.909657, 51.792227 ], [ 0.913038, 51.774561 ], [ 0.976894, 51.784253 ], [ 0.998675, 51.799469 ], [ 0.955481, 51.808077 ], [ 0.977515, 51.823929 ], [ 0.960737, 51.853173 ], [ 1.012528, 51.805433 ], [ 1.063969, 51.819053 ], [ 1.018879, 51.800281 ], [ 1.042197, 51.770495 ], [ 1.124435, 51.775425 ], [ 1.196099, 51.801147 ], [ 1.28643, 51.859826 ], [ 1.289654, 51.872526 ], [ 1.269133, 51.881397 ], [ 1.252662, 51.859611 ], [ 1.228171, 51.858909 ], [ 1.221462, 51.877892 ], [ 1.194787, 51.872857 ], [ 1.227038, 51.885724 ], [ 1.222055, 51.896843 ], [ 1.246025, 51.890542 ], [ 1.289585, 51.949093 ], [ 1.056347, 51.950287 ], [ 1.163496, 51.967352 ], [ 1.219438, 51.953346 ], [ 1.278388, 51.960612 ], [ 1.266023, 51.987883 ], [ 1.166977, 52.018249 ], [ 1.150098, 52.033996 ], [ 1.160664, 52.046165 ], [ 1.187027, 52.015506 ], [ 1.279872, 51.992306 ], [ 1.282852, 51.970176 ], [ 1.322377, 51.938127 ], [ 1.391032, 51.988487 ], [ 1.34178, 52.028494 ], [ 1.344903617538614, 52.036001451212378 ], [ 1.345175, 52.031409 ], [ 1.394982, 51.987795 ], [ 1.500521, 52.071392 ], [ 1.575174, 52.085949 ], [ 1.5888, 52.122281 ], [ 1.564205, 52.099682 ], [ 1.587373, 52.139309 ], [ 1.50873, 52.159851 ], [ 1.552921, 52.164861 ], [ 1.599202, 52.143995 ], [ 1.621005, 52.184672 ], [ 1.634186, 52.278656 ], [ 1.675605, 52.313404 ], [ 1.76258, 52.481415 ], [ 1.732787, 52.556888 ], [ 1.743963, 52.62939 ], [ 1.675478, 52.742691 ], [ 1.433229, 52.881496 ], [ 1.301096, 52.93277 ], [ 1.040032, 52.968031 ], [ 0.990894, 52.957721 ], [ 0.870755, 52.978755 ], [ 0.852591, 52.961697 ], [ 0.837097, 52.979616 ], [ 0.751451, 52.969183 ], [ 0.693208, 52.987524 ], [ 0.683011, 52.979076 ], [ 0.710752, 52.978214 ], [ 0.540048, 52.975321 ], [ 0.490182, 52.947914 ], [ 0.44545, 52.873216 ], [ 0.444839, 52.845047 ], [ 0.376374, 52.815133 ], [ 0.367688, 52.795933 ], [ 0.394806, 52.747753 ], [ 0.3643, 52.725517 ], [ 0.392293, 52.747341 ], [ 0.387936, 52.759395 ], [ 0.322871, 52.815589 ], [ 0.214372, 52.816222 ], [ 0.175009, 52.872796 ], [ 0.124603, 52.889095 ], [ 0.040429, 52.903077 ], [ 0.001011, 52.8885 ], [ 0.041877, 52.911615 ], [ 0.042175, 52.928303 ], [ 0.053389, 52.919371 ], [ 0.077866, 52.933924 ], [ 0.150367, 53.008223 ], [ 0.342782, 53.1036 ], [ 0.355147, 53.19236 ], [ 0.337269, 53.240356 ], [ 0.152136, 53.48994 ], [ 0.022487, 53.520632 ], [ -0.061177, 53.582029 ], [ -0.09258, 53.581444 ], [ -0.203922, 53.638077 ], [ -0.299563, 53.714333 ], [ -0.470415, 53.698246 ], [ -0.525462, 53.678009 ], [ -0.612264, 53.713981 ], [ -0.691549, 53.696027 ], [ -0.685818, 53.670995 ], [ -0.711198, 53.639708 ], [ -0.698886, 53.613901 ], [ -0.735181, 53.59848 ], [ -0.738485, 53.519867 ], [ -0.760205, 53.50085 ], [ -0.738868, 53.525026 ], [ -0.748912, 53.563244 ], [ -0.733333, 53.604472 ], [ -0.701054, 53.61341 ], [ -0.714892, 53.634449 ], [ -0.69005, 53.672355 ], [ -0.700145, 53.698775 ], [ -0.811717, 53.704215 ], [ -0.854361, 53.685342 ], [ -0.86728, 53.697269 ], [ -0.862837838350489, 53.699837867838269 ], [ -0.851372, 53.686841 ], [ -0.814774, 53.706397 ], [ -0.699118, 53.704131 ], [ -0.615601, 53.730816 ], [ -0.536717, 53.709132 ], [ -0.276406, 53.740612 ], [ -0.245362, 53.734777 ], [ -0.22737, 53.709298 ], [ -0.102156, 53.63555 ], [ 0.037613, 53.647966 ], [ 0.145502, 53.612176 ], [ 0.111395, 53.667651 ], [ -0.13871, 53.883035 ], [ -0.208244, 53.997623 ], [ -0.214013, 54.047794 ], [ -0.19832, 54.077567 ], [ -0.164522, 54.099473 ], [ -0.077199, 54.1166 ], [ -0.251311, 54.169731 ], [ -0.282655, 54.195114 ], [ -0.27209, 54.217896 ], [ -0.363559, 54.24531 ], [ -0.396518, 54.274437 ], [ -0.385691, 54.289025 ], [ -0.405795, 54.292141 ], [ -0.449206, 54.371486 ], [ -0.522756, 54.416704 ], [ -0.521528, 54.446301 ], [ -0.565177, 54.476986 ], [ -0.669069, 54.502276 ], [ -0.709323, 54.531955 ], [ -0.744323, 54.528863 ], [ -0.776202, 54.556774 ], [ -0.984348, 54.589367 ], [ -1.137826, 54.638402 ], [ -1.15338, 54.601782 ], [ -1.204704, 54.580239 ], [ -1.252084, 54.59036 ], [ -1.262148, 54.572048 ], [ -1.2539, 54.591298 ], [ -1.206439, 54.582508 ], [ -1.169242, 54.603618 ], [ -1.161615, 54.621774 ], [ -1.200744, 54.622936 ], [ -1.162575, 54.646643 ], [ -1.198468, 54.679573 ], [ -1.175933, 54.697085 ], [ -1.242229, 54.722595 ], [ -1.308784, 54.781185 ], [ -1.321754, 54.837652 ], [ -1.355504, 54.875648 ], [ -1.352095, 54.907553 ], [ -1.379572, 54.910396 ], [ -1.362788, 54.918865 ], [ -1.362067, 54.971409 ], [ -1.427548, 55.007507 ], [ -1.449041, 54.985458 ], [ -1.528088, 54.982037 ], [ -1.539362, 54.960647 ], [ -1.603939, 54.968572 ], [ -1.541764, 54.962673 ], [ -1.530777, 54.984077 ], [ -1.455402, 54.989152 ], [ -1.416144, 55.018237 ], [ -1.494496, 55.10247 ], [ -1.497291, 55.12446 ], [ -1.554873, 55.134041 ], [ -1.510773, 55.136772 ], [ -1.5272, 55.1614 ], [ -1.501017, 55.186041 ], [ -1.570851, 55.275554 ], [ -1.549734, 55.321516 ], [ -1.591722, 55.338475 ], [ -1.605985, 55.373958 ], [ -1.576126, 55.430835 ], [ -1.592493, 55.43964 ], [ -1.591758, 55.490688 ], [ -1.614229, 55.498624 ], [ -1.61132, 55.52102 ], [ -1.637264, 55.541374 ], [ -1.623461, 55.551797 ], [ -1.64005, 55.577817 ], [ -1.724305, 55.616953 ], [ -1.768665, 55.604963 ], [ -1.783278, 55.616472 ], [ -1.766176, 55.621848 ], [ -1.779262, 55.640169 ], [ -1.838949, 55.642334 ], [ -1.884375, 55.694314 ], [ -2.013004, 55.770826 ], [ -2.053047, 55.758068 ], [ -2.022222, 55.773949 ], [ -1.991848, 55.768416 ], [ -2.06922, 55.843421 ], [ -2.077953, 55.874135 ], [ -2.133569, 55.891418 ], [ -2.138158, 55.916953 ], [ -2.330275, 55.930618 ], [ -2.514817, 56.005925 ], [ -2.59778, 55.998669 ], [ -2.584888, 56.022286 ], [ -2.656301, 56.05927 ], [ -2.814597, 56.062375 ], [ -2.866107, 56.036221 ], [ -2.848253, 56.014667 ], [ -2.88925, 56.010694 ], [ -2.897514, 55.984069 ], [ -3.06504, 55.945908 ], [ -3.177951, 55.98906 ], [ -3.290523, 55.979392 ], [ -3.351868, 56.001129 ], [ -3.393135, 55.990109 ], [ -3.596304, 56.020762 ], [ -3.675982, 56.012062 ], [ -3.682293, 56.03543 ], [ -3.727905, 56.032795 ], [ -3.734615, 56.064727 ], [ -3.80167, 56.105919 ], [ -3.83202, 56.09922 ], [ -3.848624, 56.118122 ], [ -3.870112, 56.1074 ], [ -3.866839, 56.120662 ], [ -3.868246, 56.108769 ], [ -3.848851, 56.1212 ], [ -3.829944, 56.103424 ], [ -3.804134, 56.110443 ], [ -3.685171, 56.048067 ], [ -3.594807, 56.046014 ], [ -3.576488, 56.058837 ], [ -3.390877, 56.006602 ], [ -3.399586, 56.025839 ], [ -3.320681, 56.034816 ], [ -3.267268, 56.059252 ], [ -3.175059, 56.063101 ], [ -3.15429, 56.112209 ], [ -2.972311, 56.205416 ], [ -2.926048, 56.212326 ], [ -2.811016, 56.184346 ], [ -2.603172, 56.264551 ], [ -2.587899, 56.278165 ], [ -2.66175, 56.317647 ], [ -2.776864, 56.332998 ], [ -2.819551, 56.366382 ], [ -2.836839, 56.353565 ], [ -2.903424, 56.354004 ], [ -2.825583, 56.37907 ], [ -2.803618, 56.42974 ], [ -2.816991, 56.444773 ], [ -2.918594, 56.451868 ], [ -3.25787, 56.351224 ], [ -3.322004, 56.349103 ], [ -3.304569, 56.353614 ], [ -3.381669, 56.383046 ], [ -3.418743, 56.378654 ], [ -3.380839, 56.385283 ], [ -3.278832, 56.360577 ], [ -3.208855, 56.378135 ], [ -3.051892, 56.4585 ], [ -2.98962, 56.451509 ], [ -2.802616, 56.4801 ], [ -2.73454, 56.464621 ], [ -2.707607, 56.499152 ], [ -2.539506, 56.566606 ], [ -2.480564, 56.625201 ], [ -2.505609, 56.635936 ], [ -2.500076, 56.662481 ], [ -2.44825, 56.680432 ], [ -2.43843, 56.700846 ], [ -2.532901, 56.710321 ], [ -2.480817, 56.721464 ], [ -2.45498, 56.704321 ], [ -2.4029, 56.772616 ], [ -2.326062, 56.796389 ], [ -2.231874, 56.863841 ], [ -2.196723, 56.910307 ], [ -2.192026, 56.951134 ], [ -2.206343, 56.96592 ], [ -2.054939, 57.119703 ], [ -2.047344, 57.139738 ], [ -2.075593, 57.140859 ], [ -2.077448, 57.176979 ], [ -1.990194, 57.305546 ], [ -1.998153, 57.331502 ], [ -1.98736, 57.310662 ], [ -1.953549, 57.331405 ], [ -1.859833, 57.390131 ], [ -1.860225, 57.406781 ], [ -1.835287, 57.41218 ], [ -1.773687, 57.470282 ], [ -1.79314, 57.496159 ], [ -1.76721, 57.502974 ], [ -1.805964, 57.529263 ], [ -1.823177, 57.611727 ], [ -1.875285, 57.631118 ], [ -1.918986, 57.673237 ], [ -1.983075, 57.67822 ], [ -2.002899, 57.698477 ], [ -2.121944, 57.699421 ], [ -2.190397, 57.672019 ], [ -2.29803, 57.695397 ], [ -2.342362, 57.671145 ], [ -2.514073, 57.664413 ], [ -2.860012, 57.706417 ], [ -3.027158, 57.663899 ], [ -3.229519, 57.701567 ], [ -3.281846, 57.724805 ], [ -3.345274, 57.724607 ], [ -3.496704, 57.703998 ], [ -3.496626, 57.679256 ], [ -3.530262, 57.664356 ], [ -3.616832, 57.663126 ], [ -3.585374, 57.645846 ], [ -3.590359, 57.631759 ], [ -3.632387, 57.635477 ], [ -3.621365, 57.655814 ], [ -3.64654, 57.662995 ], [ -3.691554, 57.658771 ], [ -3.858795, 57.592539 ], [ -4.055411, 57.590728 ], [ -4.071132, 57.582456 ], [ -4.04513, 57.5748 ], [ -4.042622, 57.559813 ], [ -4.113531, 57.517032 ], [ -4.147671, 57.516373 ], [ -4.179503, 57.485521 ], [ -4.220011, 57.4959 ], [ -4.229853, 57.484176 ], [ -4.243145, 57.494101 ], [ -4.378323, 57.479793 ], [ -4.412454, 57.497025 ], [ -4.453837, 57.480754 ], [ -4.381974, 57.5117 ], [ -4.235351, 57.501679 ], [ -4.194678, 57.537653 ], [ -4.249192, 57.549205 ], [ -4.187039, 57.546518 ], [ -4.141751, 57.577019 ], [ -4.099742, 57.576139 ], [ -4.112058, 57.590965 ], [ -4.100894, 57.607496 ], [ -3.997158, 57.676758 ], [ -4.156083, 57.657867 ], [ -4.16746, 57.67535 ], [ -4.229597, 57.670518 ], [ -4.428933, 57.574283 ], [ -4.408184, 57.5927 ], [ -4.412708, 57.607849 ], [ -4.304335, 57.657351 ], [ -4.290185, 57.68073 ], [ -4.169017, 57.685499 ], [ -4.08019, 57.728888 ], [ -4.01721, 57.737432 ], [ -4.032233, 57.697644 ], [ -3.977909, 57.695567 ], [ -3.77615, 57.863809 ], [ -3.873035, 57.823364 ], [ -3.934455, 57.817801 ], [ -3.912733, 57.833757 ], [ -3.956813, 57.844075 ], [ -4.045576, 57.816931 ], [ -4.130361, 57.840581 ], [ -4.12164, 57.830068 ], [ -4.161779, 57.834638 ], [ -4.194976, 57.861947 ], [ -4.297231, 57.853221 ], [ -4.39608, 57.914395 ], [ -4.290071, 57.863046 ], [ -4.229401, 57.87417 ], [ -4.136335, 57.868302 ], [ -4.141634, 57.856718 ], [ -4.112189, 57.850903 ], [ -4.070673, 57.867172 ], [ -4.013334, 57.861169 ], [ -3.994435, 57.905744 ], [ -4.002141, 57.925926 ], [ -4.07965, 57.950828 ], [ -4.017072, 57.949463 ], [ -4.025341, 57.935617 ], [ -4.006033, 57.93511 ], [ -3.981303, 57.969907 ], [ -3.848514, 58.007112 ], [ -3.802914, 58.057348 ], [ -3.508793, 58.172014 ], [ -3.382971, 58.268796 ], [ -3.221933, 58.305677 ], [ -3.110902, 58.371079 ], [ -3.068952, 58.429824 ], [ -3.081283, 58.441671 ], [ -3.05483, 58.447421 ], [ -3.048321, 58.472553 ], [ -3.120848, 58.479927 ], [ -3.130827, 58.519759 ], [ -3.067483, 58.56422 ], [ -3.071807, 58.592487 ], [ -3.045096, 58.597137 ], [ -3.025825, 58.643699 ], [ -3.159052, 58.638236 ], [ -3.189617, 58.659262 ], [ -3.309067, 58.643649 ], [ -3.379456, 58.670656 ], [ -3.401754, 58.663409 ], [ -3.411426, 58.640202 ], [ -3.34938, 58.618028 ], [ -3.368048, 58.59598 ], [ -3.460683, 58.611688 ], [ -3.524213, 58.597342 ], [ -3.550802, 58.607154 ], [ -3.545791, 58.623795 ], [ -3.661197, 58.619664 ], [ -3.778481, 58.564432 ], [ -4.003965, 58.56646 ], [ -4.017904, 58.599503 ], [ -4.073241, 58.552894 ], [ -4.121536, 58.56876 ], [ -4.16575, 58.545578 ], [ -4.2118, 58.551259 ], [ -4.21215, 58.532344 ], [ -4.241327, 58.535639 ], [ -4.223637, 58.514424 ], [ -4.265999, 58.520399 ], [ -4.279826, 58.539864 ], [ -4.355958, 58.536446 ], [ -4.473582, 58.446334 ], [ -4.453922, 58.495554 ], [ -4.410944, 58.521817 ], [ -4.429062, 58.530556 ], [ -4.42646, 58.550756 ], [ -4.501575, 58.576765 ], [ -4.589416, 58.5771 ], [ -4.610127, 58.522808 ], [ -4.644191, 58.519117 ], [ -4.66505, 58.484009 ], [ -4.756861, 58.449379 ], [ -4.654153, 58.532526 ], [ -4.65582, 58.550906 ], [ -4.737295, 58.568901 ], [ -4.77451, 58.604049 ], [ -4.790376, 58.598784 ], [ -4.767303, 58.578966 ], [ -4.805056, 58.563489 ], [ -4.782213, 58.540887 ], [ -4.810859, 58.522484 ], [ -4.82173, 58.525224 ], [ -4.794998, 58.546315 ], [ -4.831687, 58.598764 ], [ -5.008097, 58.623662 ], [ -5.018472, 58.576324 ], [ -5.053086, 58.541797 ], [ -5.113226, 58.520191 ], [ -5.123928, 58.491039 ], [ -5.058905, 58.462408 ], [ -5.073116, 58.457227 ], [ -5.015764, 58.45117 ], [ -4.991353, 58.427124 ], [ -5.074117, 58.450925 ], [ -5.112977, 58.42842 ], [ -5.078257, 58.417448 ], [ -5.111438, 58.413431 ], [ -5.03986, 58.411159 ], [ -5.068412, 58.402935 ], [ -5.032536, 58.379809 ], [ -5.14167, 58.410913 ], [ -5.172369, 58.363843 ], [ -5.158489, 58.353356 ], [ -5.179354, 58.352058 ], [ -5.16648, 58.321925 ], [ -5.136854, 58.322936 ], [ -5.145253, 58.301678 ], [ -5.122315, 58.285842 ], [ -5.135031, 58.280074 ], [ -5.055117, 58.258777 ], [ -4.932376, 58.25775 ], [ -4.991454, 58.249868 ], [ -4.939279, 58.218488 ], [ -5.010161, 58.254579 ], [ -5.05901, 58.24783 ], [ -5.111381, 58.269451 ], [ -5.131891, 58.265194 ], [ -5.121811, 58.249562 ], [ -5.163222, 58.258097 ], [ -5.172573, 58.241124 ], [ -5.219032, 58.254371 ], [ -5.308277, 58.225914 ], [ -5.378319, 58.262485 ], [ -5.402624, 58.23775 ], [ -5.308104, 58.175987 ], [ -5.294884, 58.164362 ], [ -5.30426, 58.154533 ], [ -5.243935, 58.15142 ], [ -5.293777, 58.137288 ], [ -5.262191, 58.121402 ], [ -5.301912, 58.119593 ], [ -5.268833, 58.102448 ], [ -5.301525, 58.067806 ], [ -5.339959, 58.078589 ], [ -5.356858, 58.060843 ], [ -5.427699, 58.10452 ], [ -5.454818, 58.073543 ], [ -5.418874, 58.053405 ], [ -5.417401, 58.035742 ], [ -5.364043, 58.027274 ], [ -5.308272, 57.980534 ], [ -5.180956, 57.948941 ], [ -5.218159, 57.924413 ], [ -5.102211, 57.870619 ], [ -5.07106, 57.822945 ], [ -5.129184, 57.874095 ], [ -5.240682, 57.915908 ], [ -5.328577, 57.915412 ], [ -5.36347, 57.93745 ], [ -5.402899, 57.929505 ], [ -5.221281, 57.844299 ], [ -5.310401, 57.861229 ], [ -5.419774, 57.906894 ], [ -5.464113, 57.853176 ], [ -5.537776, 57.869576 ], [ -5.56036, 57.915363 ], [ -5.620264, 57.922655 ], [ -5.65327, 57.878727 ], [ -5.638938, 57.857527 ], [ -5.583982, 57.835901 ], [ -5.595189, 57.802228 ], [ -5.580922, 57.791857 ], [ -5.618976, 57.789499 ], [ -5.604433, 57.768476 ], [ -5.665125, 57.797935 ], [ -5.688414, 57.865605 ], [ -5.811844, 57.857265 ], [ -5.809458, 57.750201 ], [ -5.698047, 57.7284 ], [ -5.678028, 57.703872 ], [ -5.685347, 57.691461 ], [ -5.737007, 57.707441 ], [ -5.786543, 57.695243 ], [ -5.816844, 57.641067 ], [ -5.756662, 57.623957 ], [ -5.667679, 57.547036 ], [ -5.591568, 57.556625 ], [ -5.514464, 57.54076 ], [ -5.625424, 57.522612 ], [ -5.654473, 57.541197 ], [ -5.65055, 57.511886 ], [ -5.696834, 57.532171 ], [ -5.707928, 57.554767 ], [ -5.741439, 57.545843 ], [ -5.810766, 57.583804 ], [ -5.837233, 57.576757 ], [ -5.871375, 57.476035 ], [ -5.853209, 57.444367 ], [ -5.80964, 57.438883 ], [ -5.824092, 57.418239 ], [ -5.810227, 57.400481 ], [ -5.828384, 57.387529 ], [ -5.820764, 57.364528 ], [ -5.809479, 57.371012 ], [ -5.787075, 57.348504 ], [ -5.733358, 57.354676 ], [ -5.610114, 57.414902 ], [ -5.597145, 57.390154 ], [ -5.635349, 57.369321 ], [ -5.555331, 57.359014 ], [ -5.448932, 57.423504 ], [ -5.441283, 57.41376 ], [ -5.459131, 57.390404 ], [ -5.534501, 57.353474 ], [ -5.683284, 57.340428 ], [ -5.675017, 57.326606 ], [ -5.720148, 57.311132 ], [ -5.730463, 57.283381 ], [ -5.590106, 57.27179 ], [ -5.498489, 57.292158 ], [ -5.513207, 57.279178 ], [ -5.505282, 57.266915 ], [ -5.405974, 57.229299 ], [ -5.440116, 57.218263 ], [ -5.529712, 57.270016 ], [ -5.634398, 57.25099 ], [ -5.654511, 57.228018 ], [ -5.625187, 57.213455 ], [ -5.679345, 57.181986 ], [ -5.688859, 57.157859 ], [ -5.563957, 57.1337 ], [ -5.531531, 57.103757 ], [ -5.387516, 57.106922 ], [ -5.50965, 57.097269 ], [ -5.519277, 57.082748 ], [ -5.593321, 57.118983 ], [ -5.719572, 57.118121 ], [ -5.792788, 57.055651 ], [ -5.746245, 57.030128 ], [ -5.684846, 57.037663 ], [ -5.663729, 56.997193 ], [ -5.61864, 56.98386 ], [ -5.513295, 56.995865 ], [ -5.635568, 56.971195 ], [ -5.706655, 56.991078 ], [ -5.726804, 57.017051 ], [ -5.817783, 57.012192 ], [ -5.845826, 56.973567 ], [ -5.820183, 56.96286 ], [ -5.843925, 56.966152 ], [ -5.882029, 56.919726 ], [ -5.846018, 56.906659 ], [ -5.922762, 56.890367 ], [ -5.889162, 56.875949 ], [ -5.737927, 56.8951 ], [ -5.7297, 56.886278 ], [ -5.786889, 56.862217 ], [ -5.740423, 56.852027 ], [ -5.673972, 56.876348 ], [ -5.718778, 56.844929 ], [ -5.854561, 56.83175 ], [ -5.861638, 56.808234 ], [ -5.884867, 56.797095 ], [ -5.759047, 56.785047 ], [ -5.88607, 56.783201 ], [ -5.850094, 56.742701 ], [ -5.882876, 56.760538 ], [ -5.909738, 56.753052 ], [ -5.963335, 56.783903 ], [ -5.98235, 56.769462 ], [ -6.187547, 56.754208 ], [ -6.184533, 56.737985 ], [ -6.224742, 56.726891 ], [ -6.214637, 56.701145 ], [ -6.18659, 56.688452 ], [ -6.053334, 56.692607 ], [ -5.975992, 56.673709 ], [ -5.947709, 56.685692 ], [ -5.835676, 56.676153 ], [ -5.777067, 56.712638 ], [ -5.719485, 56.710585 ], [ -5.661714, 56.680786 ], [ -5.537143, 56.686535 ], [ -5.675578, 56.677887 ], [ -5.746483, 56.701316 ], [ -5.879152, 56.651837 ], [ -5.828799, 56.623112 ], [ -5.892187, 56.64037 ], [ -5.927841, 56.668805 ], [ -5.950158, 56.65976 ], [ -5.918294, 56.652739 ], [ -6.006337, 56.642394 ], [ -5.959024, 56.583309 ], [ -5.903486, 56.551476 ], [ -5.779825, 56.534225 ], [ -5.745848, 56.561812 ], [ -5.76845, 56.530779 ], [ -5.684648, 56.498757 ], [ -5.549205, 56.553816 ], [ -5.494775, 56.606229 ], [ -5.525497, 56.616463 ], [ -5.469977, 56.6163 ], [ -5.302413, 56.711218 ], [ -5.28367, 56.702149 ], [ -5.243365, 56.72058 ], [ -5.256213, 56.731693 ], [ -5.230805, 56.751693 ], [ -5.236165, 56.765929 ], [ -5.123521, 56.827131 ], [ -5.179922, 56.846025 ], [ -5.311119, 56.846981 ], [ -5.334743, 56.859508 ], [ -5.191951, 56.855041 ], [ -5.092236, 56.830024 ], [ -5.245079, 56.703853 ], [ -5.161114, 56.686571 ], [ -5.050027, 56.704679 ], [ -5.115485, 56.680897 ], [ -5.22227, 56.686092 ], [ -5.301797, 56.66048 ], [ -5.319642, 56.650506 ], [ -5.300042, 56.639903 ], [ -5.38503, 56.578404 ], [ -5.373428, 56.565962 ], [ -5.416072, 56.54981 ], [ -5.381022, 56.526293 ], [ -5.294021, 56.545718 ], [ -5.358429, 56.514978 ], [ -5.43714, 56.518363 ], [ -5.469258, 56.483636 ], [ -5.452886, 56.478542 ], [ -5.424964, 56.499827 ], [ -5.401629, 56.458606 ], [ -5.345069, 56.471205 ], [ -5.267772175303305, 56.456074900004779 ], [ -5.439892, 56.45525 ], [ -5.483638, 56.435536 ], [ -5.473655, 56.414154 ], [ -5.51359, 56.39603 ], [ -5.537433, 56.358244 ], [ -5.520685, 56.346448 ], [ -5.446102, 56.362402 ], [ -5.574872, 56.334814 ], [ -5.597754, 56.25163 ], [ -5.502074, 56.269047 ], [ -5.488498, 56.257437 ], [ -5.565263, 56.236486 ], [ -5.543864, 56.216689 ], [ -5.604855, 56.159304 ], [ -5.592057, 56.150959 ], [ -5.612559, 56.132157 ], [ -5.504147, 56.187697 ], [ -5.56773, 56.113579 ], [ -5.531645, 56.099616 ], [ -5.541469, 56.086593 ], [ -5.527774, 56.075162 ], [ -5.584057, 56.090801 ], [ -5.706196, 55.964309 ], [ -5.684466, 55.963018 ], [ -5.701362, 55.94838 ], [ -5.690998, 55.935597 ], [ -5.652813, 55.997157 ], [ -5.649631, 55.984868 ], [ -5.613767, 56.016681 ], [ -5.623798, 56.023788 ], [ -5.573169, 56.03681 ], [ -5.59204, 56.018883 ], [ -5.575438, 56.016227 ], [ -5.663585, 55.950144 ], [ -5.686887, 55.911888 ], [ -5.677278, 55.888212 ], [ -5.573168, 55.935335 ], [ -5.651115, 55.863536 ], [ -5.669082, 55.812987 ], [ -5.641575, 55.789142 ], [ -5.61258, 55.790605 ], [ -5.611105, 55.762364 ], [ -5.53723, 55.78786 ], [ -5.444216, 55.85447 ], [ -5.474451, 55.811958 ], [ -5.570504, 55.765795 ], [ -5.628867, 55.70371 ], [ -5.675788, 55.682487 ], [ -5.663723, 55.667915 ], [ -5.672892, 55.633061 ], [ -5.694332, 55.587618 ], [ -5.715679, 55.578094 ], [ -5.705433, 55.532051 ], [ -5.720035, 55.434636 ], [ -5.796217, 55.391145 ], [ -5.803529, 55.30525 ], [ -5.758611, 55.289208 ], [ -5.603291, 55.307961 ], [ -5.563729, 55.323796 ], [ -5.517333, 55.36964 ], [ -5.550984, 55.416539 ], [ -5.602944, 55.426133 ], [ -5.551904, 55.435107 ], [ -5.544595, 55.467462 ], [ -5.512111, 55.487706 ], [ -5.490486, 55.53134 ], [ -5.492712, 55.568833 ], [ -5.459734, 55.577218 ], [ -5.481358, 55.643048 ], [ -5.446311, 55.709546 ], [ -5.39697, 55.748009 ], [ -5.325805, 55.766511 ], [ -5.315194, 55.785732 ], [ -5.339553, 55.826985 ], [ -5.41203, 55.865259 ], [ -5.397554, 55.871628 ], [ -5.449972, 55.971654 ], [ -5.440326, 56.034151 ], [ -5.406165, 56.002161 ], [ -5.381027, 56.005432 ], [ -5.344101, 56.024477 ], [ -5.333626, 56.067675 ], [ -5.299167, 56.065369 ], [ -5.245452, 56.121775 ], [ -5.117606, 56.171394 ], [ -5.057789, 56.244024 ], [ -4.995516, 56.243732 ], [ -4.924012, 56.269659 ], [ -5.057341, 56.209295 ], [ -5.100249, 56.157074 ], [ -5.198901, 56.129432 ], [ -5.338982, 55.995561 ], [ -5.345331, 55.970302 ], [ -5.33153, 55.955011 ], [ -5.346823, 55.892821 ], [ -5.307105, 55.854256 ], [ -5.204757, 55.82998 ], [ -5.240247, 55.895898 ], [ -5.197176, 55.932446 ], [ -5.19125, 55.979617 ], [ -5.176629, 55.933881 ], [ -5.077214, 55.899327 ], [ -5.124396, 56.007625 ], [ -5.104413, 55.970653 ], [ -5.068996, 55.951112 ], [ -5.044486, 55.87122 ], [ -4.981017, 55.862104 ], [ -4.907653, 55.967088 ], [ -4.960682, 55.991283 ], [ -4.898966, 55.984557 ], [ -4.913984, 56.051183 ], [ -4.874655, 56.087656 ], [ -4.907796, 56.111328 ], [ -4.900732, 56.145184 ], [ -4.91631, 56.164623 ], [ -4.901762, 56.169338 ], [ -4.883577, 56.143587 ], [ -4.887461, 56.110914 ], [ -4.863625, 56.101258 ], [ -4.788921, 56.182262 ], [ -4.748651, 56.203329 ], [ -4.87974, 56.058627 ], [ -4.852221, 55.989793 ], [ -4.767973, 55.98951 ], [ -4.825468, 56.033338 ], [ -4.841513, 56.05951 ], [ -4.829711, 56.079159 ], [ -4.785318, 56.016962 ], [ -4.700458, 55.99163 ], [ -4.686104, 55.976088 ], [ -4.70199, 55.968062 ], [ -4.485819, 55.93025 ], [ -4.347915818604263, 55.873537200816038 ], [ -4.406795, 55.885971 ], [ -4.489372, 55.926091 ], [ -4.668806, 55.933132 ], [ -4.783518, 55.9623 ], [ -4.876468, 55.943647 ], [ -4.87346, 55.909234 ], [ -4.898174, 55.892023 ], [ -4.857772, 55.74858 ], [ -4.894689, 55.736579 ], [ -4.885311, 55.729114 ], [ -4.902706, 55.721858 ], [ -4.904572, 55.698899 ], [ -4.863706, 55.684382 ], [ -4.816291, 55.647826 ], [ -4.823959, 55.638861 ], [ -4.692056, 55.607601 ], [ -4.658272, 55.570289 ], [ -4.659519, 55.548402 ], [ -4.685022, 55.546121 ], [ -4.630304, 55.519146 ], [ -4.620939, 55.493759 ], [ -4.650549, 55.441878 ], [ -4.750376, 55.417304 ], [ -4.769106, 55.400679 ], [ -4.774532, 55.360635 ], [ -4.844627, 55.325699 ], [ -4.83567, 55.290185 ], [ -4.860553, 55.228392 ], [ -4.991581, 55.142951 ], [ -5.014296, 55.089294 ], [ -5.049386, 55.056236 ], [ -5.055293, 55.012623 ], [ -4.993167, 54.915599 ], [ -5.028676, 54.906307 ], [ -5.060369, 54.923677 ], [ -5.070847, 54.988598 ], [ -5.098427, 55.017751 ], [ -5.168915, 55.000723 ], [ -5.1859, 54.97706 ], [ -5.184936, 54.915936 ], [ -5.148127, 54.861269 ], [ -5.011113, 54.782945 ], [ -4.992112, 54.735082 ], [ -4.957335, 54.727672 ], [ -4.966271, 54.717656 ], [ -4.948405, 54.700672 ], [ -4.973685, 54.686215 ], [ -4.965247, 54.664946 ], [ -4.858586, 54.633955 ], [ -4.883512, 54.654537 ], [ -4.868183, 54.681469 ], [ -4.906068, 54.702274 ], [ -4.960715, 54.804733 ], [ -4.937931, 54.831495 ], [ -4.853797, 54.857929 ], [ -4.85756, 54.869735 ], [ -4.600995, 54.776748 ], [ -4.571205, 54.738574 ], [ -4.517856, 54.713048 ], [ -4.392265, 54.677955 ], [ -4.349131, 54.710266 ], [ -4.365685, 54.723028 ], [ -4.355801, 54.766318 ], [ -4.369866, 54.773135 ], [ -4.367723, 54.793353 ], [ -4.342683, 54.801043 ], [ -4.413125, 54.829623 ], [ -4.425536, 54.880473 ], [ -4.398723, 54.89277 ], [ -4.399659841996116, 54.910220994848672 ], [ -4.362567, 54.864452 ], [ -4.306033, 54.844512 ], [ -4.262015, 54.8372 ], [ -4.205098, 54.866476 ], [ -4.222241, 54.841083 ], [ -4.20646, 54.813645 ], [ -4.157523, 54.780595 ], [ -4.123296, 54.786539 ], [ -4.103713, 54.767958 ], [ -4.090187, 54.772577 ], [ -4.089357, 54.8143 ], [ -4.046753, 54.859433 ], [ -4.0711, 54.816436 ], [ -4.04778, 54.81678 ], [ -4.062495, 54.78107 ], [ -3.984394, 54.770113 ], [ -3.830073, 54.821488 ], [ -3.85922, 54.844875 ], [ -3.838755, 54.863935 ], [ -3.808965, 54.845632 ], [ -3.825064, 54.862678 ], [ -3.820403, 54.891198 ], [ -3.786378, 54.85411 ], [ -3.69744, 54.885855 ], [ -3.595994, 54.873432 ], [ -3.564166, 54.907432 ], [ -3.588383, 54.931747 ], [ -3.579521028414932, 55.002727024141308 ], [ -3.560188, 54.978977 ], [ -3.522266, 54.965826 ], [ -3.474754, 54.967321 ], [ -3.437165, 54.991678 ], [ -3.404704, 54.974215 ], [ -3.269016, 54.966215 ], [ -3.274565, 54.979708 ], [ -3.150309, 54.963859 ], [ -3.05026, 54.984706 ], [ -3.039197, 54.973082 ], [ -3.058795, 54.982576 ], [ -3.104533, 54.970834 ], [ -3.126018, 54.938043 ], [ -3.006199, 54.94408 ], [ -3.140999, 54.928384 ], [ -3.23047, 54.952164 ], [ -3.284667, 54.941558 ], [ -3.313484, 54.917328 ], [ -3.279877, 54.903334 ], [ -3.232109, 54.909218 ], [ -3.287706, 54.892172 ], [ -3.280623, 54.873569 ], [ -3.340176, 54.898929 ], [ -3.398331, 54.868192 ], [ -3.437554, 54.801598 ], [ -3.435738, 54.760746 ], [ -3.509451, 54.717078 ], [ -3.526129, 54.685894 ], [ -3.577346, 54.650633 ], [ -3.568436, 54.612911 ], [ -3.584442, 54.564243 ], [ -3.638951, 54.512921 ], [ -3.437694, 54.345697 ], [ -3.418976, 54.350482 ], [ -3.440323, 54.364931 ], [ -3.392376, 54.340783 ], [ -3.422337, 54.33804 ], [ -3.419825, 54.282898 ], [ -3.321704, 54.190516 ], [ -3.253639, 54.192484 ], [ -3.240447, 54.203054 ], [ -3.253941, 54.219162 ], [ -3.226224, 54.23941 ], [ -3.229782, 54.260086 ], [ -3.21539, 54.256505 ], [ -3.194283, 54.229142 ], [ -3.218184, 54.176887 ], [ -3.256561, 54.16382 ], [ -3.237737, 54.155506 ], [ -3.241855, 54.112373 ], [ -3.225681, 54.094387 ], [ -3.19407, 54.103267 ], [ -3.173133, 54.079284 ], [ -3.106345, 54.118929 ], [ -3.060865, 54.162029 ], [ -3.053117, 54.19894 ], [ -3.032794, 54.21176 ], [ -3.047062555105781, 54.229059588809953 ], [ -3.015696, 54.204633 ], [ -3.032554, 54.19555 ], [ -2.997325, 54.171552 ], [ -3.011171, 54.131719 ], [ -2.933085, 54.156009 ], [ -2.904582, 54.194744 ], [ -2.797162, 54.226957 ], [ -2.799892, 54.245213 ], [ -2.789148, 54.22734 ], [ -2.86947, 54.176738 ], [ -2.820699, 54.124336 ], [ -2.795455, 54.127328 ], [ -2.801367, 54.115627 ], [ -2.923117, 54.03068 ], [ -2.903142, 54.01971 ], [ -2.900028, 53.988722 ], [ -2.881023, 53.99013 ], [ -2.87386, 54.005393 ], [ -2.835928, 54.010304 ], [ -2.845187, 54.042969 ], [ -2.842735446696474, 54.043793000213327 ], [ -2.828437, 54.027893 ], [ -2.832992, 53.998826 ], [ -2.869269, 53.991699 ], [ -2.876596, 53.975027 ], [ -2.856456, 53.966022 ], [ -2.887301, 53.942292 ], [ -2.916305, 53.951335 ], [ -2.995343, 53.931395 ], [ -2.97630019817167, 53.878490385811432 ], [ -3.001932, 53.893679 ], [ -3.005842, 53.927179 ], [ -3.050171, 53.919196 ], [ -3.057927, 53.771801 ], [ -3.026856, 53.743103 ], [ -2.929147, 53.731544 ], [ -2.757161, 53.756469 ], [ -2.853281, 53.735684 ], [ -2.833743, 53.72213 ], [ -2.862453, 53.733768 ], [ -2.939389, 53.72407 ], [ -2.940817, 53.707607 ], [ -2.975558, 53.696784 ], [ -3.049114, 53.628376 ], [ -3.104805, 53.547367 ], [ -3.065519, 53.522158 ], [ -2.984459, 53.386194 ], [ -2.878141, 53.334224 ], [ -2.787653, 53.322819 ], [ -2.764338, 53.34819 ], [ -2.628237, 53.375564 ], [ -2.753752, 53.343475 ], [ -2.76334, 53.327492 ], [ -2.752411, 53.314754 ], [ -2.789268, 53.296875 ], [ -2.837276, 53.308126 ], [ -2.878002, 53.29102 ], [ -2.949566, 53.32333 ], [ -3.03904, 53.440799 ], [ -3.056702, 53.44012 ], [ -3.19957, 53.38704 ], [ -3.082207, 53.280053 ], [ -3.101346, 53.266941 ], [ -3.084193, 53.256122 ], [ -3.098022, 53.250245 ], [ -3.072328, 53.243361 ], [ -3.0818, 53.236552 ], [ -3.288527, 53.327156 ], [ -3.322671, 53.357352 ], [ -3.613201, 53.290127 ], [ -3.715346, 53.294937 ], [ -3.77573, 53.328183 ], [ -3.82332, 53.323768 ], [ -3.867676, 53.342763 ], [ -3.876472, 53.332747 ], [ -3.843825, 53.318332 ], [ -3.822476, 53.279839 ], [ -3.852116, 53.295206 ], [ -4.03492, 53.236828 ], [ -4.123171, 53.236857 ], [ -4.193697, 53.213373 ], [ -4.214146, 53.182182 ], [ -4.311745, 53.126125 ], [ -4.314543, 53.101629 ], [ -4.331401, 53.12323 ], [ -4.345858, 53.114633 ], [ -4.336519, 53.078285 ], [ -4.353505, 53.033516 ], [ -4.412037, 52.997805 ], [ -4.437648, 52.998025 ], [ -4.510977, 52.945022 ], [ -4.554233, 52.937295 ], [ -4.566697, 52.948009 ], [ -4.648896, 52.90602 ], [ -4.668502, 52.879126 ], [ -4.724931, 52.854048 ], [ -4.723816, 52.837218 ], [ -4.767069, 52.797305 ], [ -4.731913, 52.782827 ], [ -4.719415, 52.802857 ], [ -4.645519, 52.799827 ], [ -4.593807, 52.82402 ], [ -4.542777, 52.803971 ], [ -4.527606, 52.778173 ], [ -4.486717, 52.795592 ], [ -4.502715, 52.827123 ], [ -4.470929, 52.847954 ], [ -4.477759, 52.855769 ], [ -4.407789, 52.890211 ], [ -4.326858, 52.892703 ], [ -4.316233, 52.908416 ], [ -4.22667, 52.919036 ], [ -4.168194, 52.905787 ], [ -4.128444, 52.922671 ], [ -4.103833, 52.909373 ], [ -4.058637, 52.920723 ], [ -4.082776, 52.901663 ], [ -4.149006, 52.894687 ], [ -4.119095, 52.848087 ], [ -4.150178, 52.807908 ], [ -4.053876, 52.718955 ], [ -3.938924, 52.748878 ], [ -4.056543, 52.707908 ], [ -4.059046, 52.687534 ], [ -4.116427, 52.640332 ], [ -4.126514, 52.607342 ], [ -4.061663, 52.541387 ], [ -3.931013, 52.553612 ], [ -4.014125, 52.527119 ], [ -4.054701, 52.533337 ], [ -4.052084, 52.481773 ], [ -4.080997, 52.442957 ], [ -4.089329, 52.399124 ], [ -4.140007, 52.323421 ], [ -4.207504, 52.26382 ], [ -4.324325, 52.214014 ], [ -4.37812, 52.214786 ], [ -4.518849, 52.135265 ], [ -4.690252, 52.133104 ], [ -4.681701, 52.085983 ], [ -4.689811, 52.103387 ], [ -4.731545, 52.116798 ], [ -4.777856, 52.067228 ], [ -4.843931, 52.043649 ], [ -4.823886, 52.019691 ], [ -4.910007, 52.034279 ], [ -4.920297, 52.010741 ], [ -4.970556, 51.995996 ], [ -4.992058, 52.0048 ], [ -4.988983, 52.023677 ], [ -5.073848, 52.03036 ], [ -5.088449, 52.016617 ], [ -5.073313, 52.004529 ], [ -5.093886, 51.993847 ], [ -5.086008, 51.968773 ], [ -5.19321, 51.94996 ], [ -5.312044, 51.904215 ], [ -5.296032, 51.894325 ], [ -5.319721, 51.862069 ], [ -5.21837, 51.872905 ], [ -5.12847, 51.858505 ], [ -5.10335, 51.804981 ], [ -5.107775, 51.775085 ], [ -5.160457, 51.771646 ], [ -5.210676, 51.735723 ], [ -5.25175, 51.736465 ], [ -5.189192, 51.707814 ], [ -5.174884, 51.682265 ], [ -5.15498, 51.695973 ], [ -5.168676, 51.717724 ], [ -5.116261, 51.712761 ], [ -5.104825, 51.724394 ], [ -5.086234, 51.708388 ], [ -4.984063, 51.699696 ], [ -4.894231, 51.71218 ], [ -4.901928, 51.765339 ], [ -4.94125, 51.765907 ], [ -4.945975, 51.787526 ], [ -4.93877, 51.768559 ], [ -4.847883, 51.788988 ], [ -4.88653, 51.767085 ], [ -4.89538, 51.742957 ], [ -4.876263, 51.733612 ], [ -4.880564, 51.719585 ], [ -4.83142, 51.725357 ], [ -4.859928, 51.719489 ], [ -4.848177, 51.702434 ], [ -4.884172, 51.716267 ], [ -4.913769, 51.692299 ], [ -4.931102, 51.70391 ], [ -4.972269, 51.686593 ], [ -4.929593, 51.681244 ], [ -4.93787, 51.67279 ], [ -5.030462, 51.694302 ], [ -5.050275, 51.692092 ], [ -5.049044, 51.67711 ], [ -5.103185, 51.691727 ], [ -5.122747, 51.680681 ], [ -5.06449, 51.661389 ], [ -5.050886, 51.639296 ], [ -5.058413, 51.621429 ], [ -4.94599, 51.598436 ], [ -4.859085, 51.646958 ], [ -4.782426, 51.635294 ], [ -4.753991, 51.653693 ], [ -4.712904, 51.652582 ], [ -4.682712, 51.697481 ], [ -4.696793, 51.712076 ], [ -4.66094, 51.731625 ], [ -4.423239, 51.741059 ], [ -4.466582, 51.78849 ], [ -4.404876, 51.757286 ], [ -4.365461783107053, 51.784894730775832 ], [ -4.375646, 51.75544 ], [ -4.363163, 51.737848 ], [ -4.314496, 51.727138 ], [ -4.381669, 51.728043 ], [ -4.317701, 51.675274 ], [ -4.198065, 51.683701 ], [ -4.146161, 51.655657 ], [ -4.085705, 51.662542 ], [ -4.079578, 51.688267 ], [ -4.051675, 51.700455 ], [ -4.075789, 51.683229 ], [ -4.077826, 51.657495 ], [ -4.171527, 51.624842 ], [ -4.236101, 51.631 ], [ -4.244031, 51.64713 ], [ -4.306302, 51.61073 ], [ -4.291014, 51.570685 ], [ -4.325949, 51.564039 ], [ -4.211295, 51.538093 ], [ -4.15199, 51.542002 ], [ -4.156659, 51.560617 ], [ -4.132306, 51.569109 ], [ -3.992029, 51.563607 ], [ -3.977942, 51.568819 ], [ -3.999475, 51.587131 ], [ -3.976991, 51.6073 ], [ -3.850058, 51.618915 ], [ -3.83131, 51.633018 ], [ -3.850085, 51.614423 ], [ -3.781448, 51.56143 ], [ -3.720264, 51.480258 ], [ -3.650394, 51.477676 ], [ -3.557519, 51.401242 ], [ -3.40457, 51.381807 ], [ -3.17152, 51.406013 ], [ -3.164844, 51.440946 ], [ -3.186994, 51.448055 ], [ -3.175834, 51.463077 ], [ -3.156819, 51.451963 ], [ -3.12267, 51.49044 ], [ -3.029831, 51.519884 ], [ -2.970095, 51.557028 ], [ -2.986083, 51.567992 ], [ -2.977107, 51.576708 ], [ -2.992427, 51.607605 ], [ -2.973515, 51.576299 ], [ -2.983205, 51.568522 ], [ -2.965377, 51.556272 ], [ -2.980746, 51.54487 ], [ -2.905765, 51.532552 ], [ -2.712441, 51.582893 ], [ -2.658568, 51.622634 ], [ -2.666091, 51.639396 ], [ -2.652318, 51.610882 ], [ -2.608466, 51.672634 ], [ -2.506082, 51.710129 ], [ -2.471311, 51.744186 ], [ -2.405463, 51.771621 ], [ -2.448422, 51.784919 ], [ -2.446218273484323, 51.793240734021808 ], [ -2.383637, 51.774912 ], [ -2.383, 51.758397 ], [ -2.481051, 51.725258 ], [ -2.489302, 51.700485 ], [ -2.558126, 51.666319 ], [ -2.584763, 51.628299 ], [ -2.66388, 51.573158 ], [ -2.71434, 51.506227 ], [ -2.679612, 51.480213 ], [ -2.720198, 51.501351 ], [ -2.771031, 51.494701 ], [ -2.851488, 51.453705 ], [ -2.913409, 51.395265 ], [ -2.973406, 51.389255 ], [ -2.96424, 51.368249 ], [ -2.993151, 51.357404 ], [ -2.99185, 51.321228 ], [ -3.018811, 51.32444 ], [ -3.003843, 51.22239 ], [ -3.055796, 51.179168 ], [ -3.000637, 51.161186 ], [ -3.059418, 51.178699 ], [ -3.020376, 51.218274 ], [ -3.076505, 51.201604 ], [ -3.201175, 51.201465 ], [ -3.277682, 51.179546 ], [ -3.405256, 51.18267 ], [ -3.53698, 51.23128 ], [ -3.620024, 51.217101 ], [ -3.786726, 51.245972 ], [ -3.809057, 51.232084 ], [ -3.926032, 51.231745 ], [ -4.044808, 51.208644 ], [ -4.085742, 51.216877 ], [ -4.226586, 51.187681 ], [ -4.210474, 51.171834 ], [ -4.220102, 51.147362 ], [ -4.259391, 51.143896 ], [ -4.222649, 51.116663 ], [ -4.216178, 51.076256 ], [ -4.190923, 51.065573 ], [ -4.117405, 51.094393 ], [ -4.057695, 51.076172 ], [ -4.11689, 51.089506 ], [ -4.17987, 51.066591 ], [ -4.203555135055335, 51.008760408590192 ], [ -4.206125, 51.010658 ], [ -4.191398, 51.054843 ], [ -4.214898, 51.064248 ], [ -4.304822, 50.996831 ], [ -4.345269, 50.988857 ], [ -4.523798, 51.021196 ], [ -4.545959, 50.928352 ], [ -4.568323, 50.903794 ], [ -4.5528, 50.830535 ], [ -4.562515, 50.781785 ], [ -4.650335, 50.738852 ], [ -4.682112, 50.695655 ], [ -4.76336, 50.669733 ], [ -4.771385, 50.621927 ], [ -4.798259, 50.59813 ], [ -4.933636, 50.587321 ], [ -4.917248, 50.576455 ], [ -4.925387, 50.545683 ], [ -4.845995, 50.524218 ], [ -4.938448, 50.524783 ], [ -4.934491, 50.54704 ], [ -4.951699, 50.568859 ], [ -4.984347, 50.542807 ], [ -5.035594, 50.549121 ], [ -5.023344, 50.509338 ], [ -5.043267, 50.499635 ], [ -5.040464, 50.44929 ], [ -5.074736, 50.416886 ], [ -5.147462, 50.404959 ], [ -5.155027, 50.348762 ], [ -5.233522, 50.318553 ], [ -5.245452, 50.285899 ], [ -5.330701, 50.242117 ], [ -5.394959, 50.240394 ], [ -5.427007, 50.187901 ], [ -5.497595, 50.219833 ], [ -5.672314, 50.165783 ], [ -5.709054, 50.127656 ], [ -5.68907, 50.088442 ], [ -5.716256, 50.067546 ], [ -5.674328, 50.034975 ], [ -5.576896, 50.052374 ], [ -5.540045, 50.075014 ], [ -5.533239, 50.088375 ], [ -5.548699, 50.106586 ], [ -5.527974, 50.124976 ], [ -5.484171, 50.12764 ], [ -5.426981, 50.098498 ], [ -5.390519, 50.103086 ], [ -5.309334, 50.078686 ], [ -5.261499, 50.033596 ], [ -5.266796, 50.003384 ], [ -5.244201, 49.976346 ], [ -5.202062, 49.95931 ], [ -5.167165, 50.002462 ], [ -5.101813, 50.004879 ], [ -5.095961, 50.026615 ], [ -5.058393, 50.052849 ], [ -5.076203, 50.082773 ], [ -5.104496, 50.09393 ], [ -5.179643, 50.089887 ], [ -5.097545, 50.101267 ], [ -5.076781, 50.139213 ], [ -5.042473, 50.14453 ], [ -5.096249, 50.167645 ], [ -5.046751, 50.168743 ], [ -5.093905, 50.208422 ], [ -5.056695, 50.196798 ], [ -5.029208, 50.210978 ], [ -5.017876, 50.240756 ], [ -5.050033, 50.248096 ], [ -5.027074, 50.243717 ], [ -5.002865, 50.270506 ], [ -5.013241, 50.23144 ], [ -4.981616, 50.228061 ], [ -5.017612, 50.223236 ], [ -5.031868, 50.204473 ], [ -5.025022, 50.159714 ], [ -4.998214, 50.165676 ], [ -5.012409, 50.142194 ], [ -4.983741, 50.153292 ], [ -4.947353, 50.204969 ], [ -4.916737, 50.198731 ], [ -4.841501, 50.236828 ], [ -4.798322, 50.219878 ], [ -4.769179, 50.253694 ], [ -4.784681, 50.26199 ], [ -4.78374, 50.285064 ], [ -4.753107, 50.299072 ], [ -4.761416, 50.326819 ], [ -4.691587, 50.346806 ], [ -4.67442, 50.314784 ], [ -4.634260948394873, 50.335986621269157 ], [ -4.633825, 50.325275 ], [ -4.47567, 50.333696 ], [ -4.437139, 50.360437 ], [ -4.386255, 50.364414 ], [ -4.282204, 50.356561 ], [ -4.228995, 50.333322 ], [ -4.224344, 50.311767 ], [ -4.189762, 50.317808 ], [ -4.200225, 50.332211 ], [ -4.168826, 50.344807 ], [ -4.173028, 50.359027 ], [ -4.202536, 50.348187 ], [ -4.197848, 50.359187 ], [ -4.236032, 50.365026 ], [ -4.19572, 50.372098 ], [ -4.202345, 50.38763 ], [ -4.274638, 50.374228 ], [ -4.302242, 50.388151 ], [ -4.287081, 50.394784 ], [ -4.275126, 50.37735 ], [ -4.212027, 50.399246 ], [ -4.218707, 50.425926 ], [ -4.20019, 50.436963 ], [ -4.216875, 50.46332 ], [ -4.225181265705886, 50.463920082178198 ], [ -4.215461, 50.467763 ], [ -4.188706, 50.435027 ], [ -4.154885, 50.458771 ], [ -4.204327, 50.397118 ], [ -4.186175, 50.392376 ], [ -4.184587, 50.367404 ], [ -4.120929420317918, 50.362903228901359 ], [ -4.127776, 50.358369 ], [ -4.119564, 50.321548 ], [ -4.062763365397373, 50.313249864323929 ], [ -4.073188, 50.305852 ], [ -4.037216, 50.292764 ], [ -3.93982, 50.316337 ], [ -3.943815, 50.296255 ], [ -3.8801, 50.284281 ], [ -3.858767, 50.25862 ], [ -3.86647, 50.239517 ], [ -3.820527, 50.217132 ], [ -3.789112, 50.211166 ], [ -3.759866, 50.242299 ], [ -3.773284, 50.275685 ], [ -3.738989, 50.258151 ], [ -3.755516, 50.241948 ], [ -3.736735, 50.238904 ], [ -3.760583, 50.235849 ], [ -3.763158, 50.220175 ], [ -3.720336, 50.203062 ], [ -3.643857, 50.22215 ], [ -3.65826, 50.237886 ], [ -3.633709, 50.300369 ], [ -3.563943, 50.335396 ], [ -3.571175722501785, 50.347109678460001 ], [ -3.543631, 50.335853 ], [ -3.518195, 50.347574 ], [ -3.514402, 50.372701 ], [ -3.483848, 50.399887 ], [ -3.54482, 50.402828 ], [ -3.55909, 50.427662 ], [ -3.540184, 50.460502 ], [ -3.483327, 50.461157 ], [ -3.514097, 50.481668 ], [ -3.497267, 50.537596 ], [ -3.583628, 50.538543 ], [ -3.496618, 50.542249 ], [ -3.429639, 50.605887 ], [ -3.443235, 50.603199 ], [ -3.477617, 50.687732 ], [ -3.451998, 50.678967 ], [ -3.415878, 50.62957 ], [ -3.425194, 50.617702 ], [ -3.359532, 50.607501 ], [ -3.233956, 50.678463 ], [ -3.011171, 50.69991 ], [ -2.909701, 50.733636 ], [ -2.793106, 50.718029 ], [ -2.652679, 50.669887 ], [ -2.503992, 50.596546 ], [ -2.448532, 50.55856 ], [ -2.458108, 50.513794 ], [ -2.41636, 50.550172 ], [ -2.470142, 50.584354 ], [ -2.425226, 50.635224 ], [ -2.193258, 50.621612 ], [ -2.063567, 50.593166 ], [ -2.054581, 50.577363 ], [ -1.960797, 50.591239 ], [ -1.951459, 50.624238 ], [ -1.925923, 50.640353 ], [ -1.951368, 50.64994 ], [ -1.943734, 50.672447 ], [ -2.030606, 50.674038 ], [ -2.027285, 50.706453 ], [ -2.080504, 50.687984 ], [ -2.063475, 50.715838 ], [ -1.957832, 50.714901 ], [ -1.933432, 50.696204 ], [ -1.946435, 50.683952 ], [ -1.865115, 50.717235 ], [ -1.749115, 50.711915 ], [ -1.721992, 50.734394 ], [ -1.577619, 50.716569 ], [ -1.532028, 50.736734 ], [ -1.53595, 50.759239 ], [ -1.396042, 50.774969 ], [ -1.431565, 50.810674 ], [ -1.401075, 50.783224 ], [ -1.35257, 50.783989 ], [ -1.311286, 50.813211 ], [ -1.427017, 50.896509 ], [ -1.476242, 50.910722 ], [ -1.477037, 50.923958 ], [ -1.394089, 50.887099 ], [ -1.379692, 50.920864 ], [ -1.382755, 50.889748 ], [ -1.328108, 50.855135 ], [ -1.312255, 50.849498 ], [ -1.301115, 50.884681 ], [ -1.30593, 50.840498 ], [ -1.143155, 50.774227 ], [ -1.117457, 50.795462 ], [ -1.178248, 50.848566 ], [ -1.120593, 50.83577 ], [ -1.104257, 50.846081 ], [ -1.082694, 50.831394 ], [ -1.098298, 50.825928 ], [ -1.091335, 50.809047 ], [ -1.110836, 50.806095 ], [ -1.090968, 50.778287 ], [ -1.029731, 50.789452 ], [ -1.044058, 50.790203 ], [ -1.044056, 50.831844 ], [ -1.025537, 50.826717 ], [ -1.018194, 50.843183 ], [ -0.932831, 50.843151 ], [ -0.941255, 50.815484 ], [ -0.91139, 50.804301 ], [ -0.912176, 50.839654 ], [ -0.87811, 50.812044 ], [ -0.858971, 50.838886 ], [ -0.852248, 50.828104 ], [ -0.868803, 50.815138 ], [ -0.847516341661125, 50.805877592774863 ], [ -0.878136, 50.807339 ] ], [ [ 4.797162, 53.140591 ], [ 4.808541, 53.134007 ], [ 4.78507, 53.1306 ], [ 4.72015, 53.061047 ], [ 4.708831, 53.022466 ], [ 4.718453, 52.986044 ], [ 4.773648, 52.99643 ], [ 4.751744, 53.009661 ], [ 4.791783, 53.001787 ], [ 4.861242, 53.04249 ], [ 4.896676, 53.077504 ], [ 4.898608, 53.098553 ], [ 4.908276, 53.134763 ], [ 4.860849, 53.182878 ], [ 4.841128, 53.182882 ], [ 4.797162, 53.140591 ] ], [ [ 4.967728, 53.241125 ], [ 4.974199, 53.265411 ], [ 5.100595, 53.303039 ], [ 5.032021, 53.300885 ], [ 4.922782, 53.250392 ], [ 4.850373, 53.211361 ], [ 4.922782, 53.217726 ], [ 4.967728, 53.241125 ] ], [ [ 5.490492, 53.444198 ], [ 5.199518, 53.395521 ], [ 5.153879, 53.35556 ], [ 5.194963, 53.349503 ], [ 5.501403, 53.424353 ], [ 5.550366, 53.436359 ], [ 5.490492, 53.444198 ] ], [ [ -3.034884, 58.819936 ], [ -2.977294, 58.815874 ], [ -3.020411, 58.805436 ], [ -2.981921, 58.785604 ], [ -2.991317, 58.754994 ], [ -2.961281, 58.730417 ], [ -2.916802, 58.735741 ], [ -2.909683, 58.753637 ], [ -2.938522, 58.766653 ], [ -2.921192, 58.785911 ], [ -2.929169, 58.794092 ], [ -2.882829, 58.817623 ], [ -2.907953, 58.838992 ], [ -3.034884, 58.819936 ] ], [ [ -3.111221, 58.83685 ], [ -3.067443, 58.847784 ], [ -3.146823, 58.830502 ], [ -3.128609, 58.814145 ], [ -3.079574, 58.817784 ], [ -3.07883, 58.83197 ], [ -3.111221, 58.83685 ] ], [ [ -2.963215, 58.851065 ], [ -2.907537, 58.845366 ], [ -2.86125, 58.852422 ], [ -2.88859, 58.855596 ], [ -2.886924, 58.873944 ], [ -2.963215, 58.851065 ] ], [ [ -2.711352, 58.922178 ], [ -2.708124, 58.97245 ], [ -2.803952, 58.947118 ], [ -2.781089, 58.916112 ], [ -2.711352, 58.922178 ] ], [ [ -2.957455, 58.985576 ], [ -3.003431, 59.009499 ], [ -3.055323, 58.99511 ], [ -3.112533, 59.007591 ], [ -3.063846, 59.024798 ], [ -3.057061, 59.047469 ], [ -3.016598, 59.040573 ], [ -3.004871, 59.056055 ], [ -3.010893, 59.077729 ], [ -3.059486, 59.097203 ], [ -3.05296, 59.110189 ], [ -3.199521, 59.153034 ], [ -3.321404, 59.134719 ], [ -3.35608, 59.103778 ], [ -3.334724, 59.054099 ], [ -3.356866, 59.04819 ], [ -3.366252, 59.014412 ], [ -3.353972, 58.965108 ], [ -3.296109, 58.951728 ], [ -3.292149, 58.968253 ], [ -3.264945, 58.963685 ], [ -3.251568, 58.982628 ], [ -3.230422, 58.966349 ], [ -3.22807, 58.932101 ], [ -3.179386, 58.913149 ], [ -2.977067, 58.962244 ], [ -2.931109, 58.892473 ], [ -2.880406, 58.899227 ], [ -2.830986, 58.872976 ], [ -2.786542, 58.914546 ], [ -2.832289, 58.924716 ], [ -2.828789, 58.945756 ], [ -2.847355, 58.957477 ], [ -2.793841, 58.967802 ], [ -2.802481, 58.990968 ], [ -2.855383, 58.985043 ], [ -2.884584, 58.961061 ], [ -2.918779, 58.965128 ], [ -2.9193, 58.982274 ], [ -2.88961, 58.989753 ], [ -2.914669, 58.992943 ], [ -2.900338, 59.009121 ], [ -2.931109, 59.014351 ], [ -2.957455, 58.985576 ] ], [ [ -2.902417, 59.071311 ], [ -2.932609, 59.035209 ], [ -2.878066, 59.031591 ], [ -2.829194, 59.019931 ], [ -2.808062, 59.029451 ], [ -2.822333, 59.048143 ], [ -2.799568, 59.082245 ], [ -2.83887, 59.076488 ], [ -2.857162, 59.057042 ], [ -2.902417, 59.071311 ] ], [ [ -2.65074, 59.076878 ], [ -2.652396, 59.100784 ], [ -2.636081, 59.106094 ], [ -2.604792, 59.095762 ], [ -2.602184, 59.072238 ], [ -2.537716, 59.076787 ], [ -2.527851, 59.093305 ], [ -2.550607, 59.110653 ], [ -2.54025, 59.12255 ], [ -2.603998, 59.122148 ], [ -2.602882, 59.137415 ], [ -2.575806, 59.142375 ], [ -2.622578, 59.144484 ], [ -2.629127, 59.160011 ], [ -2.669767, 59.152207 ], [ -2.621352, 59.119891 ], [ -2.666669, 59.108747 ], [ -2.685111, 59.077701 ], [ -2.65074, 59.076878 ] ], [ [ -2.965783, 59.187232 ], [ -3.048437, 59.183184 ], [ -3.051292, 59.197157 ], [ -3.076055, 59.20035 ], [ -3.117843, 59.172646 ], [ -3.043156, 59.127338 ], [ -2.963574, 59.138325 ], [ -2.978288, 59.162371 ], [ -2.954164, 59.174117 ], [ -2.965783, 59.187232 ] ], [ [ -2.743577, 59.143345 ], [ -2.757694, 59.182649 ], [ -2.765478, 59.192098 ], [ -2.733957, 59.22146 ], [ -2.761816, 59.233447 ], [ -2.758283, 59.250011 ], [ -2.789485, 59.234838 ], [ -2.780052, 59.190237 ], [ -2.827127, 59.187311 ], [ -2.789238, 59.139621 ], [ -2.743577, 59.143345 ] ], [ [ -2.578627, 59.265602 ], [ -2.532745, 59.301966 ], [ -2.61281, 59.291495 ], [ -2.595404, 59.270259 ], [ -2.605464, 59.259368 ], [ -2.695279, 59.218775 ], [ -2.700431, 59.198014 ], [ -2.688076, 59.187794 ], [ -2.687006, 59.202056 ], [ -2.631649, 59.235194 ], [ -2.531576, 59.237363 ], [ -2.529923, 59.254743 ], [ -2.509072, 59.251423 ], [ -2.464913, 59.280611 ], [ -2.40081, 59.278502 ], [ -2.420652, 59.310428 ], [ -2.558188, 59.261323 ], [ -2.578627, 59.265602 ] ], [ [ 5.214381, 59.300336 ], [ 5.180615, 59.279979 ], [ 5.19367, 59.24808 ], [ 5.168452, 59.205002 ], [ 5.195773, 59.147556 ], [ 5.294695, 59.145042 ], [ 5.310475, 59.16812 ], [ 5.328792, 59.270336 ], [ 5.292329, 59.305853 ], [ 5.322506, 59.31314 ], [ 5.303759, 59.322812 ], [ 5.2804, 59.337665 ], [ 5.298385, 59.350524 ], [ 5.281094, 59.360373 ], [ 5.292012, 59.376505 ], [ 5.239606, 59.410246 ], [ 5.218163, 59.38805 ], [ 5.237279, 59.359966 ], [ 5.214344, 59.362049 ], [ 5.218637, 59.347009 ], [ 5.191217, 59.353553 ], [ 5.20224, 59.319959 ], [ 5.268646, 59.283614 ], [ 5.214381, 59.300336 ] ], [ [ -3.070211, 59.332753 ], [ -3.021939, 59.302034 ], [ -3.023711, 59.278299 ], [ -2.984283, 59.261054 ], [ -2.950658, 59.273984 ], [ -2.956811, 59.289202 ], [ -2.878066, 59.255761 ], [ -2.884143, 59.229766 ], [ -2.840739, 59.249373 ], [ -2.879881, 59.268099 ], [ -2.902393, 59.300775 ], [ -2.931109, 59.303569 ], [ -2.987133, 59.31715 ], [ -2.956292, 59.329469 ], [ -2.966507, 59.341101 ], [ -2.947145, 59.34956 ], [ -2.954414, 59.358411 ], [ -3.003838, 59.32826 ], [ -3.070211, 59.332753 ] ], [ [ -2.890742, 59.38263 ], [ -2.911059, 59.348065 ], [ -2.906502, 59.325213 ], [ -2.878066, 59.333277 ], [ -2.888722, 59.354397 ], [ -2.867781, 59.375233 ], [ -2.890742, 59.38263 ] ], [ [ -2.430465, 59.386509 ], [ -2.449131, 59.358016 ], [ -2.39891, 59.356186 ], [ -2.411601, 59.368158 ], [ -2.397839, 59.382685 ], [ -2.371338, 59.384059 ], [ -2.430465, 59.386509 ] ], [ [ -1.607343, 59.55313 ], [ -1.638734, 59.551897 ], [ -1.656749, 59.521555 ], [ -1.636891, 59.512585 ], [ -1.612972, 59.534154 ], [ -1.599816, 59.534955 ], [ -1.607343, 59.55313 ] ], [ [ 5.323309, 59.734006 ], [ 5.34155, 59.696326 ], [ 5.304618, 59.675496 ], [ 5.393009, 59.707063 ], [ 5.358122, 59.7146 ], [ 5.345299, 59.756144 ], [ 5.293925, 59.807376 ], [ 5.250839, 59.801569 ], [ 5.27413, 59.814891 ], [ 5.23856, 59.828654 ], [ 5.250633, 59.845123 ], [ 5.225231, 59.841906 ], [ 5.17481, 59.878133 ], [ 5.143674, 59.873149 ], [ 5.202849, 59.831188 ], [ 5.202168, 59.820131 ], [ 5.162958, 59.835044 ], [ 5.166687, 59.81531 ], [ 5.136979, 59.820765 ], [ 5.15777, 59.842329 ], [ 5.140742, 59.859409 ], [ 5.078639, 59.870732 ], [ 5.082265, 59.852372 ], [ 5.06522, 59.852745 ], [ 5.133154, 59.826631 ], [ 5.142435, 59.808403 ], [ 5.109628, 59.773189 ], [ 5.131605, 59.752025 ], [ 5.157869, 59.773943 ], [ 5.17654, 59.753167 ], [ 5.240702, 59.754576 ], [ 5.171276, 59.718276 ], [ 5.17555, 59.700274 ], [ 5.153709, 59.675574 ], [ 5.16499, 59.670018 ], [ 5.154412, 59.652748 ], [ 5.18067, 59.627963 ], [ 5.1679, 59.614817 ], [ 5.183436, 59.609552 ], [ 5.184436, 59.57863 ], [ 5.247458, 59.60469 ], [ 5.232112, 59.608706 ], [ 5.244674, 59.628614 ], [ 5.230488, 59.649606 ], [ 5.262106, 59.668241 ], [ 5.24797, 59.697163 ], [ 5.270569, 59.717714 ], [ 5.250294, 59.710147 ], [ 5.245986, 59.744381 ], [ 5.323309, 59.734006 ] ], [ [ 5.27454, 59.860579 ], [ 5.247699, 59.89378 ], [ 5.213861, 59.903265 ], [ 5.25072, 59.863649 ], [ 5.27454, 59.860579 ] ], [ [ 5.132057, 59.969551 ], [ 5.166559, 59.971966 ], [ 5.220676, 59.988598 ], [ 5.183546, 60.016341 ], [ 5.100195, 59.989868 ], [ 5.132057, 59.969551 ] ], [ [ 5.099236, 60.008665 ], [ 5.029903, 60.016327 ], [ 5.076746, 60.009426 ], [ 5.045577, 59.992865 ], [ 5.060925, 59.987808 ], [ 5.090618, 59.982775 ], [ 5.099236, 60.008665 ] ], [ [ 5.203315, 60.122013 ], [ 5.235061, 60.057917 ], [ 5.252883, 60.051298 ], [ 5.224094, 60.043636 ], [ 5.205488, 60.091294 ], [ 5.177108, 60.056748 ], [ 5.208044, 60.060425 ], [ 5.183546, 60.048706 ], [ 5.203633, 60.016333 ], [ 5.252036, 60.006638 ], [ 5.256118, 59.992831 ], [ 5.294532, 60.020214 ], [ 5.293736, 60.0756 ], [ 5.252307, 60.085448 ], [ 5.238198, 60.110694 ], [ 5.203315, 60.122013 ] ], [ [ 5.150841, 60.150218 ], [ 5.116445, 60.143308 ], [ 5.138267, 60.095606 ], [ 5.177952, 60.103578 ], [ 5.14436, 60.131846 ], [ 5.150841, 60.150218 ] ], [ [ -2.045487, 60.128699 ], [ -2.054417, 60.155827 ], [ -2.088733, 60.155484 ], [ -2.116348, 60.133959 ], [ -2.064474, 60.110125 ], [ -2.045487, 60.128699 ] ], [ [ -1.056852, 60.162421 ], [ -1.076849, 60.164722 ], [ -1.075473, 60.190815 ], [ -1.088968, 60.181693 ], [ -1.079055, 60.171744 ], [ -1.130424, 60.184089 ], [ -1.147235, 60.173503 ], [ -1.113378, 60.149683 ], [ -1.121598, 60.120512 ], [ -1.076201, 60.103693 ], [ -1.045879, 60.166235 ], [ -1.056852, 60.162421 ] ], [ [ 5.349459, 60.179684 ], [ 5.321462, 60.161954 ], [ 5.30742, 60.157105 ], [ 5.352129, 60.1425 ], [ 5.37205, 60.169727 ], [ 5.349459, 60.179684 ] ], [ [ 5.084656, 60.174805 ], [ 5.060548, 60.208825 ], [ 5.034075, 60.171743 ], [ 5.067192, 60.161744 ], [ 5.084656, 60.174805 ] ], [ [ -1.262833, 60.445557 ], [ -1.329658, 60.435457 ], [ -1.342469, 60.407597 ], [ -1.377962, 60.398208 ], [ -1.354974, 60.436002 ], [ -1.324544, 60.452585 ], [ -1.328466, 60.474403 ], [ -1.347314, 60.482031 ], [ -1.332683, 60.525864 ], [ -1.356058, 60.531723 ], [ -1.317378, 60.544018 ], [ -1.315373, 60.568929 ], [ -1.330276, 60.583032 ], [ -1.307433, 60.59588 ], [ -1.315055, 60.630017 ], [ -1.34617, 60.620946 ], [ -1.340443, 60.60516 ], [ -1.427392, 60.61845 ], [ -1.438549, 60.576514 ], [ -1.493196, 60.54043 ], [ -1.45597, 60.513853 ], [ -1.41025, 60.511348 ], [ -1.467188, 60.512009 ], [ -1.535644, 60.553084 ], [ -1.563488, 60.53792 ], [ -1.571136, 60.504901 ], [ -1.608229, 60.506048 ], [ -1.627455, 60.486177 ], [ -1.504418, 60.481098 ], [ -1.495405, 60.457673 ], [ -1.461384, 60.486129 ], [ -1.461322, 60.471228 ], [ -1.444918, 60.468913 ], [ -1.464001, 60.458374 ], [ -1.441696, 60.448011 ], [ -1.449834, 60.419245 ], [ -1.398605, 60.414126 ], [ -1.411445, 60.407003 ], [ -1.40572, 60.387534 ], [ -1.356717, 60.391656 ], [ -1.356548, 60.369662 ], [ -1.267811, 60.352544 ], [ -1.337144, 60.358646 ], [ -1.335439, 60.33819 ], [ -1.367235, 60.337305 ], [ -1.354802, 60.30272 ], [ -1.371848, 60.288637 ], [ -1.428643, 60.32576 ], [ -1.458657, 60.313513 ], [ -1.45562, 60.300179 ], [ -1.482309, 60.304947 ], [ -1.473663, 60.285958 ], [ -1.506422, 60.317606 ], [ -1.57493, 60.291226 ], [ -1.643167, 60.306654 ], [ -1.699214, 60.290198 ], [ -1.684239, 60.27711 ], [ -1.690225, 60.240897 ], [ -1.623127, 60.209919 ], [ -1.56511, 60.222666 ], [ -1.554844, 60.203557 ], [ -1.522562, 60.222204 ], [ -1.520439, 60.239404 ], [ -1.48399, 60.217126 ], [ -1.536152, 60.204066 ], [ -1.543113, 60.187659 ], [ -1.459986, 60.151107 ], [ -1.44025, 60.182264 ], [ -1.409277, 60.175041 ], [ -1.3983, 60.207789 ], [ -1.363273, 60.196871 ], [ -1.375861, 60.230882 ], [ -1.407344, 60.250221 ], [ -1.361132, 60.243566 ], [ -1.34502, 60.209189 ], [ -1.30321, 60.234028 ], [ -1.322838, 60.172774 ], [ -1.291052, 60.19045 ], [ -1.303081, 60.135068 ], [ -1.269405, 60.135484 ], [ -1.274268, 60.098314 ], [ -1.318624, 60.012526 ], [ -1.345498, 59.99739 ], [ -1.330742, 59.948531 ], [ -1.363307, 59.945197 ], [ -1.366567, 59.919651 ], [ -1.390885, 59.912932 ], [ -1.379914, 59.890059 ], [ -1.321548, 59.89789 ], [ -1.310852, 59.859229 ], [ -1.296719, 59.87504 ], [ -1.274602, 59.854415 ], [ -1.270914, 59.874321 ], [ -1.29827, 59.883903 ], [ -1.273065, 59.886704 ], [ -1.270614, 59.908427 ], [ -1.286627, 59.9196 ], [ -1.259529, 59.937151 ], [ -1.25585, 59.975052 ], [ -1.274425, 59.990074 ], [ -1.236164, 59.982695 ], [ -1.222605, 59.994131 ], [ -1.20522, 59.973769 ], [ -1.200897, 59.991736 ], [ -1.231773, 60.030808 ], [ -1.173516, 60.039171 ], [ -1.200546, 60.047639 ], [ -1.220794, 60.099771 ], [ -1.19894, 60.107985 ], [ -1.204033, 60.129696 ], [ -1.172554, 60.121657 ], [ -1.170996, 60.141123 ], [ -1.155634, 60.129336 ], [ -1.15888, 60.14849 ], [ -1.132526, 60.149888 ], [ -1.164083, 60.169156 ], [ -1.145655, 60.189572 ], [ -1.15834, 60.190279 ], [ -1.1535, 60.202993 ], [ -1.204363, 60.181364 ], [ -1.172624, 60.218934 ], [ -1.203454, 60.208203 ], [ -1.193227, 60.23095 ], [ -1.222619, 60.232427 ], [ -1.197501, 60.246533 ], [ -1.198384, 60.268187 ], [ -1.169256, 60.259125 ], [ -1.171545, 60.240087 ], [ -1.097787, 60.263513 ], [ -1.155703, 60.280997 ], [ -1.084254, 60.305199 ], [ -1.08823, 60.324434 ], [ -1.169806, 60.32763 ], [ -1.180558, 60.350901 ], [ -1.078689, 60.358108 ], [ -1.077455, 60.386392 ], [ -1.137413, 60.384388 ], [ -1.051252, 60.438852 ], [ -1.068932, 60.445372 ], [ -1.104993, 60.418171 ], [ -1.118069, 60.427128 ], [ -1.134433, 60.411873 ], [ -1.125864, 60.404174 ], [ -1.163845, 60.38674 ], [ -1.172534, 60.411422 ], [ -1.216885, 60.403928 ], [ -1.197452, 60.417284 ], [ -1.249003, 60.405828 ], [ -1.199416, 60.428519 ], [ -1.175694, 60.422226 ], [ -1.169512, 60.440918 ], [ -1.205839, 60.462223 ], [ -1.208908, 60.482413 ], [ -1.239873, 60.49054 ], [ -1.284047, 60.483035 ], [ -1.298692, 60.46535 ], [ -1.262833, 60.445557 ] ], [ [ 5.160023, 60.219516 ], [ 5.120698, 60.263028 ], [ 5.071652, 60.283716 ], [ 5.139412, 60.280557 ], [ 5.137075, 60.319833 ], [ 5.111278, 60.345484 ], [ 5.148173, 60.334367 ], [ 5.161847, 60.365444 ], [ 5.138284, 60.393558 ], [ 5.10574, 60.396206 ], [ 5.083892, 60.378167 ], [ 5.097536, 60.373205 ], [ 5.112803, 60.361923 ], [ 5.07663, 60.362568 ], [ 5.042079, 60.401846 ], [ 5.00279, 60.41753 ], [ 5.017338, 60.433093 ], [ 4.986951, 60.45626 ], [ 4.958782, 60.422604 ], [ 4.983181, 60.39096 ], [ 4.966596, 60.382934 ], [ 4.990538, 60.329131 ], [ 5.040867, 60.301042 ], [ 5.001999, 60.298505 ], [ 5.005154, 60.284842 ], [ 4.950552, 60.301697 ], [ 4.961199, 60.296064 ], [ 4.948854, 60.285517 ], [ 4.958097, 60.25608 ], [ 4.986059, 60.25811 ], [ 4.980853, 60.23226 ], [ 4.999316, 60.211777 ], [ 5.045137, 60.205499 ], [ 5.058234, 60.238341 ], [ 5.085897, 60.187882 ], [ 5.110218, 60.174306 ], [ 5.156765, 60.190354 ], [ 5.160023, 60.219516 ] ], [ [ -1.689027, 60.334502 ], [ -1.737051, 60.337367 ], [ -1.700625, 60.31601 ], [ -1.662273, 60.323871 ], [ -1.670004, 60.34283 ], [ -1.689027, 60.334502 ] ], [ [ 4.963248, 60.337743 ], [ 4.971761, 60.356532 ], [ 4.927053, 60.353496 ], [ 4.944369, 60.344171 ], [ 4.926796, 60.336617 ], [ 4.979686, 60.321777 ], [ 4.963248, 60.337743 ] ], [ [ -1.005397, 60.327165 ], [ -0.95071, 60.351557 ], [ -0.903212, 60.38175 ], [ -0.961274, 60.382789 ], [ -1.037567, 60.338287 ], [ -1.005397, 60.327165 ] ], [ [ -1.38339, 60.37569 ], [ -1.43161, 60.390856 ], [ -1.472033, 60.374097 ], [ -1.446106, 60.347582 ], [ -1.409443, 60.347209 ], [ -1.381767, 60.35912 ], [ -1.38339, 60.37569 ] ], [ [ 5.087746, 60.494306 ], [ 5.063758, 60.483902 ], [ 5.100037, 60.465367 ], [ 5.076008, 60.435147 ], [ 5.097604, 60.452642 ], [ 5.169094, 60.436842 ], [ 5.14405, 60.424314 ], [ 5.173127, 60.392087 ], [ 5.248942, 60.41452 ], [ 5.219344, 60.486962 ], [ 5.097384, 60.523717 ], [ 5.074282, 60.518367 ], [ 4.964049, 60.560656 ], [ 5.01076, 60.513964 ], [ 5.087746, 60.494306 ] ], [ [ 4.964962, 60.471648 ], [ 4.952339, 60.498071 ], [ 4.925645, 60.489152 ], [ 4.941508, 60.456026 ], [ 4.964962, 60.471648 ] ], [ [ 4.899545, 60.507522 ], [ 4.921099, 60.495335 ], [ 4.920348, 60.511632 ], [ 4.867506, 60.559662 ], [ 4.86151, 60.587078 ], [ 4.791847, 60.564606 ], [ 4.853265, 60.53699 ], [ 4.881414, 60.497608 ], [ 4.899545, 60.507522 ] ], [ [ 4.947744, 60.613376 ], [ 5.012328, 60.578946 ], [ 4.999215, 60.567648 ], [ 5.017215, 60.557656 ], [ 5.050687, 60.565801 ], [ 5.030118, 60.55267 ], [ 5.048899, 60.542446 ], [ 5.210097, 60.507961 ], [ 5.248241, 60.514697 ], [ 5.217339, 60.557221 ], [ 5.148862, 60.5918 ], [ 5.054703, 60.61089 ], [ 4.947744, 60.613376 ] ], [ [ -0.896925, 60.621111 ], [ -0.936058, 60.630194 ], [ -0.948447, 60.61273 ], [ -0.887885, 60.562604 ], [ -0.860685, 60.568785 ], [ -0.893502, 60.59197 ], [ -0.830964, 60.587909 ], [ -0.800931, 60.569033 ], [ -0.76608, 60.603488 ], [ -0.778734, 60.615489 ], [ -0.7988, 60.60143 ], [ -0.823828, 60.607301 ], [ -0.833842, 60.628823 ], [ -0.867911, 60.632834 ], [ -0.896925, 60.621111 ] ], [ [ -1.015603, 60.548845 ], [ -1.003891, 60.580076 ], [ -1.0758, 60.606763 ], [ -1.045854, 60.601736 ], [ -1.01989, 60.617059 ], [ -1.064464, 60.663649 ], [ -0.983769, 60.637736 ], [ -0.996188, 60.644645 ], [ -1.003141, 60.702183 ], [ -0.989235, 60.700787 ], [ -1.001318, 60.719907 ], [ -1.125864, 60.724658 ], [ -1.145682, 60.629803 ], [ -1.115791, 60.60737 ], [ -1.152531, 60.623524 ], [ -1.156438, 60.655311 ], [ -1.201296, 60.60616 ], [ -1.188507, 60.583262 ], [ -1.200801, 60.567836 ], [ -1.182516, 60.571259 ], [ -1.18836, 60.545163 ], [ -1.168045, 60.499964 ], [ -1.110379, 60.483356 ], [ -1.09787, 60.489661 ], [ -1.115663, 60.503407 ], [ -1.031661, 60.495076 ], [ -1.0226, 60.531757 ], [ -1.047345, 60.548146 ], [ -1.015603, 60.548845 ] ], [ [ 4.839459, 60.630956 ], [ 4.796269, 60.672451 ], [ 4.78611, 60.658598 ], [ 4.798206, 60.624633 ], [ 4.785373, 60.614001 ], [ 4.79653, 60.599375 ], [ 4.77904, 60.595345 ], [ 4.849189, 60.587407 ], [ 4.842052, 60.610679 ], [ 4.858123, 60.614261 ], [ 4.839459, 60.630956 ] ], [ [ 4.921663, 60.698261 ], [ 4.86851, 60.713463 ], [ 4.897924, 60.703519 ], [ 4.889234, 60.695587 ], [ 5.005664, 60.651834 ], [ 5.009851, 60.637793 ], [ 5.100037, 60.607624 ], [ 5.146888, 60.608725 ], [ 5.227297, 60.566847 ], [ 5.183493, 60.617274 ], [ 5.086111, 60.67211 ], [ 5.092204, 60.661919 ], [ 5.004611, 60.722582 ], [ 4.898485, 60.744305 ], [ 4.883345, 60.741693 ], [ 4.900649, 60.733601 ], [ 4.858843, 60.73589 ], [ 4.927543, 60.708299 ], [ 4.895615, 60.715746 ], [ 4.921663, 60.698261 ] ], [ [ -0.854293, 60.676434 ], [ -0.833932, 60.685463 ], [ -0.867647, 60.703163 ], [ -0.814312, 60.746522 ], [ -0.856442, 60.756582 ], [ -0.804455, 60.760228 ], [ -0.831129, 60.786538 ], [ -0.782644, 60.7817 ], [ -0.780383, 60.798187 ], [ -0.800763, 60.809663 ], [ -0.763258, 60.817661 ], [ -0.798414, 60.832753 ], [ -0.837555, 60.840646 ], [ -0.873946, 60.806439 ], [ -0.867347, 60.83448 ], [ -0.887283, 60.844385 ], [ -0.934292, 60.813446 ], [ -0.950755, 60.793787 ], [ -0.934571, 60.779843 ], [ -0.943, 60.750263 ], [ -0.962835, 60.736939 ], [ -0.955192, 60.716687 ], [ -0.981985, 60.719979 ], [ -0.96802, 60.697696 ], [ -0.980459, 60.685698 ], [ -0.940119, 60.675364 ], [ -0.910843, 60.689261 ], [ -0.854293, 60.676434 ] ], [ [ 4.689573, 60.782564 ], [ 4.716131, 60.750875 ], [ 4.746452, 60.761108 ], [ 4.724649, 60.780239 ], [ 4.689573, 60.782564 ] ], [ [ 4.97268, 60.747788 ], [ 5.011692, 60.744033 ], [ 4.963897, 60.765876 ], [ 4.919545, 60.812244 ], [ 4.90771, 60.793036 ], [ 4.857243, 60.794605 ], [ 4.857842, 60.780865 ], [ 4.902674, 60.766456 ], [ 4.881731, 60.761792 ], [ 4.983236, 60.737653 ], [ 4.97268, 60.747788 ] ], [ [ 4.998342, 60.945412 ], [ 4.959239, 60.942841 ], [ 4.966768, 60.865156 ], [ 4.980468, 60.848589 ], [ 5.021204, 60.846817 ], [ 5.03631, 60.85007 ], [ 5.022537, 60.91018 ], [ 4.998342, 60.945412 ] ], [ [ 4.813667, 60.932576 ], [ 4.84992, 60.935755 ], [ 4.840739, 60.945589 ], [ 4.779469, 60.931487 ], [ 4.812783, 60.910124 ], [ 4.826908, 60.919953 ], [ 4.835327, 60.895743 ], [ 4.874829, 60.886588 ], [ 4.88124, 60.863317 ], [ 4.927099, 60.856515 ], [ 4.900522, 60.906293 ], [ 4.876775, 60.908915 ], [ 4.858136, 60.930452 ], [ 4.813667, 60.932576 ] ], [ [ 4.955736, 60.900746 ], [ 4.946164, 60.924194 ], [ 4.922782, 60.937964 ], [ 4.903437, 60.92948 ], [ 4.937644, 60.889013 ], [ 4.959128, 60.888147 ], [ 4.941633, 60.896577 ], [ 4.955736, 60.900746 ] ], [ [ 4.930988, 61.009576 ], [ 4.923665, 60.992574 ], [ 4.934334, 60.973414 ], [ 5.020671, 60.97516 ], [ 5.03557, 60.973746 ], [ 4.993815, 60.993801 ], [ 5.016116, 60.995148 ], [ 4.994714, 61.013405 ], [ 4.930988, 61.009576 ] ], [ [ 4.679554, 60.996408 ], [ 4.709417, 61.025672 ], [ 4.708536, 60.985891 ], [ 4.744486, 61.011836 ], [ 4.70746, 61.050635 ], [ 4.706204, 61.092392 ], [ 4.643544, 61.057918 ], [ 4.650961, 61.021336 ], [ 4.679554, 60.996408 ] ], [ [ 4.87036, 61.073256 ], [ 4.869511, 61.043025 ], [ 4.906028, 61.048033 ], [ 4.890672, 61.081802 ], [ 4.87036, 61.073256 ] ], [ [ 4.790202, 61.10461 ], [ 4.755285, 61.097842 ], [ 4.755365, 61.067658 ], [ 4.743747, 61.089727 ], [ 4.731047, 61.082196 ], [ 4.741399, 61.044415 ], [ 4.760231, 61.054546 ], [ 4.781747, 61.024205 ], [ 4.791289, 61.070646 ], [ 4.810199, 61.046635 ], [ 4.824833, 61.070518 ], [ 4.812654, 61.099297 ], [ 4.796482, 61.083788 ], [ 4.790202, 61.10461 ] ], [ [ 4.833134, 61.095391 ], [ 4.823478, 61.059202 ], [ 4.856609, 61.051042 ], [ 4.863229, 61.075188 ], [ 4.900919, 61.104068 ], [ 4.926203, 61.056884 ], [ 4.954556, 61.082624 ], [ 5.010829, 61.099051 ], [ 5.023114, 61.117402 ], [ 5.000721, 61.191271 ], [ 4.954556, 61.201902 ], [ 4.978556, 61.180913 ], [ 4.9474, 61.186308 ], [ 4.948008, 61.135967 ], [ 4.932432, 61.199166 ], [ 4.898056, 61.214263 ], [ 4.886822, 61.198317 ], [ 4.909298, 61.126389 ], [ 4.872965, 61.184844 ], [ 4.860871, 61.184566 ], [ 4.855832, 61.157873 ], [ 4.813342, 61.154627 ], [ 4.833134, 61.095391 ] ], [ [ 5.029151, 61.142097 ], [ 5.037615, 61.120033 ], [ 5.098795, 61.126033 ], [ 5.06049, 61.161749 ], [ 5.024979, 61.171389 ], [ 5.029151, 61.142097 ] ], [ [ 4.701643, 61.287397 ], [ 4.752704, 61.284445 ], [ 4.780266, 61.291479 ], [ 4.722012, 61.319024 ], [ 4.688652, 61.301888 ], [ 4.701643, 61.287397 ] ], [ [ 4.879377, 61.349356 ], [ 4.951469, 61.312787 ], [ 5.041871, 61.32549 ], [ 5.031767, 61.328398 ], [ 5.006774, 61.379788 ], [ 4.96837, 61.367953 ], [ 4.909696, 61.379213 ], [ 4.915951, 61.36857 ], [ 4.879377, 61.349356 ] ], [ [ 5.157689, 61.488007 ], [ 5.094127, 61.509353 ], [ 5.101711, 61.498161 ], [ 5.053283, 61.49936 ], [ 5.052169, 61.478253 ], [ 5.157689, 61.488007 ] ], [ [ 4.96653, 61.500645 ], [ 4.993862, 61.510261 ], [ 4.926972, 61.539099 ], [ 4.919161, 61.530236 ], [ 4.926146, 61.513993 ], [ 4.96653, 61.500645 ] ], [ [ 5.172748, 61.546764 ], [ 5.0995, 61.575324 ], [ 5.053153, 61.565936 ], [ 5.122018, 61.548359 ], [ 5.172748, 61.546764 ] ], [ [ 4.854456, 61.604191 ], [ 4.787071, 61.584614 ], [ 4.892831, 61.59559 ], [ 4.8511, 61.61679 ], [ 4.854456, 61.604191 ] ], [ [ 4.843138, 61.666625 ], [ 4.873062, 61.662218 ], [ 4.903214, 61.664114 ], [ 4.884465, 61.697209 ], [ 4.833112, 61.697034 ], [ 4.843138, 61.666625 ] ], [ [ 4.900972, 61.778213 ], [ 4.865903, 61.805244 ], [ 4.793732, 61.790872 ], [ 4.8511, 61.768047 ], [ 4.845517, 61.747249 ], [ 4.878573, 61.760613 ], [ 4.900972, 61.778213 ] ], [ [ 4.934759, 61.765043 ], [ 4.947711, 61.777275 ], [ 4.941707, 61.797504 ], [ 4.966628, 61.783748 ], [ 4.958751, 61.776036 ], [ 5.005299, 61.78457 ], [ 5.149239, 61.842614 ], [ 5.144839, 61.862634 ], [ 5.164035, 61.846226 ], [ 5.126478, 61.826301 ], [ 5.199722, 61.833092 ], [ 5.25184, 61.834871 ], [ 5.258747, 61.858054 ], [ 4.952488, 61.908645 ], [ 4.902523, 61.893692 ], [ 4.927042, 61.882193 ], [ 4.820638, 61.854073 ], [ 4.99766, 61.836685 ], [ 4.952085, 61.824538 ], [ 4.959368, 61.810558 ], [ 4.906054, 61.815669 ], [ 4.934759, 61.765043 ] ], [ [ 5.121965, 61.898925 ], [ 5.111911, 61.903916 ], [ 5.024653, 61.926171 ], [ 5.010954, 61.916513 ], [ 5.045059, 61.897223 ], [ 5.121965, 61.898925 ] ], [ [ 4.984119, 62.012769 ], [ 4.99386, 61.990601 ], [ 5.067067, 61.969495 ], [ 5.052241, 61.950188 ], [ 5.037285, 61.964486 ], [ 5.022034, 61.957965 ], [ 5.016147, 61.940735 ], [ 5.089688, 61.923343 ], [ 5.141847, 61.956355 ], [ 5.136868, 61.982123 ], [ 5.154189, 61.990601 ], [ 5.134619, 62.021211 ], [ 5.121426, 62.031001 ], [ 5.082291, 62.002454 ], [ 4.993922, 62.034352 ], [ 4.984119, 62.012769 ] ], [ [ 5.317017, 62.015723 ], [ 5.268443, 62.026829 ], [ 5.254518, 62.015106 ], [ 5.279287, 61.996205 ], [ 5.304439, 61.997845 ], [ 5.317017, 62.015723 ] ], [ [ 8.405028, 38.961306 ], [ 8.442994, 38.969367 ], [ 8.451832, 39.019823 ], [ 8.470781, 39.0581 ], [ 8.454944, 39.084106 ], [ 8.425882, 39.108762 ], [ 8.360926, 39.108869 ], [ 8.350261, 39.079617 ], [ 8.361115, 39.03795 ], [ 8.405028, 38.961306 ] ], [ [ 8.247609, 39.108579 ], [ 8.277852, 39.094115 ], [ 8.308304, 39.104668 ], [ 8.311195, 39.13953 ], [ 8.309325, 39.187651 ], [ 8.229881, 39.165589 ], [ 8.220018, 39.146415 ], [ 8.249365, 39.133989 ], [ 8.247609, 39.108579 ] ], [ [ 9.688, 39.985216 ], [ 9.734419, 40.075507 ], [ 9.654006, 40.143674 ], [ 9.630412, 40.18789 ], [ 9.623301, 40.248093 ], [ 9.665371, 40.319134 ], [ 9.765844, 40.392175 ], [ 9.820521, 40.494673 ], [ 9.827769, 40.528806 ], [ 9.795075, 40.545691 ], [ 9.781036, 40.580431 ], [ 9.753084, 40.599214 ], [ 9.741729, 40.633975 ], [ 9.752547, 40.673547 ], [ 9.715739, 40.708898 ], [ 9.717315, 40.749015 ], [ 9.670302, 40.792578 ], [ 9.691112, 40.810436 ], [ 9.686767, 40.835413 ], [ 9.725619, 40.840024 ], [ 9.657686, 40.85721 ], [ 9.656884, 40.87563 ], [ 9.617855, 40.889983 ], [ 9.641584, 40.919101 ], [ 9.617977, 40.921716 ], [ 9.5875, 40.900388 ], [ 9.561143, 40.91858 ], [ 9.50134, 40.918092 ], [ 9.522218, 40.931964 ], [ 9.569711, 40.926477 ], [ 9.59313, 40.967089 ], [ 9.586112, 40.98787 ], [ 9.610474, 41.002613 ], [ 9.650553, 40.984393 ], [ 9.663958, 40.995608 ], [ 9.594608, 41.02162 ], [ 9.557637, 41.003339 ], [ 9.557693, 41.034218 ], [ 9.50786, 41.01002 ], [ 9.536216, 41.083066 ], [ 9.55932, 41.082867 ], [ 9.568553, 41.100817 ], [ 9.563566, 41.117382 ], [ 9.541116, 41.115664 ], [ 9.527784, 41.154557 ], [ 9.467182, 41.141696 ], [ 9.445895, 41.100124 ], [ 9.429848, 41.153512 ], [ 9.405208, 41.157905 ], [ 9.422262, 41.177177 ], [ 9.370399, 41.183989 ], [ 9.364073, 41.206013 ], [ 9.340403, 41.204997 ], [ 9.334279, 41.187046 ], [ 9.299109, 41.191338 ], [ 9.288989, 41.216578 ], [ 9.285663, 41.187064 ], [ 9.271997, 41.19834 ], [ 9.279518, 41.225709 ], [ 9.228938, 41.257744 ], [ 9.164756, 41.235428 ], [ 9.155565, 41.195929 ], [ 9.171327, 41.176906 ], [ 9.151069, 41.155464 ], [ 9.121232, 41.154847 ], [ 9.084665, 41.128045 ], [ 9.045849, 41.137681 ], [ 9.006926, 41.119321 ], [ 8.93197, 41.043291 ], [ 8.881419, 41.026846 ], [ 8.866368, 40.987261 ], [ 8.789002, 40.921643 ], [ 8.695583, 40.912464 ], [ 8.559819, 40.831195 ], [ 8.463339, 40.819055 ], [ 8.404318, 40.841874 ], [ 8.313343, 40.844939 ], [ 8.234561, 40.908227 ], [ 8.23683, 40.951891 ], [ 8.202722, 40.971087 ], [ 8.185592, 40.9502 ], [ 8.17774, 40.932585 ], [ 8.22299, 40.887759 ], [ 8.136669, 40.732212 ], [ 8.204872, 40.681636 ], [ 8.185167, 40.639076 ], [ 8.145555, 40.622793 ], [ 8.149713, 40.584765 ], [ 8.163498, 40.563207 ], [ 8.194281, 40.617444 ], [ 8.218536, 40.601819 ], [ 8.203368, 40.569893 ], [ 8.294735, 40.592794 ], [ 8.316978, 40.572105 ], [ 8.339262, 40.501294 ], [ 8.373973, 40.490382 ], [ 8.399809, 40.407568 ], [ 8.383336, 40.339202 ], [ 8.460051, 40.318544 ], [ 8.48295, 40.284624 ], [ 8.457161, 40.175209 ], [ 8.492225, 40.087441 ], [ 8.451235, 40.050268 ], [ 8.378275, 40.037578 ], [ 8.413631, 40.018236 ], [ 8.392691, 39.976885 ], [ 8.40088, 39.901051 ], [ 8.439789, 39.874768 ], [ 8.469004, 39.903154 ], [ 8.504692, 39.907546 ], [ 8.537824, 39.891447 ], [ 8.542885, 39.867919 ], [ 8.567108, 39.863718 ], [ 8.554054, 39.860081 ], [ 8.544539, 39.793266 ], [ 8.502255, 39.713007 ], [ 8.460966, 39.766415 ], [ 8.444469, 39.754523 ], [ 8.449505, 39.633955 ], [ 8.470006, 39.599592 ], [ 8.450617, 39.545812 ], [ 8.385897, 39.471663 ], [ 8.412446, 39.428398 ], [ 8.374044, 39.373207 ], [ 8.396938, 39.338701 ], [ 8.418062, 39.334182 ], [ 8.436462, 39.290778 ], [ 8.36828, 39.215644 ], [ 8.397784, 39.197056 ], [ 8.412439, 39.15294 ], [ 8.41184, 39.172035 ], [ 8.437485, 39.155031 ], [ 8.441424, 39.116375 ], [ 8.472971, 39.110932 ], [ 8.487763, 39.088781 ], [ 8.475352, 39.059444 ], [ 8.566894, 39.043705 ], [ 8.574171, 38.977934 ], [ 8.622517, 38.937301 ], [ 8.60803, 38.894096 ], [ 8.645301, 38.893408 ], [ 8.642312, 38.865363 ], [ 8.657174, 38.870687 ], [ 8.649156, 38.888732 ], [ 8.666508, 38.910284 ], [ 8.72278, 38.936193 ], [ 8.798439, 38.890432 ], [ 8.856726, 38.87739 ], [ 8.997537, 38.984922 ], [ 9.017158, 38.984206 ], [ 9.045237, 39.05682 ], [ 9.008827, 39.121304 ], [ 9.025631, 39.158274 ], [ 9.079953, 39.202072 ], [ 9.059227, 39.22153 ], [ 9.084007, 39.205318 ], [ 9.11151, 39.212836 ], [ 9.159589, 39.181544 ], [ 9.161534, 39.199711 ], [ 9.206745, 39.225799 ], [ 9.294623, 39.212908 ], [ 9.437812, 39.122884 ], [ 9.502884, 39.1307 ], [ 9.518233, 39.09825 ], [ 9.525784, 39.123301 ], [ 9.563415, 39.141335 ], [ 9.578906, 39.176886 ], [ 9.563231, 39.194061 ], [ 9.570243, 39.238444 ], [ 9.600536, 39.288917 ], [ 9.633368, 39.297764 ], [ 9.60006, 39.328242 ], [ 9.602541, 39.373633 ], [ 9.645597, 39.462854 ], [ 9.631524, 39.501496 ], [ 9.657565, 39.579358 ], [ 9.649083, 39.658324 ], [ 9.676569, 39.711842 ], [ 9.671273, 39.794693 ], [ 9.69612, 39.852311 ], [ 9.684571, 39.907879 ], [ 9.715796, 39.930823 ], [ 9.6868, 39.948935 ], [ 9.688, 39.985216 ] ], [ [ 8.276331, 41.104088 ], [ 8.284813, 41.075987 ], [ 8.22187, 41.041286 ], [ 8.23029, 41.023903 ], [ 8.210538, 40.990953 ], [ 8.253593, 40.986091 ], [ 8.263411, 41.000271 ], [ 8.239248, 41.025747 ], [ 8.261163, 41.051954 ], [ 8.283038, 41.064346 ], [ 8.330468, 41.050538 ], [ 8.34054, 41.070576 ], [ 8.349779, 41.088497 ], [ 8.318274, 41.119906 ], [ 8.276331, 41.104088 ] ], [ [ 9.418537, 41.267935 ], [ 9.375748, 41.229624 ], [ 9.387911, 41.210448 ], [ 9.438902, 41.216884 ], [ 9.418537, 41.267935 ] ], [ [ 9.320055, 41.604679 ], [ 9.297788, 41.584682 ], [ 9.287108, 41.607654 ], [ 9.313616, 41.628605 ], [ 9.319381, 41.615663 ], [ 9.354358, 41.617497 ], [ 9.351335, 41.639335 ], [ 9.388061, 41.656132 ], [ 9.372722, 41.678439 ], [ 9.399638, 41.693287 ], [ 9.402628, 41.730357 ], [ 9.397242, 41.875478 ], [ 9.413565, 41.955291 ], [ 9.54967, 42.104314 ], [ 9.558805, 42.195091 ], [ 9.559316, 42.282797 ], [ 9.532623, 42.368765 ], [ 9.543424, 42.427945 ], [ 9.532691, 42.547973 ], [ 9.449214, 42.662246 ], [ 9.467061, 42.760777 ], [ 9.492335, 42.805757 ], [ 9.469249, 42.936481 ], [ 9.452142, 42.961994 ], [ 9.462213, 42.986509 ], [ 9.420087, 43.011261 ], [ 9.34089, 42.993461 ], [ 9.359543, 42.922928 ], [ 9.32231, 42.899381 ], [ 9.340304, 42.86571 ], [ 9.310144, 42.833006 ], [ 9.338019, 42.803996 ], [ 9.345023, 42.743806 ], [ 9.2981, 42.676808 ], [ 9.222047, 42.734709 ], [ 9.123928, 42.731054 ], [ 9.05815, 42.695382 ], [ 9.059264, 42.660965 ], [ 9.017576, 42.642565 ], [ 8.919725, 42.637927 ], [ 8.880158, 42.6289 ], [ 8.867298, 42.608656 ], [ 8.803824, 42.602675 ], [ 8.804769, 42.57158 ], [ 8.788061, 42.558459 ], [ 8.727938, 42.562238 ], [ 8.724557, 42.583671 ], [ 8.70866, 42.570807 ], [ 8.722219, 42.556015 ], [ 8.715578, 42.524499 ], [ 8.666576, 42.513939 ], [ 8.650596, 42.475523 ], [ 8.679402, 42.467298 ], [ 8.650349, 42.442879 ], [ 8.662793, 42.434008 ], [ 8.655691, 42.415889 ], [ 8.607845, 42.416435 ], [ 8.608621, 42.387266 ], [ 8.537535, 42.370175 ], [ 8.555907, 42.361797 ], [ 8.55451, 42.334347 ], [ 8.613173, 42.348969 ], [ 8.627295, 42.333282 ], [ 8.603896, 42.30922 ], [ 8.660415, 42.302353 ], [ 8.690574, 42.274915 ], [ 8.68888, 42.263507 ], [ 8.54216, 42.237541 ], [ 8.572172, 42.227761 ], [ 8.582739, 42.180097 ], [ 8.564211, 42.17194 ], [ 8.590562, 42.166011 ], [ 8.563675, 42.149616 ], [ 8.659683, 42.101842 ], [ 8.701088, 42.111414 ], [ 8.720235, 42.063989 ], [ 8.746466, 42.048891 ], [ 8.659781, 42.011787 ], [ 8.668559, 41.982052 ], [ 8.649178, 41.969283 ], [ 8.59321, 41.963085 ], [ 8.622322, 41.935733 ], [ 8.614014, 41.899334 ], [ 8.718822, 41.908695 ], [ 8.748907, 41.932992 ], [ 8.801735, 41.8981 ], [ 8.780311, 41.88235 ], [ 8.789573, 41.85306 ], [ 8.751102, 41.844009 ], [ 8.783533, 41.831925 ], [ 8.771297, 41.81124 ], [ 8.712119, 41.801472 ], [ 8.729442, 41.775736 ], [ 8.659012, 41.74166 ], [ 8.702802, 41.739786 ], [ 8.708516, 41.722186 ], [ 8.776422, 41.740694 ], [ 8.783212, 41.700044 ], [ 8.810299, 41.713669 ], [ 8.915881, 41.687084 ], [ 8.869603, 41.646269 ], [ 8.794428, 41.631044 ], [ 8.776225, 41.592257 ], [ 8.801775, 41.574116 ], [ 8.79122, 41.556938 ], [ 8.849981, 41.543982 ], [ 8.843218, 41.518526 ], [ 8.876125, 41.523822 ], [ 8.920915, 41.489684 ], [ 8.960934, 41.491516 ], [ 8.982924, 41.474452 ], [ 8.994777, 41.485428 ], [ 9.041636, 41.458092 ], [ 9.079988, 41.477393 ], [ 9.070606, 41.445043 ], [ 9.119826, 41.438877 ], [ 9.09643, 41.393556 ], [ 9.129532, 41.398422 ], [ 9.182422, 41.367322 ], [ 9.213571, 41.368071 ], [ 9.263579, 41.424477 ], [ 9.221575, 41.406484 ], [ 9.225108, 41.440369 ], [ 9.286778, 41.484461 ], [ 9.269583, 41.500202 ], [ 9.28371, 41.516241 ], [ 9.273849, 41.530103 ], [ 9.348412, 41.564963 ], [ 9.36745, 41.59485 ], [ 9.320055, 41.604679 ] ], [ [ 6.250683, 42.999727 ], [ 6.241681, 43.024916 ], [ 6.207432, 43.001809 ], [ 6.168323, 43.000573 ], [ 6.198055, 42.9822 ], [ 6.23062, 42.993431 ], [ 6.250683, 42.999727 ] ], [ [ 6.43354, 43.008475 ], [ 6.508947, 43.044761 ], [ 6.469868, 43.045302 ], [ 6.43354, 43.008475 ] ], [ [ 5.635386, 53.428839 ], [ 5.681829, 53.425114 ], [ 5.727417, 53.442229 ], [ 5.886541, 53.450751 ], [ 5.96857, 53.462557 ], [ 5.658857, 53.471217 ], [ 5.613936, 53.448138 ], [ 5.635386, 53.428839 ] ], [ [ 6.130742, 53.474331 ], [ 6.145313, 53.461154 ], [ 6.397848, 53.51451 ], [ 6.156008, 53.500884 ], [ 6.130742, 53.474331 ] ], [ [ 6.71992, 53.583784 ], [ 6.811445, 53.603509 ], [ 6.758865, 53.617776 ], [ 6.654594, 53.595965 ], [ 6.697327, 53.565376 ], [ 6.75488, 53.56059 ], [ 6.71992, 53.583784 ] ], [ [ 7.338346, 53.717269 ], [ 7.347277, 53.723609 ], [ 7.190403, 53.72306 ], [ 7.137259, 53.706973 ], [ 7.152725, 53.69687 ], [ 7.338346, 53.717269 ] ], [ [ 7.631441, 53.748541 ], [ 7.490865, 53.7566 ], [ 7.460637, 53.725334 ], [ 7.57158, 53.748427 ], [ 7.631441, 53.748541 ] ], [ [ 7.815594, 53.778426 ], [ 7.698654, 53.780644 ], [ 7.665693, 53.761089 ], [ 7.770168, 53.764716 ], [ 7.815594, 53.778426 ] ], [ [ 7.914038, 53.792354 ], [ 7.847415, 53.787414 ], [ 7.864744, 53.773059 ], [ 7.874468, 53.78854 ], [ 7.974652, 53.780388 ], [ 7.914038, 53.792354 ] ], [ [ 8.671019, 54.495132 ], [ 8.696386, 54.516099 ], [ 8.702228, 54.557652 ], [ 8.587356, 54.522983 ], [ 8.624248, 54.489326 ], [ 8.671019, 54.495132 ] ], [ [ 8.529434, 54.62675 ], [ 8.546544, 54.618802 ], [ 8.66307, 54.655114 ], [ 8.553584, 54.635585 ], [ 8.529434, 54.62675 ] ], [ [ 8.401117, 54.626848 ], [ 8.361749, 54.65034 ], [ 8.346028, 54.704006 ], [ 8.294351, 54.665605 ], [ 8.33881, 54.627777 ], [ 8.365132, 54.609656 ], [ 8.401117, 54.626848 ] ], [ [ 8.402653, 54.700439 ], [ 8.467934, 54.683342 ], [ 8.55522, 54.679075 ], [ 8.596282, 54.718734 ], [ 8.583716, 54.745313 ], [ 8.534793, 54.755602 ], [ 8.436914, 54.748229 ], [ 8.395386, 54.715077 ], [ 8.402653, 54.700439 ] ], [ [ 8.474649, 55.357383 ], [ 8.44835, 55.392425 ], [ 8.462138, 55.414652 ], [ 8.443265, 55.437 ], [ 8.411192, 55.430502 ], [ 8.407547, 55.46456 ], [ 8.330517, 55.456271 ], [ 8.436357, 55.345739 ], [ 8.530304, 55.344216 ], [ 8.474649, 55.357383 ] ], [ [ 9.059587, 56.835263 ], [ 9.075654, 56.844309 ], [ 8.951114, 56.834182 ], [ 9.008626, 56.796891 ], [ 9.047181, 56.820122 ], [ 9.078497, 56.827725 ], [ 9.059587, 56.835263 ] ], [ [ 8.57766, 56.729854 ], [ 8.623394, 56.721028 ], [ 8.611618, 56.708152 ], [ 8.645511, 56.669734 ], [ 8.77428, 56.693862 ], [ 8.768689, 56.703739 ], [ 8.840062, 56.75183 ], [ 8.85744, 56.791245 ], [ 8.878678, 56.794076 ], [ 8.828484, 56.864877 ], [ 8.859658, 56.88676 ], [ 8.890546, 56.873266 ], [ 8.921233, 56.918279 ], [ 8.907803, 56.946219 ], [ 8.926683, 56.97584 ], [ 8.89919, 56.951759 ], [ 8.859277, 56.954602 ], [ 8.816718, 56.904105 ], [ 8.637725, 56.886047 ], [ 8.647393, 56.855873 ], [ 8.632429, 56.839124 ], [ 8.6487, 56.837457 ], [ 8.609425, 56.822486 ], [ 8.666721, 56.80918 ], [ 8.542691, 56.787935 ], [ 8.556642, 56.758091 ], [ 8.510214, 56.745825 ], [ 8.503804, 56.723517 ], [ 8.54048, 56.740027 ], [ 8.564116, 56.73084 ], [ 8.574354, 56.723328 ], [ 8.552171, 56.718428 ], [ 8.561116, 56.701106 ], [ 8.587994, 56.708814 ], [ 8.57766, 56.729854 ] ], [ [ 6.583525, 58.204932 ], [ 6.628672, 58.196605 ], [ 6.635911, 58.217802 ], [ 6.611617, 58.236753 ], [ 6.530158, 58.244831 ], [ 6.53152, 58.229789 ], [ 6.503434, 58.230635 ], [ 6.557543, 58.209064 ], [ 6.559036, 58.233688 ], [ 6.583525, 58.204932 ] ], [ [ 5.926614, 58.454936 ], [ 5.959741, 58.411191 ], [ 5.979424, 58.421224 ], [ 5.980311, 58.455051 ], [ 5.958151, 58.467766 ], [ 5.903093, 58.460083 ], [ 5.86467, 58.434547 ], [ 5.901174, 58.426458 ], [ 5.905157, 58.449988 ], [ 5.926614, 58.454936 ] ], [ [ 8.790388, 58.438511 ], [ 8.839388, 58.44825 ], [ 8.826869, 58.433355 ], [ 8.89279, 58.462022 ], [ 8.880081, 58.466794 ], [ 8.946058, 58.51044 ], [ 8.783133, 58.457772 ], [ 8.790388, 58.438511 ] ], [ [ 5.56856, 59.10314 ], [ 5.646033, 59.068872 ], [ 5.705855, 59.067159 ], [ 5.634513, 59.099574 ], [ 5.56856, 59.10314 ] ], [ [ 5.739344, 59.071035 ], [ 5.783418, 59.07952 ], [ 5.774212, 59.116256 ], [ 5.716323, 59.125939 ], [ 5.699194, 59.116481 ], [ 5.607828, 59.143966 ], [ 5.56795, 59.122176 ], [ 5.701515, 59.097889 ], [ 5.739344, 59.071035 ] ], [ [ 5.951431, 59.138348 ], [ 5.931431, 59.157516 ], [ 5.907416, 59.154876 ], [ 5.90021, 59.131188 ], [ 5.87719, 59.12389 ], [ 5.89547, 59.112997 ], [ 5.951431, 59.138348 ] ], [ [ 5.879153, 59.17482 ], [ 5.819263, 59.198139 ], [ 5.807767, 59.16924 ], [ 5.773015, 59.174099 ], [ 5.781657, 59.145162 ], [ 5.841033, 59.141501 ], [ 5.879153, 59.17482 ] ], [ [ 5.464237, 59.183789 ], [ 5.454843, 59.225028 ], [ 5.390582, 59.246315 ], [ 5.376826, 59.227468 ], [ 5.387263, 59.215817 ], [ 5.375287, 59.202366 ], [ 5.393554, 59.195019 ], [ 5.374665, 59.188141 ], [ 5.392866, 59.160125 ], [ 5.411825, 59.182622 ], [ 5.448487, 59.161422 ], [ 5.464237, 59.183789 ] ], [ [ 6.100552, 59.228286 ], [ 6.067327, 59.232249 ], [ 5.990887, 59.204426 ], [ 6.016672, 59.197629 ], [ 6.008064, 59.183563 ], [ 6.050082, 59.189864 ], [ 6.100552, 59.228286 ] ], [ [ 5.485345, 59.208944 ], [ 5.510039, 59.21721 ], [ 5.497193, 59.224003 ], [ 5.449553, 59.25108 ], [ 5.485345, 59.208944 ] ], [ [ 6.051073, 59.29675 ], [ 5.974854, 59.291786 ], [ 5.922698, 59.261042 ], [ 5.935006, 59.228056 ], [ 6.051156, 59.239793 ], [ 6.099259, 59.25489 ], [ 6.102056, 59.270414 ], [ 6.051073, 59.29675 ] ], [ [ 5.667226, 59.744694 ], [ 5.646661, 59.728841 ], [ 5.712503, 59.702042 ], [ 5.722646, 59.71279 ], [ 5.667226, 59.744694 ] ], [ [ 5.657563, 59.800129 ], [ 5.654481, 59.81609 ], [ 5.630399, 59.811672 ], [ 5.666111, 59.783418 ], [ 5.714824, 59.793391 ], [ 5.748606, 59.777717 ], [ 5.737121, 59.76267 ], [ 5.748029, 59.723388 ], [ 5.775678, 59.728226 ], [ 5.794046, 59.759066 ], [ 5.840013, 59.764707 ], [ 5.79762, 59.790218 ], [ 5.744341, 59.792972 ], [ 5.721335, 59.816095 ], [ 5.693953, 59.790333 ], [ 5.681375, 59.804816 ], [ 5.657563, 59.800129 ] ], [ [ 5.593605, 59.842323 ], [ 5.619948, 59.855188 ], [ 5.605235, 59.870091 ], [ 5.556051, 59.865766 ], [ 5.577623, 59.819564 ], [ 5.599752, 59.83084 ], [ 5.593605, 59.842323 ] ], [ [ 5.359226, 59.832894 ], [ 5.360035, 59.793257 ], [ 5.340906, 59.806954 ], [ 5.337377, 59.785789 ], [ 5.364462, 59.785705 ], [ 5.406896, 59.751901 ], [ 5.453678, 59.74732 ], [ 5.501935, 59.763412 ], [ 5.507692, 59.785378 ], [ 5.539225, 59.789031 ], [ 5.524131, 59.884209 ], [ 5.439467, 59.940601 ], [ 5.317718, 59.98035 ], [ 5.287788, 59.960154 ], [ 5.320072, 59.953497 ], [ 5.328772, 59.930622 ], [ 5.26591, 59.914607 ], [ 5.284639, 59.905145 ], [ 5.268792, 59.887065 ], [ 5.287758, 59.883188 ], [ 5.29127, 59.903482 ], [ 5.304288, 59.888998 ], [ 5.286579, 59.872271 ], [ 5.322201, 59.817186 ], [ 5.346321, 59.813095 ], [ 5.359226, 59.832894 ] ], [ [ 5.95832, 59.978487 ], [ 5.795974, 59.934345 ], [ 5.813836, 59.938306 ], [ 5.950658, 59.963665 ], [ 5.95832, 59.978487 ] ], [ [ 5.380101, 59.987552 ], [ 5.482087, 59.941977 ], [ 5.502973, 59.960399 ], [ 5.540858, 59.895028 ], [ 5.5834, 59.901829 ], [ 5.613131, 59.876679 ], [ 5.626276, 59.900277 ], [ 5.605471, 59.924716 ], [ 5.663865, 59.905028 ], [ 5.665252, 59.92505 ], [ 5.627613, 59.94253 ], [ 5.644615, 59.964437 ], [ 5.698689, 59.996039 ], [ 5.709653, 60.029457 ], [ 5.684612, 60.078374 ], [ 5.6373, 60.072142 ], [ 5.625714, 60.054539 ], [ 5.55946, 60.077331 ], [ 5.537882, 60.053003 ], [ 5.563407, 60.046244 ], [ 5.475503, 60.044552 ], [ 5.464651, 60.021924 ], [ 5.483839, 59.990412 ], [ 5.418391, 60.001955 ], [ 5.380101, 59.987552 ] ], [ [ 5.42297, 60.070196 ], [ 5.434204, 60.06178 ], [ 5.430037, 60.080561 ], [ 5.361114, 60.083306 ], [ 5.341384, 60.026941 ], [ 5.366869, 59.992717 ], [ 5.381765, 60.001409 ], [ 5.375823, 60.013958 ], [ 5.433628, 60.01276 ], [ 5.441317, 60.047888 ], [ 5.42297, 60.070196 ] ], [ [ 5.967365, 60.07125 ], [ 6.024738, 60.101699 ], [ 6.059584, 60.127355 ], [ 6.060539, 60.148306 ], [ 6.036517, 60.160898 ], [ 5.989353, 60.164132 ], [ 5.931609, 60.137235 ], [ 5.947405, 60.101101 ], [ 5.976089, 60.090846 ], [ 5.967365, 60.07125 ] ], [ [ 5.585832, 60.621694 ], [ 5.508556, 60.609413 ], [ 5.448979, 60.56969 ], [ 5.48445, 60.531361 ], [ 5.426985, 60.559138 ], [ 5.344844, 60.538057 ], [ 5.534627, 60.430124 ], [ 5.606247, 60.439467 ], [ 5.668588, 60.478041 ], [ 5.706861, 60.473988 ], [ 5.696572, 60.536171 ], [ 5.716143, 60.625547 ], [ 5.727334, 60.684144 ], [ 5.695941, 60.698236 ], [ 5.674619, 60.687427 ], [ 5.649887, 60.705641 ], [ 5.614783, 60.691371 ], [ 5.637215, 60.685464 ], [ 5.585832, 60.621694 ] ], [ [ 5.420567, 62.201657 ], [ 5.389065, 62.222268 ], [ 5.344877, 62.20901 ], [ 5.420567, 62.201657 ] ], [ [ 5.533288, 62.257811 ], [ 5.534233, 62.247059 ], [ 5.648162, 62.218828 ], [ 5.533104, 62.224941 ], [ 5.60701, 62.187813 ], [ 5.761293, 62.204214 ], [ 5.81184, 62.22992 ], [ 5.787395, 62.242281 ], [ 5.799456, 62.261867 ], [ 5.843799, 62.276244 ], [ 5.798036, 62.288236 ], [ 5.734462, 62.282525 ], [ 5.739438, 62.310496 ], [ 5.712589, 62.294777 ], [ 5.572511, 62.2947 ], [ 5.549095, 62.271435 ], [ 5.578579, 62.25697 ], [ 5.533288, 62.257811 ] ], [ [ 5.412854, 62.242997 ], [ 5.493049, 62.240036 ], [ 5.450763, 62.256721 ], [ 5.46761, 62.253491 ], [ 5.485261, 62.253615 ], [ 5.432291, 62.269584 ], [ 5.392748, 62.25792 ], [ 5.412854, 62.242997 ] ], [ [ 5.600655, 62.329502 ], [ 5.649173, 62.317971 ], [ 5.672394, 62.344697 ], [ 5.600655, 62.329502 ] ], [ [ 5.792359, 62.317538 ], [ 5.775955, 62.298049 ], [ 5.842129, 62.309282 ], [ 5.835283, 62.284016 ], [ 5.870006, 62.274592 ], [ 5.818664, 62.252522 ], [ 5.910158, 62.252227 ], [ 5.9686, 62.293908 ], [ 6.112551, 62.35119 ], [ 6.07069, 62.348583 ], [ 6.079672, 62.357985 ], [ 6.033963, 62.380769 ], [ 6.001783, 62.421034 ], [ 5.864745, 62.412018 ], [ 5.817122, 62.373476 ], [ 5.81904, 62.340424 ], [ 5.844877, 62.342592 ], [ 5.862071, 62.321814 ], [ 5.780771, 62.327439 ], [ 5.770412, 62.323428 ], [ 5.792359, 62.317538 ] ], [ [ 5.746614, 62.361423 ], [ 5.668451, 62.355032 ], [ 5.692411, 62.343359 ], [ 5.660607, 62.3248 ], [ 5.697836, 62.320505 ], [ 5.734352, 62.323729 ], [ 5.725379, 62.334539 ], [ 5.746614, 62.361423 ] ], [ [ 5.523159, 62.355802 ], [ 5.509093, 62.343196 ], [ 5.527525, 62.330292 ], [ 5.55963, 62.334363 ], [ 5.602314, 62.352015 ], [ 5.5514, 62.374625 ], [ 5.498526, 62.365256 ], [ 5.523159, 62.355802 ] ], [ [ 5.65857, 62.40605 ], [ 5.583926, 62.413743 ], [ 5.604648, 62.387692 ], [ 5.627126, 62.388139 ], [ 5.65857, 62.40605 ] ], [ [ 6.216947, 62.451011 ], [ 6.057607, 62.437215 ], [ 6.100454, 62.406145 ], [ 6.169855, 62.395064 ], [ 6.365196, 62.421867 ], [ 6.296752, 62.42541 ], [ 6.216947, 62.451011 ] ], [ [ 5.964227, 62.491385 ], [ 5.934955, 62.466992 ], [ 6.0287, 62.466283 ], [ 6.043627, 62.482587 ], [ 5.964227, 62.491385 ] ], [ [ 6.456761, 62.51553 ], [ 6.278726, 62.515437 ], [ 6.167336, 62.492429 ], [ 6.345246, 62.495464 ], [ 6.456761, 62.51553 ] ], [ [ 6.14019, 62.522145 ], [ 6.12592, 62.526696 ], [ 6.102453, 62.526826 ], [ 6.095625, 62.504471 ], [ 6.137541, 62.499949 ], [ 6.14019, 62.522145 ] ], [ [ 6.037032, 62.543216 ], [ 6.021104, 62.536558 ], [ 6.094026, 62.552564 ], [ 6.131174, 62.530417 ], [ 6.12592, 62.585493 ], [ 6.082653, 62.587742 ], [ 6.098711, 62.57082 ], [ 6.011517, 62.551539 ], [ 6.037032, 62.543216 ] ], [ [ 6.147415, 62.614298 ], [ 6.208286, 62.600603 ], [ 6.219952, 62.613705 ], [ 6.190655, 62.634474 ], [ 6.128086, 62.632959 ], [ 6.147415, 62.614298 ] ], [ [ 6.190655, 62.682807 ], [ 6.161161, 62.667224 ], [ 6.253707, 62.63032 ], [ 6.274683, 62.637962 ], [ 6.190655, 62.682807 ] ], [ [ 7.236018, 62.653585 ], [ 7.283211, 62.647954 ], [ 7.383371, 62.660503 ], [ 7.268962, 62.680019 ], [ 7.234283, 62.669735 ], [ 7.221929, 62.663927 ], [ 7.236018, 62.653585 ] ], [ [ 6.348144, 62.667166 ], [ 6.229661, 62.691758 ], [ 6.326968, 62.650963 ], [ 6.348144, 62.667166 ] ], [ [ 6.663161, 62.662286 ], [ 6.639276, 62.674243 ], [ 6.644762, 62.703507 ], [ 6.567104, 62.653637 ], [ 6.515774, 62.641281 ], [ 6.586983, 62.649938 ], [ 6.663161, 62.662286 ] ], [ [ 6.351609, 62.706569 ], [ 6.318796, 62.704679 ], [ 6.406329, 62.688038 ], [ 6.430302, 62.699752 ], [ 6.407236, 62.712482 ], [ 6.351609, 62.706569 ] ], [ [ 6.918819, 62.748936 ], [ 6.768817, 62.733103 ], [ 6.731464, 62.714649 ], [ 6.739019, 62.734161 ], [ 6.710794, 62.739484 ], [ 6.681782, 62.730364 ], [ 6.700164, 62.724331 ], [ 6.677638, 62.718796 ], [ 6.695761, 62.699644 ], [ 6.659669, 62.682081 ], [ 6.681918, 62.662214 ], [ 6.794714, 62.684694 ], [ 6.925902, 62.705207 ], [ 6.935787, 62.731892 ], [ 6.918819, 62.748936 ] ], [ [ 6.446794, 62.757587 ], [ 6.423631, 62.743152 ], [ 6.452765, 62.725735 ], [ 6.487144, 62.752325 ], [ 6.47458, 62.761452 ], [ 6.464005, 62.787223 ], [ 6.412103, 62.763203 ], [ 6.446794, 62.757587 ] ], [ [ 6.866274, 62.834806 ], [ 6.841622, 62.848954 ], [ 6.786213, 62.845277 ], [ 6.818113, 62.823741 ], [ 6.769376, 62.807109 ], [ 6.915918, 62.774689 ], [ 6.925299, 62.794714 ], [ 6.904578, 62.796508 ], [ 6.908552, 62.81196 ], [ 6.889141, 62.814172 ], [ 6.900013, 62.817205 ], [ 6.95845, 62.823772 ], [ 6.966348, 62.849463 ], [ 6.92073, 62.856059 ], [ 6.866274, 62.834806 ] ], [ [ 7.783706, 62.975234 ], [ 7.809472, 62.965862 ], [ 7.871605, 62.98117 ], [ 7.841572, 62.995167 ], [ 7.783706, 62.975234 ] ], [ [ 7.550015, 63.040423 ], [ 7.494041, 63.043023 ], [ 7.507821, 63.058804 ], [ 7.398635, 63.048507 ], [ 7.458041, 63.043658 ], [ 7.41772, 63.025186 ], [ 7.458608, 63.020765 ], [ 7.356793, 62.981919 ], [ 7.475438, 62.958912 ], [ 7.498823, 62.93644 ], [ 7.723654, 63.005149 ], [ 7.676069, 63.025971 ], [ 7.661173, 63.056799 ], [ 7.675421, 63.068162 ], [ 7.664334, 63.111939 ], [ 7.624478, 63.114985 ], [ 7.571884, 63.099966 ], [ 7.622529, 63.096316 ], [ 7.628496, 63.085031 ], [ 7.60702, 63.076257 ], [ 7.634411, 63.069481 ], [ 7.570182, 63.048348 ], [ 7.581592, 63.01423 ], [ 7.550015, 63.040423 ] ], [ [ 7.889899, 63.065789 ], [ 7.895579, 63.100116 ], [ 7.804021, 63.101888 ], [ 7.788491, 63.085619 ], [ 7.714152, 63.081836 ], [ 7.707422, 63.071261 ], [ 7.725219, 63.053237 ], [ 7.701085, 63.054417 ], [ 7.697571, 63.0376 ], [ 7.810698, 63.02357 ], [ 7.889899, 63.065789 ] ], [ [ 7.837299, 63.137845 ], [ 7.74486, 63.110306 ], [ 7.768567, 63.106478 ], [ 7.872718, 63.116415 ], [ 7.837299, 63.137845 ] ], [ [ 7.706195, 63.130647 ], [ 7.691529, 63.11527 ], [ 7.735293, 63.116415 ], [ 7.782467, 63.129691 ], [ 7.706195, 63.130647 ] ], [ [ 7.93938, 63.158677 ], [ 7.906447, 63.170634 ], [ 7.880077, 63.160301 ], [ 7.975087, 63.146259 ], [ 8.184849, 63.158054 ], [ 8.160495, 63.204949 ], [ 8.122017, 63.235142 ], [ 7.913858, 63.174306 ], [ 7.93938, 63.158677 ] ], [ [ 8.188279, 63.204473 ], [ 8.181432, 63.187451 ], [ 8.202892, 63.157658 ], [ 8.323531, 63.165515 ], [ 8.308928, 63.180777 ], [ 8.230706, 63.228937 ], [ 8.159693, 63.213393 ], [ 8.188279, 63.204473 ] ], [ [ 8.513527, 63.226019 ], [ 8.44826, 63.282652 ], [ 8.331176, 63.255353 ], [ 8.256514, 63.268948 ], [ 8.28227, 63.243901 ], [ 8.24677, 63.226879 ], [ 8.359659, 63.161542 ], [ 8.481366, 63.158398 ], [ 8.576687, 63.182789 ], [ 8.573103, 63.200526 ], [ 8.499312, 63.259629 ], [ 8.488132, 63.249779 ], [ 8.513527, 63.226019 ] ], [ [ 8.105089, 63.278426 ], [ 8.221987, 63.313426 ], [ 8.205263, 63.323683 ], [ 8.171429, 63.307561 ], [ 8.105089, 63.278426 ] ], [ [ 8.478871, 63.322186 ], [ 8.426363, 63.333028 ], [ 8.359628, 63.309207 ], [ 8.434405, 63.305084 ], [ 8.478871, 63.322186 ] ], [ [ 8.521714, 63.346821 ], [ 8.447294, 63.338771 ], [ 8.536584, 63.321474 ], [ 8.547472, 63.323769 ], [ 8.520127, 63.341403 ], [ 8.549192, 63.343019 ], [ 8.567777, 63.33596 ], [ 8.565837, 63.315813 ], [ 8.596347, 63.316942 ], [ 8.706166, 63.339424 ], [ 8.687819, 63.350873 ], [ 8.643021, 63.381402 ], [ 8.570442, 63.39034 ], [ 8.498451, 63.373684 ], [ 8.508613, 63.364609 ], [ 8.49501, 63.356304 ], [ 8.521714, 63.346821 ] ], [ [ 7.988163, 63.31091 ], [ 8.002382, 63.304738 ], [ 8.040003, 63.307844 ], [ 8.066845, 63.330656 ], [ 8.14601, 63.330748 ], [ 8.110164, 63.33408 ], [ 8.16459, 63.342535 ], [ 8.146641, 63.350901 ], [ 8.218282, 63.373147 ], [ 8.167304, 63.400594 ], [ 8.161972, 63.428077 ], [ 8.128025, 63.455929 ], [ 7.965192, 63.466191 ], [ 7.952548, 63.453319 ], [ 7.98667, 63.457466 ], [ 7.939593, 63.436467 ], [ 7.809431, 63.417123 ], [ 7.795568, 63.408361 ], [ 7.813154, 63.399291 ], [ 7.779067, 63.371036 ], [ 7.834868, 63.358399 ], [ 7.881854, 63.367574 ], [ 7.858905, 63.356295 ], [ 7.895154, 63.352792 ], [ 7.851637, 63.348706 ], [ 7.850385, 63.33273 ], [ 7.935115, 63.347335 ], [ 8.005585, 63.322335 ], [ 7.988163, 63.31091 ] ], [ [ 8.408123, 63.543577 ], [ 8.30697, 63.493475 ], [ 8.33665, 63.494151 ], [ 8.297335, 63.447029 ], [ 8.32813, 63.434896 ], [ 8.370004, 63.447643 ], [ 8.359397, 63.44104 ], [ 8.389941, 63.427984 ], [ 8.534632, 63.428469 ], [ 8.677475, 63.470576 ], [ 8.84651, 63.47634 ], [ 9.111114, 63.521704 ], [ 9.199285, 63.564769 ], [ 9.180362, 63.573315 ], [ 9.14064, 63.557432 ], [ 9.145876, 63.581151 ], [ 9.092232, 63.60099 ], [ 8.970438, 63.580993 ], [ 8.989468, 63.613977 ], [ 8.957795, 63.622161 ], [ 8.994836, 63.637001 ], [ 8.998115, 63.652515 ], [ 8.78656, 63.638588 ], [ 8.837769, 63.645734 ], [ 8.86107, 63.658053 ], [ 8.670202, 63.640595 ], [ 8.686235, 63.628219 ], [ 8.772105, 63.636951 ], [ 8.549109, 63.594233 ], [ 8.721155, 63.562436 ], [ 8.65272, 63.569096 ], [ 8.572838240564879, 63.56076187235729 ], [ 8.624153, 63.576541 ], [ 8.592808, 63.579071 ], [ 8.536066, 63.587047 ], [ 8.500615, 63.566668 ], [ 8.554535228724754, 63.558852304541048 ], [ 8.408123, 63.543577 ] ], [ [ 9.080601, 63.611412 ], [ 9.183136, 63.647369 ], [ 9.045572, 63.660803 ], [ 9.049985, 63.648978 ], [ 9.015345, 63.620792 ], [ 9.080601, 63.611412 ] ], [ [ 9.436281, 63.675961 ], [ 9.416459, 63.690362 ], [ 9.370078, 63.662895 ], [ 9.402415, 63.649243 ], [ 9.394738, 63.657523 ], [ 9.432086, 63.656694 ], [ 9.436281, 63.675961 ] ], [ [ 9.034771, 63.675798 ], [ 9.063442, 63.662708 ], [ 9.10878, 63.665236 ], [ 9.106716, 63.677612 ], [ 9.034771, 63.675798 ] ], [ [ 8.781618, 63.77712 ], [ 8.64061, 63.742653 ], [ 8.571429, 63.708549 ], [ 8.444396, 63.705557 ], [ 8.276107, 63.677713 ], [ 8.317533, 63.662381 ], [ 8.447588, 63.680003 ], [ 8.482989, 63.664649 ], [ 8.58185, 63.667084 ], [ 8.796424, 63.69083 ], [ 8.830714, 63.701405 ], [ 8.834145, 63.730904 ], [ 8.816211, 63.798056 ], [ 8.77308, 63.800874 ], [ 8.764154, 63.786761 ], [ 8.747901, 63.792955 ], [ 8.753569, 63.805838 ], [ 8.691519, 63.785262 ], [ 8.709218, 63.796641 ], [ 8.697706, 63.800942 ], [ 8.626964, 63.779759 ], [ 8.676629, 63.782613 ], [ 8.675872, 63.762986 ], [ 8.781618, 63.77712 ] ], [ [ 12.630523, 35.494208 ], [ 12.632408, 35.518083 ], [ 12.598662, 35.521354 ], [ 12.517748, 35.519659 ], [ 12.630523, 35.494208 ] ], [ [ 11.928544, 36.801694 ], [ 11.957277, 36.769686 ], [ 11.993238, 36.737923 ], [ 12.025138, 36.735312 ], [ 12.054431, 36.762921 ], [ 12.049993, 36.798898 ], [ 11.97251, 36.834643 ], [ 11.93166, 36.828519 ], [ 11.928544, 36.801694 ] ], [ [ 12.307003, 37.953027 ], [ 12.27296, 37.936496 ], [ 12.287738, 37.916283 ], [ 12.335477, 37.919689 ], [ 12.354628, 37.905937 ], [ 12.368576, 37.922335 ], [ 12.323918, 37.930158 ], [ 12.307003, 37.953027 ] ], [ [ 12.063319, 37.992269 ], [ 12.029545, 37.991407 ], [ 12.045503, 37.959244 ], [ 12.088013, 37.948668 ], [ 12.063319, 37.992269 ] ], [ [ 9.487837, 41.219057 ], [ 9.463872, 41.243425 ], [ 9.447752, 41.214676 ], [ 9.456096, 41.200574 ], [ 9.433857, 41.189202 ], [ 9.471123, 41.17928 ], [ 9.487837, 41.219057 ] ], [ [ 10.31429, 42.35083 ], [ 10.288106, 42.33336 ], [ 10.306394, 42.313965 ], [ 10.327203, 42.32675 ], [ 10.31429, 42.35083 ] ], [ [ 10.881528, 42.38853 ], [ 10.880604, 42.367518 ], [ 10.865277, 42.362565 ], [ 10.898556, 42.333344 ], [ 10.920246, 42.317748 ], [ 10.931672, 42.335937 ], [ 10.905263, 42.381899 ], [ 10.881528, 42.38853 ] ], [ [ 10.045519, 42.582946 ], [ 10.087069, 42.569202 ], [ 10.101158, 42.584584 ], [ 10.082237, 42.618805 ], [ 10.073738, 42.590681 ], [ 10.045519, 42.582946 ] ], [ [ 10.23547, 42.727011 ], [ 10.244406, 42.74904 ], [ 10.286194, 42.736631 ], [ 10.30682, 42.75903 ], [ 10.320071, 42.736864 ], [ 10.319486, 42.760468 ], [ 10.338312, 42.763868 ], [ 10.357348, 42.758602 ], [ 10.380405, 42.716466 ], [ 10.431282, 42.712904 ], [ 10.431375, 42.73506 ], [ 10.386043, 42.760289 ], [ 10.434282, 42.778186 ], [ 10.442743, 42.846827 ], [ 10.412911, 42.872091 ], [ 10.356685, 42.799336 ], [ 10.263715, 42.829666 ], [ 10.2687, 42.803496 ], [ 10.243107, 42.787972 ], [ 10.185338, 42.811455 ], [ 10.122685, 42.802886 ], [ 10.103141, 42.784158 ], [ 10.118581, 42.747305 ], [ 10.154137, 42.729102 ], [ 10.23547, 42.727011 ] ], [ [ 9.834565, 43.023954 ], [ 9.848281, 43.044703 ], [ 9.826087, 43.072665 ], [ 9.791292, 43.023475 ], [ 9.810405, 43.003337 ], [ 9.834565, 43.023954 ] ], [ [ 11.427319, 53.96121 ], [ 11.445578, 53.996439 ], [ 11.441796, 53.964256 ], [ 11.453762, 53.957773 ], [ 11.494005, 54.021374 ], [ 11.446887, 54.021262 ], [ 11.374762, 53.992344 ], [ 11.384821, 53.968982 ], [ 11.427319, 53.96121 ] ], [ [ 11.240999, 54.492694 ], [ 11.165305, 54.521471 ], [ 11.069309, 54.533895 ], [ 11.011671, 54.483033 ], [ 11.01191, 54.442314 ], [ 11.089084, 54.446312 ], [ 11.097335, 54.412544 ], [ 11.122758, 54.403208 ], [ 11.17256, 54.40294 ], [ 11.184227, 54.419546 ], [ 11.285172, 54.404991 ], [ 11.31095, 54.409092 ], [ 11.240999, 54.492694 ] ], [ [ 11.866723, 54.657355 ], [ 11.914717, 54.605465 ], [ 11.919882, 54.574917 ], [ 11.967499, 54.559969 ], [ 11.962728, 54.661481 ], [ 11.98092, 54.701643 ], [ 12.080818, 54.788368 ], [ 12.166331, 54.835185 ], [ 12.119498, 54.887292 ], [ 12.003898, 54.8959 ], [ 11.972276, 54.937518 ], [ 11.891329, 54.921867 ], [ 11.867271, 54.951187 ], [ 11.825624, 54.967709 ], [ 11.813685, 54.939016 ], [ 11.743053, 54.960314 ], [ 11.736507, 54.943109 ], [ 11.705525, 54.933088 ], [ 11.745586, 54.928923 ], [ 11.756052, 54.856297 ], [ 11.802106, 54.84642 ], [ 11.813737, 54.827152 ], [ 11.79675, 54.808063 ], [ 11.860261, 54.775455 ], [ 11.882794, 54.74796 ], [ 11.871773, 54.726298 ], [ 11.910807, 54.716044 ], [ 11.866723, 54.657355 ] ], [ [ 11.794928, 54.832632 ], [ 11.750458, 54.840743 ], [ 11.744786, 54.873737 ], [ 11.636817, 54.902843 ], [ 11.648757, 54.858969 ], [ 11.560347, 54.846781 ], [ 11.616494, 54.811665 ], [ 11.589773, 54.82632 ], [ 11.491839, 54.831344 ], [ 11.466628, 54.840933 ], [ 11.462545, 54.863231 ], [ 11.378422, 54.885449 ], [ 11.358651, 54.916215 ], [ 11.256062, 54.957653 ], [ 11.108392, 54.947293 ], [ 11.119206, 54.931873 ], [ 11.080111, 54.942873 ], [ 11.027222, 54.91249 ], [ 11.015964, 54.888625 ], [ 11.058491, 54.868594 ], [ 11.077101, 54.836164 ], [ 11.111209, 54.825757 ], [ 11.091222, 54.813159 ], [ 11.068272, 54.821144 ], [ 11.068987, 54.800419 ], [ 10.988376, 54.821135 ], [ 11.01072, 54.80799 ], [ 10.973049, 54.795154 ], [ 11.002904, 54.762566 ], [ 11.260585, 54.701916 ], [ 11.459883, 54.60915 ], [ 11.589272, 54.664479 ], [ 11.713648, 54.65228 ], [ 11.726617, 54.665161 ], [ 11.729795, 54.653438 ], [ 11.806792, 54.642471 ], [ 11.858298, 54.685251 ], [ 11.807894, 54.714344 ], [ 11.817408, 54.732595 ], [ 11.863274, 54.735842 ], [ 11.862525, 54.757983 ], [ 11.782545, 54.807109 ], [ 11.794928, 54.832632 ] ], [ [ 9.989521, 54.854861 ], [ 9.898594, 54.895962 ], [ 9.875022, 54.88335 ], [ 9.890201, 54.865691 ], [ 9.989521, 54.854861 ] ], [ [ 10.41725, 54.881525 ], [ 10.406766, 54.906177 ], [ 10.371201, 54.886207 ], [ 10.205438, 54.971287 ], [ 10.28729, 54.889267 ], [ 10.41574, 54.817801 ], [ 10.523359, 54.849241 ], [ 10.458229, 54.89277 ], [ 10.485634, 54.866485 ], [ 10.461573, 54.875009 ], [ 10.447935, 54.862614 ], [ 10.41725, 54.881525 ] ], [ [ 12.011263, 54.934095 ], [ 11.997041, 54.954677 ], [ 11.980877, 54.952179 ], [ 12.005576, 54.921134 ], [ 12.069518, 54.90882 ], [ 12.095472, 54.905832 ], [ 12.06874, 54.938376 ], [ 12.011263, 54.934095 ] ], [ [ 10.706344, 54.904624 ], [ 10.726897, 54.878206 ], [ 10.671685, 54.881751 ], [ 10.668304, 54.847986 ], [ 10.648036, 54.831502 ], [ 10.598736, 54.835502 ], [ 10.654756, 54.802261 ], [ 10.668629, 54.739643 ], [ 10.695585, 54.722121 ], [ 10.732924, 54.741125 ], [ 10.807022, 54.874656 ], [ 10.843149, 54.950643 ], [ 10.892709, 54.992935 ], [ 10.952887, 55.157885 ], [ 10.937134, 55.16277 ], [ 10.903497, 55.138964 ], [ 10.809115, 54.995598 ], [ 10.725355, 54.955242 ], [ 10.674733, 54.908271 ], [ 10.706344, 54.904624 ] ], [ [ 11.349828, 54.966037 ], [ 11.405666, 54.922772 ], [ 11.435055, 54.944363 ], [ 11.468426, 54.943484 ], [ 11.441547, 54.965102 ], [ 11.410082, 54.967813 ], [ 11.405811, 54.948162 ], [ 11.349828, 54.966037 ] ], [ [ 11.538043, 54.947817 ], [ 11.549508, 54.960157 ], [ 11.567674, 54.972562 ], [ 11.549808, 54.988339 ], [ 11.499203, 54.984376 ], [ 11.538043, 54.947817 ] ], [ [ 12.168371, 54.987539 ], [ 12.180836, 54.968089 ], [ 12.122044, 54.95782 ], [ 12.147939, 54.943585 ], [ 12.102751, 54.905283 ], [ 12.182244, 54.878921 ], [ 12.358462, 54.964146 ], [ 12.509614, 54.943498 ], [ 12.554082, 54.960515 ], [ 12.524061, 55.007176 ], [ 12.436985, 55.024474 ], [ 12.312793, 55.028501 ], [ 12.259863, 55.060103 ], [ 12.233737, 55.041028 ], [ 12.286758, 55.018528 ], [ 12.270802, 54.998932 ], [ 12.278675, 54.983375 ], [ 12.207199, 54.967865 ], [ 12.168371, 54.987539 ] ], [ [ 10.555899, 54.943819 ], [ 10.685626, 54.973739 ], [ 10.690272, 54.995253 ], [ 10.628626, 54.984018 ], [ 10.658795, 55.026147 ], [ 10.634584, 55.0538 ], [ 10.515087, 55.007525 ], [ 10.526369, 54.975935 ], [ 10.56414, 54.951704 ], [ 10.555899, 54.943819 ] ], [ [ 10.70166, 55.055344 ], [ 10.64658, 55.049101 ], [ 10.652057, 55.037968 ], [ 10.699809, 55.041546 ], [ 10.667358, 55.030264 ], [ 10.709633, 55.030218 ], [ 10.70166, 55.055344 ] ], [ [ 10.037929, 55.12656 ], [ 9.994006, 55.178994 ], [ 9.978107, 55.133688 ], [ 10.037929, 55.12656 ] ], [ [ 11.197856, 55.19335 ], [ 11.177652, 55.231636 ], [ 11.189126, 55.241393 ], [ 11.170409, 55.249876 ], [ 11.177783, 55.238904 ], [ 11.17432, 55.199185 ], [ 11.215686, 55.186704 ], [ 11.197856, 55.19335 ] ], [ [ 10.433668, 55.449883 ], [ 10.44465, 55.479491 ], [ 10.503829, 55.499989 ], [ 10.48571, 55.511637 ], [ 10.472141, 55.5305 ], [ 10.499539, 55.547447 ], [ 10.305881, 55.622971 ], [ 10.290498, 55.618749 ], [ 10.31367, 55.584866 ], [ 10.282677, 55.582754 ], [ 10.28001, 55.608045 ], [ 10.230269, 55.603763 ], [ 10.153123, 55.583377 ], [ 10.158414, 55.57246 ], [ 10.120506, 55.579228 ], [ 10.035146, 55.556127 ], [ 9.939751, 55.511815 ], [ 9.86567, 55.513371 ], [ 9.837067, 55.554723 ], [ 9.758359, 55.543049 ], [ 9.769272, 55.531125 ], [ 9.74832, 55.507668 ], [ 9.677981, 55.514831 ], [ 9.823836, 55.435644 ], [ 9.719968, 55.472395 ], [ 9.74741, 55.434599 ], [ 9.824062, 55.42342 ], [ 9.790662, 55.411977 ], [ 9.840903, 55.384789 ], [ 9.787569, 55.363058 ], [ 9.875022, 55.357365 ], [ 9.898027, 55.339482 ], [ 9.877111, 55.33417 ], [ 9.90183, 55.319872 ], [ 9.881917, 55.262951 ], [ 9.897995, 55.251942 ], [ 9.875022, 55.246363 ], [ 9.977625, 55.21395 ], [ 9.992541, 55.185966 ], [ 10.007922, 55.191004 ], [ 9.992548, 55.200556 ], [ 10.054753, 55.176587 ], [ 10.112355, 55.189619 ], [ 10.174393, 55.128402 ], [ 10.084789, 55.107606 ], [ 10.074991, 55.076054 ], [ 10.130277, 55.09016 ], [ 10.212286, 55.066207 ], [ 10.228928, 55.07738 ], [ 10.209725, 55.094181 ], [ 10.229399, 55.100653 ], [ 10.323278, 55.053784 ], [ 10.373597, 55.064076 ], [ 10.388035, 55.047857 ], [ 10.515666, 55.026685 ], [ 10.617197, 55.061582 ], [ 10.705197, 55.057597 ], [ 10.744359, 55.070352 ], [ 10.774905, 55.101962 ], [ 10.812175, 55.204961 ], [ 10.814562, 55.231245 ], [ 10.778235, 55.295482 ], [ 10.792965, 55.306988 ], [ 10.828731, 55.286928 ], [ 10.850835, 55.299501 ], [ 10.817904, 55.31261 ], [ 10.763453, 55.387658 ], [ 10.663739, 55.44979 ], [ 10.749323, 55.481373 ], [ 10.619952, 55.616698 ], [ 10.601147, 55.60986 ], [ 10.619007, 55.60598 ], [ 10.634195, 55.568118 ], [ 10.625549, 55.558857 ], [ 10.599042, 55.58104 ], [ 10.629305, 55.519364 ], [ 10.590161, 55.531826 ], [ 10.56814, 55.519402 ], [ 10.625986, 55.490363 ], [ 10.522421, 55.466328 ], [ 10.484091, 55.47272 ], [ 10.491256, 55.44683 ], [ 10.42688, 55.43676 ], [ 10.438475, 55.423175 ], [ 10.422116, 55.43599 ], [ 10.410777542696065, 55.432870221410234 ], [ 10.433668, 55.449883 ] ], [ [ 12.511125, 55.613275 ], [ 12.510179, 55.594132 ], [ 12.592377, 55.554869 ], [ 12.679407, 55.588257 ], [ 12.67036, 55.604843 ], [ 12.682186, 55.629294 ], [ 12.656473, 55.633629 ], [ 12.648971, 55.653405 ], [ 12.621652, 55.68002 ], [ 12.628702, 55.695283 ], [ 12.608578, 55.696569 ], [ 12.596500654536856, 55.686246378705555 ], [ 12.601242, 55.71077 ], [ 12.624574, 55.716502 ], [ 12.589679, 55.713004 ], [ 12.582201, 55.730615 ], [ 12.600995, 55.758981 ], [ 12.595565, 55.789949 ], [ 12.519196, 55.924332 ], [ 12.56491, 55.994324 ], [ 12.623638, 56.040058 ], [ 12.499322, 56.091949 ], [ 12.424511, 56.094826 ], [ 12.287007, 56.129474 ], [ 12.174347, 56.105741 ], [ 11.840349, 55.961139 ], [ 11.891003, 55.941462 ], [ 11.976071, 55.966381 ], [ 12.018787, 55.957024 ], [ 12.066151, 55.876793 ], [ 12.042115, 55.843974 ], [ 12.089595, 55.780847 ], [ 12.097006, 55.741876 ], [ 12.119274, 55.729671 ], [ 12.101473, 55.719116 ], [ 12.110899, 55.704617 ], [ 12.083576, 55.694578 ], [ 12.092103, 55.685132 ], [ 12.071179, 55.680119 ], [ 12.089189, 55.670081 ], [ 12.08175, 55.651903 ], [ 12.056444, 55.657395 ], [ 12.056874, 55.672801 ], [ 12.00919, 55.666945 ], [ 11.999508, 55.688138 ], [ 12.049886, 55.680681 ], [ 12.001891, 55.703853 ], [ 11.982706, 55.693363 ], [ 11.994805, 55.678542 ], [ 11.954337, 55.67498 ], [ 11.927514, 55.653429 ], [ 11.990308, 55.740058 ], [ 12.014721, 55.72022 ], [ 12.062057, 55.73069 ], [ 12.065694, 55.766546 ], [ 12.028214, 55.85163 ], [ 11.997685, 55.861569 ], [ 12.021044, 55.906112 ], [ 11.946653, 55.93228 ], [ 11.906468, 55.935798 ], [ 11.901512, 55.918585 ], [ 11.95958, 55.850565 ], [ 11.942358, 55.822231 ], [ 11.880794, 55.813808 ], [ 11.863867, 55.794594 ], [ 11.847, 55.755333 ], [ 11.857124, 55.736357 ], [ 11.875298, 55.737656 ], [ 11.810439, 55.665294 ], [ 11.770771, 55.661261 ], [ 11.789897, 55.680469 ], [ 11.809087, 55.673692 ], [ 11.781459, 55.724028 ], [ 11.654775, 55.720741 ], [ 11.662345, 55.733845 ], [ 11.769835, 55.74671 ], [ 11.74262, 55.761522 ], [ 11.760283, 55.765909 ], [ 11.731845, 55.795809 ], [ 11.650989, 55.772873 ], [ 11.612379, 55.783736 ], [ 11.665966, 55.817159 ], [ 11.715174, 55.8067 ], [ 11.732109, 55.819771 ], [ 11.707544, 55.861856 ], [ 11.671786, 55.87989 ], [ 11.671689, 55.914074 ], [ 11.752308, 55.905889 ], [ 11.756003, 55.940958 ], [ 11.791486, 55.949109 ], [ 11.77425, 55.976227 ], [ 11.636961, 55.93864 ], [ 11.589889, 55.962327 ], [ 11.52303, 55.951559 ], [ 11.420839, 55.962251 ], [ 11.28706, 55.994213 ], [ 11.302822, 55.975765 ], [ 11.377733, 55.954525 ], [ 11.518782, 55.930571 ], [ 11.515522, 55.864819 ], [ 11.491801, 55.847118 ], [ 11.396254, 55.830724 ], [ 11.356891, 55.843341 ], [ 11.372766, 55.833087 ], [ 11.379893, 55.77739 ], [ 11.34882, 55.75779 ], [ 11.292103, 55.753271 ], [ 11.26996, 55.731672 ], [ 11.222157, 55.747177 ], [ 11.198114, 55.732273 ], [ 11.177006, 55.754286 ], [ 11.046202, 55.732065 ], [ 10.966837, 55.748667 ], [ 10.874468, 55.742389 ], [ 10.991509, 55.724326 ], [ 11.100544, 55.668219 ], [ 10.931965, 55.669257 ], [ 11.110955, 55.624161 ], [ 11.149271, 55.586989 ], [ 11.156177, 55.553764 ], [ 11.144141309995467, 55.537070090222812 ], [ 11.090608, 55.534687 ], [ 11.080854, 55.515564 ], [ 11.110224, 55.51139 ], [ 11.121353, 55.531726 ], [ 11.173317, 55.496616 ], [ 11.214999, 55.392298 ], [ 11.112265, 55.369361 ], [ 11.094092, 55.348752 ], [ 11.143128, 55.332225 ], [ 11.165443, 55.354061 ], [ 11.205765, 55.343677 ], [ 11.180672, 55.325487 ], [ 11.130829, 55.325614 ], [ 11.235084, 55.286107 ], [ 11.245544, 55.247658 ], [ 11.26656, 55.239347 ], [ 11.287073, 55.251515 ], [ 11.2754, 55.235213 ], [ 11.234699, 55.243876 ], [ 11.246267, 55.206698 ], [ 11.295955, 55.192869 ], [ 11.315785, 55.19418 ], [ 11.316406, 55.209312 ], [ 11.368864, 55.197974 ], [ 11.398158, 55.207513 ], [ 11.436268, 55.186328 ], [ 11.4566, 55.191256 ], [ 11.418038, 55.205559 ], [ 11.456587, 55.216075 ], [ 11.639682, 55.177674 ], [ 11.70729, 55.144926 ], [ 11.657739, 55.187958 ], [ 11.689524, 55.207541 ], [ 11.749033, 55.202659 ], [ 11.71344, 55.159084 ], [ 11.809851, 55.148557 ], [ 11.815321, 55.131155 ], [ 11.760105, 55.118831 ], [ 11.72459, 55.128016 ], [ 11.718404, 55.11417 ], [ 11.751649, 55.082043 ], [ 11.809084, 55.07186 ], [ 11.832423, 55.047442 ], [ 11.697235, 55.068027 ], [ 11.897213, 54.994631 ], [ 11.949923, 54.99679 ], [ 12.048597, 54.962485 ], [ 12.121405, 54.994453 ], [ 12.169212, 54.994211 ], [ 12.099767, 55.089845 ], [ 12.155456, 55.077668 ], [ 12.18212, 55.110281 ], [ 12.133096, 55.130845 ], [ 12.035139, 55.124605 ], [ 12.0348, 55.141358 ], [ 12.011278, 55.146961 ], [ 12.022025, 55.160079 ], [ 12.091883, 55.175769 ], [ 12.078697, 55.13848 ], [ 12.097351, 55.134791 ], [ 12.11102, 55.143081 ], [ 12.108494, 55.176497 ], [ 12.159988, 55.21317 ], [ 12.254039, 55.239667 ], [ 12.352375, 55.236066 ], [ 12.454189, 55.284079 ], [ 12.45655, 55.330761 ], [ 12.416731, 55.369202 ], [ 12.200283, 55.441753 ], [ 12.204807, 55.506693 ], [ 12.25528, 55.553535 ], [ 12.392688, 55.605153 ], [ 12.384851, 55.612108 ], [ 12.489681, 55.59993 ], [ 12.50479, 55.63734 ], [ 12.541144186381802, 55.638932682272333 ], [ 12.511125, 55.613275 ] ], [ [ 10.329466, 55.764852 ], [ 10.314904, 55.78875 ], [ 10.300833, 55.762604 ], [ 10.234261, 55.753611 ], [ 10.28989, 55.746572 ], [ 10.32182, 55.745627 ], [ 10.329466, 55.764852 ] ], [ [ 11.821562, 55.806405 ], [ 11.81892, 55.785002 ], [ 11.775088, 55.781226 ], [ 11.784632, 55.765872 ], [ 11.813051, 55.750382 ], [ 11.834535, 55.756981 ], [ 11.845007, 55.790299 ], [ 11.821562, 55.806405 ] ], [ [ 10.600668, 55.906688 ], [ 10.583898, 55.869659 ], [ 10.529712, 55.851978 ], [ 10.529697, 55.791129 ], [ 10.552405, 55.769041 ], [ 10.621498, 55.766473 ], [ 10.642813, 55.797472 ], [ 10.64525, 55.843993 ], [ 10.678509, 55.873199 ], [ 10.632591, 55.879284 ], [ 10.614855, 55.911621 ], [ 10.647047, 55.917753 ], [ 10.580056, 55.947816 ], [ 10.562117, 56.000749 ], [ 10.522403, 55.97881 ], [ 10.529573, 55.942363 ], [ 10.583898, 55.927394 ], [ 10.600668, 55.906688 ] ], [ [ 11.154851, 55.870665 ], [ 11.213807, 55.858918 ], [ 11.114221, 55.911788 ], [ 11.078827, 55.912468 ], [ 11.154851, 55.870665 ] ], [ [ 11.580639, 56.690629 ], [ 11.661586, 56.736173 ], [ 11.509193, 56.717652 ], [ 11.546319, 56.687229 ], [ 11.580639, 56.690629 ] ], [ [ 8.590906, 56.603878 ], [ 8.597204, 56.638376 ], [ 8.631938, 56.625613 ], [ 8.641066, 56.659801 ], [ 8.592324, 56.661542 ], [ 8.600477, 56.643413 ], [ 8.581323, 56.64443 ], [ 8.571242, 56.654751 ], [ 8.582223, 56.690968 ], [ 8.506812, 56.667067 ], [ 8.47778, 56.676801 ], [ 8.401049, 56.6773 ], [ 8.453208, 56.697272 ], [ 8.51113, 56.680764 ], [ 8.527322, 56.700289 ], [ 8.470862, 56.715641 ], [ 8.499372, 56.755776 ], [ 8.471132, 56.7791 ], [ 8.477692, 56.790238 ], [ 8.608583, 56.841315 ], [ 8.668216, 56.950067 ], [ 8.781681, 56.950677 ], [ 8.847465, 56.974205 ], [ 8.829534, 56.993076 ], [ 8.889171, 56.990438 ], [ 8.901502, 56.974498 ], [ 8.94621, 57.006766 ], [ 9.020905, 57.022009 ], [ 9.042256, 57.008518 ], [ 9.13415, 57.039205 ], [ 9.211039, 56.998257 ], [ 9.258992, 56.99231 ], [ 9.424356, 57.036129 ], [ 9.577684, 57.041529 ], [ 9.663626, 57.073898 ], [ 9.747743, 57.066994 ], [ 9.789775, 57.096049 ], [ 9.779344, 57.108426 ], [ 9.934146, 57.054005 ], [ 9.982231, 57.084479 ], [ 10.016064, 57.087027 ], [ 10.225706, 56.988813 ], [ 10.331126, 56.989269 ], [ 10.424311, 57.150227 ], [ 10.545708, 57.22746 ], [ 10.550287, 57.249611 ], [ 10.515678, 57.384327 ], [ 10.527611, 57.428573 ], [ 10.559815, 57.447119 ], [ 10.442938, 57.534454 ], [ 10.426406, 57.571213 ], [ 10.432421, 57.603333 ], [ 10.514235, 57.680275 ], [ 10.646156, 57.743524 ], [ 10.552405, 57.741437 ], [ 10.245818, 57.611049 ], [ 10.08783, 57.588922 ], [ 9.957442, 57.594616 ], [ 9.793386, 57.475925 ], [ 9.715017, 57.378742 ], [ 9.546279, 57.231401 ], [ 9.399123, 57.164052 ], [ 9.162889, 57.138367 ], [ 8.970022, 57.157117 ], [ 8.864856, 57.11755 ], [ 8.753771, 57.100952 ], [ 8.595902, 57.121566 ], [ 8.363117, 56.95867 ], [ 8.268351, 56.85478 ], [ 8.22886, 56.785279 ], [ 8.221754, 56.723823 ], [ 8.239746, 56.701233 ], [ 8.256681, 56.722081 ], [ 8.254865, 56.775891 ], [ 8.284158, 56.768301 ], [ 8.356216, 56.677259 ], [ 8.454961, 56.649929 ], [ 8.529457, 56.581023 ], [ 8.554391, 56.580661 ], [ 8.53436, 56.595363 ], [ 8.590906, 56.603878 ] ], [ [ 11.113156, 57.29755 ], [ 11.1838, 57.306357 ], [ 11.193405, 57.28732 ], [ 11.198769, 57.320624 ], [ 11.030189, 57.319018 ], [ 10.922329, 57.296635 ], [ 10.870843, 57.258601 ], [ 10.995918, 57.216794 ], [ 11.056476, 57.234467 ], [ 11.090446, 57.260568 ], [ 11.077782, 57.289216 ], [ 11.113156, 57.29755 ] ], [ [ 11.638513, 57.877918 ], [ 11.621284, 57.900733 ], [ 11.557628, 57.889359 ], [ 11.605804, 57.886748 ], [ 11.557509, 57.873384 ], [ 11.596076, 57.85643 ], [ 11.638513, 57.877918 ] ], [ [ 11.569576, 57.959192 ], [ 11.56451, 57.946758 ], [ 11.59455, 57.934907 ], [ 11.682596, 57.969931 ], [ 11.674452, 57.978802 ], [ 11.694541, 57.99083 ], [ 11.68572, 58.005268 ], [ 11.713872, 58.020568 ], [ 11.721128, 57.993896 ], [ 11.753093, 58.005971 ], [ 11.759211, 58.05159 ], [ 11.77409, 58.059052 ], [ 11.752352, 58.070466 ], [ 11.689022, 58.064479 ], [ 11.70459, 58.08635 ], [ 11.672578, 58.092863 ], [ 11.676315, 58.082894 ], [ 11.643174, 58.071438 ], [ 11.667556, 58.059927 ], [ 11.553215, 58.062574 ], [ 11.507079, 58.039519 ], [ 11.520355, 58.014434 ], [ 11.570515, 58.019439 ], [ 11.58045, 58.00312 ], [ 11.539164, 58.000426 ], [ 11.53683, 57.961251 ], [ 11.569576, 57.959192 ] ], [ [ 11.50703, 58.098771 ], [ 11.498301, 58.064644 ], [ 11.533472, 58.063658 ], [ 11.523386, 58.066031 ], [ 11.547366, 58.081028 ], [ 11.50703, 58.098771 ] ], [ [ 11.493664, 58.108851 ], [ 11.549424, 58.089131 ], [ 11.622507, 58.131558 ], [ 11.651222, 58.123269 ], [ 11.636203, 58.100798 ], [ 11.670169, 58.117058 ], [ 11.714755, 58.091625 ], [ 11.779883, 58.129796 ], [ 11.823047, 58.123686 ], [ 11.846265, 58.159428 ], [ 11.837424, 58.236377 ], [ 11.809988, 58.254885 ], [ 11.764633, 58.263989 ], [ 11.751969, 58.297508 ], [ 11.692055, 58.300561 ], [ 11.67769, 58.242126 ], [ 11.620604, 58.248346 ], [ 11.53566, 58.202198 ], [ 11.498537, 58.202507 ], [ 11.451813, 58.172144 ], [ 11.416878, 58.175042 ], [ 11.425733, 58.161804 ], [ 11.411755, 58.137525 ], [ 11.480645, 58.096991 ], [ 11.465823, 58.088921 ], [ 11.474253, 58.073263 ], [ 11.489134, 58.078104 ], [ 11.493664, 58.108851 ] ], [ [ 11.489881, 58.230823 ], [ 11.47959, 58.21156 ], [ 11.520008, 58.214249 ], [ 11.550624, 58.234719 ], [ 11.489881, 58.230823 ] ], [ [ 11.42976, 58.241581 ], [ 11.41076, 58.210335 ], [ 11.425968, 58.208802 ], [ 11.407281, 58.197822 ], [ 11.449214, 58.200926 ], [ 11.475033, 58.211948 ], [ 11.499495, 58.260484 ], [ 11.42976, 58.241581 ] ], [ [ 11.137838, 58.8351 ], [ 11.176246, 58.830526 ], [ 11.217473, 58.840522 ], [ 11.197515, 58.859148 ], [ 11.159421, 58.8548 ], [ 11.137838, 58.8351 ] ], [ [ 9.513935, 58.871735 ], [ 9.438633, 58.85957 ], [ 9.482956, 58.84064 ], [ 9.466045, 58.85147 ], [ 9.530341, 58.854943 ], [ 9.540903, 58.863682 ], [ 9.513935, 58.871735 ] ], [ [ 11.12301, 58.890379 ], [ 11.140789, 58.878085 ], [ 11.120202, 58.879076 ], [ 11.121045, 58.866891 ], [ 11.137804, 58.867124 ], [ 11.190953, 58.872847 ], [ 11.177671, 58.893881 ], [ 11.12301, 58.890379 ] ], [ [ 10.99022, 58.913362 ], [ 10.998925, 58.896576 ], [ 10.983626, 58.888145 ], [ 11.047448, 58.862135 ], [ 11.061802, 58.869939 ], [ 11.048556, 58.892785 ], [ 10.99022, 58.913362 ] ], [ [ 11.003479, 59.092799 ], [ 10.988888, 59.081315 ], [ 11.00132, 59.058515 ], [ 10.988934, 59.031683 ], [ 11.013012, 59.031836 ], [ 11.014292, 59.018794 ], [ 11.047564, 59.02529 ], [ 11.060263, 59.04601 ], [ 11.037426, 59.043586 ], [ 11.077466, 59.049358 ], [ 11.088681, 59.073163 ], [ 11.003479, 59.092799 ] ], [ [ 10.965532, 59.040559 ], [ 10.955146, 59.07527 ], [ 10.967457, 59.088445 ], [ 10.941545, 59.083811 ], [ 10.919398, 59.054985 ], [ 10.946192, 59.032435 ], [ 10.965532, 59.040559 ] ], [ [ 10.851602, 59.073363 ], [ 10.905774, 59.060352 ], [ 10.931973, 59.078298 ], [ 10.945225, 59.101992 ], [ 10.92062, 59.100515 ], [ 10.909132, 59.118909 ], [ 10.877434, 59.109159 ], [ 10.855778, 59.12361 ], [ 10.83068, 59.100965 ], [ 10.851602, 59.073363 ] ], [ [ 10.414115, 59.131198 ], [ 10.424801, 59.146525 ], [ 10.444801, 59.154483 ], [ 10.40331, 59.167818 ], [ 10.37513, 59.156915 ], [ 10.39865, 59.057702 ], [ 10.424521, 59.069105 ], [ 10.40865, 59.096643 ], [ 10.435068, 59.126219 ], [ 10.414115, 59.131198 ] ], [ [ 11.1971, 63.793098 ], [ 11.227755, 63.810404 ], [ 11.054829, 63.799914 ], [ 10.999546, 63.74801 ], [ 11.035376, 63.744311 ], [ 11.143963, 63.797429 ], [ 11.1971, 63.793098 ] ], [ [ 9.443343, 63.819221 ], [ 9.423276, 63.828412 ], [ 9.387097, 63.81521 ], [ 9.399193, 63.813211 ], [ 9.385986, 63.78734 ], [ 9.418726, 63.795676 ], [ 9.443343, 63.819221 ] ], [ [ 9.890791, 64.020217 ], [ 9.872005, 64.0053 ], [ 9.887837, 63.996964 ], [ 9.945889, 64.016145 ], [ 9.902363, 64.050405 ], [ 9.841538, 64.033368 ], [ 9.847287, 64.021284 ], [ 9.890791, 64.020217 ] ], [ [ 9.948937, 64.054169 ], [ 9.98102, 64.036066 ], [ 10.049839, 64.051791 ], [ 9.983358, 64.081709 ], [ 9.936636, 64.068705 ], [ 9.948937, 64.054169 ] ], [ [ 11.190585, 64.455002 ], [ 11.284567, 64.473037 ], [ 11.263799, 64.475733 ], [ 11.274698, 64.481233 ], [ 11.216303, 64.489656 ], [ 11.204979, 64.480694 ], [ 11.219345, 64.468024 ], [ 11.190585, 64.455002 ] ], [ [ 11.164808, 64.61713 ], [ 11.093761, 64.652557 ], [ 11.029515, 64.620047 ], [ 11.034988, 64.598534 ], [ 11.092141, 64.587282 ], [ 11.220445, 64.586989 ], [ 11.231334, 64.576977 ], [ 11.221452, 64.568328 ], [ 11.191411, 64.585605 ], [ 11.135539, 64.564635 ], [ 11.138001, 64.54428 ], [ 11.195909, 64.506661 ], [ 11.28728, 64.511945 ], [ 11.312338, 64.481818 ], [ 11.390335, 64.485931 ], [ 11.403617, 64.47317 ], [ 11.449993, 64.517244 ], [ 11.376276, 64.549144 ], [ 11.275481, 64.540321 ], [ 11.284051, 64.582038 ], [ 11.231038046426358, 64.613461485963143 ], [ 11.164808, 64.61713 ] ], [ [ 11.231444, 64.613439 ], [ 11.218855, 64.620683 ], [ 11.231038046426358, 64.613461485963143 ], [ 11.231444, 64.613439 ] ], [ [ 11.392691, 64.626943 ], [ 11.39054, 64.60999 ], [ 11.367155, 64.640015 ], [ 11.382663, 64.594103 ], [ 11.355939, 64.586509 ], [ 11.344386, 64.562273 ], [ 11.437158, 64.540347 ], [ 11.426955, 64.55053 ], [ 11.4985, 64.561028 ], [ 11.470236, 64.568171 ], [ 11.479318, 64.581433 ], [ 11.45697, 64.592316 ], [ 11.392691, 64.626943 ] ], [ [ 11.354182, 64.678564 ], [ 11.297629, 64.680165 ], [ 11.325388, 64.69047 ], [ 11.166985, 64.667667 ], [ 11.204421, 64.668481 ], [ 11.164693, 64.659613 ], [ 11.19746, 64.654416 ], [ 11.169052, 64.647945 ], [ 11.173351, 64.636505 ], [ 11.259518, 64.637345 ], [ 11.315641, 64.596763 ], [ 11.330986, 64.612475 ], [ 11.358342, 64.664297 ], [ 11.354182, 64.678564 ] ], [ [ 11.569751381259593, 64.889058673858131 ], [ 11.570974, 64.889066 ], [ 11.57096929255397, 64.889194204042681 ], [ 11.569751381259593, 64.889058673858131 ] ], [ [ 11.542103, 64.888893 ], [ 11.460613, 64.935659 ], [ 11.320097, 64.887365 ], [ 11.282562, 64.8571 ], [ 11.569751381259593, 64.889058673858131 ], [ 11.542103, 64.888893 ] ], [ [ 11.700891, 64.903652 ], [ 11.572448, 64.86948 ], [ 11.279379, 64.845017 ], [ 11.287521, 64.838121 ], [ 11.256969, 64.828916 ], [ 11.255095, 64.808607 ], [ 11.320827, 64.819969 ], [ 11.307618, 64.813313 ], [ 11.441706, 64.809798 ], [ 11.34665, 64.764662 ], [ 11.197783, 64.742658 ], [ 11.216104, 64.733496 ], [ 11.278256, 64.747065 ], [ 11.234025, 64.728987 ], [ 11.388774, 64.752354 ], [ 11.459042, 64.788282 ], [ 11.417185, 64.789885 ], [ 11.611417, 64.827843 ], [ 11.655228, 64.86068 ], [ 11.616764, 64.866208 ], [ 11.95269, 64.949006 ], [ 12.010762, 64.947734 ], [ 12.055618, 64.970617 ], [ 12.297029, 64.945883 ], [ 12.389407, 64.924675 ], [ 12.456841, 64.889596 ], [ 12.44984, 64.881339 ], [ 12.371611, 64.920717 ], [ 12.235208, 64.939954 ], [ 12.176597, 64.933778 ], [ 12.192682, 64.943643 ], [ 12.181362, 64.954527 ], [ 12.104992, 64.962842 ], [ 12.022828, 64.93007 ], [ 11.953276, 64.932186 ], [ 11.699014, 64.873253 ], [ 11.713806, 64.866693 ], [ 11.668702, 64.85733 ], [ 11.65681, 64.837532 ], [ 11.812914, 64.859572 ], [ 11.761438, 64.837332 ], [ 11.792696, 64.837896 ], [ 11.628617, 64.815463 ], [ 11.741993, 64.807905 ], [ 11.741824, 64.794043 ], [ 11.863339, 64.796136 ], [ 11.789899, 64.774638 ], [ 11.736207, 64.769366 ], [ 11.717917, 64.784498 ], [ 11.68296, 64.770022 ], [ 11.575622, 64.766701 ], [ 11.575147, 64.755943 ], [ 11.630311, 64.760754 ], [ 11.611647, 64.743124 ], [ 11.639908, 64.736673 ], [ 11.527397, 64.749729 ], [ 11.537049, 64.739779 ], [ 11.518702, 64.728939 ], [ 11.406098, 64.711549 ], [ 11.435769, 64.69149 ], [ 11.392302, 64.684552 ], [ 11.382954, 64.664297 ], [ 11.420256, 64.635244 ], [ 11.400684, 64.643669 ], [ 11.399258, 64.631561 ], [ 11.511157, 64.570268 ], [ 11.595085, 64.584109 ], [ 11.602791, 64.593597 ], [ 11.587954, 64.606114 ], [ 11.554383, 64.602717 ], [ 11.60196, 64.618058 ], [ 11.624734, 64.612674 ], [ 11.609568, 64.589045 ], [ 11.617404, 64.573173 ], [ 11.693139, 64.592172 ], [ 11.778657, 64.588243 ], [ 11.624575, 64.567553 ], [ 11.553601, 64.535013 ], [ 11.544387, 64.542496 ], [ 11.57202, 64.554618 ], [ 11.518384, 64.557879 ], [ 11.523879, 64.54856 ], [ 11.494069, 64.541619 ], [ 11.535731, 64.520412 ], [ 11.448214, 64.508022 ], [ 11.441026, 64.498252 ], [ 11.458674, 64.486606 ], [ 11.430928, 64.476522 ], [ 11.440254, 64.456502 ], [ 11.645739, 64.475281 ], [ 11.457413, 64.435468 ], [ 11.403909, 64.444518 ], [ 11.35696, 64.41795 ], [ 11.391356, 64.387911 ], [ 11.336729, 64.391471 ], [ 11.330384, 64.374585 ], [ 11.273903, 64.356135 ], [ 11.225706, 64.312619 ], [ 11.218157, 64.323459 ], [ 11.257521, 64.354302 ], [ 11.248839, 64.361531 ], [ 11.311348, 64.388207 ], [ 11.337786, 64.43826 ], [ 11.296186, 64.439909 ], [ 11.287013, 64.453458 ], [ 11.163709, 64.441024 ], [ 11.192451, 64.466063 ], [ 11.186723, 64.482348 ], [ 11.110625, 64.523447 ], [ 11.074159, 64.516366 ], [ 11.070831, 64.549815 ], [ 11.088133, 64.56862 ], [ 11.002132, 64.585479 ], [ 10.984513, 64.604079 ], [ 10.911684, 64.574729 ], [ 10.973004, 64.537139 ], [ 10.953013, 64.519404 ], [ 10.977032, 64.500137 ], [ 10.878739, 64.52783 ], [ 10.859691, 64.517676 ], [ 10.9189, 64.507381 ], [ 10.893453, 64.503043 ], [ 10.906175, 64.472669 ], [ 10.895717, 64.466033 ], [ 10.8794, 64.497662 ], [ 10.798784, 64.50929 ], [ 10.758483, 64.489888 ], [ 10.792271, 64.48263 ], [ 10.803401, 64.496691 ], [ 10.833051, 64.476554 ], [ 10.77618, 64.478486 ], [ 10.748232, 64.457225 ], [ 10.703659, 64.475537 ], [ 10.658798, 64.452084 ], [ 10.708933, 64.42566 ], [ 10.803893, 64.434302 ], [ 10.815028, 64.416489 ], [ 10.787428, 64.404167 ], [ 10.833635, 64.368699 ], [ 10.798784, 64.38422 ], [ 10.761582, 64.379595 ], [ 10.750304, 64.412312 ], [ 10.683247, 64.413896 ], [ 10.615862, 64.456397 ], [ 10.552373, 64.439551 ], [ 10.635175, 64.413262 ], [ 10.615609, 64.40607 ], [ 10.635376, 64.390955 ], [ 10.521114, 64.439986 ], [ 10.456614, 64.403959 ], [ 10.488135, 64.388965 ], [ 10.561014, 64.401719 ], [ 10.580492, 64.395793 ], [ 10.572193, 64.386841 ], [ 10.619842, 64.384272 ], [ 10.628431, 64.372406 ], [ 10.616449, 64.363925 ], [ 10.682273, 64.359654 ], [ 10.6114, 64.341666 ], [ 10.580586, 64.367174 ], [ 10.512099, 64.372049 ], [ 10.514184, 64.355997 ], [ 10.576671, 64.328757 ], [ 10.565361, 64.327984 ], [ 10.490358, 64.357187 ], [ 10.471036, 64.35238 ], [ 10.503735, 64.339485 ], [ 10.44796, 64.351547 ], [ 10.476012, 64.331252 ], [ 10.448232, 64.32827 ], [ 10.455632, 64.303425 ], [ 10.502012, 64.296718 ], [ 10.448763, 64.29706 ], [ 10.45381, 64.279968 ], [ 10.410375, 64.295421 ], [ 10.394933, 64.27649 ], [ 10.422642, 64.255745 ], [ 10.363611, 64.283386 ], [ 10.338387, 64.267648 ], [ 10.357319, 64.256902 ], [ 10.276709, 64.234334 ], [ 10.389386, 64.203287 ], [ 10.376461, 64.181312 ], [ 10.358796, 64.180499 ], [ 10.367791, 64.192555 ], [ 10.353735, 64.203522 ], [ 10.303037, 64.209821 ], [ 10.298563, 64.188018 ], [ 10.282716, 64.205318 ], [ 10.252742, 64.202976 ], [ 10.263762, 64.185763 ], [ 10.211657, 64.204408 ], [ 10.195638, 64.183443 ], [ 10.221877, 64.174939 ], [ 10.225837, 64.148434 ], [ 10.180675, 64.154555 ], [ 10.17536, 64.145815 ], [ 10.204666, 64.139182 ], [ 10.157556, 64.144994 ], [ 10.12343, 64.12074 ], [ 10.195731, 64.10255 ], [ 10.250194, 64.114058 ], [ 10.253284, 64.103544 ], [ 10.13428, 64.068859 ], [ 10.134668, 64.081675 ], [ 10.081984, 64.102928 ], [ 10.032477, 64.098488 ], [ 10.036797, 64.08155 ], [ 10.024623, 64.078313 ], [ 10.077404, 64.05007 ], [ 10.042243, 64.036378 ], [ 10.061901, 64.015278 ], [ 10.007812, 64.018398 ], [ 10.052004, 63.988741 ], [ 9.996552, 63.997183 ], [ 10.001522, 63.977762 ], [ 9.955883, 63.950951 ], [ 10.112881, 63.966135 ], [ 10.220501, 63.999459 ], [ 9.949953, 63.906465 ], [ 10.061789, 63.920971 ], [ 10.098218, 63.946607 ], [ 10.193207, 63.960357 ], [ 10.225288, 63.951057 ], [ 10.201269, 63.940675 ], [ 10.222491, 63.927716 ], [ 10.172171, 63.941202 ], [ 9.936259, 63.873517 ], [ 9.948619, 63.886711 ], [ 9.928562, 63.882587 ], [ 9.950773, 63.895414 ], [ 9.875779, 63.88877 ], [ 9.837274, 63.874057 ], [ 9.864344, 63.853189 ], [ 9.847267, 63.84565 ], [ 9.81287, 63.863998 ], [ 9.684782, 63.845715 ], [ 9.61789, 63.816187 ], [ 9.676877, 63.817663 ], [ 9.563351, 63.770859 ], [ 9.617016, 63.757797 ], [ 9.79815, 63.765509 ], [ 9.532172, 63.713647 ], [ 9.576128, 63.70023 ], [ 9.546144, 63.660984 ], [ 9.567106, 63.651078 ], [ 9.593376, 63.672012 ], [ 9.664768, 63.675183 ], [ 9.678936, 63.701976 ], [ 9.736809, 63.696715 ], [ 9.861485, 63.721657 ], [ 9.934243, 63.753245 ], [ 10.122398, 63.783575 ], [ 10.017169, 63.733008 ], [ 10.119608, 63.750573 ], [ 10.073793, 63.731069 ], [ 9.959174, 63.715691 ], [ 9.94347, 63.708467 ], [ 9.956384, 63.697736 ], [ 9.910803, 63.700949 ], [ 9.865434, 63.681186 ], [ 9.830196, 63.689068 ], [ 9.808261, 63.659076 ], [ 9.850451, 63.642283 ], [ 9.811641, 63.626635 ], [ 9.839467, 63.596584 ], [ 9.92935, 63.580841 ], [ 9.898224, 63.566841 ], [ 9.946006, 63.498239 ], [ 10.09637, 63.495524 ], [ 10.212355, 63.550458 ], [ 10.41867, 63.570613 ], [ 10.425832, 63.588651 ], [ 10.606975, 63.648486 ], [ 10.61656, 63.668287 ], [ 10.956682, 63.747369 ], [ 11.007819, 63.796792 ], [ 11.002367, 63.813042 ], [ 11.068251, 63.842063 ], [ 11.046221, 63.879436 ], [ 10.947368, 63.905475 ], [ 10.809889, 63.853127 ], [ 10.697235429701205, 63.839954652387085 ], [ 11.205793, 64.007269 ], [ 11.221386, 64.072558 ], [ 11.330558, 64.096984 ], [ 11.304908, 64.100435 ], [ 11.315631, 64.115875 ], [ 11.38374, 64.110898 ], [ 11.236657, 64.070167 ], [ 11.233834, 64.037028 ], [ 11.25961, 64.026622 ], [ 11.361637, 64.039255 ], [ 11.372594, 64.019021 ], [ 11.432154, 64.027339 ], [ 11.492649, 64.006269 ], [ 11.374022, 63.96733 ], [ 11.284464, 63.974601 ], [ 11.199452, 63.916665 ], [ 11.079405, 63.887437 ], [ 11.072415, 63.861082 ], [ 11.090062, 63.840328 ], [ 11.140272, 63.839321 ], [ 11.23343, 63.869076 ], [ 11.301101, 63.869364 ], [ 11.329664, 63.895374 ], [ 11.319654, 63.915874 ], [ 11.374295, 63.948889 ], [ 11.378315, 63.916576 ], [ 11.351725, 63.895551 ], [ 11.376728, 63.880641 ], [ 11.345519, 63.860449 ], [ 11.293243, 63.867694 ], [ 11.323583, 63.837656 ], [ 11.399599, 63.847081 ], [ 11.437911, 63.83188 ], [ 11.399283, 63.82042 ], [ 11.457209, 63.80451 ], [ 11.432518, 63.795777 ], [ 11.438124, 63.779217 ], [ 11.421609, 63.767181 ], [ 11.385934, 63.779503 ], [ 11.332513, 63.769615 ], [ 11.34292, 63.763582 ], [ 11.264934, 63.727531 ], [ 11.241689, 63.732702 ], [ 11.293744, 63.748353 ], [ 11.282035, 63.761645 ], [ 11.211585, 63.755607 ], [ 11.213007, 63.721329 ], [ 11.15126, 63.716602 ], [ 11.148144, 63.705134 ], [ 11.051396, 63.696378 ], [ 11.011233, 63.7137 ], [ 10.953351, 63.699903 ], [ 10.842947, 63.638421 ], [ 10.72215, 63.619853 ], [ 10.673087, 63.581807 ], [ 10.668843, 63.558487 ], [ 10.629002, 63.546687 ], [ 10.669506, 63.54211 ], [ 10.744569, 63.573898 ], [ 10.767675, 63.567654 ], [ 10.928123, 63.610785 ], [ 10.900082, 63.593839 ], [ 10.917374, 63.587881 ], [ 10.857108, 63.574634 ], [ 10.931331, 63.559827 ], [ 10.77862, 63.537919 ], [ 10.753848, 63.509632 ], [ 10.80776, 63.474023 ], [ 10.898343, 63.472816 ], [ 10.911321, 63.463496 ], [ 10.893564, 63.457072 ], [ 10.90847, 63.447437 ], [ 10.806837, 63.434344 ], [ 10.80903, 63.418373 ], [ 10.792476, 63.412608 ], [ 10.766799, 63.430488 ], [ 10.677972, 63.44053 ], [ 10.521369, 63.431497 ], [ 10.449501, 63.45688 ], [ 10.376872, 63.431996 ], [ 10.302965, 63.453944 ], [ 10.199707, 63.451327 ], [ 10.090603, 63.415689 ], [ 10.057387, 63.385119 ], [ 10.109497, 63.353767 ], [ 10.216894, 63.344467 ], [ 10.191936, 63.315774 ], [ 10.076953, 63.325778 ], [ 10.0364, 63.349246 ], [ 9.966632, 63.348515 ], [ 9.832662, 63.312984 ], [ 9.819712, 63.318888 ], [ 9.941399, 63.374465 ], [ 9.976864, 63.44081 ], [ 9.851231, 63.484962 ], [ 9.846855, 63.501326 ], [ 9.810265, 63.516045 ], [ 9.827972, 63.542266 ], [ 9.723198, 63.616795 ], [ 9.746697, 63.644883 ], [ 9.690701, 63.638865 ], [ 9.496153, 63.579704 ], [ 9.564487, 63.581321 ], [ 9.58194, 63.529612 ], [ 9.548789, 63.568633 ], [ 9.48676, 63.571751 ], [ 9.414859, 63.526481 ], [ 9.417732, 63.501515 ], [ 9.390879, 63.514538 ], [ 9.408805, 63.553928 ], [ 9.390669, 63.557947 ], [ 9.345305, 63.547285 ], [ 9.308315, 63.518205 ], [ 9.245375, 63.522546 ], [ 9.270586, 63.504122 ], [ 9.259972, 63.492178 ], [ 9.230952, 63.518365 ], [ 9.150952, 63.487977 ], [ 9.177805, 63.460963 ], [ 9.235584, 63.448818 ], [ 9.327336, 63.455598 ], [ 9.287108, 63.469125 ], [ 9.282513, 63.492078 ], [ 9.340689, 63.47196 ], [ 9.344578, 63.456745 ], [ 9.499859, 63.481221 ], [ 9.487041, 63.465546 ], [ 9.211746, 63.434092 ], [ 9.177825, 63.414382 ], [ 9.215498, 63.384355 ], [ 9.23472, 63.388558 ], [ 9.231161, 63.372945 ], [ 9.244711, 63.368765 ], [ 9.497803, 63.395748 ], [ 9.48763, 63.38837 ], [ 9.290881, 63.359463 ], [ 9.242532, 63.348028 ], [ 9.236492, 63.332078 ], [ 9.205529, 63.339748 ], [ 9.095796, 63.287672 ], [ 9.087627, 63.310884 ], [ 9.134327, 63.340766 ], [ 9.121461, 63.350521 ], [ 9.176399, 63.373386 ], [ 9.148637, 63.378736 ], [ 9.151905, 63.398011 ], [ 9.091121, 63.428554 ], [ 9.092908, 63.440794 ], [ 9.029897, 63.44707 ], [ 9.007007, 63.46376 ], [ 8.981452, 63.439834 ], [ 8.995565, 63.429233 ], [ 8.982303, 63.421302 ], [ 9.017726, 63.412643 ], [ 8.966586, 63.405992 ], [ 8.932283, 63.4239 ], [ 8.885741, 63.411371 ], [ 8.903288, 63.388828 ], [ 8.866475, 63.427547 ], [ 8.658137, 63.408692 ], [ 8.653894, 63.390803 ], [ 8.708513, 63.347673 ], [ 8.842653, 63.348557 ], [ 8.551657, 63.307387 ], [ 8.494038, 63.278898 ], [ 8.523886, 63.272335 ], [ 8.589287, 63.203645 ], [ 8.622918, 63.18958 ], [ 8.980089, 63.201584 ], [ 8.551657, 63.159304 ], [ 8.564144, 63.134269 ], [ 8.62391, 63.116414 ], [ 8.619952, 63.09558 ], [ 8.540787, 63.134858 ], [ 8.245217, 63.144604 ], [ 8.27388, 63.119412 ], [ 8.31896, 63.111312 ], [ 8.33779, 63.082776 ], [ 8.285699, 63.074294 ], [ 8.303162, 63.09592 ], [ 8.22965, 63.139061 ], [ 8.161611, 63.124856 ], [ 8.179769, 63.088302 ], [ 8.232163, 63.065476 ], [ 8.220343, 63.029904 ], [ 8.303791, 63.009274 ], [ 8.492178, 63.019454 ], [ 8.345544, 63.007572 ], [ 8.324279, 62.993764 ], [ 8.3655, 62.970596 ], [ 8.579169, 63.022073 ], [ 8.467178, 62.971153 ], [ 8.651417, 62.988826 ], [ 8.656437, 62.970877 ], [ 8.424196, 62.946491 ], [ 8.473068, 62.903352 ], [ 8.541655, 62.879594 ], [ 8.603439, 62.882739 ], [ 8.629323, 62.864798 ], [ 8.634083, 62.841074 ], [ 8.698887, 62.820941 ], [ 8.637725, 62.829835 ], [ 8.585967, 62.865984 ], [ 8.518645, 62.865091 ], [ 8.421649, 62.899676 ], [ 8.519964, 62.845862 ], [ 8.453574, 62.847409 ], [ 8.367119, 62.885029 ], [ 8.310342, 62.859756 ], [ 8.336042, 62.89315 ], [ 8.28628, 62.927486 ], [ 8.330934, 62.96338 ], [ 8.279115, 62.982417 ], [ 8.254272, 62.97547 ], [ 8.243748, 62.980984 ], [ 8.254198, 62.996519 ], [ 8.133525, 63.034722 ], [ 8.119553, 63.045959 ], [ 8.141185, 63.073004 ], [ 8.108831, 63.105589 ], [ 7.980984, 63.088641 ], [ 7.974984, 63.047767 ], [ 7.89051, 63.024925 ], [ 7.887313, 62.991116 ], [ 7.899302, 62.990012 ], [ 7.983836, 63.013944 ], [ 7.982443, 63.025987 ], [ 7.952392, 63.021526 ], [ 7.96499, 63.036757 ], [ 7.994059, 63.030547 ], [ 8.001118, 63.000173 ], [ 8.135971, 62.946419 ], [ 8.153994, 62.909858 ], [ 8.203582, 62.91143 ], [ 8.151588, 62.890012 ], [ 8.158626, 62.856195 ], [ 8.191378, 62.829919 ], [ 8.530225, 62.734392 ], [ 8.560596, 62.697457 ], [ 8.54036, 62.674354 ], [ 8.518347, 62.677559 ], [ 8.502293, 62.718512 ], [ 8.436477, 62.731376 ], [ 8.419347, 62.719609 ], [ 8.402026, 62.745763 ], [ 8.312049, 62.78413 ], [ 8.262977, 62.779542 ], [ 8.137298, 62.821936 ], [ 8.10934, 62.886958 ], [ 8.088657, 62.890685 ], [ 8.116661, 62.921021 ], [ 8.032269, 62.96687 ], [ 7.974036, 62.972779 ], [ 7.836482, 62.949833 ], [ 7.680396, 62.896645 ], [ 7.790593, 62.959516 ], [ 7.686332, 62.968575 ], [ 7.536993, 62.912158 ], [ 7.433713, 62.900949 ], [ 7.454704, 62.914761 ], [ 7.446237, 62.936721 ], [ 7.413251, 62.957058 ], [ 7.317298, 62.972211 ], [ 7.323121, 62.990939 ], [ 7.288171, 63.008722 ], [ 7.144308, 62.995172 ], [ 7.149234, 62.982436 ], [ 7.103786, 62.988325 ], [ 7.090502, 62.96052 ], [ 7.033774, 62.966765 ], [ 6.90277, 62.910124 ], [ 6.973881, 62.89345 ], [ 6.967693, 62.876958 ], [ 7.008924, 62.854507 ], [ 6.996969, 62.837129 ], [ 7.166143, 62.849616 ], [ 7.161512, 62.840457 ], [ 7.200412, 62.833387 ], [ 7.1838, 62.818749 ], [ 7.238058, 62.809371 ], [ 7.075816, 62.818308 ], [ 7.103484, 62.824801 ], [ 7.09384, 62.830006 ], [ 7.016069, 62.816512 ], [ 6.970312, 62.778116 ], [ 6.994432, 62.758719 ], [ 6.972377, 62.736173 ], [ 6.984619, 62.724817 ], [ 7.148706, 62.733032 ], [ 7.649244, 62.792979 ], [ 7.708767, 62.789147 ], [ 7.369707, 62.73921 ], [ 7.412847, 62.729365 ], [ 7.418754, 62.710435 ], [ 7.348992, 62.694865 ], [ 7.497033, 62.686905 ], [ 7.875051, 62.762919 ], [ 8.067482, 62.775633 ], [ 8.0209, 62.750679 ], [ 8.108219, 62.729495 ], [ 8.146255, 62.692006 ], [ 8.134434, 62.684798 ], [ 8.09284, 62.71079 ], [ 7.957492, 62.7449 ], [ 7.934495, 62.739856 ], [ 7.934279, 62.723344 ], [ 7.831199, 62.732274 ], [ 7.501307, 62.661551 ], [ 7.541415, 62.615508 ], [ 7.538144, 62.589122 ], [ 7.507072, 62.587546 ], [ 7.509507, 62.608105 ], [ 7.485445, 62.638833 ], [ 7.398744, 62.628483 ], [ 7.417955, 62.597946 ], [ 7.465956, 62.584316 ], [ 7.464608, 62.571586 ], [ 7.552008, 62.555202 ], [ 7.722909, 62.583978 ], [ 7.784216, 62.572896 ], [ 7.684237, 62.568595 ], [ 7.656105, 62.548389 ], [ 7.565309, 62.534477 ], [ 7.563144, 62.498045 ], [ 7.541362, 62.501618 ], [ 7.515804, 62.541798 ], [ 7.446667, 62.533611 ], [ 7.379895, 62.572379 ], [ 7.358636, 62.606755 ], [ 7.147235, 62.627356 ], [ 7.128894, 62.605362 ], [ 7.151985, 62.571072 ], [ 7.138973, 62.52452 ], [ 7.095084, 62.62238 ], [ 7.024464, 62.616673 ], [ 7.092403, 62.628141 ], [ 7.080433, 62.653396 ], [ 6.91245, 62.64562 ], [ 6.936107, 62.617696 ], [ 6.919761, 62.580221 ], [ 6.780939, 62.654128 ], [ 6.6614, 62.632441 ], [ 6.670653, 62.602361 ], [ 6.650758, 62.628897 ], [ 6.62721, 62.628394 ], [ 6.617102, 62.611068 ], [ 6.633054, 62.59561 ], [ 6.61171, 62.557394 ], [ 6.600473, 62.563457 ], [ 6.610741, 62.586231 ], [ 6.570887, 62.59661 ], [ 6.567809, 62.623089 ], [ 6.462468, 62.61389 ], [ 6.45641, 62.567176 ], [ 6.437526, 62.612677 ], [ 6.334484, 62.611661 ], [ 6.25973, 62.581997 ], [ 6.284279, 62.542368 ], [ 6.260768, 62.532076 ], [ 6.27179, 62.529747 ], [ 6.572108, 62.541562 ], [ 6.584048, 62.53216 ], [ 6.471647, 62.514556 ], [ 6.610034, 62.522119 ], [ 6.612383, 62.503582 ], [ 6.715832, 62.493036 ], [ 6.656908, 62.482192 ], [ 6.623881, 62.500704 ], [ 6.521221, 62.507261 ], [ 6.351335, 62.473574 ], [ 6.256242, 62.468735 ], [ 6.185144, 62.482625 ], [ 6.090846, 62.469089 ], [ 6.087743, 62.457538 ], [ 6.104387, 62.454241 ], [ 6.156598, 62.458169 ], [ 6.116232, 62.466639 ], [ 6.15983, 62.470547 ], [ 6.341332, 62.459755 ], [ 6.348261, 62.434464 ], [ 6.391961, 62.4204 ], [ 6.533579, 62.435322 ], [ 6.72349, 62.491025 ], [ 6.701693, 62.480256 ], [ 6.808021, 62.481968 ], [ 6.773698, 62.459891 ], [ 6.868539, 62.460725 ], [ 6.939291, 62.427502 ], [ 6.958145, 62.38733 ], [ 6.98475, 62.383187 ], [ 6.937298, 62.374171 ], [ 6.939403, 62.363973 ], [ 6.990338, 62.312386 ], [ 7.195525, 62.284033 ], [ 7.341202, 62.292333 ], [ 7.426089, 62.252766 ], [ 7.413341, 62.235718 ], [ 7.325099, 62.286272 ], [ 7.262314, 62.282736 ], [ 7.229598, 62.2549 ], [ 7.132425, 62.279749 ], [ 7.038723, 62.276276 ], [ 7.039146, 62.171634 ], [ 6.963348, 62.115296 ], [ 7.050349, 62.094739 ], [ 7.154067, 62.123762 ], [ 7.196739, 62.098359 ], [ 7.128868, 62.114692 ], [ 7.087633, 62.092008 ], [ 7.017922, 62.084682 ], [ 6.942496, 62.105958 ], [ 6.874427, 62.082591 ], [ 7.017727, 62.182886 ], [ 7.003078, 62.21667 ], [ 7.00612, 62.285805 ], [ 6.965503, 62.29191 ], [ 6.888671, 62.363247 ], [ 6.883667, 62.379322 ], [ 6.914098, 62.410986 ], [ 6.853849, 62.433145 ], [ 6.753366, 62.434184 ], [ 6.719802, 62.451648 ], [ 6.548236, 62.409166 ], [ 6.579804, 62.3991 ], [ 6.569921, 62.368772 ], [ 6.586983, 62.335901 ], [ 6.551593, 62.391187 ], [ 6.453997, 62.400264 ], [ 6.411568, 62.387631 ], [ 6.423101, 62.370733 ], [ 6.403621, 62.358048 ], [ 6.525995, 62.232798 ], [ 6.53101, 62.206533 ], [ 6.592, 62.211417 ], [ 6.652096, 62.194823 ], [ 6.558094, 62.193573 ], [ 6.609848, 62.13713 ], [ 6.549215, 62.104632 ], [ 6.547985, 62.124733 ], [ 6.579572, 62.146153 ], [ 6.479135, 62.206486 ], [ 6.49133, 62.22079 ], [ 6.473671, 62.244758 ], [ 6.42676, 62.263691 ], [ 6.398985, 62.321832 ], [ 6.341382, 62.37353 ], [ 6.231052, 62.356853 ], [ 5.988878, 62.271077 ], [ 5.963076, 62.248052 ], [ 5.992567, 62.244003 ], [ 6.014819, 62.214969 ], [ 6.117922, 62.201906 ], [ 6.116775, 62.18951 ], [ 6.01018, 62.200368 ], [ 5.985455, 62.227951 ], [ 5.931387, 62.218252 ], [ 6.144302, 62.094007 ], [ 6.312245, 62.078308 ], [ 6.311093, 62.059333 ], [ 6.274296, 62.079633 ], [ 6.259935, 62.067446 ], [ 6.183079, 62.083449 ], [ 6.105038, 62.075963 ], [ 6.07894, 62.057651 ], [ 6.084633, 62.096936 ], [ 5.978951, 62.141124 ], [ 5.965476, 62.135415 ], [ 5.968357, 62.101058 ], [ 5.849487, 62.005566 ], [ 5.94328, 62.116311 ], [ 5.949188, 62.158086 ], [ 5.914272, 62.188828 ], [ 5.851423, 62.203075 ], [ 5.725868, 62.171029 ], [ 5.672884, 62.173892 ], [ 5.693469, 62.122102 ], [ 5.746116, 62.098062 ], [ 5.733434, 62.087604 ], [ 5.675255, 62.117486 ], [ 5.677026, 62.136631 ], [ 5.642687, 62.1718 ], [ 5.562512, 62.167319 ], [ 5.48635, 62.199205 ], [ 5.442094, 62.177524 ], [ 5.407071, 62.127362 ], [ 5.436899, 62.103891 ], [ 5.563368, 62.097502 ], [ 5.622453, 62.067505 ], [ 5.613031, 62.050486 ], [ 5.586551, 62.073341 ], [ 5.523438, 62.075408 ], [ 5.527309, 62.047688 ], [ 5.514361, 62.041833 ], [ 5.524656, 62.036655 ], [ 5.461445, 62.003667 ], [ 5.490625, 62.041085 ], [ 5.317289, 62.122128 ], [ 5.302879, 62.150964 ], [ 5.327248, 62.165495 ], [ 5.293783, 62.169732 ], [ 5.288885, 62.158685 ], [ 5.224899, 62.20782 ], [ 5.182576, 62.213735 ], [ 5.17816, 62.198903 ], [ 5.203139, 62.19382 ], [ 5.09975, 62.191764 ], [ 5.113294, 62.168881 ], [ 5.095388, 62.164789 ], [ 5.159373, 62.125722 ], [ 5.11666, 62.124752 ], [ 5.117328, 62.102824 ], [ 5.235309, 62.102677 ], [ 5.342009, 62.059166 ], [ 5.340976, 62.035986 ], [ 5.42546, 62.020004 ], [ 5.344683, 62.03254 ], [ 5.314294, 61.977235 ], [ 5.256497, 61.989947 ], [ 5.299088, 61.964357 ], [ 5.292725, 61.95107 ], [ 5.244484, 61.982214 ], [ 5.202289, 61.977879 ], [ 5.222245, 61.933886 ], [ 5.198262, 61.95309 ], [ 5.193699, 61.986984 ], [ 5.172109, 61.985594 ], [ 5.125781, 61.921795 ], [ 5.181878, 61.917799 ], [ 5.152792, 61.909264 ], [ 5.17694, 61.896512 ], [ 5.444721, 61.939389 ], [ 5.459332, 61.927049 ], [ 5.682958, 61.910515 ], [ 5.907514, 61.919187 ], [ 5.987196, 61.905409 ], [ 5.734297, 61.89369 ], [ 5.809423, 61.857503 ], [ 5.910474, 61.882523 ], [ 6.067457, 61.873135 ], [ 6.138287, 61.846741 ], [ 6.306407, 61.863185 ], [ 6.437092, 61.830266 ], [ 6.518179, 61.832903 ], [ 6.558549, 61.878254 ], [ 6.678873, 61.887063 ], [ 6.700679, 61.902243 ], [ 6.715327, 61.881369 ], [ 6.844402, 61.869196 ], [ 6.822838, 61.866384 ], [ 6.804536, 61.837412 ], [ 6.754207, 61.863896 ], [ 6.587705, 61.868344 ], [ 6.609025, 61.847489 ], [ 6.529642, 61.809437 ], [ 6.47536, 61.804649 ], [ 6.296192, 61.847337 ], [ 6.130557, 61.829745 ], [ 6.081065, 61.845933 ], [ 6.101319, 61.823922 ], [ 6.21205, 61.778585 ], [ 6.180501, 61.765102 ], [ 6.117901, 61.782527 ], [ 6.04745, 61.837815 ], [ 6.01449, 61.843407 ], [ 5.997533, 61.837524 ], [ 5.957914, 61.756413 ], [ 5.913516, 61.731842 ], [ 5.962106, 61.789142 ], [ 5.982726, 61.848105 ], [ 5.866393, 61.856105 ], [ 5.717742, 61.837438 ], [ 5.645527, 61.813234 ], [ 5.686824, 61.840521 ], [ 5.771178, 61.852525 ], [ 5.705356, 61.883995 ], [ 5.609691, 61.897951 ], [ 5.546842, 61.889987 ], [ 5.535593, 61.903933 ], [ 5.432703, 61.916337 ], [ 5.337303, 61.8865 ], [ 5.202884, 61.881436 ], [ 5.323212, 61.879231 ], [ 5.308812, 61.859671 ], [ 5.344732, 61.848542 ], [ 5.307946, 61.83991 ], [ 5.30812, 61.82656 ], [ 5.159213, 61.807193 ], [ 5.098029, 61.775857 ], [ 5.095654, 61.763038 ], [ 5.133138, 61.760562 ], [ 5.292553, 61.772132 ], [ 5.167433, 61.761959 ], [ 5.153986, 61.739908 ], [ 5.21691, 61.725845 ], [ 5.177571, 61.720942 ], [ 5.164672, 61.703694 ], [ 5.161728, 61.720918 ], [ 5.120195, 61.74118 ], [ 5.111821, 61.7066 ], [ 5.107094, 61.736422 ], [ 5.084726, 61.753083 ], [ 5.034026, 61.756887 ], [ 4.993754, 61.73999 ], [ 4.984624, 61.727944 ], [ 5.007985, 61.720437 ], [ 4.97065, 61.72226 ], [ 4.985894, 61.697404 ], [ 4.970828, 61.676499 ], [ 5.006136, 61.651448 ], [ 5.000498, 61.638005 ], [ 5.284776, 61.626383 ], [ 5.410073, 61.643463 ], [ 5.140096, 61.604603 ], [ 5.073841, 61.61192 ], [ 5.002621, 61.598764 ], [ 4.999181, 61.586118 ], [ 5.225641, 61.610165 ], [ 5.389679, 61.606627 ], [ 5.456865, 61.588118 ], [ 5.452775, 61.573443 ], [ 5.349978, 61.575495 ], [ 5.339198, 61.585129 ], [ 5.391564, 61.593613 ], [ 5.347571, 61.602082 ], [ 5.202206, 61.599362 ], [ 5.182982, 61.594484 ], [ 5.393055, 61.551438 ], [ 5.267222, 61.540914 ], [ 5.181844, 61.554084 ], [ 5.174286, 61.520983 ], [ 5.355733, 61.488425 ], [ 5.498091, 61.494467 ], [ 5.472026, 61.482807 ], [ 5.47549, 61.466951 ], [ 5.446109, 61.470873 ], [ 5.48248, 61.455401 ], [ 5.625311, 61.47187 ], [ 5.711631, 61.507054 ], [ 5.798917, 61.494781 ], [ 5.813704, 61.489387 ], [ 5.806722, 61.472918 ], [ 5.842636, 61.461256 ], [ 5.712335, 61.494247 ], [ 5.635504, 61.45476 ], [ 5.513212, 61.441426 ], [ 5.455149, 61.447784 ], [ 5.465047, 61.454026 ], [ 5.415311, 61.475554 ], [ 5.333698, 61.477206 ], [ 5.379605, 61.463366 ], [ 5.346649, 61.460636 ], [ 5.241918, 61.481661 ], [ 5.251133, 61.472142 ], [ 5.231668, 61.456617 ], [ 5.080633, 61.450374 ], [ 4.979955, 61.420625 ], [ 5.002621, 61.405525 ], [ 5.164717, 61.42891 ], [ 5.107623, 61.411229 ], [ 5.103928, 61.38117 ], [ 5.08817, 61.400976 ], [ 5.036003, 61.392416 ], [ 5.029151, 61.375932 ], [ 5.049909, 61.34886 ], [ 5.109584, 61.3422 ], [ 5.072986, 61.337873 ], [ 5.082922, 61.321904 ], [ 5.168298, 61.335043 ], [ 5.190035, 61.357324 ], [ 5.416541, 61.385099 ], [ 5.6399, 61.376265 ], [ 5.562097, 61.362105 ], [ 5.429322, 61.376481 ], [ 5.355721, 61.351617 ], [ 5.290871, 61.354907 ], [ 5.349661, 61.314224 ], [ 5.275578, 61.347948 ], [ 5.206242, 61.34478 ], [ 5.216188, 61.328742 ], [ 5.204829, 61.316493 ], [ 5.221947, 61.306035 ], [ 5.142315, 61.316254 ], [ 5.134798, 61.293451 ], [ 5.063576, 61.302415 ], [ 4.949167, 61.272926 ], [ 4.976875, 61.262972 ], [ 4.953086, 61.258922 ], [ 4.96185, 61.24562 ], [ 5.024146, 61.26916 ], [ 5.006612, 61.246736 ], [ 5.107652, 61.247185 ], [ 5.099231, 61.233535 ], [ 5.03019, 61.237371 ], [ 5.010066, 61.222573 ], [ 5.180055, 61.226708 ], [ 5.310013, 61.188543 ], [ 5.256896, 61.192474 ], [ 5.296118, 61.175645 ], [ 5.264727, 61.169773 ], [ 5.138727, 61.204011 ], [ 5.103667, 61.202179 ], [ 5.078127, 61.180647 ], [ 5.084438, 61.167586 ], [ 5.197444, 61.140985 ], [ 5.233284, 61.10555 ], [ 5.305342, 61.114874 ], [ 5.34346, 61.136404 ], [ 5.348356, 61.102752 ], [ 5.394584, 61.069965 ], [ 5.423847, 61.073704 ], [ 5.549516, 61.109358 ], [ 5.617916, 61.151512 ], [ 5.705871, 61.138767 ], [ 5.727717, 61.166238 ], [ 5.799647, 61.160959 ], [ 5.796966, 61.192183 ], [ 5.819259, 61.208449 ], [ 5.833183, 61.205562 ], [ 5.815304, 61.188314 ], [ 5.828254, 61.161651 ], [ 5.933484, 61.16176 ], [ 6.049601, 61.194413 ], [ 6.064643, 61.217029 ], [ 6.080277, 61.206118 ], [ 6.071211, 61.186487 ], [ 6.007632, 61.162853 ], [ 6.056949, 61.145942 ], [ 6.132744, 61.153605 ], [ 6.220087, 61.186088 ], [ 6.20862, 61.16501 ], [ 6.272033, 61.134783 ], [ 6.377192, 61.111151 ], [ 6.46805, 61.115246 ], [ 6.542756, 61.140711 ], [ 6.535861, 61.208631 ], [ 6.487719, 61.223642 ], [ 6.564445, 61.213647 ], [ 6.540046, 61.259869 ], [ 6.502754, 61.27556 ], [ 6.542756, 61.272986 ], [ 6.554776, 61.29979 ], [ 6.574674, 61.254697 ], [ 6.654465, 61.286205 ], [ 6.669415, 61.316347 ], [ 6.720878, 61.352213 ], [ 6.754272, 61.418643 ], [ 6.74411, 61.350067 ], [ 6.681693, 61.297469 ], [ 6.682173, 61.283124 ], [ 6.588629, 61.239206 ], [ 6.599107, 61.207345 ], [ 6.682245, 61.203564 ], [ 6.717113, 61.181991 ], [ 6.837077, 61.185924 ], [ 6.913001, 61.161386 ], [ 6.99504, 61.158508 ], [ 7.023, 61.190474 ], [ 7.093887, 61.213409 ], [ 7.117944, 61.232831 ], [ 7.114224, 61.246897 ], [ 7.166021, 61.267523 ], [ 7.172277, 61.255397 ], [ 7.136051, 61.248718 ], [ 7.12033, 61.211427 ], [ 7.16964, 61.200581 ], [ 7.078885, 61.198007 ], [ 6.99469, 61.151396 ], [ 6.928345, 61.141035 ], [ 6.945431, 61.114434 ], [ 6.989924, 61.106961 ], [ 7.039949, 61.13381 ], [ 7.172225, 61.142727 ], [ 7.179113, 61.162089 ], [ 7.244062, 61.170902 ], [ 7.24072, 61.183582 ], [ 7.332192, 61.158139 ], [ 7.395033, 61.181777 ], [ 7.354136, 61.197376 ], [ 7.329267, 61.265651 ], [ 7.248918, 61.300008 ], [ 7.346616, 61.344659 ], [ 7.341706, 61.368118 ], [ 7.286184, 61.395073 ], [ 7.363619, 61.379907 ], [ 7.436741, 61.409944 ], [ 7.453958, 61.440205 ], [ 7.584485, 61.493473 ], [ 7.598306, 61.491339 ], [ 7.591561, 61.476879 ], [ 7.498047, 61.436408 ], [ 7.484343, 61.408579 ], [ 7.416094, 61.380194 ], [ 7.383991, 61.326139 ], [ 7.31419, 61.296375 ], [ 7.377831, 61.267673 ], [ 7.394786, 61.206067 ], [ 7.422583, 61.20042 ], [ 7.620313, 61.213213 ], [ 7.65119, 61.240636 ], [ 7.71203, 61.232445 ], [ 7.657605, 61.221908 ], [ 7.624499, 61.195512 ], [ 7.521955, 61.192748 ], [ 7.375087, 61.146533 ], [ 7.473889, 61.102331 ], [ 7.245714, 61.146943 ], [ 7.21531, 61.118354 ], [ 7.04214, 61.103412 ], [ 7.026652, 61.087378 ], [ 7.047799, 61.060401 ], [ 7.041213, 61.033315 ], [ 7.084656, 60.975024 ], [ 7.193, 60.939088 ], [ 7.187921, 60.908305 ], [ 7.121881, 60.861039 ], [ 7.156476, 60.914963 ], [ 7.153608, 60.938077 ], [ 7.051748, 60.984803 ], [ 6.885221, 60.929854 ], [ 6.874583, 60.899859 ], [ 6.843255, 60.880728 ], [ 6.873661, 60.932048 ], [ 7.015649, 60.97917 ], [ 7.036289, 60.999138 ], [ 7.007077, 61.066445 ], [ 6.955028, 61.088266 ], [ 6.938836, 61.074714 ], [ 6.880644, 61.089641 ], [ 6.875185, 61.130176 ], [ 6.851878, 61.145208 ], [ 6.703737, 61.150411 ], [ 6.64189, 61.175285 ], [ 6.589074, 61.090595 ], [ 6.54182, 61.102908 ], [ 6.455124, 61.079357 ], [ 6.40122, 61.023073 ], [ 6.408069, 61.006208 ], [ 6.351972, 61.009261 ], [ 6.385995, 61.018437 ], [ 6.410271, 61.068849 ], [ 6.345571, 61.070038 ], [ 6.304666, 61.04059 ], [ 6.269678, 61.035764 ], [ 6.305159, 61.045844 ], [ 6.322814, 61.079263 ], [ 6.178001, 61.11714 ], [ 6.042267, 61.106725 ], [ 5.987255, 61.12823 ], [ 5.893263, 61.128126 ], [ 5.856033, 61.110898 ], [ 5.877076, 61.0952 ], [ 5.84578, 61.098138 ], [ 5.804835, 61.06809 ], [ 5.805708, 61.050746 ], [ 5.797281, 61.06233 ], [ 5.818657, 61.085869 ], [ 5.821222, 61.119778 ], [ 5.791782, 61.124846 ], [ 5.696273, 61.091482 ], [ 5.649404, 61.101559 ], [ 5.619429, 61.085319 ], [ 5.680726, 61.06089 ], [ 5.609615, 61.082722 ], [ 5.513667, 61.062021 ], [ 5.483056, 61.044907 ], [ 5.481587, 60.988447 ], [ 5.462827, 61.029165 ], [ 5.325405, 61.032034 ], [ 5.290245, 61.0647 ], [ 5.152908, 61.083731 ], [ 5.043607, 61.056237 ], [ 5.029151, 61.035025 ], [ 5.042305, 61.027339 ], [ 5.029628, 61.008703 ], [ 5.042493, 60.982093 ], [ 5.119218, 60.967201 ], [ 5.159884, 60.976696 ], [ 5.176776, 60.998784 ], [ 5.184723, 60.972437 ], [ 5.218023, 60.96667 ], [ 5.299537, 60.985494 ], [ 5.220487, 60.962929 ], [ 5.134207, 60.962736 ], [ 5.12226, 60.876197 ], [ 5.122363, 60.956395 ], [ 5.012581, 60.965491 ], [ 5.012581, 60.936151 ], [ 5.035798, 60.927303 ], [ 5.036076, 60.888071 ], [ 5.083954, 60.836416 ], [ 5.140299, 60.840252 ], [ 5.14492, 60.829226 ], [ 5.184121, 60.846537 ], [ 5.18956, 60.831351 ], [ 5.155645, 60.833256 ], [ 5.155665, 60.81752 ], [ 5.187219, 60.821461 ], [ 5.192595, 60.807071 ], [ 5.208396, 60.83591 ], [ 5.309923, 60.809568 ], [ 5.351052, 60.87014 ], [ 5.468131, 60.886707 ], [ 5.524551, 60.913939 ], [ 5.492595, 60.880496 ], [ 5.58679, 60.873032 ], [ 5.514259, 60.858397 ], [ 5.475444, 60.875091 ], [ 5.372864, 60.864789 ], [ 5.353239, 60.841214 ], [ 5.379498, 60.817957 ], [ 5.335223, 60.816029 ], [ 5.268497, 60.767237 ], [ 5.320437, 60.749724 ], [ 5.346791, 60.763392 ], [ 5.352358, 60.744223 ], [ 5.382891, 60.747684 ], [ 5.381437, 60.73101 ], [ 5.398692, 60.733033 ], [ 5.415318, 60.710587 ], [ 5.445988, 60.711469 ], [ 5.427056, 60.701053 ], [ 5.46502, 60.665046 ], [ 5.403741, 60.69581 ], [ 5.386898, 60.686658 ], [ 5.453603, 60.637806 ], [ 5.369233, 60.675348 ], [ 5.377092, 60.651566 ], [ 5.361913, 60.657128 ], [ 5.336698, 60.695757 ], [ 5.346086, 60.707958 ], [ 5.317841, 60.728552 ], [ 5.096391, 60.788946 ], [ 5.106969, 60.76856 ], [ 5.027631, 60.819437 ], [ 4.952079, 60.809161 ], [ 4.966625, 60.794544 ], [ 4.948034, 60.795122 ], [ 4.998356, 60.762616 ], [ 5.033682, 60.758623 ], [ 4.983661, 60.788755 ], [ 4.990967, 60.797796 ], [ 5.051512, 60.764232 ], [ 5.039379, 60.746144 ], [ 5.050195, 60.736879 ], [ 5.094076, 60.721019 ], [ 5.100037, 60.733369 ], [ 5.156512, 60.731384 ], [ 5.177473, 60.708494 ], [ 5.131974, 60.725548 ], [ 5.107368, 60.715921 ], [ 5.240616, 60.659909 ], [ 5.230465, 60.644223 ], [ 5.263683, 60.62039 ], [ 5.156554, 60.678081 ], [ 5.125572, 60.676221 ], [ 5.116666, 60.659772 ], [ 5.202366, 60.62248 ], [ 5.235276, 60.564452 ], [ 5.276245, 60.544757 ], [ 5.382813, 60.569713 ], [ 5.367275, 60.596864 ], [ 5.404567, 60.586273 ], [ 5.403812, 60.602749 ], [ 5.436159, 60.597505 ], [ 5.497472, 60.629975 ], [ 5.563583, 60.63341 ], [ 5.576712, 60.65979 ], [ 5.552031, 60.699164 ], [ 5.663813, 60.728846 ], [ 5.701235, 60.762737 ], [ 5.727588, 60.760116 ], [ 5.705474, 60.757996 ], [ 5.669723, 60.721637 ], [ 5.67972, 60.701241 ], [ 5.756822, 60.700274 ], [ 5.797316, 60.732522 ], [ 5.759881, 60.693382 ], [ 5.736662, 60.68983 ], [ 5.741066, 60.665938 ], [ 5.764273, 60.664246 ], [ 5.737172, 60.65676 ], [ 5.720288, 60.55762 ], [ 5.735823, 60.552488 ], [ 5.720402, 60.538551 ], [ 5.736879, 60.457958 ], [ 5.652103, 60.45999 ], [ 5.618278, 60.429879 ], [ 5.522386, 60.422393 ], [ 5.463335, 60.451152 ], [ 5.461892, 60.425715 ], [ 5.381694, 60.501935 ], [ 5.301304, 60.524665 ], [ 5.276552, 60.518427 ], [ 5.257105, 60.479005 ], [ 5.31242, 60.44253 ], [ 5.281033, 60.442212 ], [ 5.317994, 60.411328 ], [ 5.311532, 60.389828 ], [ 5.344727, 60.382141 ], [ 5.240808, 60.396652 ], [ 5.173798, 60.370405 ], [ 5.185137, 60.340833 ], [ 5.227144, 60.332093 ], [ 5.233494, 60.34456 ], [ 5.26168, 60.319844 ], [ 5.208226, 60.309144 ], [ 5.209713, 60.278741 ], [ 5.244886, 60.263949 ], [ 5.237242, 60.247916 ], [ 5.268251, 60.244973 ], [ 5.280374, 60.258949 ], [ 5.270128, 60.266523 ], [ 5.329146, 60.265457 ], [ 5.252035, 60.222576 ], [ 5.25332, 60.209835 ], [ 5.368855, 60.225304 ], [ 5.379501, 60.21112 ], [ 5.341415, 60.205684 ], [ 5.33227, 60.189946 ], [ 5.398448, 60.175621 ], [ 5.38396, 60.152168 ], [ 5.442751, 60.135392 ], [ 5.465543, 60.178523 ], [ 5.534906, 60.199621 ], [ 5.573577, 60.242822 ], [ 5.565009, 60.259834 ], [ 5.615048, 60.28811 ], [ 5.649037, 60.372789 ], [ 5.661429, 60.371215 ], [ 5.663717, 60.346392 ], [ 5.693151139991967, 60.365452194457276 ], [ 5.657289, 60.335689 ], [ 5.656919, 60.2985 ], [ 5.591443, 60.255592 ], [ 5.610093, 60.243878 ], [ 5.66073, 60.278577 ], [ 5.63869, 60.241564 ], [ 5.739722, 60.238046 ], [ 5.601288, 60.202201 ], [ 5.581766, 60.154929 ], [ 5.640876, 60.149549 ], [ 5.686152, 60.160862 ], [ 5.697879, 60.184874 ], [ 5.758694, 60.185662 ], [ 5.723987, 60.168882 ], [ 5.761446, 60.129011 ], [ 5.728553, 60.105338 ], [ 5.760015, 60.074361 ], [ 5.823161, 60.081573 ], [ 5.796643, 60.057139 ], [ 5.716183, 60.06939 ], [ 5.709874, 60.039246 ], [ 5.72863, 60.002923 ], [ 5.761504, 60.009647 ], [ 5.766547, 59.980288 ], [ 5.826776, 60.016765 ], [ 5.811895, 60.001765 ], [ 5.819296, 59.983291 ], [ 5.850212, 59.990523 ], [ 5.91325, 60.031762 ], [ 5.923361, 60.061854 ], [ 5.902315, 60.157376 ], [ 5.949585, 60.159894 ], [ 5.964994, 60.211106 ], [ 6.003328, 60.231288 ], [ 6.018417, 60.269013 ], [ 6.151409, 60.243874 ], [ 6.192345, 60.277929 ], [ 6.169581, 60.312059 ], [ 6.219282, 60.334874 ], [ 6.148875, 60.370834 ], [ 6.275914, 60.383387 ], [ 6.230713, 60.419503 ], [ 6.212615, 60.467595 ], [ 6.236076, 60.423242 ], [ 6.288097, 60.392368 ], [ 6.534218, 60.45867 ], [ 6.602522, 60.459562 ], [ 6.714812, 60.520889 ], [ 6.630343, 60.464807 ], [ 6.632012, 60.450145 ], [ 6.700588, 60.431537 ], [ 6.756794, 60.469644 ], [ 6.892236, 60.490845 ], [ 6.916705, 60.518915 ], [ 6.910678, 60.565868 ], [ 6.946271, 60.571755 ], [ 6.921379, 60.561538 ], [ 6.924656, 60.528528 ], [ 7.021169, 60.585857 ], [ 7.030688, 60.58239 ], [ 6.91504, 60.493853 ], [ 6.99628, 60.503485 ], [ 7.079466, 60.486989 ], [ 7.138544, 60.498553 ], [ 7.058789, 60.464407 ], [ 6.99345, 60.482645 ], [ 6.839916, 60.474612 ], [ 6.75422, 60.432829 ], [ 6.710883, 60.396291 ], [ 6.724176, 60.378252 ], [ 6.685709, 60.3853 ], [ 6.619069, 60.28052 ], [ 6.619399, 60.237672 ], [ 6.571495, 60.170173 ], [ 6.544803, 60.0701 ], [ 6.529361, 60.087942 ], [ 6.539943, 60.086989 ], [ 6.539265, 60.138553 ], [ 6.572208, 60.22059 ], [ 6.565043, 60.242392 ], [ 6.610876, 60.303867 ], [ 6.607028, 60.329466 ], [ 6.668298, 60.407278 ], [ 6.561064, 60.435941 ], [ 6.495461, 60.383577 ], [ 6.351163, 60.368626 ], [ 6.354389, 60.349895 ], [ 6.375916, 60.341486 ], [ 6.224055, 60.294363 ], [ 6.251418, 60.274862 ], [ 6.204822, 60.25728 ], [ 6.194774, 60.226382 ], [ 6.122463, 60.219136 ], [ 6.083877, 60.191745 ], [ 6.167274, 60.124616 ], [ 6.137931, 60.109332 ], [ 6.24365, 60.129877 ], [ 6.285947, 60.163772 ], [ 6.283171, 60.136269 ], [ 6.310135, 60.127004 ], [ 6.11423, 60.09463 ], [ 6.04033, 60.067439 ], [ 5.982593, 60.000846 ], [ 6.007917, 59.982121 ], [ 5.9917, 59.954773 ], [ 5.919316, 59.954418 ], [ 5.783198, 59.924408 ], [ 5.766882, 59.902396 ], [ 5.77127, 59.877609 ], [ 5.678851, 59.846565 ], [ 5.716582, 59.827584 ], [ 5.779967, 59.829812 ], [ 5.827969, 59.790057 ], [ 5.881416, 59.770727 ], [ 5.954371, 59.809543 ], [ 5.968012, 59.852021 ], [ 5.986513, 59.857394 ], [ 5.981849, 59.809828 ], [ 5.958261, 59.787927 ], [ 6.019425, 59.753902 ], [ 6.080177, 59.762408 ], [ 6.097213, 59.787039 ], [ 6.117363, 59.781882 ], [ 6.227891, 59.833975 ], [ 6.376324, 59.874932 ], [ 6.355773, 59.855471 ], [ 6.24765, 59.829332 ], [ 6.143525, 59.782391 ], [ 6.094026, 59.737533 ], [ 5.981302, 59.735567 ], [ 5.932789, 59.768513 ], [ 5.947007, 59.752782 ], [ 5.940153, 59.73581 ], [ 5.861306, 59.727337 ], [ 5.858288, 59.711014 ], [ 5.784234, 59.680634 ], [ 5.796058, 59.6498 ], [ 5.92835, 59.672923 ], [ 5.899199, 59.652201 ], [ 5.919322, 59.644817 ], [ 5.79787, 59.64259 ], [ 5.816384, 59.609522 ], [ 5.795517, 59.603269 ], [ 5.743377, 59.600355 ], [ 5.787583, 59.620331 ], [ 5.771976, 59.647739 ], [ 5.595328, 59.684 ], [ 5.556203, 59.646225 ], [ 5.556942, 59.602133 ], [ 5.581521, 59.591982 ], [ 5.559221, 59.547607 ], [ 5.506104, 59.513237 ], [ 5.470293, 59.511525 ], [ 5.460801, 59.484947 ], [ 5.456048, 59.523686 ], [ 5.442202, 59.52866 ], [ 5.458231, 59.532458 ], [ 5.451298, 59.541739 ], [ 5.497702, 59.522442 ], [ 5.498912, 59.55231 ], [ 5.53521, 59.569271 ], [ 5.515602, 59.636128 ], [ 5.538983, 59.685559 ], [ 5.529014, 59.730859 ], [ 5.462284, 59.701451 ], [ 5.436532, 59.679959 ], [ 5.443308, 59.666354 ], [ 5.416452, 59.66078 ], [ 5.447517, 59.648704 ], [ 5.470368, 59.615739 ], [ 5.437845, 59.610098 ], [ 5.413658, 59.624735 ], [ 5.405692, 59.6511 ], [ 5.37684, 59.645608 ], [ 5.321516, 59.620304 ], [ 5.321013, 59.601856 ], [ 5.284361, 59.566431 ], [ 5.239869, 59.54267 ], [ 5.230349, 59.527181 ], [ 5.27496, 59.520739 ], [ 5.232824, 59.513657 ], [ 5.301371, 59.495615 ], [ 5.302876, 59.481168 ], [ 5.225505, 59.502573 ], [ 5.244361, 59.468156 ], [ 5.238802, 59.437624 ], [ 5.345353, 59.328833 ], [ 5.338347, 59.293061 ], [ 5.354735, 59.268938 ], [ 5.383324, 59.285759 ], [ 5.364347, 59.291308 ], [ 5.381272, 59.316781 ], [ 5.366122, 59.334195 ], [ 5.365466, 59.375394 ], [ 5.382095, 59.419241 ], [ 5.402558, 59.385613 ], [ 5.384131, 59.371283 ], [ 5.402807, 59.301229 ], [ 5.454058, 59.297433 ], [ 5.446137, 59.336668 ], [ 5.470707, 59.391848 ], [ 5.456802, 59.319984 ], [ 5.475746, 59.27829 ], [ 5.548271, 59.273873 ], [ 5.586271, 59.301013 ], [ 5.612541, 59.332546 ], [ 5.621375, 59.38616 ], [ 5.587437, 59.408443 ], [ 5.615567, 59.412122 ], [ 5.618364, 59.430023 ], [ 5.592592, 59.469233 ], [ 5.566136, 59.468918 ], [ 5.517576, 59.431741 ], [ 5.465749, 59.435288 ], [ 5.464818, 59.446252 ], [ 5.468963, 59.458903 ], [ 5.527903, 59.447994 ], [ 5.577493, 59.499252 ], [ 5.629024, 59.500876 ], [ 5.615548, 59.457495 ], [ 5.631108, 59.393712 ], [ 5.660721, 59.343245 ], [ 5.686217, 59.328625 ], [ 5.645883, 59.32169 ], [ 5.648153, 59.286064 ], [ 5.634034, 59.27105 ], [ 5.647216, 59.261856 ], [ 5.673025, 59.263883 ], [ 5.677116, 59.282924 ], [ 5.660365, 59.274872 ], [ 5.659954, 59.287757 ], [ 5.70439, 59.299175 ], [ 5.743677, 59.340773 ], [ 5.790978, 59.32568 ], [ 5.803088, 59.347273 ], [ 5.824105, 59.332203 ], [ 5.890564, 59.352154 ], [ 5.895218, 59.38122 ], [ 5.84155, 59.435533 ], [ 5.679965, 59.398265 ], [ 5.751176, 59.431888 ], [ 5.734632, 59.475858 ], [ 5.770188, 59.437832 ], [ 5.852177, 59.463926 ], [ 5.849982, 59.486309 ], [ 5.812935, 59.519105 ], [ 5.856974, 59.54336 ], [ 5.869625, 59.538689 ], [ 5.872545, 59.502244 ], [ 5.905393, 59.476192 ], [ 6.195803, 59.480427 ], [ 6.01461, 59.446949 ], [ 5.918084, 59.4489 ], [ 5.919276, 59.40036 ], [ 5.947011, 59.359302 ], [ 5.973768, 59.354461 ], [ 6.016645, 59.379847 ], [ 6.013171, 59.407949 ], [ 6.045096, 59.397017 ], [ 6.115728, 59.405854 ], [ 6.215449, 59.473352 ], [ 6.206687, 59.49897 ], [ 6.305321, 59.575962 ], [ 6.287319, 59.594307 ], [ 6.289259, 59.618107 ], [ 6.312476, 59.640555 ], [ 6.364797, 59.639533 ], [ 6.330154, 59.625034 ], [ 6.330473, 59.584265 ], [ 6.271964, 59.51904 ], [ 6.445625, 59.557231 ], [ 6.591052, 59.558307 ], [ 6.464016, 59.547767 ], [ 6.273677, 59.505613 ], [ 6.249404, 59.49158 ], [ 6.251102, 59.466466 ], [ 6.210383, 59.411511 ], [ 6.209695, 59.441788 ], [ 6.059251, 59.383015 ], [ 6.025563, 59.345496 ], [ 6.079326, 59.329562 ], [ 6.101047, 59.356508 ], [ 6.110518, 59.321694 ], [ 6.164351, 59.316341 ], [ 6.200146, 59.341774 ], [ 6.192422, 59.321435 ], [ 6.220712, 59.323677 ], [ 6.232786, 59.330561 ], [ 6.219893, 59.379849 ], [ 6.243925, 59.338096 ], [ 6.276538, 59.319835 ], [ 6.273964, 59.304649 ], [ 6.114415, 59.301196 ], [ 6.157988, 59.261244 ], [ 6.377818, 59.321721 ], [ 6.560674, 59.321088 ], [ 6.420108, 59.312676 ], [ 6.329478, 59.288326 ], [ 6.330269, 59.271335 ], [ 6.306169, 59.279951 ], [ 6.191402, 59.256979 ], [ 6.177257, 59.23606 ], [ 6.101639, 59.218837 ], [ 6.086519, 59.207402 ], [ 6.095729, 59.197946 ], [ 6.069016, 59.191919 ], [ 6.024365, 59.144431 ], [ 6.160625, 59.14975 ], [ 6.16673, 59.138001 ], [ 5.983985, 59.120947 ], [ 5.892114, 59.083692 ], [ 5.953698, 59.022761 ], [ 6.027267, 59.021786 ], [ 6.084816, 58.989738 ], [ 6.03957, 58.995051 ], [ 5.996721, 58.966191 ], [ 6.072603, 58.90487 ], [ 6.102463, 58.943283 ], [ 6.258464, 59.009973 ], [ 6.645152, 59.053737 ], [ 6.281831, 58.998986 ], [ 6.134961, 58.948654 ], [ 6.088648, 58.899914 ], [ 6.171979, 58.850356 ], [ 6.280279, 58.840307 ], [ 6.15277, 58.842289 ], [ 6.054882, 58.894227 ], [ 5.968356, 58.904062 ], [ 5.978507, 58.936321 ], [ 5.891644, 58.966076 ], [ 5.850889, 58.95189 ], [ 5.847945, 58.93249 ], [ 5.788993, 58.935745 ], [ 5.748978, 58.856554 ], [ 5.750778, 58.896825 ], [ 5.735137, 58.918874 ], [ 5.753881, 58.930348 ], [ 5.746138, 58.952795 ], [ 5.767952, 58.964476 ], [ 5.576023, 59.031153 ], [ 5.591261, 59.02063 ], [ 5.570055, 59.013052 ], [ 5.561977, 58.986313 ], [ 5.602633, 58.9846 ], [ 5.611749, 58.976313 ], [ 5.591225, 58.968444 ], [ 5.606732766863677, 58.956999488535942 ], [ 5.576065, 58.957588 ], [ 5.566396, 58.938658 ], [ 5.605139, 58.926913 ], [ 5.575028, 58.919914 ], [ 5.601751, 58.882307 ], [ 5.549539, 58.858193 ], [ 5.560814, 58.843478 ], [ 5.539875, 58.820402 ], [ 5.546469, 58.797095 ], [ 5.491095, 58.753456 ], [ 5.545624, 58.693569 ], [ 5.554849, 58.657206 ], [ 5.688628, 58.540163 ], [ 5.770235, 58.52826 ], [ 5.794286, 58.513692 ], [ 5.790707, 58.493369 ], [ 5.874935, 58.478627 ], [ 5.862864, 58.473962 ], [ 5.877356, 58.465017 ], [ 5.995885, 58.474864 ], [ 5.980955, 58.460988 ], [ 5.99736, 58.452324 ], [ 5.996149, 58.422248 ], [ 6.040868, 58.379612 ], [ 6.236882, 58.324559 ], [ 6.315322, 58.312142 ], [ 6.346553, 58.322549 ], [ 6.325805, 58.300508 ], [ 6.366262, 58.279316 ], [ 6.438414, 58.290727 ], [ 6.38328, 58.274959 ], [ 6.412302, 58.268073 ], [ 6.644364, 58.235195 ], [ 6.664823, 58.240699 ], [ 6.645916, 58.26883 ], [ 6.654163, 58.295482 ], [ 6.671156, 58.281011 ], [ 6.661433, 58.264069 ], [ 6.697629, 58.252238 ], [ 6.717931, 58.220961 ], [ 6.888755, 58.275181 ], [ 6.678646, 58.192693 ], [ 6.688415, 58.17852 ], [ 6.625586, 58.177269 ], [ 6.598261, 58.13404 ], [ 6.561184, 58.110976 ], [ 6.637494, 58.068511 ], [ 6.78937, 58.058424 ], [ 6.824173, 58.073824 ], [ 6.763757, 58.102887 ], [ 6.865665, 58.131638 ], [ 6.808308, 58.156752 ], [ 6.797356, 58.184806 ], [ 6.827549, 58.178687 ], [ 6.872953, 58.196451 ], [ 6.838328, 58.173257 ], [ 6.904457, 58.134891 ], [ 7.043458, 58.141147 ], [ 6.955251, 58.11401 ], [ 6.899225, 58.124326 ], [ 6.819279, 58.095081 ], [ 6.913218, 58.07278 ], [ 6.955568, 58.105601 ], [ 6.933159, 58.08403 ], [ 6.95996, 58.081781 ], [ 6.93694, 58.059795 ], [ 6.959628, 58.049879 ], [ 7.027672, 58.112644 ], [ 7.057579, 58.119205 ], [ 7.014568, 58.085089 ], [ 7.009999, 58.06382 ], [ 6.992603, 58.061937 ], [ 7.009407, 58.05884 ], [ 6.976736, 58.046111 ], [ 6.997591, 58.029059 ], [ 7.103467, 58.069127 ], [ 7.104874, 58.081623 ], [ 7.144539, 58.07266 ], [ 7.185094, 58.132662 ], [ 7.18619, 58.108887 ], [ 7.148886, 58.050943 ], [ 7.146082, 58.071514 ], [ 7.126435, 58.067314 ], [ 7.039224, 58.021539 ], [ 7.030857, 57.996312 ], [ 7.053007, 57.981777 ], [ 7.103334, 58.001694 ], [ 7.107806, 58.036792 ], [ 7.122066, 58.028161 ], [ 7.138932, 58.042066 ], [ 7.143427, 58.030258 ], [ 7.179215, 58.054723 ], [ 7.203951, 58.03252 ], [ 7.249017, 58.049187 ], [ 7.265283, 58.030207 ], [ 7.273591, 58.050713 ], [ 7.278065, 58.029483 ], [ 7.315393, 58.027197 ], [ 7.323277, 58.043848 ], [ 7.405557, 58.008996 ], [ 7.422428, 58.010858 ], [ 7.401749, 58.016621 ], [ 7.423644, 58.028918 ], [ 7.435016, 58.015345 ], [ 7.591159, 58.001466 ], [ 7.665918, 58.014549 ], [ 7.655229, 58.024272 ], [ 7.673241, 58.021229 ], [ 7.681744, 58.037074 ], [ 7.663438, 58.043078 ], [ 7.707688, 58.050891 ], [ 7.688902, 58.073248 ], [ 7.732822, 58.051056 ], [ 7.73491, 58.065823 ], [ 7.784974, 58.079752 ], [ 7.783978, 58.068515 ], [ 7.817313, 58.077748 ], [ 7.821281, 58.065189 ], [ 7.910517, 58.070443 ], [ 7.924847, 58.091151 ], [ 7.952512, 58.078456 ], [ 7.985151, 58.102229 ], [ 7.961805, 58.115733 ], [ 7.972269, 58.136648 ], [ 8.007714, 58.132093 ], [ 8.004206, 58.14348 ], [ 8.034895, 58.147099 ], [ 8.045911, 58.165515 ], [ 8.039874, 58.197158 ], [ 8.051688, 58.203826 ], [ 8.030837, 58.234104 ], [ 8.084048, 58.186401 ], [ 8.081599, 58.167285 ], [ 8.051691, 58.151921 ], [ 8.070853, 58.139342 ], [ 8.064289, 58.120979 ], [ 8.081165, 58.128801 ], [ 8.146188, 58.106671 ], [ 8.197673, 58.163213 ], [ 8.212932, 58.114223 ], [ 8.251725, 58.133357 ], [ 8.248228, 58.15443 ], [ 8.280285, 58.153416 ], [ 8.278769, 58.173757 ], [ 8.299139, 58.173682 ], [ 8.298063, 58.195603 ], [ 8.257641, 58.203824 ], [ 8.335889, 58.215379 ], [ 8.330103, 58.202648 ], [ 8.372747, 58.2003 ], [ 8.391365, 58.234548 ], [ 8.357113, 58.233072 ], [ 8.393172, 58.252894 ], [ 8.432688, 58.245707 ], [ 8.416187, 58.270073 ], [ 8.446005, 58.29759 ], [ 8.443832, 58.26383 ], [ 8.51824, 58.262598 ], [ 8.53358, 58.284166 ], [ 8.513441, 58.281759 ], [ 8.518561, 58.293664 ], [ 8.567485, 58.309876 ], [ 8.613822, 58.362021 ], [ 8.604003, 58.33607 ], [ 8.616112, 58.330928 ], [ 8.670994, 58.357852 ], [ 8.67212, 58.371737 ], [ 8.709893, 58.377105 ], [ 8.724137, 58.391197 ], [ 8.704454, 58.404089 ], [ 8.719819, 58.413851 ], [ 8.777085, 58.41962 ], [ 8.782091, 58.437812 ], [ 8.771646, 58.453345 ], [ 8.749059, 58.449391 ], [ 8.758939, 58.456381 ], [ 8.884231, 58.499539 ], [ 8.894354, 58.526121 ], [ 8.917706, 58.511342 ], [ 8.970085, 58.530853 ], [ 8.999122, 58.560598 ], [ 8.977579, 58.58341 ], [ 8.971017, 58.559173 ], [ 8.968092, 58.589835 ], [ 8.943661, 58.595036 ], [ 8.936809, 58.620587 ], [ 8.993577, 58.586566 ], [ 9.024188, 58.619142 ], [ 9.070777, 58.622965 ], [ 9.151372, 58.664406 ], [ 9.20084, 58.666744 ], [ 9.226736, 58.688697 ], [ 9.069896, 58.68407 ], [ 9.222915, 58.706641 ], [ 9.242716, 58.725671 ], [ 9.107175, 58.743032 ], [ 9.096713, 58.738467 ], [ 9.201613, 58.721408 ], [ 9.06354, 58.726754 ], [ 9.084979, 58.742642 ], [ 9.07422, 58.758976 ], [ 9.159188, 58.739231 ], [ 9.349184, 58.756046 ], [ 9.432598, 58.808413 ], [ 9.378692, 58.799794 ], [ 9.463011, 58.835241 ], [ 9.397182, 58.850747 ], [ 9.281948, 58.835904 ], [ 9.299945, 58.84842 ], [ 9.304079, 58.884438 ], [ 9.333505, 58.867945 ], [ 9.404397, 58.865426 ], [ 9.421423, 58.898499 ], [ 9.372785, 58.884901 ], [ 9.376679, 58.897026 ], [ 9.418447, 58.905823 ], [ 9.458448, 58.889158 ], [ 9.484347, 58.914684 ], [ 9.484101, 58.880109 ], [ 9.497548, 58.875271 ], [ 9.551255, 58.902899 ], [ 9.463579, 58.938655 ], [ 9.58483, 58.92664 ], [ 9.616654, 58.937575 ], [ 9.592953, 58.945288 ], [ 9.615818, 58.95365 ], [ 9.624373, 58.940793 ], [ 9.652051, 58.972457 ], [ 9.696757, 58.970944 ], [ 9.667551, 58.993359 ], [ 9.704748, 58.989199 ], [ 9.706181, 59.005245 ], [ 9.722087, 59.005491 ], [ 9.750184, 58.991413 ], [ 9.745565, 59.014936 ], [ 9.702139, 59.044766 ], [ 9.645487, 59.049035 ], [ 9.625581, 59.082321 ], [ 9.513962, 59.128509 ], [ 9.588225, 59.117768 ], [ 9.626794, 59.133302 ], [ 9.61715, 59.121265 ], [ 9.648379, 59.104157 ], [ 9.653546, 59.06599 ], [ 9.693419, 59.051375 ], [ 9.7043, 59.106992 ], [ 9.718512, 59.105136 ], [ 9.722255, 59.063995 ], [ 9.740161, 59.071041 ], [ 9.77543, 59.042158 ], [ 9.798591, 59.088993 ], [ 9.807191, 59.038878 ], [ 9.839197, 59.044179 ], [ 9.854924, 58.993323 ], [ 9.823625, 58.975008 ], [ 9.856736, 58.961791 ], [ 10.034861, 58.979835 ], [ 10.04535, 59.002705 ], [ 10.021056, 59.046968 ], [ 10.062403, 59.041499 ], [ 10.074169, 59.017966 ], [ 10.147677, 59.037683 ], [ 10.13306, 59.006919 ], [ 10.204969, 59.024265 ], [ 10.227244, 59.037349 ], [ 10.230282, 59.062124 ], [ 10.204677, 59.077721 ], [ 10.223939, 59.075154 ], [ 10.225578, 59.125678 ], [ 10.267595, 59.047032 ], [ 10.279279, 59.078023 ], [ 10.270629, 59.117982 ], [ 10.305458, 59.056594 ], [ 10.309849, 59.09071 ], [ 10.284844, 59.136625 ], [ 10.327633, 59.132608 ], [ 10.311624, 59.149307 ], [ 10.331185, 59.159847 ], [ 10.341568, 59.216961 ], [ 10.374873, 59.228861 ], [ 10.374851, 59.273895 ], [ 10.403979, 59.265913 ], [ 10.385894, 59.262823 ], [ 10.366089, 59.174152 ], [ 10.434598, 59.165585 ], [ 10.466115, 59.179901 ], [ 10.474503, 59.203055 ], [ 10.45571, 59.201388 ], [ 10.463163, 59.230139 ], [ 10.433693, 59.236708 ], [ 10.422287, 59.258678 ], [ 10.435175, 59.270279 ], [ 10.463494, 59.245113 ], [ 10.500177, 59.258079 ], [ 10.499319, 59.288537 ], [ 10.527481, 59.314454 ], [ 10.497261, 59.32477 ], [ 10.462461, 59.37095 ], [ 10.49461, 59.433331 ], [ 10.47068, 59.425344 ], [ 10.444045, 59.452079 ], [ 10.381324, 59.440576 ], [ 10.232877, 59.566317 ], [ 10.287123, 59.550918 ], [ 10.378879, 59.530806 ], [ 10.408046, 59.564025 ], [ 10.389991, 59.580197 ], [ 10.41068, 59.590816 ], [ 10.410106, 59.623687 ], [ 10.374751, 59.676282 ], [ 10.215526, 59.740107 ], [ 10.285008, 59.748028 ], [ 10.312126, 59.717975 ], [ 10.368798, 59.715704 ], [ 10.395539, 59.690571 ], [ 10.430072, 59.68518 ], [ 10.439366, 59.623257 ], [ 10.414196, 59.612462 ], [ 10.439736, 59.606031 ], [ 10.41652, 59.529134 ], [ 10.511538, 59.52342 ], [ 10.590338, 59.553198 ], [ 10.616228, 59.570992 ], [ 10.617275, 59.592704 ], [ 10.601482, 59.662404 ], [ 10.518193, 59.696025 ], [ 10.515244, 59.762208 ], [ 10.498742, 59.763258 ], [ 10.500659, 59.801531 ], [ 10.478454, 59.820831 ], [ 10.50983, 59.839429 ], [ 10.471699, 59.836296 ], [ 10.543782, 59.870078 ], [ 10.506262, 59.877875 ], [ 10.535934, 59.890661 ], [ 10.597359, 59.898044 ], [ 10.617782, 59.879282 ], [ 10.64198, 59.911508 ], [ 10.666648, 59.915579 ], [ 10.67843, 59.896372 ], [ 10.695743, 59.913125 ], [ 10.752615, 59.905232 ], [ 10.783209, 59.860737 ], [ 10.735127, 59.801235 ], [ 10.72831, 59.721387 ], [ 10.717284, 59.720145 ], [ 10.690589, 59.847671 ], [ 10.658401, 59.870551 ], [ 10.580968, 59.750088 ], [ 10.614269, 59.684166 ], [ 10.638181, 59.702082 ], [ 10.621441, 59.672571 ], [ 10.651731, 59.615859 ], [ 10.648405, 59.559043 ], [ 10.664267, 59.526802 ], [ 10.687841, 59.527058 ], [ 10.686988, 59.476944 ], [ 10.66787, 59.443913 ], [ 10.647773, 59.439424 ], [ 10.672376, 59.486581 ], [ 10.648513, 59.504945 ], [ 10.589004, 59.42282 ], [ 10.656342, 59.427695 ], [ 10.652521, 59.374889 ], [ 10.672984, 59.359964 ], [ 10.660387, 59.336483 ], [ 10.684145, 59.325235 ], [ 10.685056, 59.305391 ], [ 10.739031, 59.345262 ], [ 10.75394, 59.343268 ], [ 10.752345, 59.321616 ], [ 10.723773, 59.306028 ], [ 10.793414, 59.320113 ], [ 10.727385, 59.271061 ], [ 10.744944, 59.268134 ], [ 10.733723, 59.234729 ], [ 10.76861, 59.241929 ], [ 10.827601, 59.15574 ], [ 10.91503, 59.216707 ], [ 10.887921, 59.182409 ], [ 10.923394, 59.138588 ], [ 10.946427, 59.152381 ], [ 10.947955, 59.195462 ], [ 10.962456, 59.17987 ], [ 11.012179, 59.183964 ], [ 11.011593, 59.166704 ], [ 11.037887, 59.15343 ], [ 11.034877, 59.133062 ], [ 11.076625, 59.124615 ], [ 11.108478, 59.147751 ], [ 11.065889, 59.214551 ], [ 11.122705, 59.148667 ], [ 11.162974, 59.161905 ], [ 11.151174, 59.191831 ], [ 11.180304, 59.189679 ], [ 11.178723, 59.156839 ], [ 11.208269, 59.145155 ], [ 11.181814, 59.142226 ], [ 11.179323, 59.127687 ], [ 11.202692, 59.116976 ], [ 11.229694, 59.133342 ], [ 11.200823, 59.093481 ], [ 11.373257, 59.116266 ], [ 11.408547, 59.056881 ], [ 11.431654, 59.063832 ], [ 11.42022, 59.041115 ], [ 11.47541, 58.984938 ], [ 11.449248, 58.992172 ], [ 11.368981, 59.09126 ], [ 11.336131, 59.110905 ], [ 11.189383, 59.07554 ], [ 11.11865, 58.999968 ], [ 11.224993, 59.013685 ], [ 11.121222, 58.964852 ], [ 11.199579, 58.918528 ], [ 11.160518, 58.914039 ], [ 11.193188, 58.910083 ], [ 11.195432, 58.876915 ], [ 11.239032, 58.838971 ], [ 11.246592, 58.810829 ], [ 11.217078, 58.804526 ], [ 11.215854, 58.786543 ], [ 11.242427, 58.76486 ], [ 11.204233, 58.787576 ], [ 11.183787, 58.782214 ], [ 11.257748, 58.718939 ], [ 11.212569, 58.752015 ], [ 11.179784, 58.757749 ], [ 11.160845, 58.744 ], [ 11.184003, 58.749271 ], [ 11.171401, 58.723934 ], [ 11.189673, 58.711982 ], [ 11.226557, 58.712379 ], [ 11.216805, 58.705475 ], [ 11.2316, 58.676578 ], [ 11.25563, 58.687227 ], [ 11.282927, 58.646684 ], [ 11.262389, 58.621854 ], [ 11.287938, 58.61139 ], [ 11.276335, 58.588259 ], [ 11.312872, 58.580359 ], [ 11.243482, 58.558316 ], [ 11.247457, 58.534361 ], [ 11.267563, 58.531496 ], [ 11.271662, 58.549306 ], [ 11.278026, 58.534878 ], [ 11.258923, 58.521073 ], [ 11.293264, 58.506856 ], [ 11.290599, 58.488141 ], [ 11.313978, 58.494822 ], [ 11.309134, 58.480187 ], [ 11.359941, 58.488735 ], [ 11.294629, 58.459513 ], [ 11.290653, 58.426219 ], [ 11.258236, 58.443804 ], [ 11.235798, 58.438527 ], [ 11.22229, 58.412342 ], [ 11.243118, 58.398167 ], [ 11.224463, 58.395073 ], [ 11.258916, 58.383009 ], [ 11.250593, 58.356073 ], [ 11.288098, 58.361636 ], [ 11.312879, 58.385884 ], [ 11.319639, 58.363403 ], [ 11.359063, 58.363629 ], [ 11.456991, 58.45886 ], [ 11.359451, 58.349116 ], [ 11.396461, 58.347971 ], [ 11.449814, 58.391411 ], [ 11.463023, 58.34558 ], [ 11.411442, 58.34836 ], [ 11.396804, 58.318087 ], [ 11.430988, 58.305038 ], [ 11.466433, 58.314178 ], [ 11.420669, 58.270374 ], [ 11.480322, 58.283528 ], [ 11.567941, 58.354171 ], [ 11.561466, 58.383019 ], [ 11.582694, 58.416157 ], [ 11.575041, 58.478124 ], [ 11.602305, 58.413177 ], [ 11.621251, 58.40261 ], [ 11.675038, 58.437661 ], [ 11.701526, 58.432368 ], [ 11.631847, 58.400957 ], [ 11.656825, 58.383714 ], [ 11.631341, 58.384185 ], [ 11.538126, 58.308318 ], [ 11.502819, 58.248767 ], [ 11.557701, 58.237628 ], [ 11.570249, 58.249687 ], [ 11.553323, 58.264406 ], [ 11.604282, 58.247206 ], [ 11.611866, 58.262756 ], [ 11.638751, 58.262767 ], [ 11.679473, 58.309306 ], [ 11.734153, 58.31359 ], [ 11.701571, 58.339081 ], [ 11.810056, 58.324134 ], [ 11.910156, 58.344883 ], [ 11.817269, 58.313269 ], [ 11.816861, 58.289754 ], [ 11.874615, 58.225073 ], [ 11.912591, 58.223751 ], [ 11.859353, 58.194114 ], [ 11.846957, 58.123132 ], [ 11.808043, 58.104522 ], [ 11.830967, 58.095512 ], [ 11.800155, 58.083107 ], [ 11.81807, 58.056723 ], [ 11.801488, 58.015352 ], [ 11.812966, 57.99274 ], [ 11.754793, 57.963918 ], [ 11.78323, 57.951149 ], [ 11.749791, 57.933255 ], [ 11.785847, 57.926662 ], [ 11.753488, 57.920519 ], [ 11.781759, 57.902408 ], [ 11.714736, 57.900425 ], [ 11.709141, 57.875074 ], [ 11.677621, 57.851351 ], [ 11.708403, 57.852397 ], [ 11.682661, 57.840765 ], [ 11.729573, 57.821702 ], [ 11.746579, 57.798758 ], [ 11.733276, 57.784737 ], [ 11.835161, 57.794209 ], [ 11.784785, 57.767341 ], [ 11.797754, 57.753469 ], [ 11.727423, 57.738726 ], [ 11.705079, 57.70683 ], [ 11.795322, 57.687033 ], [ 11.80612, 57.698231 ], [ 11.888674, 57.691744 ], [ 11.965243, 57.71451 ], [ 11.844612, 57.664236 ], [ 11.886889, 57.611702 ], [ 11.92412, 57.623203 ], [ 11.902222, 57.590932 ], [ 11.933622, 57.573839 ], [ 11.915795, 57.530991 ], [ 11.941955, 57.512491 ], [ 11.921946, 57.503453 ], [ 11.961711, 57.494916 ], [ 11.91235, 57.485507 ], [ 11.935624, 57.473854 ], [ 11.912728, 57.466111 ], [ 11.905647, 57.438948 ], [ 11.926085, 57.40661 ], [ 11.913258, 57.394984 ], [ 11.954511, 57.387294 ], [ 11.951565, 57.35763 ], [ 11.986126, 57.369091 ], [ 11.999777, 57.344841 ], [ 12.057037, 57.458368 ], [ 12.105087, 57.434437 ], [ 12.106766, 57.409291 ], [ 12.082449, 57.395828 ], [ 12.12012, 57.397426 ], [ 12.124661, 57.381178 ], [ 12.085975, 57.36811 ], [ 12.067077, 57.338473 ], [ 12.120711, 57.344828 ], [ 12.16687, 57.309804 ], [ 12.162779, 57.285807 ], [ 12.086849, 57.254765 ], [ 12.129324, 57.247996 ], [ 12.095945, 57.234027 ], [ 12.138068, 57.214315 ], [ 12.2102, 57.224371 ], [ 12.20808, 57.208507 ], [ 12.150947, 57.193262 ], [ 12.211598, 57.181404 ], [ 12.202334, 57.172677 ], [ 12.224862, 57.154772 ], [ 12.206751, 57.147468 ], [ 12.234484, 57.128817 ], [ 12.190781, 57.115762 ], [ 12.238815, 57.119592 ], [ 12.237693, 57.0874 ], [ 12.259997, 57.077163 ], [ 12.245851, 57.06473 ], [ 12.274127, 57.067029 ], [ 12.269741, 57.050735 ], [ 12.339337, 57.017509 ], [ 12.358505, 56.990451 ], [ 12.359401, 56.921109 ], [ 12.49378, 56.887198 ], [ 12.536724, 56.867003 ], [ 12.548419, 56.843393 ], [ 12.593708, 56.831205 ], [ 12.629745, 56.763072 ], [ 12.625483, 56.742335 ], [ 12.677068, 56.712144 ], [ 12.683106, 56.681373 ], [ 12.720067, 56.673312 ], [ 12.72667, 56.642964 ], [ 12.789702, 56.642914 ], [ 12.831053, 56.663762 ], [ 12.850711, 56.659224 ], [ 12.848457, 56.646723 ], [ 12.880323, 56.648936 ], [ 12.936142, 56.58735 ], [ 12.947669, 56.549694 ], [ 12.931831, 56.487313 ], [ 12.87279, 56.434482 ], [ 12.727099, 56.471664 ], [ 12.656981, 56.454947 ], [ 12.619686, 56.421558 ], [ 12.628282, 56.393508 ], [ 12.735246, 56.361851 ], [ 12.766166, 56.30331 ], [ 12.83413, 56.274245 ], [ 12.785418, 56.217874 ], [ 12.747228, 56.232809 ], [ 12.699037, 56.220559 ], [ 12.655862, 56.256045 ], [ 12.447221, 56.302619 ], [ 12.49237, 56.28478 ], [ 12.533386, 56.243158 ], [ 12.567728, 56.145669 ], [ 12.675968, 56.0655 ], [ 12.704738, 56.008498 ], [ 12.747693, 55.989652 ], [ 12.830345, 55.855098 ], [ 12.873158, 55.861588 ], [ 12.912976, 55.83493 ], [ 12.932573, 55.781602 ], [ 12.901543, 55.751066 ], [ 12.953333, 55.748736 ], [ 12.953653, 55.729414 ], [ 12.969205, 55.725298 ], [ 12.995858, 55.729653 ], [ 13.049034, 55.697983 ], [ 13.062471, 55.672099 ], [ 13.051032, 55.640511 ], [ 12.999073, 55.627088 ], [ 13.024991, 55.621858 ], [ 12.977079, 55.618393 ], [ 12.894078, 55.567219 ], [ 12.909954, 55.530928 ], [ 12.894397, 55.522831 ], [ 12.918876, 55.518853 ], [ 12.968183, 55.456318 ], [ 12.966975, 55.441837 ], [ 12.945013, 55.456318 ], [ 12.947833, 55.419113 ], [ 12.888534, 55.411279 ], [ 12.85995, 55.437243 ], [ 12.836514, 55.426317 ], [ 12.813337, 55.38024 ], [ 12.964479, 55.401423 ], [ 13.076082, 55.367903 ], [ 13.155083, 55.37144 ], [ 13.36277, 55.337707 ], [ 13.480975, 55.379808 ], [ 13.594211, 55.387781 ], [ 13.640251, 55.416946 ], [ 13.835798, 55.419065 ], [ 13.900375, 55.43503 ], [ 13.976195, 55.420752 ], [ 14.054273, 55.381353 ], [ 14.197448, 55.385742 ], [ 14.284687, 55.473524 ], [ 14.34717, 55.509083 ], [ 14.360427, 55.553863 ], [ 14.284756, 55.61811 ], [ 14.268496, 55.675426 ], [ 14.204421, 55.702046 ], [ 14.197286, 55.765632 ], [ 14.241307, 55.864246 ], [ 14.324836, 55.919283 ], [ 14.339844, 55.957809 ], [ 14.410249, 55.972604 ], [ 14.467497, 56.013946 ], [ 14.473097, 56.036073 ], [ 14.53222, 56.041959 ], [ 14.540667, 56.061593 ], [ 14.562656, 56.027234 ], [ 14.603415, 56.054986 ], [ 14.584233, 56.020057 ], [ 14.607834, 56.017671 ], [ 14.613126, 55.997938 ], [ 14.670431, 55.99144 ], [ 14.703798, 56.012382 ], [ 14.720674, 55.994559 ], [ 14.770321, 56.021603 ], [ 14.781308, 56.035288 ], [ 14.725925, 56.062729 ], [ 14.728308, 56.090254 ], [ 14.678884, 56.124716 ], [ 14.683102, 56.161594 ], [ 14.821954, 56.157034 ], [ 14.840472, 56.138514 ], [ 14.868446, 56.162054 ], [ 14.981666, 56.168378 ], [ 15.023844, 56.151741 ], [ 15.007225, 56.169247 ], [ 15.023427, 56.171748 ], [ 15.016961, 56.185143 ], [ 15.060181, 56.188985 ], [ 15.075671, 56.174736 ], [ 15.064596, 56.157109 ], [ 15.109281, 56.148119 ], [ 15.122437, 56.167961 ], [ 15.172735, 56.15335 ], [ 15.307489, 56.176505 ], [ 15.317324, 56.15552 ], [ 15.286565, 56.138881 ], [ 15.348795, 56.12455 ], [ 15.383134, 56.150229 ], [ 15.383822, 56.167428 ], [ 15.431041, 56.178216 ], [ 15.454091, 56.170975 ], [ 15.420396, 56.157425 ], [ 15.458113, 56.127504 ], [ 15.442854, 56.100706 ], [ 15.465536, 56.095211 ], [ 15.490477, 56.122252 ], [ 15.460652, 56.123306 ], [ 15.460309, 56.164966 ], [ 15.481036, 56.148732 ], [ 15.486925, 56.172982 ], [ 15.525833, 56.17216 ], [ 15.591723, 56.209798 ], [ 15.607252, 56.193159 ], [ 15.580148, 56.16659 ], [ 15.565972, 56.174211 ], [ 15.580266, 56.156813 ], [ 15.643766, 56.190544 ], [ 15.636239, 56.163618 ], [ 15.658648, 56.176098 ], [ 15.681135, 56.159068 ], [ 15.670504, 56.180755 ], [ 15.696685, 56.183534 ], [ 15.691532, 56.167812 ], [ 15.755636, 56.158881 ], [ 15.744001, 56.15071 ], [ 15.754062, 56.140938 ], [ 15.823166, 56.169308 ], [ 15.819269, 56.144858 ], [ 15.781233, 56.107867 ], [ 15.847359, 56.076538 ], [ 16.039857, 56.255991 ], [ 16.05756, 56.304998 ], [ 16.049872, 56.321888 ], [ 16.083303, 56.356983 ], [ 16.093639, 56.416939 ], [ 16.168314, 56.488547 ], [ 16.188353, 56.527876 ], [ 16.215744, 56.53162 ], [ 16.224513, 56.602818 ], [ 16.247712, 56.631415 ], [ 16.26775, 56.632729 ], [ 16.282076, 56.655288 ], [ 16.312753, 56.657741 ], [ 16.319855, 56.63778 ], [ 16.369202, 56.662411 ], [ 16.376318, 56.708789 ], [ 16.353475, 56.717194 ], [ 16.375005, 56.723693 ], [ 16.367047, 56.763465 ], [ 16.479516, 56.773829 ], [ 16.468019, 56.80024 ], [ 16.398748, 56.785822 ], [ 16.444073, 56.866656 ], [ 16.433636, 56.917084 ], [ 16.464185, 56.923736 ], [ 16.468635, 56.942174 ], [ 16.434862, 56.982831 ], [ 16.454426, 57.019824 ], [ 16.451209, 56.994977 ], [ 16.476711, 56.968525 ], [ 16.470297, 57.001702 ], [ 16.485303, 57.017665 ], [ 16.527947, 57.000686 ], [ 16.457446, 57.039108 ], [ 16.502582, 57.029721 ], [ 16.525324, 57.061317 ], [ 16.530095, 57.040071 ], [ 16.577237, 57.047382 ], [ 16.538258, 57.069861 ], [ 16.571484, 57.087662 ], [ 16.532278, 57.115224 ], [ 16.510797, 57.11309 ], [ 16.464103, 57.165084 ], [ 16.456022, 57.198857 ], [ 16.479891, 57.22808 ], [ 16.504452, 57.231358 ], [ 16.470311, 57.26435 ], [ 16.500498, 57.298446 ], [ 16.57312, 57.311659 ], [ 16.550411, 57.328789 ], [ 16.570549, 57.340996 ], [ 16.553346, 57.354182 ], [ 16.55812, 57.37399 ], [ 16.625951, 57.367971 ], [ 16.642552, 57.405952 ], [ 16.720754, 57.444048 ], [ 16.661776, 57.461775 ], [ 16.705369, 57.48834 ], [ 16.63496, 57.533705 ], [ 16.665975, 57.543452 ], [ 16.586866, 57.547272 ], [ 16.54308, 57.562411 ], [ 16.553237, 57.568187 ], [ 16.538913, 57.580845 ], [ 16.514712, 57.576981 ], [ 16.540297, 57.60365 ], [ 16.513281, 57.627464 ], [ 16.562226, 57.616758 ], [ 16.582698, 57.59159 ], [ 16.595713, 57.607554 ], [ 16.609801, 57.576455 ], [ 16.659664, 57.557837 ], [ 16.614069, 57.599577 ], [ 16.653628, 57.607928 ], [ 16.618389, 57.610514 ], [ 16.646272, 57.616002 ], [ 16.633389, 57.635898 ], [ 16.644516, 57.642657 ], [ 16.586418, 57.658349 ], [ 16.628528, 57.651603 ], [ 16.645654, 57.672565 ], [ 16.594639, 57.68531 ], [ 16.548705, 57.724989 ], [ 16.632068, 57.684435 ], [ 16.715721, 57.683845 ], [ 16.702219, 57.696865 ], [ 16.727535, 57.698604 ], [ 16.708133, 57.725342 ], [ 16.677435, 57.726556 ], [ 16.561406, 57.807307 ], [ 16.467501, 57.847689 ], [ 16.466259, 57.833744 ], [ 16.44924, 57.834747 ], [ 16.412009, 57.878451 ], [ 16.418281, 57.891728 ], [ 16.468372, 57.859108 ], [ 16.529344, 57.847581 ], [ 16.545402716028192, 57.835563372761477 ], [ 16.526003, 57.869733 ], [ 16.472736, 57.892365 ], [ 16.502156, 57.893804 ], [ 16.482653, 57.910364 ], [ 16.591215, 57.880692 ], [ 16.565035, 57.916943 ], [ 16.590966, 57.932641 ], [ 16.528934, 57.954247 ], [ 16.500253, 57.976572 ], [ 16.500391, 57.994586 ], [ 16.662972, 57.911074 ], [ 16.60077, 57.927458 ], [ 16.592686, 57.919107 ], [ 16.624769, 57.891342 ], [ 16.68494, 57.878935 ], [ 16.700759, 57.902011 ], [ 16.771802, 57.860297 ], [ 16.790879, 57.879926 ], [ 16.753938, 57.902042 ], [ 16.782395, 57.905175 ], [ 16.742097, 57.914928 ], [ 16.800458, 57.912312 ], [ 16.765542, 57.938122 ], [ 16.766881, 57.961509 ], [ 16.803678, 57.971213 ], [ 16.80672, 57.995655 ], [ 16.758459, 57.997224 ], [ 16.720174, 57.971666 ], [ 16.734152, 57.952627 ], [ 16.6821, 57.984592 ], [ 16.678147, 57.971348 ], [ 16.623739, 57.984774 ], [ 16.670578, 57.978311 ], [ 16.653605, 58.006013 ], [ 16.663422, 58.034468 ], [ 16.691522, 57.999454 ], [ 16.729248, 58.000198 ], [ 16.698659, 58.004169 ], [ 16.702927, 58.018985 ], [ 16.775615, 58.008681 ], [ 16.737304, 58.047908 ], [ 16.756337, 58.054317 ], [ 16.733135, 58.066799 ], [ 16.770298, 58.069343 ], [ 16.769762, 58.05265 ], [ 16.788348, 58.045998 ], [ 16.809557, 58.065774 ], [ 16.744501, 58.094048 ], [ 16.726226, 58.121705 ], [ 16.70444, 58.123146 ], [ 16.715808, 58.135374 ], [ 16.62563, 58.190917 ], [ 16.772944, 58.10894 ], [ 16.763521, 58.123824 ], [ 16.828377, 58.132028 ], [ 16.823728, 58.156688 ], [ 16.783923, 58.170605 ], [ 16.867249, 58.177558 ], [ 16.842232, 58.180278 ], [ 16.853422, 58.194397 ], [ 16.80668, 58.195239 ], [ 16.82525, 58.216426 ], [ 16.798385, 58.218276 ], [ 16.80965, 58.236133 ], [ 16.753218, 58.23818 ], [ 16.706746, 58.263145 ], [ 16.812814, 58.276285 ], [ 16.771592, 58.287028 ], [ 16.821256, 58.309702 ], [ 16.734142, 58.312823 ], [ 16.637891, 58.347943 ], [ 16.795319, 58.337154 ], [ 16.77718, 58.374941 ], [ 16.710084, 58.357469 ], [ 16.724847, 58.37506 ], [ 16.714718, 58.394652 ], [ 16.625639, 58.420781 ], [ 16.612183, 58.43861 ], [ 16.564324, 58.429518 ], [ 16.555529, 58.445353 ], [ 16.416483, 58.475047 ], [ 16.487092, 58.482797 ], [ 16.586001, 58.446277 ], [ 16.739155, 58.421871 ], [ 16.774428, 58.440778 ], [ 16.848419, 58.446182 ], [ 16.866127, 58.472552 ], [ 16.944313, 58.482112 ], [ 16.820922, 58.540668 ], [ 16.840994, 58.550837 ], [ 16.78425, 58.561119 ], [ 16.772615, 58.575414 ], [ 16.793358, 58.579017 ], [ 16.780962, 58.588655 ], [ 16.79468, 58.596829 ], [ 16.768183, 58.604412 ], [ 16.722576, 58.603913 ], [ 16.75773, 58.582333 ], [ 16.59496, 58.62759 ], [ 16.554827, 58.632542 ], [ 16.560746, 58.622059 ], [ 16.537206, 58.616035 ], [ 16.444033, 58.635443 ], [ 16.429887, 58.628044 ], [ 16.429624, 58.59801 ], [ 16.407172, 58.588006 ], [ 16.350745, 58.630254 ], [ 16.308199, 58.607549 ], [ 16.19843, 58.629801 ], [ 16.188975, 58.6154 ], [ 16.1862, 58.635915 ], [ 16.256364, 58.632278 ], [ 16.266195, 58.645803 ], [ 16.235804, 58.664343 ], [ 16.346771, 58.665258 ], [ 16.924752, 58.610822 ], [ 17.019129, 58.626215 ], [ 17.034507, 58.638441 ], [ 17.02222, 58.644731 ], [ 17.04138, 58.649295 ], [ 16.942032, 58.669195 ], [ 16.952388, 58.678314 ], [ 17.068283, 58.67034 ], [ 17.085454, 58.662103 ], [ 17.074215, 58.652543 ], [ 17.106564, 58.647325 ], [ 17.115276, 58.654537 ], [ 17.099015, 58.66273 ], [ 17.137849, 58.663031 ], [ 17.134454, 58.679947 ], [ 17.159917, 58.688499 ], [ 17.139942, 58.698798 ], [ 17.03272, 58.696787 ], [ 17.084177, 58.697771 ], [ 17.077414, 58.706721 ], [ 17.113111, 58.725763 ], [ 17.014964, 58.741813 ], [ 17.087157, 58.744186 ], [ 17.086202, 58.769658 ], [ 17.118842, 58.73059 ], [ 17.15695, 58.71926 ], [ 17.197174, 58.736518 ], [ 17.311129, 58.727846 ], [ 17.318293, 58.736645 ], [ 17.297973, 58.757135 ], [ 17.392406, 58.744605 ], [ 17.387786, 58.79458 ], [ 17.4944, 58.779921 ], [ 17.502904, 58.787569 ], [ 17.46004, 58.807276 ], [ 17.481251, 58.819006 ], [ 17.481879, 58.839117 ], [ 17.508542, 58.833024 ], [ 17.459732, 58.889624 ], [ 17.572015, 58.835725 ], [ 17.565981, 58.853267 ], [ 17.580375, 58.855425 ], [ 17.529212, 58.894123 ], [ 17.622735, 58.886741 ], [ 17.617752, 58.91269 ], [ 17.584713, 58.918792 ], [ 17.609262, 58.932758 ], [ 17.572396, 58.950852 ], [ 17.591465, 58.961373 ], [ 17.617245, 58.94955 ], [ 17.626441, 59.00652 ], [ 17.614034, 59.035307 ], [ 17.63346, 59.061961 ], [ 17.617833, 59.082234 ], [ 17.654658, 59.094732 ], [ 17.646862, 59.106055 ], [ 17.682193, 59.105974 ], [ 17.661551, 59.175448 ], [ 17.705011, 59.101426 ], [ 17.687465, 59.096237 ], [ 17.694576, 59.055877 ], [ 17.735565, 59.062889 ], [ 17.736852, 59.097686 ], [ 17.766355, 59.112984 ], [ 17.781118, 59.097323 ], [ 17.748904, 59.082255 ], [ 17.763769, 59.066698 ], [ 17.743676, 59.049504 ], [ 17.760537, 58.986466 ], [ 17.742598, 58.978664 ], [ 17.750653, 58.964269 ], [ 17.734578, 58.931054 ], [ 17.748426, 58.910527 ], [ 17.757951, 58.901823 ], [ 17.769527, 58.915218 ], [ 17.783569, 58.870455 ], [ 17.802952, 58.876433 ], [ 17.813413, 58.897079 ], [ 17.77421, 58.934994 ], [ 17.776909, 58.951814 ], [ 17.832836, 58.900017 ], [ 17.859269, 58.910061 ], [ 17.877071, 58.880401 ], [ 17.85615, 58.868157 ], [ 17.89208, 58.83082 ], [ 17.921245, 58.824836 ], [ 17.923478, 58.808731 ], [ 17.931011, 58.846553 ], [ 17.89411, 58.844258 ], [ 17.900692, 58.888359 ], [ 17.92673, 58.901073 ], [ 17.916584, 58.862786 ], [ 17.969113, 58.921791 ], [ 17.95762, 58.955888 ], [ 17.992463, 59.007758 ], [ 18.00464, 58.994604 ], [ 18.017222, 59.010224 ], [ 18.002771, 59.042298 ], [ 18.038704, 59.019954 ], [ 18.024965, 59.045256 ], [ 18.102951, 59.048948 ], [ 18.106347, 59.066188 ], [ 18.201077, 59.090081 ], [ 18.240124, 59.11721 ], [ 18.243421, 59.102919 ], [ 18.221546, 59.08814 ], [ 18.235148, 59.08517 ], [ 18.202225, 59.064696 ], [ 18.337651, 59.092963 ], [ 18.322371, 59.105662 ], [ 18.277644, 59.09662 ], [ 18.294835, 59.117376 ], [ 18.418366, 59.134971 ], [ 18.465388, 59.167697 ], [ 18.438563, 59.165141 ], [ 18.425652, 59.146519 ], [ 18.399613, 59.176543 ], [ 18.366601, 59.169119 ], [ 18.388029769692075, 59.191069464392086 ], [ 18.399027, 59.185171 ], [ 18.412076, 59.197051 ], [ 18.372126, 59.226503 ], [ 18.257209, 59.265666 ], [ 18.359966, 59.265542 ], [ 18.311843, 59.268977 ], [ 18.2955, 59.293932 ], [ 18.312942, 59.326207 ], [ 18.346975, 59.318883 ], [ 18.360269, 59.292243 ], [ 18.339609, 59.281103 ], [ 18.519567, 59.213838 ], [ 18.578311, 59.2245 ], [ 18.551001, 59.239117 ], [ 18.612646, 59.246229 ], [ 18.580192, 59.255965 ], [ 18.642442, 59.248702 ], [ 18.70327, 59.289058 ], [ 18.603571, 59.287143 ], [ 18.662352, 59.311049 ], [ 18.635969, 59.33999 ], [ 18.525965, 59.358117 ], [ 18.64452, 59.353047 ], [ 18.628361, 59.366285 ], [ 18.572456, 59.363136 ], [ 18.581633, 59.372492 ], [ 18.535568, 59.3825 ], [ 18.517962, 59.404756 ], [ 18.42552, 59.422468 ], [ 18.461741, 59.389548 ], [ 18.456012, 59.362024 ], [ 18.477374, 59.334904 ], [ 18.461772, 59.3191 ], [ 18.406317, 59.357051 ], [ 18.301865, 59.361945 ], [ 18.149512, 59.315979 ], [ 18.07792, 59.320076 ], [ 18.080064, 59.331467 ], [ 18.152503, 59.321678 ], [ 18.091775, 59.366704 ], [ 18.017543, 59.389816 ], [ 17.955735, 59.439657 ], [ 18.057495, 59.378571 ], [ 18.101818, 59.396614 ], [ 18.080776, 59.422938 ], [ 18.09955, 59.418413 ], [ 18.139875, 59.453121 ], [ 18.153312, 59.433712 ], [ 18.208078, 59.439568 ], [ 18.19471, 59.419128 ], [ 18.168713, 59.431631 ], [ 18.1565, 59.397305 ], [ 18.323365, 59.384198 ], [ 18.33429, 59.39215 ], [ 18.258243, 59.404887 ], [ 18.287682, 59.405743 ], [ 18.269506, 59.422467 ], [ 18.284188, 59.427568 ], [ 18.221844, 59.432122 ], [ 18.306518, 59.443851 ], [ 18.269596, 59.464205 ], [ 18.385477, 59.454003 ], [ 18.410008, 59.479994 ], [ 18.441609, 59.483118 ], [ 18.512606, 59.527666 ], [ 18.665117, 59.577659 ], [ 18.68559, 59.602559 ], [ 18.641859, 59.636516 ], [ 18.720002, 59.599109 ], [ 18.711893, 59.626464 ], [ 18.745827, 59.618919 ], [ 18.74463, 59.640053 ], [ 18.688402, 59.638289 ], [ 18.714475, 59.663264 ], [ 18.739745, 59.656465 ], [ 18.755839, 59.678554 ], [ 18.804444, 59.675918 ], [ 18.769678, 59.684085 ], [ 18.899692, 59.703038 ], [ 18.898822, 59.714527 ], [ 19.030098, 59.70576 ], [ 19.081498, 59.734612 ], [ 19.0846, 59.757456 ], [ 19.071668, 59.764156 ], [ 18.953722, 59.775967 ], [ 18.882775, 59.771399 ], [ 18.889499, 59.736493 ], [ 18.843265, 59.74308 ], [ 18.881884, 59.75067 ], [ 18.873907, 59.772056 ], [ 18.723961, 59.750711 ], [ 18.736536, 59.765173 ], [ 18.867765, 59.781401 ], [ 18.874420062732298, 59.787179441970146 ], [ 18.933602, 59.788365 ], [ 18.978615, 59.782136 ], [ 19.007562, 59.794957 ], [ 18.980776, 59.800915 ], [ 18.995769, 59.811915 ], [ 18.987474, 59.844848 ], [ 18.951697, 59.857707 ], [ 18.936815961837315, 59.844129465238389 ], [ 18.94181, 59.880159 ], [ 18.898813, 59.891924 ], [ 18.911483, 59.901837 ], [ 18.858625, 59.936891 ], [ 18.926759, 59.914059 ], [ 19.02685, 59.824351 ], [ 19.039555, 59.838575 ], [ 19.041765, 59.824237 ], [ 19.074316, 59.822594 ], [ 19.079217, 59.87786 ], [ 19.043406, 59.896615 ], [ 19.035348, 59.873952 ], [ 19.015704, 59.893298 ], [ 19.026491, 59.903466 ], [ 18.907251, 59.931318 ], [ 18.922279, 59.93999 ], [ 18.845453, 60.036183 ], [ 18.818983, 60.095648 ], [ 18.831272, 60.108884 ], [ 18.814678, 60.117105 ], [ 18.770924, 60.104609 ], [ 18.764276, 60.081855 ], [ 18.742131, 60.118608 ], [ 18.69186, 60.115559 ], [ 18.669775, 60.135708 ], [ 18.595004, 60.141201 ], [ 18.581819, 60.132883 ], [ 18.583708, 60.082046 ], [ 18.56298, 60.130009 ], [ 18.532657, 60.153522 ], [ 18.513266, 60.148089 ], [ 18.443921, 60.177625 ], [ 18.413717, 60.228427 ], [ 18.46266, 60.190106 ], [ 18.474883, 60.210595 ], [ 18.334946, 60.289354 ], [ 18.314005, 60.31502 ], [ 18.526009, 60.194914 ], [ 18.554565, 60.192856 ], [ 18.525342, 60.222228 ], [ 18.61373, 60.229165 ], [ 18.60572, 60.253777 ], [ 18.477453, 60.277766 ], [ 18.565256, 60.275063 ], [ 18.503877, 60.285481 ], [ 18.456103, 60.337032 ], [ 18.392059, 60.335632 ], [ 18.320144, 60.364283 ], [ 18.235712, 60.335375 ], [ 18.279839, 60.376997 ], [ 18.208544, 60.397476 ], [ 18.201445, 60.385984 ], [ 18.190811, 60.4081 ], [ 18.114191, 60.431588 ], [ 18.071294, 60.475349 ], [ 18.071072, 60.495859 ], [ 17.991448, 60.509375 ], [ 18.020776, 60.529744 ], [ 18.002367, 60.570394 ], [ 18.014308, 60.578506 ], [ 17.986773, 60.60182 ], [ 17.777324, 60.568404 ], [ 17.726328, 60.547979 ], [ 17.728639, 60.503938 ], [ 17.687197, 60.523501 ], [ 17.673551, 60.508362 ], [ 17.621702, 60.542922 ], [ 17.636837, 60.557227 ], [ 17.592141, 60.581365 ], [ 17.665952, 60.62343 ], [ 17.615203, 60.63068 ], [ 17.612222, 60.644531 ], [ 17.493051, 60.64609 ], [ 17.502489, 60.654983 ], [ 17.440258, 60.629837 ], [ 17.408095, 60.651778 ], [ 17.302198, 60.659506 ], [ 17.27521, 60.675633 ], [ 17.286742, 60.68783 ], [ 17.168389, 60.686383 ], [ 17.214983, 60.690124 ], [ 17.350633, 60.753261 ], [ 17.282163, 60.777147 ], [ 17.293966, 60.805955 ], [ 17.241497, 60.812437 ], [ 17.29237, 60.835982 ], [ 17.262982, 60.871847 ], [ 17.316565, 60.868772 ], [ 17.331002, 60.884452 ], [ 17.260159, 60.878902 ], [ 17.195483, 60.908342 ], [ 17.204101, 60.925295 ], [ 17.159165, 60.928195 ], [ 17.171847, 60.938909 ], [ 17.149241, 60.934011 ], [ 17.140762, 60.947602 ], [ 17.172809, 60.987133 ], [ 17.245266, 61.007833 ], [ 17.143931, 61.002957 ], [ 17.18418, 61.022136 ], [ 17.156124, 61.048979 ], [ 17.185193, 61.07158 ], [ 17.17001, 61.080795 ], [ 17.201019, 61.086404 ], [ 17.149434, 61.107875 ], [ 17.181826, 61.119802 ], [ 17.153486, 61.153239 ], [ 17.183555, 61.156783 ], [ 17.171203, 61.167979 ], [ 17.188716, 61.18215 ], [ 17.127911, 61.204881 ], [ 17.215035, 61.227186 ], [ 17.182992, 61.246855 ], [ 17.208647, 61.247818 ], [ 17.084601, 61.311332 ], [ 17.175199, 61.277876 ], [ 17.271329, 61.278789 ], [ 17.138143, 61.316333 ], [ 17.252657, 61.303512 ], [ 17.194012, 61.3271 ], [ 17.205388, 61.344161 ], [ 17.156085, 61.345309 ], [ 17.124019, 61.36378 ], [ 17.133825, 61.372205 ], [ 17.107467, 61.376279 ], [ 17.089978, 61.420587 ], [ 17.213309, 61.424572 ], [ 17.20371, 61.443641 ], [ 17.169546, 61.443615 ], [ 17.180126, 61.434964 ], [ 17.167737, 61.431644 ], [ 17.134115, 61.460317 ], [ 17.170433, 61.484302 ], [ 17.113646, 61.513996 ], [ 17.151673, 61.516917 ], [ 17.062022, 61.547854 ], [ 17.201233, 61.551014 ], [ 17.048853, 61.575489 ], [ 17.140601, 61.589987 ], [ 17.072304, 61.612222 ], [ 17.215905, 61.595983 ], [ 17.236949, 61.606041 ], [ 17.107126, 61.62177 ], [ 17.119933, 61.626283 ], [ 17.098523, 61.638781 ], [ 17.105696, 61.646781 ], [ 17.145042, 61.628758 ], [ 17.17496, 61.640164 ], [ 17.156087, 61.650561 ], [ 17.24004, 61.651106 ], [ 17.214177, 61.658455 ], [ 17.250491, 61.669769 ], [ 17.190771, 61.700109 ], [ 17.103281, 61.710027 ], [ 17.119677, 61.723961 ], [ 17.239307, 61.723817 ], [ 17.295413, 61.697329 ], [ 17.282575, 61.678181 ], [ 17.330747, 61.666729 ], [ 17.340752, 61.673479 ], [ 17.314584, 61.698693 ], [ 17.325474, 61.715417 ], [ 17.414202, 61.63705 ], [ 17.48446, 61.623171 ], [ 17.518996, 61.702225 ], [ 17.451792, 61.731889 ], [ 17.386876, 61.715933 ], [ 17.383771, 61.770206 ], [ 17.362617, 61.780586 ], [ 17.416756, 61.81161 ], [ 17.329633, 61.820623 ], [ 17.345819, 61.83943 ], [ 17.309609, 61.85305 ], [ 17.364229, 61.874163 ], [ 17.329708, 61.927249 ], [ 17.351809, 61.940622 ], [ 17.340647, 61.955116 ], [ 17.381908, 61.952814 ], [ 17.394546, 61.993795 ], [ 17.458529, 62.001196 ], [ 17.416849, 62.020297 ], [ 17.461995, 62.034149 ], [ 17.463111, 62.047888 ], [ 17.433547, 62.063557 ], [ 17.461074, 62.071651 ], [ 17.474259, 62.123465 ], [ 17.508494, 62.145368 ], [ 17.507034, 62.176766 ], [ 17.550618, 62.172696 ], [ 17.508847, 62.1889 ], [ 17.50076, 62.226259 ], [ 17.572698, 62.221769 ], [ 17.523564, 62.20264 ], [ 17.55143, 62.186856 ], [ 17.656545, 62.233511 ], [ 17.459367, 62.265633 ], [ 17.488565, 62.273776 ], [ 17.448779, 62.290331 ], [ 17.465003, 62.301426 ], [ 17.415887, 62.334317 ], [ 17.378149, 62.305021 ], [ 17.372086, 62.373562 ], [ 17.317876, 62.391695 ], [ 17.3919, 62.398046 ], [ 17.391071, 62.435583 ], [ 17.322404, 62.472664 ], [ 17.340735, 62.488761 ], [ 17.430463, 62.505692 ], [ 17.42967, 62.544499 ], [ 17.412775, 62.54812 ], [ 17.423093, 62.551532 ], [ 17.50315, 62.495816 ], [ 17.536549, 62.449426 ], [ 17.61445, 62.438046 ], [ 17.731382, 62.389902 ], [ 17.731928, 62.41443 ], [ 17.689938, 62.429179 ], [ 17.709136, 62.442055 ], [ 17.681265, 62.446267 ], [ 17.662415, 62.473979 ], [ 17.723562, 62.507162 ], [ 17.781276, 62.505056 ], [ 17.816086, 62.482127 ], [ 17.887787, 62.510944 ], [ 17.866922, 62.550631 ], [ 17.906745, 62.550842 ], [ 17.910829, 62.588298 ], [ 17.925614, 62.595766 ], [ 17.902251, 62.610353 ], [ 17.933268, 62.625479 ], [ 17.936931, 62.645427 ], [ 17.850139, 62.676681 ], [ 17.98376, 62.663205 ], [ 17.970992, 62.678648 ], [ 17.986084, 62.707017 ], [ 17.949808, 62.73062 ], [ 17.968509, 62.745164 ], [ 17.927261, 62.794162 ], [ 17.864545, 62.819248 ], [ 17.887987, 62.833111 ], [ 17.892071, 62.861832 ], [ 17.872313, 62.864076 ], [ 17.833877, 62.929699 ], [ 17.781072, 62.942017 ], [ 17.685133, 63.000218 ], [ 17.745887, 62.982535 ], [ 17.781378, 63.020099 ], [ 17.818733, 63.009837 ], [ 17.791886, 62.981275 ], [ 17.897813, 62.960192 ], [ 17.818761, 62.967939 ], [ 17.873459, 62.91723 ], [ 17.916375, 62.922688 ], [ 17.920147, 62.902677 ], [ 17.903117, 62.883603 ], [ 17.919017, 62.827299 ], [ 17.958991, 62.800907 ], [ 17.976063, 62.831737 ], [ 18.038713, 62.856157 ], [ 18.153784, 62.81512 ], [ 17.996118, 62.824887 ], [ 17.984114, 62.810156 ], [ 18.068661, 62.799019 ], [ 18.081566, 62.791737 ], [ 18.07256, 62.784421 ], [ 18.113449, 62.769823 ], [ 18.179358, 62.823843 ], [ 18.186849, 62.793182 ], [ 18.272264, 62.824204 ], [ 18.275836, 62.851201 ], [ 18.210182, 62.832835 ], [ 18.211523, 62.885162 ], [ 18.247501, 62.884588 ], [ 18.250913, 62.898191 ], [ 18.262481, 62.885784 ], [ 18.293169, 62.902758 ], [ 18.295559, 62.874734 ], [ 18.326659, 62.87155 ], [ 18.319608, 62.846694 ], [ 18.35276, 62.839201 ], [ 18.451283, 62.87575 ], [ 18.453299, 62.89234 ], [ 18.405779, 62.911606 ], [ 18.469589, 62.903211 ], [ 18.507509, 62.929896 ], [ 18.480449, 62.942388 ], [ 18.443373, 62.929512 ], [ 18.437686, 62.944288 ], [ 18.39633, 62.956258 ], [ 18.379921, 62.94092 ], [ 18.381789, 62.955834 ], [ 18.416198, 62.973579 ], [ 18.552897, 62.963928 ], [ 18.536054, 62.987199 ], [ 18.481808, 62.99932 ], [ 18.378668, 63.002335 ], [ 18.316011, 62.983213 ], [ 18.206602, 63.011014 ], [ 18.330434, 63.016092 ], [ 18.332144, 63.05104 ], [ 18.373302, 63.022136 ], [ 18.43087, 63.021921 ], [ 18.369526, 63.064093 ], [ 18.422922, 63.063645 ], [ 18.4643, 63.025677 ], [ 18.515472, 63.075143 ], [ 18.493544, 63.084243 ], [ 18.541549, 63.107835 ], [ 18.522521, 63.157354 ], [ 18.547469, 63.157556 ], [ 18.554683, 63.133455 ], [ 18.590884, 63.117813 ], [ 18.601633, 63.165447 ], [ 18.586239, 63.176562 ], [ 18.639603, 63.184945 ], [ 18.72154, 63.162534 ], [ 18.700893, 63.182456 ], [ 18.694114, 63.221986 ], [ 18.659388, 63.234429 ], [ 18.683528, 63.249142 ], [ 18.794026, 63.222436 ], [ 18.715672, 63.223932 ], [ 18.721448, 63.189323 ], [ 18.745211, 63.177633 ], [ 18.777012, 63.191351 ], [ 18.754414, 63.207857 ], [ 18.78852, 63.196424 ], [ 18.828491, 63.213268 ], [ 18.881648, 63.205159 ], [ 18.895857, 63.231076 ], [ 18.716393, 63.264492 ], [ 18.716242, 63.284265 ], [ 18.773628, 63.257761 ], [ 18.829829, 63.27705 ], [ 18.846535, 63.25657 ], [ 18.860247, 63.267997 ], [ 18.851882, 63.287397 ], [ 18.871335, 63.291786 ], [ 18.948435, 63.237183 ], [ 18.945658, 63.223248 ], [ 18.916544, 63.225377 ], [ 18.912938, 63.205209 ], [ 18.955218, 63.219049 ], [ 19.020809, 63.187605 ], [ 19.037008, 63.195752 ], [ 19.019685, 63.208756 ], [ 19.067741, 63.21142 ], [ 19.084588, 63.228748 ], [ 19.056498, 63.240579 ], [ 19.027689, 63.226922 ], [ 19.005255, 63.247849 ], [ 19.044718, 63.267821 ], [ 19.06433, 63.243858 ], [ 19.108759, 63.247228 ], [ 19.120888, 63.257309 ], [ 19.0819, 63.264022 ], [ 19.115573, 63.275996 ], [ 19.133009, 63.331402 ], [ 19.16844, 63.318729 ], [ 19.203433, 63.333183 ], [ 19.210265, 63.351261 ], [ 19.215045, 63.330061 ], [ 19.250637, 63.33275 ], [ 19.26188, 63.454056 ], [ 19.302295, 63.475867 ], [ 19.34787, 63.441207 ], [ 19.361734, 63.449269 ], [ 19.354122, 63.479882 ], [ 19.325779, 63.484352 ], [ 19.329779, 63.494099 ], [ 19.350348, 63.497941 ], [ 19.373214, 63.477294 ], [ 19.365142, 63.459162 ], [ 19.436689, 63.456008 ], [ 19.448762, 63.448006 ], [ 19.436349, 63.437392 ], [ 19.505414, 63.408293 ], [ 19.496899, 63.432656 ], [ 19.517337, 63.432445 ], [ 19.467114, 63.467954 ], [ 19.509068, 63.489716 ], [ 19.42744, 63.522494 ], [ 19.455593, 63.533382 ], [ 19.438976, 63.548255 ], [ 19.442576, 63.569341 ], [ 19.479149, 63.568855 ], [ 19.525549, 63.535826 ], [ 19.580299, 63.525239 ], [ 19.623291, 63.44892 ], [ 19.641483, 63.450155 ], [ 19.65202, 63.431349 ], [ 19.763029, 63.465995 ], [ 19.727533, 63.511154 ], [ 19.729313, 63.525731 ], [ 19.752039, 63.526868 ], [ 19.744081, 63.53626 ], [ 19.821647, 63.555592 ], [ 19.897232, 63.612726 ], [ 20.007057, 63.611742 ], [ 19.995528, 63.64441 ], [ 20.017591, 63.667979 ], [ 20.229371, 63.656993 ], [ 20.235586, 63.678987 ], [ 20.225327, 63.66869 ], [ 20.223103, 63.682104 ], [ 20.280137, 63.743872 ], [ 20.24764, 63.697632 ], [ 20.256998, 63.681604 ], [ 20.245808, 63.669022 ], [ 20.302632, 63.656934 ], [ 20.32591, 63.705163 ], [ 20.3, 63.736265 ], [ 20.315461, 63.747877 ], [ 20.310956, 63.782605 ], [ 20.381075, 63.722312 ], [ 20.361011, 63.717326 ], [ 20.34017, 63.683539 ], [ 20.363458, 63.693098 ], [ 20.396048, 63.675511 ], [ 20.40195, 63.701523 ], [ 20.420803, 63.696835 ], [ 20.432702, 63.746933 ], [ 20.487215, 63.787638 ], [ 20.496258, 63.831957 ], [ 20.522961, 63.811733 ], [ 20.531758, 63.741921 ], [ 20.569317, 63.728033 ], [ 20.565746, 63.803601 ], [ 20.610411, 63.814217 ], [ 20.664229, 63.795581 ], [ 20.698421, 63.82255 ], [ 20.664367, 63.826982 ], [ 20.659352, 63.844498 ], [ 20.690928, 63.854459 ], [ 20.720992, 63.837736 ], [ 20.723732, 63.854109 ], [ 20.739282, 63.853858 ], [ 20.730234, 63.862738 ], [ 20.76336, 63.867161 ], [ 20.799843, 63.907175 ], [ 20.797949, 63.943606 ], [ 20.826213, 63.941786 ], [ 20.86325, 63.978785 ], [ 20.904407, 63.987864 ], [ 20.893365, 63.995446 ], [ 20.915577, 64.013875 ], [ 20.902356, 64.042874 ], [ 20.939828, 64.055746 ], [ 20.93665, 64.080779 ], [ 20.956992, 64.080181 ], [ 20.965102, 64.119426 ], [ 20.946484, 64.125586 ], [ 20.974594, 64.160256 ], [ 21.020685, 64.159855 ], [ 21.077485, 64.205366 ], [ 21.077071, 64.222633 ], [ 21.097474, 64.201744 ], [ 21.127449, 64.201759 ], [ 21.248119, 64.293575 ], [ 21.25, 64.313104 ], [ 21.271868, 64.286995 ], [ 21.337589, 64.295755 ], [ 21.370129, 64.326036 ], [ 21.409128, 64.326302 ], [ 21.414846, 64.354589 ], [ 21.460194, 64.352287 ], [ 21.510414, 64.410453 ], [ 21.613533, 64.445747 ], [ 21.57836, 64.480649 ], [ 21.577416, 64.458814 ], [ 21.537105, 64.472101 ], [ 21.507459, 64.446496 ], [ 21.474497, 64.452048 ], [ 21.471612, 64.509208 ], [ 21.416587, 64.510558 ], [ 21.409832, 64.522218 ], [ 21.449549, 64.546642 ], [ 21.470708, 64.516541 ], [ 21.50821, 64.508519 ], [ 21.552425, 64.521301 ], [ 21.478871, 64.543489 ], [ 21.467406, 64.555404 ], [ 21.477064, 64.57265 ], [ 21.450189, 64.580946 ], [ 21.434631, 64.558574 ], [ 21.367228, 64.603162 ], [ 21.325554, 64.598294 ], [ 21.341278, 64.578885 ], [ 21.317199, 64.582024 ], [ 21.290441, 64.603957 ], [ 21.231553, 64.613773 ], [ 21.243377, 64.620684 ], [ 21.225994, 64.653567 ], [ 21.104067, 64.683875 ], [ 21.117131, 64.693468 ], [ 21.199317, 64.670011 ], [ 21.179798, 64.690381 ], [ 21.150217, 64.684246 ], [ 21.144839, 64.695061 ], [ 21.163456, 64.70608 ], [ 21.277566, 64.664103 ], [ 21.244465, 64.68328 ], [ 21.286627, 64.684481 ], [ 21.216794, 64.738558 ], [ 21.294414, 64.749034 ], [ 21.268776, 64.76995 ], [ 21.079675, 64.785662 ], [ 21.116966, 64.793922 ], [ 21.000561, 64.843209 ], [ 21.0524, 64.864776 ], [ 21.051118, 64.848664 ], [ 21.081744, 64.833246 ], [ 21.150866, 64.817671 ], [ 21.175185, 64.83961 ], [ 21.16281, 64.862099 ], [ 21.216147, 64.863848 ], [ 21.198594, 64.896038 ], [ 21.230816, 64.893329 ], [ 21.228483, 64.911706 ], [ 21.250273, 64.922236 ], [ 21.233449, 64.943358 ], [ 21.378893, 64.958789 ], [ 21.347206, 64.980387 ], [ 21.38371, 64.991961 ], [ 21.396881, 65.010034 ], [ 21.382357, 65.018312 ], [ 21.462598, 65.017605 ], [ 21.468838, 65.037191 ], [ 21.445793, 65.049461 ], [ 21.446918, 65.067596 ], [ 21.547474, 65.0664 ], [ 21.509534, 65.090831 ], [ 21.53142, 65.103505 ], [ 21.53243, 65.125519 ], [ 21.513921, 65.141081 ], [ 21.58602, 65.140192 ], [ 21.532727, 65.205801 ], [ 21.53621, 65.220539 ], [ 21.480487, 65.253286 ], [ 21.464154, 65.283313 ], [ 21.369235, 65.329264 ], [ 21.340462, 65.317201 ], [ 21.234066, 65.333206 ], [ 21.336858, 65.365729 ], [ 21.415765, 65.315242 ], [ 21.476129, 65.312007 ], [ 21.481346, 65.281225 ], [ 21.528473, 65.261236 ], [ 21.521642, 65.233274 ], [ 21.61089, 65.245272 ], [ 21.737857, 65.196937 ], [ 21.724501, 65.220207 ], [ 21.642775, 65.242197 ], [ 21.705773, 65.310424 ], [ 21.67072, 65.321273 ], [ 21.671915, 65.296054 ], [ 21.65414, 65.292374 ], [ 21.587523, 65.320704 ], [ 21.625926, 65.317832 ], [ 21.626244, 65.332654 ], [ 21.556038, 65.340872 ], [ 21.498393, 65.31937 ], [ 21.491106, 65.335324 ], [ 21.52964, 65.346946 ], [ 21.474173, 65.343424 ], [ 21.434121, 65.358751 ], [ 21.485782, 65.362724 ], [ 21.456858, 65.388015 ], [ 21.539074, 65.376657 ], [ 21.497346, 65.389594 ], [ 21.510844, 65.392513 ], [ 21.502911, 65.40084 ], [ 21.557824, 65.392585 ], [ 21.589913, 65.353829 ], [ 21.675791, 65.339304 ], [ 21.558475, 65.412979 ], [ 21.566917, 65.423119 ], [ 21.661816, 65.40681 ], [ 21.662509, 65.421786 ], [ 21.744872, 65.400299 ], [ 21.662203, 65.38944 ], [ 21.718903, 65.386849 ], [ 21.825894, 65.350414 ], [ 21.7552, 65.394572 ], [ 21.772661, 65.406587 ], [ 21.831168, 65.393019 ], [ 21.847926, 65.413226 ], [ 21.917961, 65.397289 ], [ 21.928958, 65.412938 ], [ 21.898797, 65.43515 ], [ 21.924875, 65.449055 ], [ 21.988456, 65.414253 ], [ 22.005841, 65.452012 ], [ 22.031436, 65.466476 ], [ 21.979639, 65.469624 ], [ 21.894987, 65.516907 ], [ 21.877261, 65.512247 ], [ 21.912834, 65.490763 ], [ 21.834749, 65.521672 ], [ 21.874219, 65.52152 ], [ 21.861951, 65.535496 ], [ 22.06449, 65.505123 ], [ 22.08037, 65.52618 ], [ 22.137358, 65.511719 ], [ 22.183687, 65.544479 ], [ 22.14162, 65.55035 ], [ 22.12051, 65.575755 ], [ 22.148954, 65.579336 ], [ 22.234408, 65.548774 ], [ 22.300063, 65.549364 ], [ 22.209978, 65.571248 ], [ 22.228617, 65.578999 ], [ 22.397751, 65.53952 ], [ 22.372764, 65.578018 ], [ 22.305102, 65.600943 ], [ 22.340488, 65.621076 ], [ 22.379849, 65.619458 ], [ 22.372569, 65.632294 ], [ 22.312123, 65.634572 ], [ 22.322487, 65.652571 ], [ 22.267268, 65.669173 ], [ 22.264061, 65.642988 ], [ 22.290233, 65.630294 ], [ 22.272002, 65.626201 ], [ 22.233356, 65.667874 ], [ 22.276276, 65.704846 ], [ 22.32717, 65.661031 ], [ 22.365493, 65.67007 ], [ 22.360067, 65.698009 ], [ 22.316042, 65.717607 ], [ 22.345075, 65.745071 ], [ 22.297564, 65.775342 ], [ 22.347637, 65.782835 ], [ 22.333706, 65.800008 ], [ 22.36756, 65.795389 ], [ 22.343651, 65.833214 ], [ 22.36497, 65.844026 ], [ 22.349036, 65.86351 ], [ 22.474998, 65.853332 ], [ 22.452767, 65.84996 ], [ 22.526733, 65.813577 ], [ 22.498329, 65.789935 ], [ 22.516197, 65.777471 ], [ 22.619032, 65.807303 ], [ 22.677574, 65.780077 ], [ 22.655949, 65.755146 ], [ 22.696974, 65.757784 ], [ 22.687254, 65.783543 ], [ 22.711237, 65.788498 ], [ 22.699615, 65.819805 ], [ 22.716398, 65.817164 ], [ 22.675797, 65.881421 ], [ 22.622632, 65.900224 ], [ 22.641774, 65.901004 ], [ 22.632399, 65.913322 ], [ 22.778189, 65.863076 ], [ 22.834777, 65.828253 ], [ 22.839068, 65.797215 ], [ 22.889309, 65.789259 ], [ 22.895728, 65.803877 ], [ 22.905446, 65.785544 ], [ 23.008408, 65.751797 ], [ 23.036997, 65.751299 ], [ 23.021873, 65.769097 ], [ 23.040436, 65.769477 ], [ 23.089764, 65.738506 ], [ 23.075728, 65.715677 ], [ 23.096426, 65.699128 ], [ 23.105188, 65.715509 ], [ 23.14973, 65.722668 ], [ 23.151162, 65.744342 ], [ 23.127527, 65.750988 ], [ 23.230517, 65.771127 ], [ 23.191747, 65.792736 ], [ 23.194783, 65.814904 ], [ 23.214225, 65.821936 ], [ 23.302186, 65.789457 ], [ 23.333333, 65.81621 ], [ 23.322907, 65.819213 ], [ 23.362895, 65.82477 ], [ 23.34564, 65.818947 ], [ 23.353317, 65.786888 ], [ 23.367734, 65.792112 ], [ 23.373085, 65.770313 ], [ 23.405209, 65.766978 ], [ 23.382861, 65.749877 ], [ 23.436169, 65.768875 ], [ 23.412253, 65.777763 ], [ 23.429384, 65.782506 ], [ 23.412203, 65.808545 ], [ 23.463687, 65.819666 ], [ 23.455994, 65.833631 ], [ 23.467624, 65.84183 ], [ 23.488323, 65.832072 ], [ 23.466914, 65.797318 ], [ 23.475201, 65.788364 ], [ 23.491102, 65.813326 ], [ 23.555669, 65.813665 ], [ 23.554179, 65.789204 ], [ 23.592639, 65.784823 ], [ 23.6107, 65.786647 ], [ 23.601078, 65.809881 ], [ 23.64651, 65.793868 ], [ 23.672079, 65.807404 ], [ 23.664905, 65.826372 ], [ 23.679085, 65.837253 ], [ 23.704538, 65.83638 ], [ 23.754244, 65.820926 ], [ 23.772968, 65.799033 ], [ 23.833004, 65.786925 ], [ 23.752697, 65.790098 ], [ 23.798551, 65.772106 ], [ 23.838821, 65.780539 ], [ 23.840074, 65.760664 ], [ 23.86301, 65.767108 ], [ 23.832206, 65.796418 ], [ 23.85054, 65.804965 ], [ 23.909231, 65.768826 ], [ 23.941292, 65.775381 ], [ 23.926607, 65.801268 ], [ 23.968507, 65.79508 ], [ 23.974966, 65.806245 ], [ 23.99805, 65.791373 ], [ 24.035022, 65.803743 ], [ 24.037301, 65.819442 ], [ 24.155129, 65.816027 ], [ 24.164252, 65.790862 ], [ 24.151696, 65.800412 ], [ 24.136192, 65.789034 ], [ 24.157286, 65.785865 ], [ 24.143829, 65.770348 ], [ 24.158243, 65.754646 ], [ 24.227977, 65.767619 ], [ 24.237967, 65.797593 ], [ 24.314142, 65.801544 ], [ 24.424098, 65.770922 ], [ 24.426219, 65.744438 ], [ 24.509725, 65.74988 ], [ 24.624592, 65.71156 ], [ 24.643987, 65.688533 ], [ 24.611293, 65.691598 ], [ 24.677565, 65.659187 ], [ 24.660552, 65.640267 ], [ 24.699976, 65.631073 ], [ 24.752506, 65.665636 ], [ 24.794302, 65.649912 ], [ 24.808325, 65.667398 ], [ 24.889453, 65.664685 ], [ 24.926608, 65.634702 ], [ 25.051987, 65.620541 ], [ 25.117096, 65.551072 ], [ 25.149553, 65.568938 ], [ 25.204982, 65.561755 ], [ 25.210806, 65.54372 ], [ 25.284544, 65.502554 ], [ 25.281055, 65.491081 ], [ 25.327359, 65.482635 ], [ 25.348327, 65.457039 ], [ 25.325985, 65.448297 ], [ 25.359134, 65.422229 ], [ 25.302997, 65.400659 ], [ 25.261116, 65.407714 ], [ 25.26366, 65.38977 ], [ 25.288117, 65.382558 ], [ 25.260565, 65.368551 ], [ 25.314566, 65.368769 ], [ 25.335696, 65.350802 ], [ 25.294532, 65.366369 ], [ 25.298759, 65.351915 ], [ 25.276512, 65.349831 ], [ 25.281349, 65.338989 ], [ 25.235281, 65.331701 ], [ 25.314971, 65.290148 ], [ 25.266792, 65.268812 ], [ 25.324927, 65.264817 ], [ 25.33716, 65.258659 ], [ 25.296653, 65.245009 ], [ 25.344396, 65.234627 ], [ 25.279683, 65.2362 ], [ 25.285025, 65.219543 ], [ 25.259243, 65.219551 ], [ 25.30079, 65.198083 ], [ 25.265913, 65.198085 ], [ 25.273886, 65.175603 ], [ 25.22745, 65.16831 ], [ 25.230609, 65.128653 ], [ 25.381013, 65.097943 ], [ 25.403276, 65.062644 ], [ 25.393261, 65.057985 ], [ 25.422748, 65.03957 ], [ 25.39778, 65.007249 ], [ 25.456699, 65.024285 ], [ 25.465499, 65.016683 ], [ 25.406525, 64.997983 ], [ 25.48683, 64.961857 ], [ 25.429932, 64.9466 ], [ 25.328232, 64.989477 ], [ 25.216172, 65.003213 ], [ 25.193235, 64.978754 ], [ 25.223388, 64.946617 ], [ 25.390367, 64.895287 ], [ 25.345504, 64.862607 ], [ 25.352514, 64.844189 ], [ 25.311117, 64.828837 ], [ 25.293949, 64.830284 ], [ 25.295096, 64.858562 ], [ 25.219572, 64.870462 ], [ 25.199111, 64.89789 ], [ 25.14551, 64.897895 ], [ 25.101666, 64.921203 ], [ 24.95394, 64.906744 ], [ 24.962507, 64.891067 ], [ 24.932961, 64.881772 ], [ 24.817888, 64.887889 ], [ 24.698452, 64.86897 ], [ 24.66328, 64.802266 ], [ 24.645002, 64.807853 ], [ 24.65159, 64.82837 ], [ 24.63835, 64.834198 ], [ 24.542836, 64.815898 ], [ 24.580086, 64.785656 ], [ 24.55818, 64.770397 ], [ 24.564148, 64.73081 ], [ 24.444423, 64.69287 ], [ 24.468254, 64.687251 ], [ 24.407033, 64.666798 ], [ 24.414742, 64.658355 ], [ 24.385521, 64.633758 ], [ 24.395093, 64.6245 ], [ 24.364208, 64.604532 ], [ 24.379014, 64.581813 ], [ 24.357693, 64.566097 ], [ 24.373448, 64.557218 ], [ 24.366586, 64.543697 ], [ 24.306154, 64.524524 ], [ 24.249029, 64.535279 ], [ 24.287115, 64.500964 ], [ 24.25505, 64.505796 ], [ 24.194554, 64.481151 ], [ 24.176724, 64.458693 ], [ 24.08252, 64.441453 ], [ 24.099966, 64.4224 ], [ 24.088434, 64.41393 ], [ 24.031458, 64.413882 ], [ 24.001153, 64.392123 ], [ 23.987738, 64.357028 ], [ 23.915963, 64.326795 ], [ 23.912849, 64.287481 ], [ 23.849253, 64.287613 ], [ 23.823163, 64.271865 ], [ 23.831577, 64.255825 ], [ 23.808537, 64.237084 ], [ 23.699145, 64.224819 ], [ 23.689914, 64.213958 ], [ 23.716979, 64.184896 ], [ 23.633519, 64.141018 ], [ 23.63636, 64.11702 ], [ 23.585836, 64.117212 ], [ 23.589966, 64.090656 ], [ 23.628717, 64.072925 ], [ 23.617333, 64.048772 ], [ 23.560124, 64.042039 ], [ 23.400452, 64.081374 ], [ 23.379256, 64.051519 ], [ 23.390704, 64.016996 ], [ 23.377257, 64.00194 ], [ 23.393962, 63.978575 ], [ 23.366371, 63.968567 ], [ 23.404274, 63.941101 ], [ 23.372583, 63.93142 ], [ 23.367515, 63.914386 ], [ 23.289196, 63.946844 ], [ 23.317438, 63.918941 ], [ 23.21284, 63.917482 ], [ 23.203151, 63.906091 ], [ 23.130887, 63.91758 ], [ 23.140959, 63.898984 ], [ 23.126857, 63.887629 ], [ 23.076604, 63.914802 ], [ 23.129978, 63.872593 ], [ 23.105916, 63.856353 ], [ 23.074278, 63.880546 ], [ 23.027652, 63.866054 ], [ 23.037422, 63.860076 ], [ 23.018966, 63.847809 ], [ 23.042606, 63.834952 ], [ 22.984675, 63.828379 ], [ 23.019795, 63.805501 ], [ 23.005839, 63.796274 ], [ 23.022983, 63.791932 ], [ 23.002695, 63.782394 ], [ 22.989558, 63.786266 ], [ 22.987855, 63.815353 ], [ 22.938862621640332, 63.826632383020119 ], [ 22.964356, 63.830221 ], [ 22.944988, 63.865125 ], [ 22.966898, 63.863999 ], [ 22.935378, 63.878282 ], [ 22.938051, 63.891218 ], [ 22.839934, 63.90439 ], [ 22.811681, 63.888978 ], [ 22.829554, 63.87131 ], [ 22.904264, 63.860615 ], [ 22.887547, 63.85014 ], [ 22.899469, 63.836518 ], [ 22.785491, 63.858738 ], [ 22.819115, 63.844284 ], [ 22.702213, 63.839892 ], [ 22.709562, 63.830481 ], [ 22.671725, 63.813479 ], [ 22.681742, 63.801469 ], [ 22.718975, 63.788722 ], [ 22.756078, 63.796706 ], [ 22.673953, 63.763169 ], [ 22.701456, 63.733267 ], [ 22.747657, 63.717473 ], [ 22.694696, 63.716262 ], [ 22.685354, 63.686334 ], [ 22.658737, 63.703502 ], [ 22.631772, 63.699349 ], [ 22.644125, 63.711656 ], [ 22.617771, 63.723253 ], [ 22.593762, 63.667473 ], [ 22.550796, 63.671388 ], [ 22.515487, 63.649019 ], [ 22.523425, 63.623239 ], [ 22.430483, 63.603215 ], [ 22.429176, 63.592257 ], [ 22.459246, 63.595036 ], [ 22.470731, 63.581568 ], [ 22.51771, 63.59352 ], [ 22.463417, 63.56547 ], [ 22.483761, 63.540019 ], [ 22.45254, 63.511322 ], [ 22.447144, 63.477078 ], [ 22.437525, 63.490768 ], [ 22.416034, 63.476001 ], [ 22.395221, 63.512057 ], [ 22.360098, 63.510806 ], [ 22.385535, 63.519697 ], [ 22.346318, 63.550497 ], [ 22.362121, 63.546971 ], [ 22.37842, 63.573305 ], [ 22.324745, 63.580623 ], [ 22.340684, 63.570688 ], [ 22.290763, 63.523155 ], [ 22.294371, 63.509558 ], [ 22.40253, 63.439057 ], [ 22.356389, 63.462117 ], [ 22.350172, 63.453107 ], [ 22.304378, 63.48675 ], [ 22.204091, 63.473376 ], [ 22.204605, 63.453235 ], [ 22.233459, 63.432352 ], [ 22.298988, 63.408856 ], [ 22.298973, 63.391359 ], [ 22.379868, 63.349374 ], [ 22.390673, 63.330843 ], [ 22.349915, 63.322513 ], [ 22.366881, 63.290965 ], [ 22.291116, 63.313454 ], [ 22.241987, 63.279933 ], [ 22.241926, 63.254483 ], [ 22.206612, 63.263354 ], [ 22.184111, 63.255302 ], [ 22.182589, 63.23347 ], [ 22.155138, 63.245853 ], [ 22.084717, 63.220846 ], [ 22.089377, 63.254824 ], [ 22.028408, 63.251926 ], [ 22.042133, 63.243248 ], [ 22.024492, 63.235916 ], [ 22.041666, 63.204427 ], [ 21.976136, 63.205698 ], [ 21.984281, 63.182992 ], [ 22.004833, 63.177298 ], [ 22.00093, 63.158781 ], [ 21.950223, 63.187274 ], [ 21.973915, 63.188038 ], [ 21.957412, 63.215637 ], [ 22.020862, 63.221446 ], [ 21.993772, 63.228144 ], [ 22.016202, 63.251552 ], [ 21.984109, 63.265638 ], [ 21.965894, 63.249271 ], [ 21.946638, 63.260469 ], [ 21.930125, 63.242376 ], [ 21.929687, 63.268492 ], [ 21.912096, 63.277133 ], [ 21.816796, 63.256906 ], [ 21.799306, 63.263344 ], [ 21.808262, 63.274568 ], [ 21.741716, 63.241113 ], [ 21.749184, 63.218999 ], [ 21.70377, 63.236522 ], [ 21.668971, 63.212587 ], [ 21.583021, 63.247103 ], [ 21.581464, 63.285266 ], [ 21.543947, 63.267748 ], [ 21.559504, 63.247789 ], [ 21.527874, 63.238067 ], [ 21.518313, 63.213273 ], [ 21.558887, 63.189012 ], [ 21.50353, 63.173085 ], [ 21.529041, 63.152889 ], [ 21.536398, 63.172847 ], [ 21.557936, 63.126348 ], [ 21.602621, 63.119002 ], [ 21.584598, 63.111819 ], [ 21.59101, 63.103414 ], [ 21.615578, 63.113509 ], [ 21.6004, 63.101055 ], [ 21.612714, 63.083301 ], [ 21.686218, 63.054897 ], [ 21.659882, 63.042359 ], [ 21.547598, 63.081906 ], [ 21.524214, 63.078163 ], [ 21.524307, 63.057765 ], [ 21.466595, 63.054795 ], [ 21.503558, 63.013749 ], [ 21.477355, 63.031908 ], [ 21.446335, 63.020004 ], [ 21.492289, 63.003037 ], [ 21.473237, 62.986722 ], [ 21.489511, 62.969475 ], [ 21.436283, 62.955592 ], [ 21.401289, 62.882204 ], [ 21.37829, 62.903842 ], [ 21.366853, 62.888246 ], [ 21.382092, 62.876744 ], [ 21.369606, 62.874481 ], [ 21.24926, 62.889603 ], [ 21.262514, 62.877682 ], [ 21.242799, 62.864404 ], [ 21.247047, 62.834961 ], [ 21.204591, 62.803825 ], [ 21.171944, 62.815568 ], [ 21.12411, 62.797492 ], [ 21.142365, 62.754248 ], [ 21.17978, 62.74285 ], [ 21.142316, 62.703289 ], [ 21.090438, 62.699775 ], [ 21.082613, 62.685949 ], [ 21.104089, 62.682221 ], [ 21.085135, 62.654806 ], [ 21.091784, 62.625582 ], [ 21.063379, 62.624363 ], [ 21.095289, 62.610423 ], [ 21.132586, 62.640711 ], [ 21.148005, 62.620344 ], [ 21.190396, 62.622394 ], [ 21.216104, 62.607076 ], [ 21.157357, 62.568436 ], [ 21.183294, 62.541098 ], [ 21.107534, 62.549847 ], [ 21.114414, 62.527414 ], [ 21.151478, 62.527429 ], [ 21.117575, 62.488856 ], [ 21.192834, 62.469751 ], [ 21.17389, 62.425048 ], [ 21.236773, 62.44333 ], [ 21.22619, 62.411654 ], [ 21.238565, 62.397067 ], [ 21.266174, 62.389806 ], [ 21.298421, 62.406587 ], [ 21.288071, 62.386268 ], [ 21.309724, 62.353753 ], [ 21.360065, 62.369828 ], [ 21.349571, 62.32835 ], [ 21.307368, 62.324021 ], [ 21.323157, 62.299441 ], [ 21.35614, 62.309962 ], [ 21.322142, 62.247079 ], [ 21.352096, 62.24892 ], [ 21.38329, 62.282401 ], [ 21.380788, 62.231773 ], [ 21.411069, 62.224142 ], [ 21.405077, 62.206018 ], [ 21.430604, 62.217565 ], [ 21.360087, 62.180617 ], [ 21.361593, 62.137745 ], [ 21.333404, 62.141674 ], [ 21.329757, 62.159855 ], [ 21.30895, 62.146396 ], [ 21.321167, 62.071372 ], [ 21.282873, 61.992579 ], [ 21.337898, 61.998533 ], [ 21.341271, 61.982818 ], [ 21.31229, 61.988697 ], [ 21.324892, 61.972917 ], [ 21.314867, 61.967179 ], [ 21.347927, 61.944001 ], [ 21.415313, 61.952952 ], [ 21.404632, 61.939148 ], [ 21.435789, 61.925123 ], [ 21.422887, 61.909906 ], [ 21.459675, 61.888658 ], [ 21.465087, 61.852373 ], [ 21.491566, 61.840655 ], [ 21.471487, 61.83603 ], [ 21.54632, 61.813329 ], [ 21.518936, 61.817618 ], [ 21.49991, 61.785234 ], [ 21.485944, 61.787543 ], [ 21.488891, 61.807378 ], [ 21.425582, 61.806521 ], [ 21.603817, 61.718759 ], [ 21.548885, 61.734004 ], [ 21.53828, 61.712876 ], [ 21.508206, 61.72335 ], [ 21.555614, 61.69351 ], [ 21.530506, 61.693173 ], [ 21.556927, 61.662811 ], [ 21.636622, 61.618361 ], [ 21.615916, 61.617532 ], [ 21.618154, 61.602195 ], [ 21.702003, 61.55505 ], [ 21.57481, 61.575279 ], [ 21.516335, 61.608161 ], [ 21.465421, 61.59046 ], [ 21.495721, 61.588379 ], [ 21.486255, 61.568665 ], [ 21.515571, 61.567592 ], [ 21.540892, 61.533679 ], [ 21.583629, 61.537796 ], [ 21.630954, 61.512583 ], [ 21.576369, 61.495533 ], [ 21.453227, 61.508163 ], [ 21.596504, 61.444673 ], [ 21.561453, 61.425215 ], [ 21.45058, 61.430255 ], [ 21.528085, 61.405375 ], [ 21.550445, 61.387186 ], [ 21.51011, 61.379303 ], [ 21.526118, 61.372433 ], [ 21.513868, 61.369929 ], [ 21.572883, 61.338534 ], [ 21.544953, 61.327656 ], [ 21.562932, 61.310011 ], [ 21.551984, 61.297577 ], [ 21.517111, 61.312565 ], [ 21.497165, 61.304321 ], [ 21.55146, 61.279026 ], [ 21.481992, 61.275946 ], [ 21.607628, 61.229589 ], [ 21.588304, 61.224735 ], [ 21.593954, 61.214507 ], [ 21.490758, 61.247907 ], [ 21.423991, 61.244098 ], [ 21.49444, 61.225228 ], [ 21.529505, 61.191372 ], [ 21.466958, 61.194984 ], [ 21.441581, 61.216968 ], [ 21.431352, 61.214838 ], [ 21.448514, 61.205361 ], [ 21.408574, 61.211283 ], [ 21.443673, 61.189494 ], [ 21.456066, 61.17136 ], [ 21.439668, 61.164134 ], [ 21.472984, 61.141119 ], [ 21.429961, 61.132737 ], [ 21.456741, 61.123996 ], [ 21.448155, 61.100264 ], [ 21.492111, 61.077615 ], [ 21.375627, 61.090234 ], [ 21.422275, 61.072836 ], [ 21.41993, 61.047443 ], [ 21.300623, 61.085888 ], [ 21.308819, 61.058986 ], [ 21.341673, 61.050806 ], [ 21.32271, 61.036685 ], [ 21.367883, 61.026732 ], [ 21.343736, 61.017457 ], [ 21.438169, 60.949198 ], [ 21.439682, 60.91276 ], [ 21.409676, 60.931138 ], [ 21.37198, 60.930041 ], [ 21.396286, 60.93772 ], [ 21.38912, 60.950955 ], [ 21.28805, 61.006914 ], [ 21.24906, 60.980879 ], [ 21.317917, 60.957109 ], [ 21.319575, 60.942354 ], [ 21.303681, 60.945548 ], [ 21.314675, 60.929831 ], [ 21.287606, 60.921982 ], [ 21.309916, 60.907365 ], [ 21.252763, 60.925503 ], [ 21.212758, 60.907149 ], [ 21.245687, 60.890563 ], [ 21.17938, 60.881298 ], [ 21.207188, 60.871238 ], [ 21.182821, 60.861198 ], [ 21.205269, 60.843848 ], [ 21.237453, 60.839393 ], [ 21.235604, 60.816894 ], [ 21.258186, 60.824717 ], [ 21.248823, 60.806873 ], [ 21.279362, 60.809795 ], [ 21.276553, 60.832449 ], [ 21.307235, 60.813505 ], [ 21.38955, 60.822501 ], [ 21.377726, 60.800896 ], [ 21.403924, 60.784299 ], [ 21.378423, 60.769916 ], [ 21.453671, 60.746414 ], [ 21.434943, 60.739243 ], [ 21.465791, 60.708465 ], [ 21.381436, 60.717997 ], [ 21.423408, 60.732259 ], [ 21.378781, 60.763632 ], [ 21.38731, 60.735316 ], [ 21.353167, 60.715631 ], [ 21.35991, 60.695429 ], [ 21.32787, 60.701021 ], [ 21.457672, 60.637957 ], [ 21.395689, 60.635184 ], [ 21.436506, 60.612364 ], [ 21.4263, 60.603537 ], [ 21.512369, 60.576553 ], [ 21.495927, 60.586081 ], [ 21.528074, 60.593872 ], [ 21.514846, 60.581747 ], [ 21.567115, 60.565407 ], [ 21.604623, 60.527567 ], [ 21.588973, 60.516042 ], [ 21.592948, 60.52919 ], [ 21.564492, 60.543135 ], [ 21.58849, 60.493542 ], [ 21.656536, 60.518207 ], [ 21.682402, 60.552484 ], [ 21.676921, 60.583556 ], [ 21.761036, 60.596503 ], [ 21.834005, 60.63639 ], [ 21.844965, 60.614856 ], [ 21.828692, 60.607115 ], [ 21.842085, 60.599762 ], [ 21.821565, 60.596549 ], [ 21.823123, 60.539468 ], [ 21.801629, 60.505142 ], [ 21.76372, 60.502936 ], [ 21.802585, 60.539354 ], [ 21.755368, 60.555234 ], [ 21.705889, 60.513989 ], [ 21.700135, 60.462442 ], [ 21.738837, 60.473334 ], [ 21.735112, 60.492746 ], [ 21.766029, 60.474494 ], [ 21.777769, 60.496563 ], [ 21.822625, 60.499171 ], [ 21.88859, 60.480909 ], [ 21.90059, 60.489227 ], [ 21.866336, 60.548117 ], [ 21.884173, 60.531883 ], [ 21.900767, 60.551754 ], [ 21.923819, 60.548029 ], [ 21.910416, 60.545363 ], [ 21.922725, 60.526029 ], [ 21.964749, 60.536973 ], [ 21.954095, 60.51094 ], [ 21.996007, 60.512067 ], [ 21.983629, 60.495343 ], [ 22.022699, 60.491153 ], [ 22.01458, 60.480297 ], [ 22.03293, 60.476099 ], [ 22.013487, 60.472365 ], [ 22.020936, 60.461965 ], [ 22.090718, 60.445407 ], [ 22.123612, 60.465327 ], [ 22.118415, 60.445672 ], [ 22.134674, 60.440779 ], [ 22.197092, 60.444531 ], [ 22.090637, 60.426255 ], [ 22.108762, 60.424603 ], [ 22.109423, 60.407299 ], [ 22.21546, 60.439117 ], [ 22.286021, 60.407905 ], [ 22.296579, 60.384521 ], [ 22.492103, 60.419152 ], [ 22.502353, 60.417021 ], [ 22.476298, 60.386206 ], [ 22.584102, 60.376666 ], [ 22.645714, 60.405019 ], [ 22.458255, 60.264909 ], [ 22.506076, 60.254293 ], [ 22.605068, 60.290371 ], [ 22.629453, 60.285937 ], [ 22.566179, 60.270595 ], [ 22.553658, 60.241677 ], [ 22.587622, 60.26169 ], [ 22.585939, 60.248722 ], [ 22.610866, 60.247646 ], [ 22.531432, 60.229497 ], [ 22.520128, 60.214474 ], [ 22.793379, 60.257558 ], [ 22.877721, 60.30684 ], [ 23.016816, 60.331006 ], [ 23.056445, 60.369871 ], [ 23.079679, 60.37271 ], [ 23.011286, 60.292698 ], [ 22.953104, 60.267146 ], [ 22.873451, 60.196666 ], [ 22.887009, 60.181201 ], [ 22.875628, 60.160797 ], [ 22.97562, 60.130178 ], [ 22.978827, 60.111319 ], [ 23.024176, 60.135645 ], [ 23.04582, 60.125792 ], [ 22.986904, 60.073377 ], [ 23.067489, 60.054325 ], [ 23.055494, 60.045703 ], [ 23.082915, 60.054002 ], [ 23.09959, 60.040836 ], [ 23.133037, 60.066835 ], [ 23.260966, 60.06255 ], [ 23.218826, 60.038887 ], [ 23.228565, 60.060687 ], [ 23.16476, 60.061484 ], [ 23.118306, 60.043131 ], [ 23.110699, 60.010136 ], [ 23.08766, 60.011433 ], [ 23.100769, 60.036528 ], [ 22.994609, 60.039407 ], [ 23.026276, 59.987388 ], [ 22.978448, 59.972524 ], [ 22.919367, 59.991543 ], [ 22.909277, 59.976381 ], [ 22.85482, 59.968149 ], [ 22.828151, 59.999432 ], [ 22.834521, 60.022018 ], [ 22.811899, 60.015808 ], [ 22.814919, 59.98303 ], [ 22.862261, 59.956026 ], [ 22.86036, 59.939435 ], [ 22.886498, 59.918422 ], [ 22.965364, 59.906111 ], [ 22.961099, 59.918684 ], [ 22.998951, 59.920872 ], [ 22.967329, 59.935341 ], [ 22.976307, 59.948522 ], [ 23.010193, 59.939657 ], [ 23.017945, 59.902296 ], [ 23.063602, 59.922589 ], [ 23.087952, 59.958429 ], [ 23.070054, 59.958324 ], [ 23.071559, 59.97983 ], [ 23.033844, 59.985672 ], [ 23.228694, 60.033554 ], [ 23.208961, 60.016807 ], [ 23.121589, 60.000504 ], [ 23.103168, 59.970739 ], [ 23.099225, 59.947855 ], [ 23.112512, 59.942816 ], [ 23.150093, 59.965986 ], [ 23.158322, 59.947729 ], [ 23.178127, 59.947394 ], [ 23.189909, 59.974606 ], [ 23.216785, 59.958936 ], [ 23.150848, 59.932902 ], [ 23.165047, 59.911378 ], [ 23.274255, 59.967226 ], [ 23.289000818184263, 59.982912016977252 ], [ 23.266235, 59.947775 ], [ 23.160311, 59.889155 ], [ 23.075405, 59.89069 ], [ 23.065012, 59.872194 ], [ 22.936081, 59.843056 ], [ 22.896655, 59.812021 ], [ 22.912359, 59.810735 ], [ 22.935469, 59.823343 ], [ 23.242166, 59.842574 ], [ 23.225281, 59.848144 ], [ 23.239133, 59.857796 ], [ 23.225652, 59.889484 ], [ 23.376372, 59.941219 ], [ 23.404129, 59.977735 ], [ 23.45635, 60.004269 ], [ 23.466744, 60.048792 ], [ 23.546043, 60.095829 ], [ 23.540735, 60.043425 ], [ 23.494682, 60.031085 ], [ 23.485269, 59.999869 ], [ 23.432952, 59.967922 ], [ 23.573872, 59.98836 ], [ 23.460442, 59.961995 ], [ 23.471916, 59.942146 ], [ 23.411613, 59.949697 ], [ 23.361012, 59.918035 ], [ 23.598900816473957, 59.933310720408379 ], [ 23.535283943583746, 59.923925889730178 ], [ 23.592256, 59.908814 ], [ 23.648460974288678, 59.916919237906278 ], [ 23.643979, 59.922289 ], [ 23.658081, 59.930567 ], [ 23.628060787778836, 59.935183189973664 ], [ 23.73017, 59.94174 ], [ 23.746219, 59.951671 ], [ 23.654396, 59.969079 ], [ 23.708511, 59.974155 ], [ 23.735247, 59.959898 ], [ 23.769056, 59.971868 ], [ 23.748207, 59.96402 ], [ 23.758416, 59.961583 ], [ 23.810518, 59.970922 ], [ 23.855313, 60.002803 ], [ 23.933433, 59.994473 ], [ 23.950312, 60.004742 ], [ 23.87155, 60.019314 ], [ 23.960444, 60.012894 ], [ 24.015454, 60.04553 ], [ 24.0342, 60.025394 ], [ 24.089576, 60.022097 ], [ 24.075294, 60.03285 ], [ 24.114768, 60.02799 ], [ 24.139135233664778, 60.043380039534391 ], [ 24.151929, 60.029525 ], [ 24.200219, 60.02867 ], [ 24.164355, 60.049542 ], [ 24.190274, 60.059245 ], [ 24.264387, 60.041588 ], [ 24.279326, 60.058099 ], [ 24.317489, 60.059413 ], [ 24.293865, 60.077718 ], [ 24.330449, 60.078232 ], [ 24.333525, 60.09317 ], [ 24.379555, 60.082804 ], [ 24.324974, 60.005334 ], [ 24.373549, 60.030173 ], [ 24.424321, 60.02018 ], [ 24.473728, 60.061463 ], [ 24.448202, 60.034317 ], [ 24.46431, 60.032286 ], [ 24.393653, 59.976478 ], [ 24.416361, 59.963854 ], [ 24.414747, 59.978991 ], [ 24.455934, 59.996527 ], [ 24.505864, 60.000209 ], [ 24.515013, 60.021613 ], [ 24.647407, 60.103174 ], [ 24.638602, 60.117587 ], [ 24.581718, 60.107287 ], [ 24.624988, 60.137357 ], [ 24.609644587611761, 60.152947859065797 ], [ 24.675139, 60.117615 ], [ 24.708347, 60.12367 ], [ 24.68793, 60.10988 ], [ 24.708801, 60.106753 ], [ 24.736212, 60.118496 ], [ 24.687491, 60.138805 ], [ 24.834041, 60.16702 ], [ 24.838863, 60.190796 ], [ 24.81604, 60.194711 ], [ 24.846307, 60.209582 ], [ 24.90821, 60.181887 ], [ 24.910959, 60.152565 ], [ 24.972932, 60.1666 ], [ 24.960468, 60.176828 ], [ 24.978562, 60.180936 ], [ 24.998602, 60.219002 ], [ 25.022486, 60.200695 ], [ 24.999289, 60.185355 ], [ 25.04025, 60.182359 ], [ 25.014689, 60.164664 ], [ 25.084193, 60.158621 ], [ 25.089134, 60.167487 ], [ 25.064429, 60.169846 ], [ 25.070885, 60.196356 ], [ 25.113814, 60.210634 ], [ 25.10339, 60.193194 ], [ 25.177785, 60.196306 ], [ 25.197972, 60.216283 ], [ 25.185536, 60.228781 ], [ 25.232265, 60.248825 ], [ 25.229644, 60.259409 ], [ 25.317287, 60.255216 ], [ 25.375134, 60.272418 ], [ 25.388481, 60.253029 ], [ 25.48932, 60.259442 ], [ 25.408862, 60.249644 ], [ 25.418332, 60.22535 ], [ 25.436994, 60.224127 ], [ 25.492851, 60.24887 ], [ 25.525822, 60.281827 ], [ 25.515833, 60.285813 ], [ 25.540623, 60.287258 ], [ 25.552457, 60.312458 ], [ 25.518057, 60.328038 ], [ 25.575281, 60.338548 ], [ 25.582789, 60.31235 ], [ 25.598766, 60.34062 ], [ 25.615343, 60.331689 ], [ 25.67481, 60.381651 ], [ 25.702144, 60.372467 ], [ 25.692526, 60.360077 ], [ 25.72057, 60.340046 ], [ 25.643306, 60.351109 ], [ 25.645716, 60.335189 ], [ 25.697853, 60.334814 ], [ 25.631014, 60.327065 ], [ 25.666434, 60.279653 ], [ 25.708079, 60.277573 ], [ 25.788693, 60.238709 ], [ 25.785377, 60.26525 ], [ 25.82852, 60.262445 ], [ 25.849944, 60.276576 ], [ 25.78352, 60.283996 ], [ 25.742936, 60.308528 ], [ 25.744496, 60.322233 ], [ 25.808905, 60.28569 ], [ 25.856916, 60.289501 ], [ 25.874593, 60.267137 ], [ 25.845685, 60.262365 ], [ 25.84785, 60.249911 ], [ 25.92458, 60.253052 ], [ 25.933329, 60.260371 ], [ 25.887415, 60.285431 ], [ 25.899258, 60.303436 ], [ 25.866261, 60.324019 ], [ 25.881108, 60.334382 ], [ 25.871412, 60.338073 ], [ 25.913625, 60.343341 ], [ 25.909604, 60.366971 ], [ 25.844823, 60.411479 ], [ 25.89064, 60.39863 ], [ 25.94576, 60.357838 ], [ 25.979795, 60.352299 ], [ 25.993171, 60.372925 ], [ 26.028189, 60.303176 ], [ 26.114841, 60.325103 ], [ 26.103262, 60.344878 ], [ 26.075887, 60.346145 ], [ 25.993588, 60.403155 ], [ 26.022772, 60.401453 ], [ 26.036617, 60.418223 ], [ 25.99064, 60.44707 ], [ 25.958472, 60.447912 ], [ 25.98543, 60.455549 ], [ 25.960872, 60.46715 ], [ 25.97999, 60.471738 ], [ 25.920838, 60.488445 ], [ 25.97656, 60.478831 ], [ 26.038751, 60.430863 ], [ 26.166017, 60.397385 ], [ 26.162004, 60.375327 ], [ 26.194034, 60.364317 ], [ 26.205698, 60.371873 ], [ 26.189109, 60.380112 ], [ 26.215484, 60.391379 ], [ 26.175776, 60.39936 ], [ 26.170791, 60.41763 ], [ 26.262967, 60.39228 ], [ 26.23603, 60.435569 ], [ 26.239677, 60.456782 ], [ 26.291378, 60.430557 ], [ 26.282749, 60.422548 ], [ 26.317792, 60.374217 ], [ 26.344278, 60.384163 ], [ 26.336751, 60.398681 ], [ 26.383622, 60.412509 ], [ 26.426277, 60.388785 ], [ 26.420705, 60.377114 ], [ 26.386929, 60.385861 ], [ 26.393702, 60.359037 ], [ 26.431666, 60.370772 ], [ 26.52407, 60.3425 ], [ 26.539866, 60.352651 ], [ 26.530797, 60.368292 ], [ 26.472262, 60.375375 ], [ 26.403021, 60.422892 ], [ 26.453638, 60.420463 ], [ 26.440816, 60.467072 ], [ 26.455073, 60.490176 ], [ 26.508012, 60.452863 ], [ 26.585448, 60.428431 ], [ 26.549727, 60.406327 ], [ 26.506395, 60.420756 ], [ 26.511071, 60.39874 ], [ 26.542727, 60.375707 ], [ 26.548889, 60.400175 ], [ 26.658766, 60.417664 ], [ 26.600058, 60.447299 ], [ 26.572546, 60.436246 ], [ 26.564946, 60.457031 ], [ 26.582918, 60.460399 ], [ 26.639221, 60.454608 ], [ 26.675084, 60.42583 ], [ 26.744443, 60.451927 ], [ 26.740152, 60.482398 ], [ 26.765805, 60.477857 ], [ 26.781084, 60.491641 ], [ 26.793474, 60.48477 ], [ 26.76562, 60.47137 ], [ 26.788933, 60.45705 ], [ 26.852354, 60.47707 ], [ 26.891741, 60.471678 ], [ 26.891658, 60.483966 ], [ 26.943686, 60.448046 ], [ 26.961445, 60.470244 ], [ 26.932525, 60.46862 ], [ 26.946333, 60.484543 ], [ 26.914572, 60.497334 ], [ 26.984154, 60.492719 ], [ 26.980649, 60.511305 ], [ 27.021321, 60.519378 ], [ 27.007727, 60.555069 ], [ 27.037458, 60.522384 ], [ 27.092762, 60.533294 ], [ 27.097436, 60.549368 ], [ 27.12805, 60.529694 ], [ 27.156892, 60.537303 ], [ 27.133102, 60.524202 ], [ 27.158018, 60.520361 ], [ 27.177929, 60.528199 ], [ 27.171161, 60.559349 ], [ 27.194195, 60.561425 ], [ 27.197742, 60.519073 ], [ 27.22075, 60.509059 ], [ 27.23262, 60.52683 ], [ 27.276327, 60.508635 ], [ 27.303219, 60.520226 ], [ 27.367442, 60.511075 ], [ 27.426597, 60.467053 ], [ 27.473377, 60.462676 ], [ 27.490769, 60.467065 ], [ 27.460043, 60.489597 ], [ 27.491647, 60.508381 ], [ 27.615631, 60.468658 ], [ 27.570045, 60.503776 ], [ 27.620171, 60.525605 ], [ 27.644827, 60.515965 ], [ 27.613717, 60.516761 ], [ 27.592107, 60.492892 ], [ 27.736702, 60.48786 ], [ 27.7307, 60.518513 ], [ 27.705315, 60.518342 ], [ 27.74136, 60.523999 ], [ 27.716963, 60.542266 ], [ 27.731684, 60.578122 ], [ 27.765919, 60.579978 ], [ 27.791895, 60.54717 ], [ 27.846133, 60.561603 ], [ 27.838779, 60.578295 ], [ 27.873487, 60.604461 ], [ 28.134882, 60.740716 ], [ 28.1741, 60.778113 ], [ 28.221059, 60.783387 ], [ 28.323799, 60.856443 ], [ 28.524052, 60.95555 ], [ 28.655643, 60.950719 ], [ 28.715135, 61.044355 ], [ 28.807302, 61.095999 ], [ 28.8197, 61.121465 ], [ 28.956949, 61.15198 ], [ 29.243648, 61.270282 ], [ 29.324979, 61.349343 ], [ 29.502362, 61.461025 ], [ 29.49706, 61.491568 ], [ 29.591199, 61.495858 ], [ 29.740734, 61.576116 ], [ 29.820014, 61.655915 ], [ 30.037275, 61.764982 ], [ 30.07087, 61.818033 ], [ 30.27395, 61.933221 ], [ 30.302112, 61.935969 ], [ 30.305998, 61.964263 ], [ 30.445324, 62.033584 ], [ 30.603117, 62.142097 ], [ 30.656364, 62.208142 ], [ 30.719963, 62.20918 ], [ 30.810593, 62.270249 ], [ 30.903305, 62.30979 ], [ 30.945496, 62.306872 ], [ 30.961683, 62.327134 ], [ 30.944146, 62.33391 ], [ 31.162007, 62.446443 ], [ 31.185501, 62.493376 ], [ 31.222472, 62.499516 ], [ 31.346989, 62.643002 ], [ 31.373129, 62.65012 ], [ 31.38099, 62.690908 ], [ 31.438339, 62.783517 ], [ 31.465694, 62.784252 ], [ 31.456773, 62.797614 ], [ 31.586009, 62.908466 ], [ 31.502525, 62.995635 ], [ 31.449763, 63.006177 ], [ 31.461445, 63.024966 ], [ 31.272095, 63.107867 ], [ 31.238941, 63.218134 ], [ 31.13773, 63.264606 ], [ 30.979068, 63.308106 ], [ 30.933653, 63.355446 ], [ 30.850868, 63.368497 ], [ 30.786666, 63.405396 ], [ 30.48478, 63.466622 ], [ 30.384595, 63.545265 ], [ 30.263289, 63.582167 ], [ 30.242665, 63.608015 ], [ 29.971917, 63.757165 ], [ 30.26131, 63.823311 ], [ 30.321451, 63.909799 ], [ 30.526869, 64.047855 ], [ 30.553572, 64.103643 ], [ 30.552899, 64.132325 ], [ 30.467223, 64.203814 ], [ 30.508953, 64.221892 ], [ 30.482627, 64.26172 ], [ 30.387283, 64.269597 ], [ 30.361466, 64.281363 ], [ 30.365597, 64.300008 ], [ 30.209952, 64.350396 ], [ 30.111553, 64.36464 ], [ 30.045724, 64.401738 ], [ 30.057852, 64.451592 ], [ 29.987424, 64.533666 ], [ 29.989797, 64.587146 ], [ 30.130454, 64.635614 ], [ 30.13511, 64.649443 ], [ 30.054382, 64.712555 ], [ 30.041936, 64.740131 ], [ 30.086787, 64.773295 ], [ 30.041417, 64.792755 ], [ 29.740512, 64.789929 ], [ 29.689537, 64.817707 ], [ 29.698956, 64.83751 ], [ 29.644963, 64.866801 ], [ 29.611379, 64.926571 ], [ 29.618974, 64.959594 ], [ 29.599767, 64.995082 ], [ 29.627956, 65.060715 ], [ 29.731732, 65.090885 ], [ 29.895745, 65.105482 ], [ 29.819355, 65.144282 ], [ 29.893114, 65.193299 ], [ 29.885421, 65.206109 ], [ 29.764123, 65.228896 ], [ 29.634023, 65.231589 ], [ 29.601807, 65.259936 ], [ 29.7466, 65.347405 ], [ 29.727412, 65.400334 ], [ 29.733067, 65.472505 ], [ 29.863921, 65.560448 ], [ 29.721886, 65.637089 ], [ 30.016362, 65.696148 ], [ 30.138271, 65.669775 ], [ 30.119403, 65.752112 ], [ 30.068268, 65.895269 ], [ 30.023889, 65.966486 ], [ 29.99719, 65.979368 ], [ 29.992252, 66.022021 ], [ 29.92368, 66.126429 ], [ 29.696721, 66.268698 ], [ 29.706282, 66.274474 ], [ 29.519701, 66.496099 ], [ 29.41122, 66.583406 ], [ 29.418231, 66.591837 ], [ 29.377595, 66.602683 ], [ 29.360732, 66.63864 ], [ 29.15062, 66.779531 ], [ 29.105985, 66.790896 ], [ 29.117955, 66.801588 ], [ 29.060412, 66.853471 ], [ 29.03362, 66.924622 ], [ 29.041365, 66.961895 ], [ 29.074018, 66.99661 ], [ 29.514922, 67.279619 ], [ 29.504954, 67.286273 ], [ 29.523337, 67.309694 ], [ 29.643447, 67.336149 ], [ 29.617804, 67.345132 ], [ 29.930223, 67.522527 ], [ 30.017041, 67.673556 ], [ 29.659401, 67.802962 ], [ 29.326609, 68.074461 ], [ 28.646143, 68.196304 ], [ 28.433918, 68.539672 ], [ 28.706174, 68.732202 ], [ 28.800157, 68.868723 ], [ 28.661549, 68.886315 ], [ 28.470034, 68.885485 ], [ 28.415767, 68.915452 ], [ 28.92968, 69.051905 ], [ 29.057127, 69.015653 ], [ 29.24139, 69.112714 ], [ 29.232392, 69.123141 ], [ 29.257424, 69.153642 ], [ 29.24955, 69.161498 ], [ 29.28577, 69.175741 ], [ 29.313255, 69.229339 ], [ 29.277086, 69.258502 ], [ 29.290749, 69.296807 ], [ 29.39572, 69.323237 ], [ 29.569539, 69.317858 ], [ 29.694595, 69.363438 ], [ 29.723755, 69.389114 ], [ 29.847049, 69.421705 ], [ 29.944778, 69.405491 ], [ 30.043714, 69.429455 ], [ 30.115937, 69.469443 ], [ 30.1204, 69.513911 ], [ 30.175701, 69.536884 ], [ 30.188001, 69.567495 ], [ 30.138081, 69.642303 ], [ 30.093054, 69.64324 ], [ 30.087333, 69.658006 ], [ 30.151112, 69.668926 ], [ 30.224699, 69.652892 ], [ 30.417233, 69.590055 ], [ 30.51595, 69.540816 ], [ 30.81725, 69.529165 ], [ 30.93842, 69.561687 ], [ 30.954283, 69.63151 ], [ 30.923788, 69.668699 ], [ 30.944277, 69.682528 ], [ 30.875598, 69.714825 ], [ 30.887931, 69.738091 ], [ 30.819506, 69.786719 ], [ 30.688988, 69.763217 ], [ 30.685909, 69.784434 ], [ 30.731057, 69.798917 ], [ 30.693858, 69.8052 ], [ 30.665738, 69.792236 ], [ 30.650415, 69.800241 ], [ 30.672447, 69.810816 ], [ 30.584764, 69.817722 ], [ 30.598807, 69.804737 ], [ 30.50663, 69.808595 ], [ 30.527063, 69.815981 ], [ 30.503055, 69.823434 ], [ 30.419419, 69.805911 ], [ 30.439176, 69.781671 ], [ 30.433839, 69.761436 ], [ 30.463234, 69.742649 ], [ 30.434893, 69.724135 ], [ 30.450976, 69.681279 ], [ 30.298029, 69.66448 ], [ 30.421417, 69.691922 ], [ 30.410718, 69.772974 ], [ 30.385308, 69.78155 ], [ 30.389879, 69.811344 ], [ 30.367629, 69.844073 ], [ 30.233613, 69.836953 ], [ 30.330193, 69.866418 ], [ 30.197847, 69.879495 ], [ 30.149146, 69.870352 ], [ 30.134293, 69.851693 ], [ 30.164356, 69.823235 ], [ 30.157426, 69.806671 ], [ 30.197883, 69.77205 ], [ 30.100572, 69.754225 ], [ 30.128264, 69.723762 ], [ 30.111318, 69.707956 ], [ 30.115093, 69.682392 ], [ 30.076526, 69.719018 ], [ 30.083643, 69.728487 ], [ 29.942297, 69.704502 ], [ 30.032208, 69.737109 ], [ 30.033931, 69.752113 ], [ 30.073383, 69.768179 ], [ 30.053141, 69.779263 ], [ 29.957075, 69.765906 ], [ 29.879709, 69.731533 ], [ 29.776855, 69.746783 ], [ 29.678169, 69.73854 ], [ 29.52377, 69.659868 ], [ 29.47241, 69.650334 ], [ 29.532543, 69.697279 ], [ 29.425165, 69.700098 ], [ 29.559637, 69.701667 ], [ 29.620859, 69.749089 ], [ 29.652675, 69.751873 ], [ 29.622018, 69.765399 ], [ 29.681687, 69.773741 ], [ 29.752662, 69.813964 ], [ 29.734481, 69.824492 ], [ 29.773349, 69.830976 ], [ 29.744466, 69.852804 ], [ 29.758973, 69.881739 ], [ 29.713704, 69.911895 ], [ 29.684099, 69.902508 ], [ 29.60341, 69.914656 ], [ 29.574888, 69.900744 ], [ 29.574083, 69.916029 ], [ 29.530819, 69.917365 ], [ 29.423031, 69.856438 ], [ 29.35439, 69.862794 ], [ 29.353532, 69.873897 ], [ 29.41259, 69.87232 ], [ 29.406315, 69.886397 ], [ 29.483471, 69.917158 ], [ 29.657918, 69.963103 ], [ 29.317017, 70.021521 ], [ 29.131953, 70.009956 ], [ 29.119575, 70.013886 ], [ 29.176917, 70.035094 ], [ 29.108853, 70.045279 ], [ 29.105629, 70.058818 ], [ 28.770692, 70.078958 ], [ 28.729349, 70.092908 ], [ 28.849783, 70.092748 ], [ 28.826502, 70.105372 ], [ 28.654781, 70.09659 ], [ 28.576025, 70.11811 ], [ 28.759097, 70.161761 ], [ 28.58308, 70.159817 ], [ 28.567017, 70.172453 ], [ 28.715128, 70.17582 ], [ 29.020625, 70.123434 ], [ 29.300995, 70.116522 ], [ 29.355151, 70.100644 ], [ 29.609395, 70.090846 ], [ 29.831274, 70.061604 ], [ 30.08352, 70.079123 ], [ 30.167872, 70.069214 ], [ 30.093809, 70.085011 ], [ 30.361515, 70.13915 ], [ 30.32138, 70.169592 ], [ 30.332919, 70.183177 ], [ 30.367263, 70.199035 ], [ 30.479314, 70.20742 ], [ 30.52218, 70.241631 ], [ 30.708705, 70.245079 ], [ 30.7522, 70.260968 ], [ 31.054486, 70.284246 ], [ 31.039416, 70.304892 ], [ 31.058758, 70.318387 ], [ 31.044774, 70.337599 ], [ 31.053842, 70.360538 ], [ 31.021347, 70.365936 ], [ 31.031804, 70.394399 ], [ 30.943365, 70.447287 ], [ 30.784546, 70.420683 ], [ 30.724164, 70.429089 ], [ 30.743945, 70.467633 ], [ 30.581613, 70.511137 ], [ 30.616299, 70.523254 ], [ 30.608549, 70.538528 ], [ 30.632095, 70.539061 ], [ 30.615747, 70.551038 ], [ 30.559482, 70.540304 ], [ 30.385342, 70.55171 ], [ 30.135383, 70.504592 ], [ 30.01188, 70.531521 ], [ 30.002384, 70.53794 ], [ 30.144214, 70.53248 ], [ 30.081384, 70.549679 ], [ 30.210311, 70.554237 ], [ 30.225575, 70.569993 ], [ 30.306121, 70.58461 ], [ 30.332469, 70.60886 ], [ 30.24223, 70.641759 ], [ 30.109726, 70.649035 ], [ 30.208633, 70.675174 ], [ 30.080486, 70.707272 ], [ 29.946626, 70.704448 ], [ 29.82483, 70.639137 ], [ 29.711561, 70.618931 ], [ 29.690137, 70.621254 ], [ 29.789169, 70.656732 ], [ 29.772926, 70.660247 ], [ 29.810492, 70.693522 ], [ 29.793886, 70.700651 ], [ 29.801304, 70.726032 ], [ 29.706516, 70.735299 ], [ 29.571901, 70.707498 ], [ 29.388572, 70.695436 ], [ 29.270225, 70.653295 ], [ 29.25835, 70.658571 ], [ 29.295246, 70.665716 ], [ 29.248336, 70.67149 ], [ 29.375605, 70.699704 ], [ 29.293488, 70.706708 ], [ 29.346207, 70.723537 ], [ 29.254027, 70.739746 ], [ 29.350734, 70.760186 ], [ 29.388112, 70.78454 ], [ 29.258228, 70.800146 ], [ 29.270312, 70.828151 ], [ 29.232663, 70.852457 ], [ 29.139209, 70.85009 ], [ 29.085682, 70.872795 ], [ 28.986054, 70.86984 ], [ 28.962318, 70.884231 ], [ 28.834107, 70.877304 ], [ 28.754457, 70.854452 ], [ 28.675507, 70.811234 ], [ 28.665878, 70.780664 ], [ 28.518788, 70.729307 ], [ 28.547014, 70.700124 ], [ 28.626164, 70.678019 ], [ 28.505327, 70.683828 ], [ 28.509597, 70.656947 ], [ 28.469567, 70.598195 ], [ 28.396311, 70.542598 ], [ 28.468598, 70.509369 ], [ 28.549582, 70.508426 ], [ 28.486896, 70.471195 ], [ 28.511611, 70.448825 ], [ 28.446827, 70.463346 ], [ 28.450608, 70.491454 ], [ 28.333035, 70.481173 ], [ 28.367797, 70.500982 ], [ 28.359949, 70.516157 ], [ 28.244758, 70.50938 ], [ 28.121068, 70.472877 ], [ 28.037398, 70.426399 ], [ 28.038489, 70.45217 ], [ 28.197557, 70.505449 ], [ 28.169134, 70.511792 ], [ 27.993111, 70.479737 ], [ 27.979296, 70.493777 ], [ 27.913501, 70.459506 ], [ 27.92899, 70.48029 ], [ 27.997285, 70.503603 ], [ 27.950136, 70.498813 ], [ 27.89009, 70.479767 ], [ 27.87043, 70.458317 ], [ 27.876862, 70.428098 ], [ 27.863962, 70.427064 ], [ 27.823497, 70.446064 ], [ 27.855832, 70.484096 ], [ 27.814085, 70.487085 ], [ 28.209511, 70.598362 ], [ 28.29739, 70.660574 ], [ 28.302832, 70.692491 ], [ 28.287041, 70.716784 ], [ 28.2653, 70.720208 ], [ 27.89897, 70.637079 ], [ 27.635976, 70.622642 ], [ 27.814452, 70.642198 ], [ 27.879362, 70.657621 ], [ 27.855342, 70.669839 ], [ 28.018841, 70.695296 ], [ 28.141201, 70.735157 ], [ 28.05848, 70.758329 ], [ 28.003943, 70.742514 ], [ 28.022214, 70.762615 ], [ 27.908279, 70.774784 ], [ 27.760409, 70.746333 ], [ 27.831082, 70.78317 ], [ 27.735629, 70.800699 ], [ 27.930132, 70.796069 ], [ 28.017896, 70.824267 ], [ 28.005845, 70.813265 ], [ 28.025868, 70.797118 ], [ 28.073321, 70.791633 ], [ 28.100555, 70.806072 ], [ 28.108406, 70.794155 ], [ 28.235878, 70.790669 ], [ 28.308929, 70.812939 ], [ 28.219314, 70.842211 ], [ 28.34845, 70.826694 ], [ 28.369, 70.839467 ], [ 28.329449, 70.853419 ], [ 28.404095, 70.852315 ], [ 28.454936, 70.875727 ], [ 28.342638, 70.889331 ], [ 28.47269, 70.891444 ], [ 28.483278, 70.901256 ], [ 28.465121, 70.907473 ], [ 28.507818, 70.914344 ], [ 28.546577, 70.968738 ], [ 28.515702, 70.990159 ], [ 28.306199, 71.00461 ], [ 28.184543, 70.958765 ], [ 28.223046, 71.003799 ], [ 28.170922, 70.984114 ], [ 28.204237, 71.025277 ], [ 28.172989, 71.033692 ], [ 28.263786, 71.049744 ], [ 28.24323, 71.0854 ], [ 28.161988, 71.092446 ], [ 28.06811, 71.04711 ], [ 28.062802, 71.086322 ], [ 27.979934, 71.056215 ], [ 27.963169, 71.062639 ], [ 27.978813, 71.080827 ], [ 27.969093, 71.08379 ], [ 27.885695, 71.037336 ], [ 27.861854, 71.051051 ], [ 27.820863, 71.031061 ], [ 27.786378, 71.041909 ], [ 27.814275, 71.058745 ], [ 27.799814, 71.07188 ], [ 27.749157, 71.050946 ], [ 27.68651, 71.061092 ], [ 27.751744, 71.110714 ], [ 27.655263, 71.133122 ], [ 27.632769, 71.125232 ], [ 27.641873, 71.099795 ], [ 27.558954, 71.103864 ], [ 27.506434, 71.08696 ], [ 27.490142, 71.061322 ], [ 27.570547, 71.014029 ], [ 27.551521, 70.958652 ], [ 27.514088, 70.960484 ], [ 27.502331, 71.009699 ], [ 27.375012, 71.016852 ], [ 27.26993, 71.043054 ], [ 27.205822, 71.014357 ], [ 27.269096, 70.996624 ], [ 27.345719, 70.94798 ], [ 27.152182, 70.980384 ], [ 27.105611, 70.931058 ], [ 27.180846, 70.901013 ], [ 27.264406, 70.894189 ], [ 27.35065, 70.897552 ], [ 27.41107, 70.921484 ], [ 27.418511, 70.907948 ], [ 27.380758, 70.882565 ], [ 27.4689, 70.885624 ], [ 27.464972, 70.873403 ], [ 27.525283, 70.864937 ], [ 27.461499, 70.838175 ], [ 27.659383, 70.804413 ], [ 27.307519, 70.83343 ], [ 27.283016, 70.825059 ], [ 27.292219, 70.800468 ], [ 27.276662, 70.767125 ], [ 27.349751, 70.755183 ], [ 27.32444, 70.736118 ], [ 27.115257, 70.752832 ], [ 27.071242, 70.703091 ], [ 27.2001, 70.666362 ], [ 27.095176, 70.685977 ], [ 27.156617, 70.665847 ], [ 27.087623, 70.663301 ], [ 27.083148, 70.644111 ], [ 27.271538, 70.587808 ], [ 27.047389, 70.620874 ], [ 26.969362, 70.588823 ], [ 26.960327, 70.575823 ], [ 27.011518, 70.557597 ], [ 26.957128, 70.545258 ], [ 27.039045, 70.491177 ], [ 27.097721, 70.480936 ], [ 27.093063, 70.468456 ], [ 27.031736, 70.482052 ], [ 26.954434, 70.455784 ], [ 26.915512, 70.46191 ], [ 26.939689, 70.484394 ], [ 26.749108, 70.487526 ], [ 26.772623, 70.467549 ], [ 26.76329, 70.439534 ], [ 26.72904, 70.433318 ], [ 26.731692, 70.419153 ], [ 26.690998, 70.41282 ], [ 26.62343, 70.430359 ], [ 26.585668, 70.404097 ], [ 26.626512, 70.398147 ], [ 26.628299, 70.382467 ], [ 26.570963, 70.387186 ], [ 26.525426, 70.368364 ], [ 26.517389, 70.349989 ], [ 26.478465, 70.355107 ], [ 26.500243, 70.387951 ], [ 26.530993, 70.395876 ], [ 26.507141, 70.422863 ], [ 26.514196, 70.438027 ], [ 26.582728, 70.479086 ], [ 26.551909, 70.49015 ], [ 26.547881, 70.514536 ], [ 26.610209, 70.551553 ], [ 26.602357, 70.573867 ], [ 26.624996, 70.617103 ], [ 26.612075, 70.6244 ], [ 26.637411, 70.647848 ], [ 26.517801, 70.670306 ], [ 26.312344, 70.651062 ], [ 26.682066, 70.748906 ], [ 26.673083, 70.777652 ], [ 26.732521, 70.826893 ], [ 26.726378, 70.841558 ], [ 26.660071, 70.830032 ], [ 26.66809, 70.851137 ], [ 26.65659, 70.85502 ], [ 26.711139, 70.881976 ], [ 26.729758, 70.905463 ], [ 26.700791, 70.919182 ], [ 26.722312, 70.935286 ], [ 26.685289, 70.960285 ], [ 26.702376, 70.965802 ], [ 26.675427, 70.969135 ], [ 26.563877, 70.952721 ], [ 26.372201, 70.875967 ], [ 26.226073, 70.789447 ], [ 26.132388, 70.767166 ], [ 26.141569, 70.758163 ], [ 26.106706, 70.719733 ], [ 26.044304, 70.722776 ], [ 26.030009, 70.703999 ], [ 26.046187, 70.695482 ], [ 25.975529, 70.632487 ], [ 25.98122, 70.607281 ], [ 25.670677, 70.493182 ], [ 25.612748, 70.439036 ], [ 25.540604, 70.40848 ], [ 25.550526, 70.397664 ], [ 25.539728, 70.390392 ], [ 25.500785, 70.398432 ], [ 25.493344, 70.381864 ], [ 25.439503, 70.364738 ], [ 25.431763, 70.344218 ], [ 25.389685, 70.328533 ], [ 25.522766, 70.311569 ], [ 25.496102, 70.29104 ], [ 25.503503, 70.282411 ], [ 25.407998, 70.248347 ], [ 25.403388, 70.224402 ], [ 25.356605, 70.198772 ], [ 25.295668, 70.191743 ], [ 25.224953, 70.093108 ], [ 25.147818, 70.06533 ], [ 25.11027, 70.070254 ], [ 25.060648, 70.110593 ], [ 25.146292, 70.131448 ], [ 25.062481, 70.120993 ], [ 25.058222, 70.134729 ], [ 25.091238, 70.142837 ], [ 25.084119, 70.160628 ], [ 25.054193, 70.142584 ], [ 25.027404, 70.152056 ], [ 24.983852, 70.121884 ], [ 24.982395, 70.100138 ], [ 25.036935, 70.081472 ], [ 25.027145, 70.061048 ], [ 24.998479, 70.054631 ], [ 24.986862, 70.075144 ], [ 24.914903, 70.085736 ], [ 24.922854, 70.114123 ], [ 24.902241, 70.152155 ], [ 24.956698, 70.174143 ], [ 24.920685, 70.200277 ], [ 24.938945, 70.207202 ], [ 24.941649, 70.231386 ], [ 25.074571, 70.262899 ], [ 25.11457, 70.290716 ], [ 25.171569, 70.294365 ], [ 25.180849, 70.320207 ], [ 25.167899, 70.32916 ], [ 25.056693, 70.319279 ], [ 25.110675, 70.358233 ], [ 25.043897, 70.354329 ], [ 25.149173, 70.403884 ], [ 25.237375, 70.392998 ], [ 25.242296, 70.408963 ], [ 25.166771, 70.421216 ], [ 25.266891, 70.467642 ], [ 25.214592, 70.479553 ], [ 25.083024, 70.471813 ], [ 25.061161, 70.488875 ], [ 25.209111, 70.498042 ], [ 25.237867, 70.515898 ], [ 25.22156, 70.527231 ], [ 25.059887, 70.505588 ], [ 25.318845, 70.606222 ], [ 25.36104, 70.627819 ], [ 25.33852, 70.628685 ], [ 25.375717, 70.638011 ], [ 25.364441, 70.645878 ], [ 25.400006, 70.65314 ], [ 25.394697, 70.670215 ], [ 25.457573, 70.672783 ], [ 25.640286, 70.739966 ], [ 25.680422, 70.73013 ], [ 25.690822, 70.757833 ], [ 25.615835, 70.743129 ], [ 25.598174, 70.752097 ], [ 25.61823, 70.772121 ], [ 25.751027, 70.789147 ], [ 25.776094, 70.825791 ], [ 25.907976, 70.87342 ], [ 25.82969, 70.869378 ], [ 25.886696, 70.897014 ], [ 25.82155, 70.900865 ], [ 25.75446, 70.88881 ], [ 25.749693, 70.868663 ], [ 25.730768, 70.863112 ], [ 25.723621, 70.883523 ], [ 25.687394, 70.890964 ], [ 25.709161, 70.89575 ], [ 25.705719, 70.906399 ], [ 25.615342, 70.907436 ], [ 25.502132, 70.857428 ], [ 25.49961, 70.879132 ], [ 25.439937, 70.846376 ], [ 25.440959, 70.859417 ], [ 25.400451, 70.858457 ], [ 25.544359, 70.912854 ], [ 25.429656, 70.961979 ], [ 25.325006, 70.979369 ], [ 25.299656, 70.959805 ], [ 25.311068, 70.942446 ], [ 25.355543, 70.926294 ], [ 25.39457, 70.888242 ], [ 25.361336, 70.875175 ], [ 25.361073, 70.861013 ], [ 25.327556, 70.863044 ], [ 25.363731, 70.849695 ], [ 25.329489, 70.829546 ], [ 25.33395, 70.811337 ], [ 25.291252, 70.82597 ], [ 25.232589, 70.798071 ], [ 25.247048, 70.822267 ], [ 25.23005, 70.868527 ], [ 25.193724, 70.89888 ], [ 25.159269, 70.900223 ], [ 25.117277, 70.927558 ], [ 25.049403, 70.906927 ], [ 25.017648, 70.883853 ], [ 25.025184, 70.866852 ], [ 24.888493, 70.876098 ], [ 25.030257, 70.931807 ], [ 25.046497, 70.95196 ], [ 25.009617, 70.972272 ], [ 24.958641, 70.973293 ], [ 24.922839, 70.932275 ], [ 24.946209, 70.919921 ], [ 24.892812, 70.928908 ], [ 24.805667, 70.915512 ], [ 24.843206, 70.923959 ], [ 24.760608, 70.964614 ], [ 24.769943, 70.989927 ], [ 24.673171, 70.964256 ], [ 24.689471, 70.990969 ], [ 24.628882, 70.992555 ], [ 24.537005, 70.968768 ], [ 24.64075, 70.960366 ], [ 24.544498, 70.951484 ], [ 24.55106, 70.924043 ], [ 24.616808, 70.918464 ], [ 24.551055, 70.901595 ], [ 24.705933, 70.871625 ], [ 24.562918, 70.866188 ], [ 24.591978, 70.83131 ], [ 24.570618, 70.824933 ], [ 24.617061, 70.818338 ], [ 24.623297, 70.79509 ], [ 24.591803, 70.785269 ], [ 24.43442, 70.824271 ], [ 24.438229, 70.842409 ], [ 24.393891, 70.847213 ], [ 24.394776, 70.864971 ], [ 24.34883, 70.876078 ], [ 24.315495, 70.863784 ], [ 24.330598, 70.853044 ], [ 24.244917, 70.84126 ], [ 24.27211, 70.811142 ], [ 24.246067, 70.779272 ], [ 24.373343, 70.749759 ], [ 24.531721, 70.7488 ], [ 24.516073, 70.727523 ], [ 24.565782, 70.715733 ], [ 24.546256, 70.708146 ], [ 24.65879, 70.695698 ], [ 24.594973, 70.687402 ], [ 24.683455, 70.646536 ], [ 24.689852, 70.626735 ], [ 24.616008, 70.613356 ], [ 24.559006, 70.64729 ], [ 24.471554, 70.666524 ], [ 24.462893, 70.681649 ], [ 24.351957, 70.683937 ], [ 24.362118, 70.695766 ], [ 24.300921, 70.685748 ], [ 24.275972, 70.675753 ], [ 24.283823, 70.660553 ], [ 24.242697, 70.658114 ], [ 24.235136, 70.600608 ], [ 24.201686, 70.601581 ], [ 24.091829, 70.541411 ], [ 24.247601, 70.509668 ], [ 24.308164, 70.479326 ], [ 24.327061, 70.447096 ], [ 24.269858, 70.459831 ], [ 24.265332, 70.479154 ], [ 24.103717, 70.492825 ], [ 24.043485, 70.512058 ], [ 23.854006, 70.494373 ], [ 23.774561, 70.464496 ], [ 23.790174, 70.440809 ], [ 23.628199, 70.407142 ], [ 23.445885, 70.330874 ], [ 23.431591, 70.312681 ], [ 23.503443, 70.325417 ], [ 23.470743, 70.306071 ], [ 23.533773, 70.292325 ], [ 23.603636, 70.298294 ], [ 23.58945, 70.290626 ], [ 23.419102, 70.28519 ], [ 23.37211, 70.27598 ], [ 23.410046, 70.262226 ], [ 23.247886, 70.248915 ], [ 23.504205, 70.240081 ], [ 23.180496, 70.215474 ], [ 23.240528, 70.190389 ], [ 23.373936, 70.179223 ], [ 23.269535, 70.172684 ], [ 23.275349, 70.159204 ], [ 23.386552, 70.12335 ], [ 23.345826, 70.09963 ], [ 23.231281, 70.10252 ], [ 23.135534, 70.085536 ], [ 23.334406, 70.024412 ], [ 23.526379, 70.015104 ], [ 23.464621, 69.97933 ], [ 23.392046, 69.966731 ], [ 23.267605, 69.989229 ], [ 23.236031, 69.964613 ], [ 23.119119, 69.932039 ], [ 23.090951, 69.945962 ], [ 23.004358, 69.917718 ], [ 23.14062, 69.975611 ], [ 23.099445, 69.978203 ], [ 23.101385, 70.00184 ], [ 23.075051, 70.031738 ], [ 23.027215, 70.01626 ], [ 22.95298, 70.041467 ], [ 22.996737, 70.058194 ], [ 22.986083, 70.122014 ], [ 23.000645, 70.133419 ], [ 22.978923, 70.139781 ], [ 22.836834, 70.097164 ], [ 22.392338, 70.054853 ], [ 22.293459, 70.023639 ], [ 22.273508, 70.038616 ], [ 22.443861, 70.080439 ], [ 22.565032, 70.075771 ], [ 22.837202, 70.112161 ], [ 22.800195, 70.117221 ], [ 22.875343, 70.133356 ], [ 22.911636, 70.15143 ], [ 22.904875, 70.162872 ], [ 22.936691, 70.158712 ], [ 22.966355, 70.18878 ], [ 22.926915, 70.204773 ], [ 22.689239, 70.21912 ], [ 22.582229, 70.20405 ], [ 22.610148, 70.223391 ], [ 22.520274, 70.224281 ], [ 22.510954, 70.243321 ], [ 22.362657, 70.25931 ], [ 22.345713, 70.248298 ], [ 22.358088, 70.231814 ], [ 22.335119, 70.230824 ], [ 22.331167, 70.187251 ], [ 22.294268, 70.162338 ], [ 22.432309, 70.151354 ], [ 22.534572, 70.115529 ], [ 22.403089, 70.138735 ], [ 22.227649, 70.127996 ], [ 22.213466, 70.136354 ], [ 22.250746, 70.149311 ], [ 22.231005, 70.154758 ], [ 22.271162, 70.21888 ], [ 22.22845, 70.219071 ], [ 22.271047, 70.233697 ], [ 22.293465, 70.277354 ], [ 22.149334, 70.286791 ], [ 22.112106, 70.271185 ], [ 22.108421, 70.240896 ], [ 22.075408, 70.233207 ], [ 22.089607, 70.304909 ], [ 22.051074, 70.311592 ], [ 21.955708, 70.278732 ], [ 22.009157, 70.321659 ], [ 21.952423, 70.32863 ], [ 21.790393, 70.265881 ], [ 21.776872, 70.244895 ], [ 21.868167, 70.214693 ], [ 21.816556, 70.203685 ], [ 21.857507, 70.170175 ], [ 21.857392, 70.140823 ], [ 21.830809, 70.167808 ], [ 21.788208, 70.179222 ], [ 21.761649, 70.216253 ], [ 21.714594, 70.216486 ], [ 21.720682, 70.233016 ], [ 21.562681, 70.287102 ], [ 21.563273, 70.32265 ], [ 21.476829, 70.301125 ], [ 21.495139, 70.25438 ], [ 21.472731, 70.222624 ], [ 21.496485, 70.210049 ], [ 21.482967, 70.20522 ], [ 21.493422, 70.194354 ], [ 21.425216, 70.223325 ], [ 21.434806, 70.254349 ], [ 21.416669, 70.272773 ], [ 21.231341, 70.239316 ], [ 21.19089, 70.22124 ], [ 21.18991, 70.20154 ], [ 21.215862, 70.208305 ], [ 21.276363, 70.164968 ], [ 21.330785, 70.156869 ], [ 21.475229, 70.174643 ], [ 21.478492, 70.163748 ], [ 21.408145, 70.144715 ], [ 21.45704, 70.100336 ], [ 21.552172, 70.091014 ], [ 21.583771, 70.110249 ], [ 21.599793, 70.101 ], [ 21.592639, 70.084139 ], [ 21.727043, 70.052236 ], [ 21.816797, 70.066437 ], [ 21.800901, 70.077955 ], [ 21.810266, 70.088462 ], [ 21.841799, 70.073104 ], [ 21.94581, 70.077564 ], [ 22.067111, 70.128352 ], [ 22.060194, 70.103741 ], [ 22.001726, 70.074649 ], [ 21.864552, 70.061136 ], [ 21.778502, 70.035649 ], [ 21.865997, 70.010797 ], [ 22.086448, 70.028752 ], [ 22.010407, 70.01285 ], [ 22.042154, 69.989166 ], [ 22.038945, 69.935459 ], [ 21.979373, 69.945925 ], [ 22.004215, 69.951354 ], [ 22.009991, 69.98077 ], [ 21.964282, 69.992381 ], [ 21.875852, 69.981064 ], [ 21.919716, 69.953827 ], [ 21.864398, 69.937202 ], [ 21.911149, 69.875002 ], [ 22.024819, 69.849113 ], [ 21.898284, 69.847354 ], [ 21.891499, 69.835095 ], [ 21.947281, 69.814672 ], [ 21.974635, 69.821192 ], [ 22.08427, 69.777521 ], [ 22.040024, 69.767047 ], [ 22.136585, 69.742894 ], [ 22.057024, 69.724509 ], [ 21.963617, 69.736466 ], [ 22.048224, 69.749466 ], [ 22.013695, 69.770621 ], [ 21.930754, 69.778497 ], [ 21.863329, 69.835593 ], [ 21.874905, 69.841963 ], [ 21.576571, 69.914669 ], [ 21.564431, 69.950594 ], [ 21.507781, 69.97443 ], [ 21.522198, 69.980549 ], [ 21.434233, 70.013863 ], [ 21.243603, 70.008783 ], [ 21.186724, 69.934869 ], [ 21.323459, 69.908486 ], [ 21.200997, 69.903082 ], [ 21.19093, 69.885133 ], [ 21.225006, 69.849749 ], [ 21.13572, 69.80424 ], [ 21.130527, 69.825914 ], [ 21.193192, 69.862442 ], [ 21.193009, 69.876187 ], [ 21.043947, 69.874659 ], [ 21.030202, 69.860922 ], [ 21.057695, 69.838272 ], [ 20.989974, 69.817587 ], [ 21.045244, 69.793211 ], [ 20.980452, 69.775277 ], [ 20.904747, 69.822337 ], [ 20.909624, 69.834902 ], [ 20.95165, 69.839233 ], [ 20.939345, 69.850413 ], [ 20.848076, 69.853999 ], [ 20.902356, 69.870773 ], [ 20.965235, 69.916861 ], [ 21.079764, 69.954054 ], [ 21.06075, 69.959871 ], [ 20.768755, 69.883644 ], [ 20.750682, 69.864931 ], [ 20.790139, 69.845806 ], [ 20.782516, 69.827961 ], [ 20.708169, 69.79278 ], [ 20.460519, 69.761753 ], [ 20.522028, 69.734001 ], [ 20.527858, 69.708495 ], [ 20.460013, 69.642942 ], [ 20.484224, 69.614413 ], [ 20.574245, 69.585586 ], [ 20.64356, 69.537526 ], [ 20.766683, 69.522883 ], [ 20.816581, 69.495762 ], [ 20.624719, 69.519331 ], [ 20.583732, 69.545684 ], [ 20.534704, 69.54452 ], [ 20.511778, 69.572136 ], [ 20.412353, 69.589737 ], [ 20.320928, 69.457843 ], [ 20.25662, 69.416247 ], [ 20.261803, 69.38362 ], [ 20.187718, 69.386003 ], [ 20.067909, 69.351092 ], [ 19.956822, 69.277037 ], [ 19.911317, 69.268895 ], [ 19.902099, 69.275972 ], [ 19.980548, 69.335019 ], [ 19.968933, 69.341262 ], [ 19.979456, 69.34945 ], [ 20.136308, 69.396209 ], [ 20.180356, 69.480924 ], [ 20.201445, 69.455841 ], [ 20.236654, 69.469408 ], [ 20.249219, 69.493044 ], [ 20.210251, 69.49677 ], [ 20.238263, 69.518153 ], [ 20.224917, 69.527264 ], [ 20.2751, 69.547774 ], [ 20.229112, 69.548382 ], [ 20.222518, 69.575269 ], [ 20.310348, 69.58724 ], [ 20.348481, 69.6207 ], [ 20.347748, 69.636842 ], [ 20.276334, 69.656343 ], [ 20.254813, 69.681682 ], [ 20.283511, 69.700155 ], [ 20.269263, 69.714034 ], [ 20.285727, 69.719579 ], [ 20.393273, 69.890524 ], [ 20.328698, 69.958598 ], [ 20.258836, 69.973613 ], [ 20.199237, 69.937559 ], [ 20.175878, 69.901331 ], [ 20.201674, 69.857645 ], [ 20.155009, 69.89708 ], [ 20.164458, 69.931616 ], [ 20.136573, 69.938061 ], [ 19.983938, 69.76855 ], [ 19.95271, 69.76855 ], [ 19.987482, 69.817141 ], [ 19.983895, 69.843529 ], [ 19.902074, 69.78429 ], [ 19.850444, 69.769698 ], [ 19.844987, 69.731798 ], [ 19.773541, 69.687307 ], [ 19.844012, 69.619477 ], [ 20.000499, 69.590297 ], [ 20.120838, 69.586052 ], [ 19.974676, 69.583277 ], [ 19.734706, 69.606132 ], [ 19.756836, 69.587989 ], [ 19.719269, 69.553868 ], [ 19.737289, 69.530145 ], [ 19.70717, 69.505232 ], [ 19.730394, 69.487385 ], [ 19.651063, 69.447155 ], [ 19.656941, 69.422516 ], [ 19.644761, 69.414816 ], [ 19.60519, 69.432793 ], [ 19.494141, 69.395356 ], [ 19.670049, 69.483274 ], [ 19.639976, 69.498011 ], [ 19.63312, 69.521517 ], [ 19.695165, 69.573936 ], [ 19.736696, 69.640674 ], [ 19.628184, 69.657463 ], [ 19.697661, 69.730836 ], [ 19.677508, 69.754328 ], [ 19.719026, 69.776764 ], [ 19.730562, 69.804784 ], [ 19.720374, 69.811265 ], [ 19.662576, 69.815418 ], [ 19.400273, 69.777663 ], [ 19.271099, 69.778462 ], [ 19.167329, 69.741901 ], [ 19.130247, 69.747093 ], [ 19.095897, 69.733886 ], [ 19.069909, 69.687705 ], [ 18.945881, 69.626585 ], [ 18.941526, 69.567767 ], [ 18.963858, 69.541484 ], [ 19.014009, 69.52955 ], [ 19.0514, 69.553436 ], [ 19.172817, 69.571736 ], [ 19.24755, 69.518355 ], [ 19.164574, 69.553348 ], [ 19.077441, 69.546552 ], [ 18.997617, 69.509514 ], [ 18.970692, 69.460291 ], [ 19.055344, 69.432921 ], [ 19.073329, 69.393354 ], [ 19.119786, 69.374912 ], [ 19.368272, 69.374586 ], [ 19.35379, 69.364373 ], [ 19.416422, 69.319403 ], [ 19.417437, 69.256134 ], [ 19.544582, 69.215356 ], [ 19.360508, 69.237568 ], [ 19.268062, 69.223218 ], [ 19.235079, 69.23517 ], [ 19.234595, 69.249117 ], [ 19.34788, 69.311103 ], [ 19.290225, 69.34481 ], [ 19.109097, 69.346023 ], [ 18.988433, 69.389582 ], [ 18.995803, 69.4214 ], [ 18.909207, 69.450619 ], [ 18.891186, 69.490157 ], [ 18.837193, 69.493159 ], [ 18.867126, 69.505212 ], [ 18.870408, 69.524215 ], [ 18.852129, 69.554425 ], [ 18.826803, 69.562604 ], [ 18.776066, 69.543369 ], [ 18.445998, 69.510392 ], [ 18.442202, 69.499431 ], [ 18.481782, 69.476415 ], [ 18.451984, 69.440929 ], [ 18.547049, 69.427272 ], [ 18.650741, 69.365175 ], [ 18.817036, 69.332613 ], [ 18.934315, 69.327142 ], [ 19.004335, 69.289053 ], [ 18.857492, 69.305727 ], [ 18.895379, 69.317451 ], [ 18.86929, 69.325766 ], [ 18.642809, 69.311453 ], [ 18.714587, 69.27981 ], [ 18.700644, 69.255458 ], [ 18.688415, 69.275734 ], [ 18.575567, 69.316927 ], [ 18.585352, 69.341748 ], [ 18.555642, 69.354949 ], [ 18.532577, 69.333583 ], [ 18.544463, 69.312354 ], [ 18.53396, 69.27348 ], [ 18.479894, 69.212706 ], [ 18.503244, 69.269769 ], [ 18.487278, 69.336642 ], [ 18.498322, 69.366451 ], [ 18.390527, 69.395729 ], [ 18.315821, 69.364558 ], [ 18.358842, 69.400994 ], [ 18.369258, 69.456233 ], [ 18.299595, 69.479274 ], [ 18.23807, 69.482325 ], [ 18.194047, 69.459735 ], [ 18.152579, 69.466615 ], [ 18.13315, 69.456368 ], [ 18.162097, 69.432862 ], [ 18.153729, 69.398502 ], [ 18.177689, 69.390304 ], [ 18.097024, 69.379827 ], [ 18.104213, 69.344184 ], [ 17.98686, 69.307948 ], [ 17.99963, 69.255468 ], [ 17.971415, 69.228043 ], [ 18.084524, 69.23036 ], [ 18.052924, 69.183123 ], [ 18.084521, 69.17423 ], [ 18.071681, 69.167304 ], [ 18.084603, 69.159011 ], [ 18.161173, 69.149604 ], [ 18.078163, 69.13436 ], [ 17.991774, 69.152411 ], [ 17.788706, 69.116108 ], [ 17.646104, 69.108383 ], [ 17.624767, 69.094037 ], [ 17.694966, 69.08627 ], [ 17.476149, 68.991372 ], [ 17.545, 68.982616 ], [ 17.565672, 68.963808 ], [ 17.472172, 68.952589 ], [ 17.484274, 68.933059 ], [ 17.44857, 68.912751 ], [ 17.457763, 68.894468 ], [ 17.714496, 68.933246 ], [ 17.711568, 68.910011 ], [ 17.775913, 68.9047 ], [ 17.85103, 68.865543 ], [ 17.690141, 68.879801 ], [ 17.727036, 68.889419 ], [ 17.705224, 68.900909 ], [ 17.624085, 68.89101 ], [ 17.47544, 68.832706 ], [ 17.767881, 68.788969 ], [ 17.796211, 68.774932 ], [ 17.803427, 68.748424 ], [ 17.736092, 68.775857 ], [ 17.627056, 68.782828 ], [ 17.465153, 68.819875 ], [ 17.252311, 68.760106 ], [ 17.323846, 68.736551 ], [ 17.423054, 68.744302 ], [ 17.461502, 68.734746 ], [ 17.482665, 68.699586 ], [ 17.682998, 68.670958 ], [ 17.444003, 68.683726 ], [ 17.404413, 68.727611 ], [ 17.26246, 68.735415 ], [ 17.114772, 68.711253 ], [ 17.099276, 68.685655 ], [ 17.116755, 68.672302 ], [ 17.20852, 68.659365 ], [ 17.139403, 68.644354 ], [ 17.11719, 68.654448 ], [ 17.112835, 68.67486 ], [ 17.061299, 68.679663 ], [ 17.040644, 68.715931 ], [ 16.967086, 68.713779 ], [ 16.900789, 68.683267 ], [ 16.799441, 68.685737 ], [ 16.724628, 68.669661 ], [ 16.713038, 68.648323 ], [ 16.614812, 68.642999 ], [ 16.56144, 68.598601 ], [ 16.575511, 68.577824 ], [ 16.65016, 68.568438 ], [ 16.627997, 68.5555 ], [ 16.628322, 68.538041 ], [ 16.520923, 68.559179 ], [ 16.462325, 68.541526 ], [ 16.472326, 68.523379 ], [ 16.452118, 68.507754 ], [ 16.530495, 68.481698 ], [ 16.502821, 68.447669 ], [ 16.557794, 68.447402 ], [ 16.871662, 68.469817 ], [ 16.938417, 68.514092 ], [ 16.999542, 68.525082 ], [ 17.104202, 68.483837 ], [ 17.016129, 68.455998 ], [ 17.05208, 68.450516 ], [ 17.247001, 68.46346 ], [ 17.544716, 68.550501 ], [ 17.572977, 68.538596 ], [ 17.564933, 68.519388 ], [ 17.4729, 68.466463 ], [ 17.633401, 68.475422 ], [ 17.804863, 68.418465 ], [ 17.899249, 68.414403 ], [ 17.817816, 68.407244 ], [ 17.710322, 68.440408 ], [ 17.534546, 68.454886 ], [ 17.381014, 68.433484 ], [ 17.425689, 68.427646 ], [ 17.42208349246992, 68.411909313477892 ], [ 17.383641, 68.421736 ], [ 17.300011, 68.420699 ], [ 17.303979, 68.403272 ], [ 17.248782, 68.391139 ], [ 17.248238, 68.370374 ], [ 17.284643, 68.327339 ], [ 17.263979, 68.319578 ], [ 17.352248, 68.297001 ], [ 17.406397, 68.261443 ], [ 17.389361, 68.249522 ], [ 17.358637, 68.258327 ], [ 17.336505, 68.224792 ], [ 17.365118, 68.206978 ], [ 17.319144, 68.191518 ], [ 17.338631, 68.206786 ], [ 17.309384, 68.234348 ], [ 17.331975, 68.246683 ], [ 17.335709, 68.278633 ], [ 17.240869, 68.311884 ], [ 17.234832, 68.369926 ], [ 17.191093, 68.390213 ], [ 17.04655, 68.383196 ], [ 17.026712, 68.356173 ], [ 16.842929, 68.340065 ], [ 16.900672, 68.368107 ], [ 16.894044, 68.386803 ], [ 16.775179, 68.403283 ], [ 16.781487, 68.412615 ], [ 16.756908, 68.420173 ], [ 16.665172, 68.406648 ], [ 16.595907, 68.421144 ], [ 16.53442, 68.395762 ], [ 16.573121, 68.414763 ], [ 16.481934, 68.407808 ], [ 16.405885, 68.380198 ], [ 16.283097, 68.374308 ], [ 16.291969, 68.361838 ], [ 16.27201, 68.359377 ], [ 16.302379, 68.328591 ], [ 16.385199, 68.329126 ], [ 16.347194, 68.323293 ], [ 16.619545, 68.278593 ], [ 16.633894, 68.264147 ], [ 16.607261, 68.248683 ], [ 16.643614, 68.232835 ], [ 16.642903, 68.213411 ], [ 16.809915, 68.151706 ], [ 16.730923, 68.15966 ], [ 16.608949, 68.202464 ], [ 16.607402, 68.234685 ], [ 16.510902, 68.280204 ], [ 16.411177, 68.289848 ], [ 16.448321, 68.295698 ], [ 16.369236, 68.31347 ], [ 16.359945, 68.30349 ], [ 16.370813, 68.295969 ], [ 16.313095, 68.317822 ], [ 16.265016, 68.31138 ], [ 16.241032, 68.325749 ], [ 16.26821, 68.325753 ], [ 16.256221, 68.330642 ], [ 16.175889, 68.321088 ], [ 16.146642, 68.285477 ], [ 16.27781, 68.259306 ], [ 16.342708, 68.271055 ], [ 16.363048, 68.248322 ], [ 16.185428, 68.232622 ], [ 16.197913, 68.212141 ], [ 16.44487, 68.225262 ], [ 16.474679, 68.242619 ], [ 16.46061, 68.229217 ], [ 16.478731, 68.204787 ], [ 16.605916, 68.182462 ], [ 16.551872, 68.176977 ], [ 16.416429, 68.205395 ], [ 16.478714, 68.187535 ], [ 16.480353, 68.169975 ], [ 16.383824, 68.177679 ], [ 16.41713, 68.16478 ], [ 16.416131, 68.141011 ], [ 16.363048, 68.171374 ], [ 16.335139, 68.155592 ], [ 16.341852, 68.142575 ], [ 16.276026, 68.149996 ], [ 16.243998, 68.137048 ], [ 16.300206, 68.125168 ], [ 16.288046, 68.115666 ], [ 16.365899, 68.092195 ], [ 16.439857, 68.128159 ], [ 16.488664, 68.132943 ], [ 16.565187, 68.096577 ], [ 16.735737, 68.085979 ], [ 16.651048, 68.084863 ], [ 16.686436, 68.07281 ], [ 16.657075, 68.064746 ], [ 16.638375, 68.079919 ], [ 16.53442, 68.086439 ], [ 16.463837, 68.121893 ], [ 16.434973, 68.091187 ], [ 16.404225, 68.089104 ], [ 16.357377, 68.057809 ], [ 16.368582, 68.0367 ], [ 16.508552, 68.026576 ], [ 16.460598, 68.000638 ], [ 16.478694, 67.976563 ], [ 16.530904, 67.976188 ], [ 16.522449, 67.966822 ], [ 16.459773, 67.970669 ], [ 16.405104, 68.023148 ], [ 16.318396, 68.027421 ], [ 16.338704, 67.992568 ], [ 16.388802, 67.956083 ], [ 16.4691, 67.954202 ], [ 16.442907, 67.934997 ], [ 16.457467, 67.916316 ], [ 16.343487, 67.970678 ], [ 16.282779, 68.026354 ], [ 16.23454, 68.037178 ], [ 16.23102, 68.024617 ], [ 16.191873, 68.021139 ], [ 16.280763, 67.986245 ], [ 16.262026, 67.984049 ], [ 16.284345, 67.961384 ], [ 16.240444, 67.90335 ], [ 16.463103, 67.859235 ], [ 16.437724, 67.839313 ], [ 16.514755, 67.816866 ], [ 16.455111, 67.82182 ], [ 16.266445, 67.893222 ], [ 16.203155, 67.899425 ], [ 16.219066, 67.972143 ], [ 16.158456, 68.024922 ], [ 16.065879, 68.04839 ], [ 16.11135, 68.084924 ], [ 16.100773, 68.093391 ], [ 16.142582, 68.162897 ], [ 16.138754, 68.187295 ], [ 16.023518, 68.188333 ], [ 16.117142, 68.207265 ], [ 16.057823, 68.224527 ], [ 16.060749, 68.254757 ], [ 15.999396, 68.26488 ], [ 15.938346, 68.253292 ], [ 15.956607, 68.23814 ], [ 15.957713, 68.204766 ], [ 15.853639, 68.20005 ], [ 15.858751, 68.178006 ], [ 15.887474, 68.17123 ], [ 15.874632, 68.161456 ], [ 15.940988, 68.15199 ], [ 15.881744, 68.149868 ], [ 15.894806, 68.132568 ], [ 15.846474, 68.112161 ], [ 15.814036, 68.117522 ], [ 15.803144, 68.097017 ], [ 15.752838, 68.108204 ], [ 15.728441, 68.100811 ], [ 15.73738, 68.087341 ], [ 15.666575, 68.087277 ], [ 15.651226, 68.080438 ], [ 15.654871, 68.059584 ], [ 15.635459, 68.057351 ], [ 15.611926, 68.073352 ], [ 15.649792, 68.084397 ], [ 15.603177, 68.111525 ], [ 15.705948, 68.10572 ], [ 15.723929, 68.11891 ], [ 15.687067, 68.14747 ], [ 15.723363, 68.150582 ], [ 15.711202, 68.170711 ], [ 15.694225, 68.161463 ], [ 15.650215, 68.177401 ], [ 15.662777, 68.186636 ], [ 15.627181, 68.187977 ], [ 15.597771, 68.182117 ], [ 15.624531, 68.175606 ], [ 15.626466, 68.143195 ], [ 15.568617, 68.145378 ], [ 15.58478, 68.133615 ], [ 15.533184, 68.133116 ], [ 15.523308, 68.1097 ], [ 15.490167, 68.126051 ], [ 15.523452, 68.142175 ], [ 15.482395, 68.159302 ], [ 15.407193, 68.140839 ], [ 15.420215, 68.12614 ], [ 15.344054, 68.104075 ], [ 15.315613, 68.080195 ], [ 15.345691, 68.065517 ], [ 15.279154, 68.061086 ], [ 15.309008, 68.018336 ], [ 15.378879, 68.019757 ], [ 15.373555, 68.0059 ], [ 15.416072, 67.997518 ], [ 15.438338, 68.0244 ], [ 15.399172, 68.037598 ], [ 15.518113, 68.062768 ], [ 15.522063, 68.095722 ], [ 15.592797, 68.073695 ], [ 15.576948, 68.068143 ], [ 15.583567, 68.046458 ], [ 15.810085, 68.030525 ], [ 15.826128, 68.037272 ], [ 15.759882, 68.044408 ], [ 15.83, 68.054632 ], [ 15.937518, 68.029303 ], [ 15.976171, 68.011959 ], [ 15.951894, 67.998042 ], [ 15.995413, 67.9954 ], [ 15.951011, 67.991983 ], [ 15.974849, 67.9782 ], [ 15.937979, 67.980421 ], [ 15.941766, 67.970637 ], [ 15.883181, 67.976655 ], [ 15.926613, 67.965577 ], [ 15.873025, 67.939144 ], [ 15.886155, 67.923809 ], [ 15.871104, 67.910705 ], [ 15.84463, 67.916094 ], [ 15.806394, 67.959273 ], [ 15.735881, 67.96965 ], [ 15.589566, 67.949163 ], [ 15.58715, 67.930484 ], [ 15.528937, 67.909437 ], [ 15.55999, 67.935246 ], [ 15.522733, 67.941133 ], [ 15.333629, 67.902408 ], [ 15.35632, 67.917445 ], [ 15.324222, 67.915809 ], [ 15.181001, 67.850644 ], [ 15.19044, 67.868808 ], [ 15.249159, 67.886331 ], [ 15.20258, 67.892155 ], [ 15.223585, 67.902544 ], [ 15.134455, 67.892827 ], [ 15.0958, 67.907352 ], [ 15.006257, 67.905882 ], [ 14.873907, 67.883023 ], [ 14.8897, 67.869845 ], [ 14.84033, 67.860822 ], [ 15.054832146914164, 67.866316535975614 ], [ 14.942955, 67.852675 ], [ 14.882996, 67.831363 ], [ 14.814339, 67.845749 ], [ 14.775478, 67.830133 ], [ 14.770154, 67.79599 ], [ 14.836831, 67.804896 ], [ 14.839648, 67.791155 ], [ 14.869375, 67.786713 ], [ 14.829316, 67.77143 ], [ 15.02455, 67.793599 ], [ 15.042333, 67.792333 ], [ 14.998601, 67.770061 ], [ 15.131342, 67.76111 ], [ 14.786763, 67.737329 ], [ 14.768172, 67.72773 ], [ 14.893816, 67.711869 ], [ 14.737785, 67.67565 ], [ 14.769213, 67.658915 ], [ 14.917475, 67.660209 ], [ 15.165751, 67.718771 ], [ 15.202056, 67.737843 ], [ 15.19937, 67.753884 ], [ 15.373535, 67.80373 ], [ 15.394078, 67.832671 ], [ 15.368416, 67.876688 ], [ 15.402505, 67.84411 ], [ 15.428557, 67.850349 ], [ 15.428347, 67.868023 ], [ 15.45022, 67.851115 ], [ 15.447346, 67.8355 ], [ 15.417063, 67.826508 ], [ 15.430526, 67.812949 ], [ 15.661241, 67.772491 ], [ 15.786282, 67.738642 ], [ 15.788994, 67.713455 ], [ 15.854314, 67.710041 ], [ 15.824565, 67.68551 ], [ 15.773977, 67.70312 ], [ 15.75742, 67.7308 ], [ 15.598859, 67.764287 ], [ 15.508493, 67.76764 ], [ 15.407095, 67.749128 ], [ 15.469817, 67.71802 ], [ 15.569013, 67.717481 ], [ 15.652146, 67.687356 ], [ 15.553626, 67.70858 ], [ 15.50449, 67.701587 ], [ 15.52677, 67.682129 ], [ 15.305568, 67.736919 ], [ 15.248861, 67.702336 ], [ 15.338771, 67.693345 ], [ 15.233316, 67.685407 ], [ 15.162169, 67.633695 ], [ 15.243241, 67.627851 ], [ 15.277133, 67.639713 ], [ 15.434761, 67.610516 ], [ 15.453323, 67.594557 ], [ 15.442245, 67.579233 ], [ 15.431039, 67.598917 ], [ 15.242277, 67.616387 ], [ 15.254054, 67.607055 ], [ 15.212115, 67.589048 ], [ 15.229391, 67.582715 ], [ 15.213974, 67.55839 ], [ 15.288326, 67.535484 ], [ 15.454464, 67.535152 ], [ 15.520342, 67.511106 ], [ 15.675206, 67.563251 ], [ 15.88165, 67.59379 ], [ 15.862716, 67.585721 ], [ 15.884969, 67.57894 ], [ 15.675206, 67.551574 ], [ 15.536769, 67.489119 ], [ 15.536318, 67.475401 ], [ 15.588559, 67.478928 ], [ 15.516415, 67.4573 ], [ 15.579825, 67.411824 ], [ 15.643476, 67.414476 ], [ 15.697389, 67.435677 ], [ 15.648792, 67.408298 ], [ 15.692772, 67.397671 ], [ 15.596457, 67.4004 ], [ 15.608, 67.37568 ], [ 15.631959, 67.370349 ], [ 15.589627, 67.348325 ], [ 15.581353, 67.374272 ], [ 15.546731, 67.373272 ], [ 15.54166, 67.404694 ], [ 15.476665, 67.445152 ], [ 15.476661, 67.477636 ], [ 15.445159, 67.494044 ], [ 15.285662, 67.508596 ], [ 15.226044, 67.490699 ], [ 15.221869, 67.475573 ], [ 15.154726, 67.453137 ], [ 15.13959, 67.432748 ], [ 15.13117, 67.45898 ], [ 15.17612, 67.476752 ], [ 15.145843, 67.495285 ], [ 15.239934, 67.508028 ], [ 15.175729, 67.534124 ], [ 14.992198, 67.486781 ], [ 14.93307, 67.490175 ], [ 15.008337, 67.497911 ], [ 15.076113, 67.529339 ], [ 14.998425, 67.559895 ], [ 15.005203, 67.577395 ], [ 15.09111, 67.543694 ], [ 15.147461, 67.548538 ], [ 15.150497, 67.563304 ], [ 15.061162, 67.593047 ], [ 14.935143, 67.57596 ], [ 14.653963, 67.47601 ], [ 14.723853, 67.452864 ], [ 15.053154, 67.454596 ], [ 14.90442, 67.429592 ], [ 14.858363, 67.385481 ], [ 14.82647, 67.389499 ], [ 14.853205, 67.406851 ], [ 14.861384, 67.435151 ], [ 14.80588, 67.446384 ], [ 14.64201, 67.438358 ], [ 14.629534, 67.412847 ], [ 14.575634, 67.404842 ], [ 14.637697, 67.401686 ], [ 14.629347, 67.385445 ], [ 14.476252, 67.323237 ], [ 14.392792, 67.307374 ], [ 14.379489, 67.291423 ], [ 14.397812, 67.29108 ], [ 14.314926, 67.258488 ], [ 14.591213, 67.277669 ], [ 14.730687, 67.312927 ], [ 14.715087, 67.294565 ], [ 14.727737, 67.282804 ], [ 14.71799, 67.263075 ], [ 14.693699, 67.252734 ], [ 14.723717, 67.24148 ], [ 14.864097, 67.281849 ], [ 14.799265, 67.287363 ], [ 14.810848, 67.291641 ], [ 15.020117, 67.29232 ], [ 14.990402, 67.300504 ], [ 15.03864, 67.321322 ], [ 15.165578, 67.328632 ], [ 15.146279, 67.295599 ], [ 15.165354, 67.290665 ], [ 15.039151, 67.273192 ], [ 15.114013, 67.273675 ], [ 15.172758, 67.254175 ], [ 15.25155, 67.270127 ], [ 15.350998, 67.257478 ], [ 15.247082, 67.233783 ], [ 15.298468, 67.229133 ], [ 15.428353, 67.2604 ], [ 15.414706, 67.241956 ], [ 15.351937, 67.222279 ], [ 15.399836, 67.223142 ], [ 15.480292, 67.184119 ], [ 15.472192, 67.173958 ], [ 15.484549, 67.164866 ], [ 15.445212, 67.145777 ], [ 15.452108, 67.119611 ], [ 15.435973, 67.11463 ], [ 15.469977, 67.098769 ], [ 15.390055, 67.104661 ], [ 15.407095, 67.129854 ], [ 15.384193, 67.127093 ], [ 15.418085, 67.168379 ], [ 15.403317, 67.183241 ], [ 15.300912, 67.192372 ], [ 15.219797, 67.220785 ], [ 15.141034, 67.209886 ], [ 15.093462, 67.235696 ], [ 15.008198, 67.233537 ], [ 15.025156, 67.227996 ], [ 14.944031, 67.193251 ], [ 14.919021, 67.167116 ], [ 14.974988, 67.155166 ], [ 14.998907, 67.123014 ], [ 14.979925, 67.119538 ], [ 14.954208, 67.130944 ], [ 14.947195, 67.152839 ], [ 14.885424, 67.169591 ], [ 14.949951, 67.204193 ], [ 14.942903, 67.225547 ], [ 15.003803, 67.239831 ], [ 14.979271, 67.247548 ], [ 14.883088, 67.228749 ], [ 14.798939, 67.239676 ], [ 14.708831, 67.21236 ], [ 14.530719, 67.211486 ], [ 14.611341, 67.227214 ], [ 14.493573, 67.237196 ], [ 14.362574, 67.21096 ], [ 14.359471, 67.19201 ], [ 14.49746, 67.208366 ], [ 14.723036, 67.187947 ], [ 14.670353, 67.179816 ], [ 14.616582, 67.196328 ], [ 14.551683, 67.179876 ], [ 14.438982, 67.19411 ], [ 14.329084, 67.166898 ], [ 14.324941, 67.152279 ], [ 14.340358, 67.147252 ], [ 14.298298, 67.105512 ], [ 14.241626, 67.092677 ], [ 14.329923, 67.077084 ], [ 14.398044, 67.095353 ], [ 14.484241, 67.069147 ], [ 14.585052, 67.070642 ], [ 14.608524, 67.057177 ], [ 14.608509, 67.030923 ], [ 14.532512, 67.066137 ], [ 14.497468, 67.054842 ], [ 14.428164, 67.084889 ], [ 14.316904, 67.069628 ], [ 14.235395, 67.076785 ], [ 14.226868, 67.070153 ], [ 14.27419, 67.054252 ], [ 14.229562, 67.007022 ], [ 14.237603, 67.000372 ], [ 14.180775, 66.997001 ], [ 14.151508, 66.978632 ], [ 14.163294, 67.002816 ], [ 14.143077, 66.996931 ], [ 14.101473, 67.055964 ], [ 14.049994, 67.079755 ], [ 14.018754, 67.038157 ], [ 14.060271, 66.991939 ], [ 14.028659, 66.987888 ], [ 14.012672, 66.964868 ], [ 14.0022, 66.971569 ], [ 14.012931, 66.985024 ], [ 13.907598, 66.948721 ], [ 13.895402, 66.970509 ], [ 13.945503, 66.969185 ], [ 14.000294, 67.004537 ], [ 13.958781, 67.01133 ], [ 13.874129, 67.000529 ], [ 13.863261, 66.983942 ], [ 13.734731, 66.979021 ], [ 13.800245, 66.965008 ], [ 13.741952, 66.948292 ], [ 13.607529, 66.95159 ], [ 13.554683, 66.936696 ], [ 13.54242, 66.9547 ], [ 13.495722, 66.952396 ], [ 13.499138, 66.935748 ], [ 13.541862, 66.93237 ], [ 13.54062, 66.903228 ], [ 13.63397, 66.906085 ], [ 13.723846, 66.860668 ], [ 13.702552, 66.85395 ], [ 13.717545, 66.842727 ], [ 13.700752, 66.834428 ], [ 13.748841, 66.843694 ], [ 13.808933, 66.813711 ], [ 13.996794, 66.798472 ], [ 13.64424, 66.812828 ], [ 13.493143, 66.792876 ], [ 13.538262, 66.765809 ], [ 13.755687, 66.757194 ], [ 13.553721, 66.755076 ], [ 13.553048, 66.728433 ], [ 13.575384, 66.710342 ], [ 13.76954, 66.732584 ], [ 13.900309, 66.729253 ], [ 13.684566, 66.714107 ], [ 13.713878, 66.708262 ], [ 13.70762, 66.699704 ], [ 13.558241, 66.697057 ], [ 13.528662, 66.707515 ], [ 13.523819, 66.724577 ], [ 13.478587, 66.716153 ], [ 13.380412, 66.734283 ], [ 13.208585, 66.718515 ], [ 13.301249, 66.695416 ], [ 13.416919, 66.693237 ], [ 13.531984, 66.669859 ], [ 13.563479, 66.648911 ], [ 13.255471, 66.666826 ], [ 13.230779, 66.680494 ], [ 13.170162, 66.658788 ], [ 13.215034, 66.631976 ], [ 13.314122, 66.644339 ], [ 13.380593, 66.635823 ], [ 13.307049, 66.63532 ], [ 13.316892, 66.625404 ], [ 13.280507, 66.628461 ], [ 13.28178, 66.615726 ], [ 13.256202, 66.623764 ], [ 13.228843, 66.610985 ], [ 13.244802, 66.597377 ], [ 13.223307, 66.598295 ], [ 13.188058, 66.568074 ], [ 13.204708, 66.557133 ], [ 13.444966, 66.562578 ], [ 13.562308, 66.607872 ], [ 13.731526, 66.608483 ], [ 13.563317, 66.600427 ], [ 13.470322, 66.565455 ], [ 13.64244, 66.53983 ], [ 13.670967, 66.517487 ], [ 13.521178, 66.546385 ], [ 13.264037, 66.528065 ], [ 13.307104, 66.505251 ], [ 13.270381, 66.466739 ], [ 13.40987, 66.472636 ], [ 13.257943, 66.447435 ], [ 13.213636, 66.454471 ], [ 13.248036, 66.481378 ], [ 13.217884, 66.493546 ], [ 13.212641, 66.517138 ], [ 13.121148, 66.549237 ], [ 12.979081, 66.528669 ], [ 13.046161, 66.494545 ], [ 13.097152, 66.49721 ], [ 13.107521, 66.475323 ], [ 13.168406, 66.465762 ], [ 13.082174, 66.464978 ], [ 13.148252, 66.438276 ], [ 13.157624, 66.405662 ], [ 12.99997, 66.356679 ], [ 13.002352, 66.332992 ], [ 13.097393, 66.312406 ], [ 13.158806, 66.33023 ], [ 13.114957, 66.30652 ], [ 13.140748, 66.302332 ], [ 13.279213, 66.312595 ], [ 13.434919, 66.348868 ], [ 13.486012, 66.344488 ], [ 13.431145, 66.331298 ], [ 13.445967, 66.320734 ], [ 13.562526, 66.308048 ], [ 13.385245, 66.304231 ], [ 13.204216, 66.279576 ], [ 13.010231, 66.191311 ], [ 13.034364, 66.175372 ], [ 13.153761, 66.194351 ], [ 13.318785, 66.250175 ], [ 13.389134, 66.237388 ], [ 13.456128, 66.245083 ], [ 13.555337, 66.270851 ], [ 13.571552, 66.289918 ], [ 13.627781, 66.28688 ], [ 13.573627, 66.259564 ], [ 13.617887, 66.241608 ], [ 13.732835, 66.257656 ], [ 13.725856, 66.272354 ], [ 13.75612, 66.278554 ], [ 13.737193, 66.293935 ], [ 13.77216, 66.278741 ], [ 13.73495, 66.266045 ], [ 13.741102, 66.258017 ], [ 13.815945, 66.275283 ], [ 13.899415, 66.270854 ], [ 13.936818, 66.302405 ], [ 14.024782, 66.307381 ], [ 14.139941, 66.338254 ], [ 14.126916, 66.309028 ], [ 13.981483, 66.270894 ], [ 13.967007, 66.255413 ], [ 13.97976, 66.249464 ], [ 13.809463, 66.211729 ], [ 13.787532, 66.19074 ], [ 13.767436, 66.19405 ], [ 13.771298, 66.203973 ], [ 13.820741, 66.236598 ], [ 13.745624, 66.245365 ], [ 13.601643, 66.224659 ], [ 13.651937, 66.210076 ], [ 13.615289, 66.18022 ], [ 13.66422, 66.192097 ], [ 13.683926, 66.176506 ], [ 13.786962, 66.185201 ], [ 13.841068, 66.163577 ], [ 13.826244, 66.138476 ], [ 13.754856, 66.17271 ], [ 13.648725, 66.163042 ], [ 13.598871, 66.14768 ], [ 13.549054, 66.103607 ], [ 13.539925, 66.135554 ], [ 13.606257, 66.200453 ], [ 13.490832, 66.193589 ], [ 13.584215, 66.21748 ], [ 13.578851, 66.234139 ], [ 13.524654, 66.24143 ], [ 13.300221, 66.221662 ], [ 13.237424, 66.188551 ], [ 13.096278, 66.161681 ], [ 13.081377, 66.14304 ], [ 13.063246, 66.157122 ], [ 12.828328, 66.126457 ], [ 12.681562, 66.07104 ], [ 12.730436, 66.05595 ], [ 12.807695, 66.064193 ], [ 12.670284, 66.036234 ], [ 13.051082, 66.076146 ], [ 12.947983, 66.046689 ], [ 12.948335, 66.003531 ], [ 12.896182, 65.971694 ], [ 13.089329, 65.932744 ], [ 13.131921, 65.944718 ], [ 13.135125, 65.921467 ], [ 13.169951, 65.909279 ], [ 13.158127, 65.885213 ], [ 13.189599, 65.865321 ], [ 13.187184544244065, 65.843952109708283 ], [ 13.125916, 65.894339 ], [ 13.072236, 65.89111 ], [ 13.032968, 65.923477 ], [ 12.945139, 65.927911 ], [ 12.901333, 65.958351 ], [ 12.870159, 65.959035 ], [ 12.867117, 65.97289 ], [ 12.668414, 65.92154 ], [ 12.643943, 65.898276 ], [ 12.63859, 65.859977 ], [ 12.599324, 65.826556 ], [ 12.671897, 65.821816 ], [ 12.688565, 65.839631 ], [ 12.694115, 65.820519 ], [ 12.725313, 65.804694 ], [ 12.69079, 65.800924 ], [ 12.718116, 65.77874 ], [ 12.64756, 65.813022 ], [ 12.608687, 65.802494 ], [ 12.581915, 65.767163 ], [ 12.541831, 65.751752 ], [ 12.667777, 65.689265 ], [ 12.653032, 65.652396 ], [ 12.784887, 65.634307 ], [ 12.640149, 65.646365 ], [ 12.641495, 65.670086 ], [ 12.611899, 65.653062 ], [ 12.609277, 65.669288 ], [ 12.64303, 65.686028 ], [ 12.51495, 65.738031 ], [ 12.428585, 65.695225 ], [ 12.350725, 65.629374 ], [ 12.366019, 65.627218 ], [ 12.375709, 65.582277 ], [ 12.417348, 65.589059 ], [ 12.382185, 65.567365 ], [ 12.401299, 65.538747 ], [ 12.446559, 65.527093 ], [ 12.533031, 65.579668 ], [ 12.462148, 65.522326 ], [ 12.509111, 65.511225 ], [ 12.550216, 65.533265 ], [ 12.566334, 65.583736 ], [ 12.582237, 65.531999 ], [ 12.607483, 65.52366 ], [ 12.556346, 65.506445 ], [ 12.591967, 65.477379 ], [ 12.655612, 65.481338 ], [ 12.61234, 65.461674 ], [ 12.77241, 65.463883 ], [ 12.617576, 65.4331 ], [ 12.690863, 65.378546 ], [ 12.592805, 65.438983 ], [ 12.580603, 65.437146 ], [ 12.579803, 65.407336 ], [ 12.562002, 65.412239 ], [ 12.565799, 65.437251 ], [ 12.551461, 65.447825 ], [ 12.458228, 65.449059 ], [ 12.516975, 65.397094 ], [ 12.443073, 65.420323 ], [ 12.450596, 65.477525 ], [ 12.331744, 65.537845 ], [ 12.320655, 65.576592 ], [ 12.266698, 65.576949 ], [ 12.239455, 65.558646 ], [ 12.254878, 65.556795 ], [ 12.242804, 65.545059 ], [ 12.25069, 65.518406 ], [ 12.183963, 65.445497 ], [ 12.227864, 65.463318 ], [ 12.227682, 65.481221 ], [ 12.272462, 65.49354 ], [ 12.244236, 65.469503 ], [ 12.330506, 65.482635 ], [ 12.347338, 65.465975 ], [ 12.166983, 65.392162 ], [ 12.19069, 65.376185 ], [ 12.272249, 65.391639 ], [ 12.234878, 65.369895 ], [ 12.148242, 65.368964 ], [ 12.12329, 65.326459 ], [ 12.090774, 65.312809 ], [ 12.141905, 65.304943 ], [ 12.11722, 65.285957 ], [ 12.129137, 65.282409 ], [ 12.112371, 65.254714 ], [ 12.043939, 65.215302 ], [ 12.077436, 65.210069 ], [ 12.19069, 65.238855 ], [ 12.262881, 65.274519 ], [ 12.268344, 65.291186 ], [ 12.241098, 65.299822 ], [ 12.232147, 65.328398 ], [ 12.269256, 65.313935 ], [ 12.337448, 65.324634 ], [ 12.464477, 65.367945 ], [ 12.404624, 65.32209 ], [ 12.467846, 65.325815 ], [ 12.354089, 65.302871 ], [ 12.252969, 65.229722 ], [ 12.357265, 65.264418 ], [ 12.442646, 65.262996 ], [ 12.337542, 65.230812 ], [ 12.421884, 65.232615 ], [ 12.442274, 65.221306 ], [ 12.428203, 65.208687 ], [ 12.507453, 65.195959 ], [ 12.397615, 65.187197 ], [ 12.353362, 65.158446 ], [ 12.497939, 65.135408 ], [ 12.717961, 65.210333 ], [ 12.941605, 65.332197 ], [ 12.958215, 65.312923 ], [ 12.861483, 65.275986 ], [ 12.792687, 65.213683 ], [ 12.664095, 65.171351 ], [ 12.662383, 65.154182 ], [ 12.403523, 65.098638 ], [ 12.442327, 65.088533 ], [ 12.493316, 65.104477 ], [ 12.458163, 65.078442 ], [ 12.385112, 65.092401 ], [ 12.260434, 65.056612 ], [ 12.101197, 65.041734 ], [ 12.113238, 65.051185 ], [ 12.086926394626216, 65.059950033321016 ], [ 12.179171, 65.055166 ], [ 12.296661, 65.082526 ], [ 12.337407, 65.111948 ], [ 12.235671, 65.110078 ], [ 12.301384, 65.162311 ], [ 12.273606, 65.166624 ], [ 12.265207, 65.191128 ], [ 12.228631, 65.212181 ], [ 12.124771, 65.190155 ], [ 12.108885, 65.134746 ], [ 12.16648, 65.12195 ], [ 12.101738, 65.114047 ], [ 12.083865, 65.132446 ], [ 12.055442, 65.108001 ], [ 12.065697, 65.078536 ], [ 12.015524, 65.096751 ], [ 11.949772, 65.060424 ], [ 11.808075, 65.019165 ], [ 11.787727, 64.9928 ], [ 11.71104, 65.016079 ], [ 11.618447, 64.997353 ], [ 11.601835, 64.981362 ], [ 11.767361, 64.979855 ], [ 11.724079, 64.954172 ], [ 11.616867, 64.965798 ], [ 11.650697, 64.933937 ], [ 11.627001, 64.935249 ], [ 11.603488, 64.961539 ], [ 11.573561, 64.945389 ], [ 11.550341, 64.956389 ], [ 11.479318, 64.93862 ], [ 11.539021, 64.901655 ], [ 11.615191, 64.928622 ], [ 11.590924, 64.919116 ], [ 11.589906, 64.898818 ], [ 11.570257, 64.908593 ], [ 11.57096929255397, 64.889194204042681 ], [ 11.700891, 64.903652 ] ], [ [ 16.545546, 57.835311 ], [ 16.546056229276058, 57.83507431257793 ], [ 16.545402716028192, 57.835563372761477 ], [ 16.545546, 57.835311 ] ], [ [ 16.641987, 57.763284 ], [ 16.67599, 57.765404 ], [ 16.712742, 57.732382 ], [ 16.70664, 57.760582 ], [ 16.546056229276058, 57.83507431257793 ], [ 16.641987, 57.763284 ] ], [ [ 23.530899, 59.925089 ], [ 23.52798227013519, 59.922848738875871 ], [ 23.535283943583746, 59.923925889730178 ], [ 23.530899, 59.925089 ] ], [ [ 23.403229, 59.904445 ], [ 23.484454, 59.889869 ], [ 23.518043, 59.890486 ], [ 23.496511, 59.896774 ], [ 23.515255, 59.906719 ], [ 23.566308, 59.898152 ], [ 23.528489, 59.90659 ], [ 23.553503, 59.917896 ], [ 23.520801, 59.917333 ], [ 23.52798227013519, 59.922848738875871 ], [ 23.403229, 59.904445 ] ], [ [ 23.65606, 59.907815 ], [ 23.656739, 59.918113 ], [ 23.648460974288678, 59.916919237906278 ], [ 23.65606, 59.907815 ] ], [ [ 11.09038, 64.830619 ], [ 11.142997, 64.826355 ], [ 11.250127, 64.865464 ], [ 11.301471, 64.903307 ], [ 11.258017, 64.903168 ], [ 11.203363, 64.931161 ], [ 11.217845, 64.940839 ], [ 11.16812, 64.945275 ], [ 11.149012, 64.96286 ], [ 10.92262, 64.897864 ], [ 10.93985, 64.914625 ], [ 10.999966, 64.9217 ], [ 11.156509, 64.976819 ], [ 11.080271, 64.985884 ], [ 11.017731, 64.972204 ], [ 11.040868, 64.970619 ], [ 10.930954, 64.948034 ], [ 10.839762, 64.901606 ], [ 10.862091, 64.926041 ], [ 10.834684, 64.91813 ], [ 10.86134, 64.93559 ], [ 10.805733, 64.923829 ], [ 10.764174, 64.910161 ], [ 10.783072, 64.900569 ], [ 10.747038, 64.890623 ], [ 10.754903, 64.880777 ], [ 10.737781, 64.870524 ], [ 10.827172, 64.893756 ], [ 10.724164, 64.858067 ], [ 10.776461, 64.871941 ], [ 10.743967, 64.851976 ], [ 10.832806, 64.859257 ], [ 10.924886, 64.892883 ], [ 10.836034, 64.851004 ], [ 10.8628, 64.838921 ], [ 11.036426, 64.898687 ], [ 11.065123, 64.891029 ], [ 11.111245, 64.907539 ], [ 11.098959, 64.893388 ], [ 11.117912, 64.888281 ], [ 11.066245, 64.855794 ], [ 11.092774, 64.85453 ], [ 11.09038, 64.830619 ] ], [ [ 11.318885, 64.91381 ], [ 11.365089, 64.946885 ], [ 11.281135, 64.917829 ], [ 11.318885, 64.91381 ] ], [ [ 10.951497, 64.968803 ], [ 10.941642, 64.982054 ], [ 10.954246, 64.983143 ], [ 10.864988, 64.994366 ], [ 10.801461, 64.970451 ], [ 10.824159, 64.969213 ], [ 10.824599, 64.946179 ], [ 10.854092, 64.962301 ], [ 10.951497, 64.968803 ] ], [ [ 11.595551, 65.041302 ], [ 11.724432, 65.088626 ], [ 11.741938, 65.085104 ], [ 11.788928, 65.121849 ], [ 11.724312, 65.104961 ], [ 11.670803, 65.120055 ], [ 11.576246, 65.108081 ], [ 11.531133, 65.084911 ], [ 11.540052, 65.062279 ], [ 11.518996, 65.053897 ], [ 11.595551, 65.041302 ] ], [ [ 11.740793, 65.024904 ], [ 11.752926, 65.011293 ], [ 11.80912, 65.028005 ], [ 11.989763, 65.090426 ], [ 12.006401, 65.105165 ], [ 11.980952, 65.10624 ], [ 12.033398, 65.149542 ], [ 11.990254, 65.167493 ], [ 11.903958, 65.135848 ], [ 11.740793, 65.024904 ] ], [ [ 12.309171, 65.132726 ], [ 12.396312, 65.112712 ], [ 12.45167, 65.124682 ], [ 12.461483, 65.130383 ], [ 12.309171, 65.132726 ] ], [ [ 11.967671, 65.212661 ], [ 12.040431, 65.209319 ], [ 12.014471, 65.239959 ], [ 11.969806, 65.227894 ], [ 11.967671, 65.212661 ] ], [ [ 12.192935, 65.472774 ], [ 12.150032, 65.477194 ], [ 12.119465, 65.461971 ], [ 12.111633, 65.452596 ], [ 12.12808, 65.453582 ], [ 12.100404, 65.429694 ], [ 12.100009, 65.442965 ], [ 12.042467, 65.418334 ], [ 12.051493, 65.401694 ], [ 12.087277, 65.416913 ], [ 12.080203, 65.387561 ], [ 12.104966, 65.396016 ], [ 12.133125, 65.441983 ], [ 12.192935, 65.472774 ] ], [ [ 12.155652, 65.498894 ], [ 12.075613, 65.47072 ], [ 12.09784, 65.457983 ], [ 12.158237, 65.486741 ], [ 12.155652, 65.498894 ] ], [ [ 12.125824, 65.595375 ], [ 12.155812, 65.605418 ], [ 12.182399, 65.640709 ], [ 12.137468, 65.630039 ], [ 12.125824, 65.595375 ] ], [ [ 11.849488, 65.703865 ], [ 11.812188, 65.686089 ], [ 11.745556, 65.611847 ], [ 11.827367, 65.612436 ], [ 11.908907, 65.591569 ], [ 12.025205, 65.660468 ], [ 11.991106, 65.677496 ], [ 12.063881, 65.666562 ], [ 12.131698, 65.683742 ], [ 12.102912, 65.693669 ], [ 12.035715, 65.676406 ], [ 12.065453, 65.694417 ], [ 12.031845, 65.685068 ], [ 12.020401, 65.697416 ], [ 12.044822, 65.699357 ], [ 12.008843, 65.715198 ], [ 11.849488, 65.703865 ] ], [ [ 12.355733, 65.654022 ], [ 12.44904, 65.725916 ], [ 12.354219, 65.688102 ], [ 12.303698, 65.657419 ], [ 12.355733, 65.654022 ] ], [ [ 12.497248, 65.804642 ], [ 12.413767, 65.781279 ], [ 12.376721, 65.747138 ], [ 12.478005, 65.773957 ], [ 12.497248, 65.804642 ] ], [ [ 12.537061, 65.785911 ], [ 12.579122, 65.820277 ], [ 12.576635, 65.838982 ], [ 12.52882, 65.818648 ], [ 12.543225, 65.810359 ], [ 12.518796, 65.787374 ], [ 12.537061, 65.785911 ] ], [ [ 12.42477, 65.858653 ], [ 12.401609, 65.854366 ], [ 12.389661, 65.822024 ], [ 12.485913, 65.834005 ], [ 12.5079, 65.858767 ], [ 12.408773, 65.832222 ], [ 12.397819, 65.839281 ], [ 12.42477, 65.858653 ] ], [ [ 12.538834, 65.893727 ], [ 12.429283, 65.859643 ], [ 12.457936, 65.862906 ], [ 12.483991, 65.860812 ], [ 12.538834, 65.893727 ] ], [ [ 12.326664, 65.915526 ], [ 12.259614, 65.878717 ], [ 12.241306, 65.843979 ], [ 12.292136, 65.874952 ], [ 12.295398, 65.891791 ], [ 12.368315, 65.929773 ], [ 12.311798, 65.928141 ], [ 12.326664, 65.915526 ] ], [ [ 12.383102, 66.014466 ], [ 12.29396, 66.002503 ], [ 12.226151, 65.964578 ], [ 12.280642, 65.967223 ], [ 12.283128, 65.994832 ], [ 12.292136, 65.972022 ], [ 12.383102, 66.014466 ] ], [ [ 12.440623, 66.08632 ], [ 12.315715, 66.039187 ], [ 12.324541, 66.032709 ], [ 12.300557, 66.018214 ], [ 12.470566, 66.040187 ], [ 12.661654, 66.104155 ], [ 12.65241, 66.120844 ], [ 12.61811, 66.118193 ], [ 12.640167, 66.135883 ], [ 12.624269, 66.142898 ], [ 12.558434, 66.12998 ], [ 12.573893, 66.140874 ], [ 12.624559, 66.155505 ], [ 12.628028, 66.189395 ], [ 12.592212, 66.224376 ], [ 12.559619, 66.219905 ], [ 12.571285, 66.216873 ], [ 12.547894, 66.202602 ], [ 12.452112, 66.193443 ], [ 12.473602, 66.185918 ], [ 12.432725, 66.156554 ], [ 12.513414, 66.177319 ], [ 12.56863, 66.161769 ], [ 12.48317, 66.124296 ], [ 12.483746, 66.10987 ], [ 12.336428, 66.08818 ], [ 12.335234, 66.076978 ], [ 12.440623, 66.08632 ] ], [ [ 12.28672, 66.126007 ], [ 12.344327, 66.153502 ], [ 12.349688, 66.171208 ], [ 12.320272, 66.166691 ], [ 12.261584, 66.121367 ], [ 12.28672, 66.126007 ] ], [ [ 12.699278, 67.640613 ], [ 12.698811, 67.661818 ], [ 12.726319, 67.655108 ], [ 12.698139, 67.673071 ], [ 12.723788, 67.693188 ], [ 12.636246, 67.679003 ], [ 12.561468, 67.644002 ], [ 12.595534, 67.632148 ], [ 12.6002, 67.653947 ], [ 12.650857, 67.651813 ], [ 12.670984, 67.668704 ], [ 12.699278, 67.640613 ] ], [ [ 14.547746, 35.837997 ], [ 14.560986, 35.822257 ], [ 14.57432, 35.867716 ], [ 14.564254, 35.877483 ], [ 14.525335, 35.898157 ], [ 14.503606, 35.8792 ], [ 14.519895, 35.902866 ], [ 14.490977, 35.895069 ], [ 14.511828, 35.908443 ], [ 14.48154, 35.936253 ], [ 14.423511, 35.9589 ], [ 14.390025, 35.953778 ], [ 14.395726, 35.967586 ], [ 14.350896, 35.9698 ], [ 14.375391, 35.987747 ], [ 14.368761, 35.997153 ], [ 14.322945, 35.976884 ], [ 14.340889, 35.953227 ], [ 14.329374, 35.941314 ], [ 14.343593, 35.92895 ], [ 14.329338, 35.906045 ], [ 14.338047, 35.878533 ], [ 14.45122, 35.819466 ], [ 14.535795, 35.808406 ], [ 14.546007, 35.817503 ], [ 14.531518, 35.829885 ], [ 14.547746, 35.837997 ] ], [ [ 14.185328, 36.073438 ], [ 14.187361, 36.036674 ], [ 14.261794, 36.01236 ], [ 14.33574, 36.033082 ], [ 14.294447, 36.061204 ], [ 14.222805, 36.08217 ], [ 14.185328, 36.073438 ] ], [ [ 15.254866, 37.242655 ], [ 15.206219, 37.292938 ], [ 15.190223, 37.28225 ], [ 15.104078, 37.311753 ], [ 15.092923, 37.344589 ], [ 15.09139, 37.499371 ], [ 15.176925, 37.57836 ], [ 15.1749, 37.632882 ], [ 15.19862, 37.655357 ], [ 15.218481, 37.710978 ], [ 15.204731, 37.737374 ], [ 15.235139, 37.784249 ], [ 15.493811, 38.075097 ], [ 15.571272, 38.189318 ], [ 15.557551, 38.19365 ], [ 15.57256, 38.233573 ], [ 15.650965, 38.267945 ], [ 15.542025, 38.301172 ], [ 15.426147, 38.241257 ], [ 15.293116, 38.206587 ], [ 15.243931, 38.216946 ], [ 15.252191, 38.248613 ], [ 15.233884, 38.26905 ], [ 15.23884, 38.237357 ], [ 15.209362, 38.183626 ], [ 15.170756, 38.151599 ], [ 15.087408, 38.120146 ], [ 15.044448, 38.151687 ], [ 14.968957, 38.152997 ], [ 14.91603, 38.191494 ], [ 14.890724, 38.172462 ], [ 14.791335, 38.152284 ], [ 14.747665, 38.165245 ], [ 14.631078, 38.070837 ], [ 14.526386, 38.04273 ], [ 14.423348, 38.039228 ], [ 14.29119, 38.007182 ], [ 14.14646, 38.029471 ], [ 14.062133, 38.019929 ], [ 14.024369, 38.041004 ], [ 13.745363, 37.970492 ], [ 13.567941, 38.038085 ], [ 13.537974, 38.06479 ], [ 13.536733, 38.112124 ], [ 13.508396, 38.118665 ], [ 13.451001, 38.095444 ], [ 13.385502, 38.108212 ], [ 13.363184, 38.133027 ], [ 13.375451, 38.152231 ], [ 13.36573, 38.181228 ], [ 13.315936, 38.223491 ], [ 13.190809, 38.169426 ], [ 13.105829, 38.190316 ], [ 13.053272, 38.137933 ], [ 13.073509, 38.08542 ], [ 12.907229, 38.024969 ], [ 12.878956, 38.029832 ], [ 12.811005, 38.081515 ], [ 12.769021, 38.177887 ], [ 12.73837, 38.176444 ], [ 12.732459, 38.189159 ], [ 12.716005, 38.174512 ], [ 12.736838, 38.139248 ], [ 12.711114, 38.109606 ], [ 12.661683, 38.11188 ], [ 12.645015, 38.078567 ], [ 12.561075, 38.064531 ], [ 12.499601, 38.01731 ], [ 12.519119, 38.011083 ], [ 12.459296, 37.907513 ], [ 12.485444, 37.874495 ], [ 12.463121, 37.819566 ], [ 12.425358, 37.802002 ], [ 12.470052, 37.746746 ], [ 12.471968, 37.703493 ], [ 12.499564, 37.676088 ], [ 12.610376, 37.638418 ], [ 12.673197, 37.560402 ], [ 12.764888, 37.578775 ], [ 12.918057, 37.576843 ], [ 12.961474, 37.563539 ], [ 13.019573, 37.496264 ], [ 13.076054, 37.505159 ], [ 13.171021, 37.490728 ], [ 13.254205, 37.423637 ], [ 13.273591, 37.389207 ], [ 13.403333, 37.331774 ], [ 13.449937, 37.293685 ], [ 13.550733, 37.28695 ], [ 13.639679, 37.229202 ], [ 13.663263, 37.193501 ], [ 13.751474, 37.149669 ], [ 13.817215, 37.14542 ], [ 13.904806, 37.095761 ], [ 14.072195, 37.110201 ], [ 14.254892, 37.059529 ], [ 14.38778, 36.950243 ], [ 14.444679, 36.868601 ], [ 14.459285, 36.818137 ], [ 14.494087, 36.787041 ], [ 14.629105, 36.764854 ], [ 14.688987, 36.722002 ], [ 14.783003, 36.703679 ], [ 14.861727, 36.729969 ], [ 14.894007, 36.729348 ], [ 14.955853, 36.695011 ], [ 15.017552, 36.702048 ], [ 15.082163, 36.64958 ], [ 15.116103, 36.67453 ], [ 15.131214, 36.667453 ], [ 15.139756, 36.684953 ], [ 15.095258, 36.800073 ], [ 15.153295, 36.913905 ], [ 15.210283, 36.963972 ], [ 15.260606, 36.974523 ], [ 15.276895, 37.007098 ], [ 15.336261, 37.007837 ], [ 15.314231, 37.037046 ], [ 15.276493, 37.038287 ], [ 15.272693, 37.05982 ], [ 15.297645, 37.059021 ], [ 15.296113, 37.105549 ], [ 15.236919, 37.11544 ], [ 15.185772, 37.193552 ], [ 15.189966, 37.23506 ], [ 15.254866, 37.242655 ] ], [ [ 14.960258, 38.413966 ], [ 14.960211, 38.432401 ], [ 14.937685, 38.403064 ], [ 14.983225, 38.367031 ], [ 15.006869, 38.373706 ], [ 14.99077, 38.400925 ], [ 14.960258, 38.413966 ] ], [ [ 14.956299, 38.440231 ], [ 14.958044, 38.45808 ], [ 14.955963, 38.4749 ], [ 14.979995, 38.481854 ], [ 14.963049, 38.491068 ], [ 14.958529, 38.522083 ], [ 14.90701, 38.513111 ], [ 14.899516, 38.480228 ], [ 14.944266, 38.442673 ], [ 14.956299, 38.440231 ] ], [ [ 14.797037, 38.561377 ], [ 14.82295, 38.547688 ], [ 14.870448, 38.537702 ], [ 14.871338, 38.580654 ], [ 14.807207, 38.582454 ], [ 14.797037, 38.561377 ] ], [ [ 15.239362, 38.806481 ], [ 15.189552, 38.7958 ], [ 15.196263, 38.779847 ], [ 15.222421, 38.777163 ], [ 15.239362, 38.806481 ] ], [ [ 14.199407, 40.560015 ], [ 14.19892, 40.537514 ], [ 14.223768, 40.538777 ], [ 14.265219, 40.556691 ], [ 14.199407, 40.560015 ] ], [ [ 13.86294, 40.757419 ], [ 13.852253, 40.71116 ], [ 13.874354, 40.698411 ], [ 13.95487, 40.702325 ], [ 13.964616, 40.712894 ], [ 13.943778, 40.745342 ], [ 13.86294, 40.757419 ] ], [ [ 15.726729, 43.630374 ], [ 15.714282, 43.638316 ], [ 15.663072, 43.664658 ], [ 15.603596, 43.670731 ], [ 15.685919, 43.631211 ], [ 15.726729, 43.630374 ] ], [ [ 15.264081, 43.868398 ], [ 15.222706, 43.875038 ], [ 15.304082, 43.801222 ], [ 15.398953, 43.766005 ], [ 15.349417, 43.800485 ], [ 15.254777, 43.859401 ], [ 15.264081, 43.868398 ] ], [ [ 15.328921, 43.873876 ], [ 15.308438, 43.874181 ], [ 15.28343, 43.890328 ], [ 15.253976, 43.884031 ], [ 15.370034, 43.820577 ], [ 15.328921, 43.873876 ] ], [ [ 15.363041, 43.911115 ], [ 15.397372, 43.905224 ], [ 15.454015, 43.889234 ], [ 15.374616, 43.966731 ], [ 15.254469, 44.013687 ], [ 15.363041, 43.911115 ] ], [ [ 14.889334, 44.127013 ], [ 14.990839, 44.05386 ], [ 15.102477, 43.928163 ], [ 15.157301, 43.888973 ], [ 15.199668, 43.874708 ], [ 15.154846, 43.894743 ], [ 15.136495, 43.924299 ], [ 15.223903, 43.878067 ], [ 15.2204, 43.905936 ], [ 15.051425, 44.008554 ], [ 15.001858, 44.084758 ], [ 14.949801, 44.101955 ], [ 14.858064, 44.17497 ], [ 14.878627, 44.140969 ], [ 14.820309, 44.154965 ], [ 14.889334, 44.127013 ] ], [ [ 15.07734, 44.05505 ], [ 15.156997, 44.005237 ], [ 15.074789, 44.078962 ], [ 15.07734, 44.05505 ] ], [ [ 15.189834, 44.038536 ], [ 15.218336, 44.046423 ], [ 15.239544, 44.01517 ], [ 15.25675, 44.020834 ], [ 15.18202, 44.094899 ], [ 15.062589, 44.15637 ], [ 15.0656, 44.132342 ], [ 15.189834, 44.038536 ] ], [ [ 14.94741, 44.200204 ], [ 14.979851, 44.156199 ], [ 15.034173, 44.132307 ], [ 14.94741, 44.200204 ] ], [ [ 14.841413, 44.201178 ], [ 14.816171, 44.233952 ], [ 14.892781, 44.198176 ], [ 14.909954, 44.212034 ], [ 14.865968, 44.230253 ], [ 14.789312, 44.260512 ], [ 14.828958, 44.201235 ], [ 14.841413, 44.201178 ] ], [ [ 14.765393, 44.271589 ], [ 14.798502, 44.269469 ], [ 14.756777, 44.293524 ], [ 14.758009, 44.279348 ], [ 14.73691, 44.278567 ], [ 14.768773, 44.257276 ], [ 14.765393, 44.271589 ] ], [ [ 15.018766, 44.322353 ], [ 15.046069, 44.286597 ], [ 15.134765, 44.290108 ], [ 15.070545, 44.31921 ], [ 15.018766, 44.322353 ] ], [ [ 14.72832, 44.349879 ], [ 14.70142, 44.373834 ], [ 14.70511, 44.399476 ], [ 14.664168, 44.407671 ], [ 14.661538, 44.395119 ], [ 14.706698, 44.357185 ], [ 14.72832, 44.349879 ] ], [ [ 14.775527, 44.379332 ], [ 14.745881, 44.368262 ], [ 14.794787, 44.342181 ], [ 14.820228, 44.353162 ], [ 14.795801, 44.382364 ], [ 14.807191, 44.404877 ], [ 14.785541, 44.420729 ], [ 14.762896, 44.414566 ], [ 14.775527, 44.379332 ] ], [ [ 15.111889, 44.318559 ], [ 15.178706, 44.29019 ], [ 15.132063, 44.328388 ], [ 15.224853, 44.305937 ], [ 15.21167, 44.319086 ], [ 15.235237, 44.31916 ], [ 15.170126, 44.361818 ], [ 15.257956, 44.327005 ], [ 15.246825, 44.349078 ], [ 15.046649, 44.477841 ], [ 15.050958, 44.443522 ], [ 14.915488, 44.538431 ], [ 14.9411, 44.541447 ], [ 15.076816, 44.47747 ], [ 15.05073, 44.512059 ], [ 14.986235, 44.536078 ], [ 14.909256, 44.610918 ], [ 14.872294, 44.606904 ], [ 14.880336, 44.575252 ], [ 14.736916, 44.696021 ], [ 14.788936, 44.630443 ], [ 14.880994, 44.556661 ], [ 14.872115, 44.548098 ], [ 14.920405, 44.500975 ], [ 14.900811, 44.497008 ], [ 14.907787, 44.484027 ], [ 14.992816, 44.447614 ], [ 15.04039, 44.392457 ], [ 15.081584, 44.397037 ], [ 15.113635, 44.379997 ], [ 15.089024, 44.360836 ], [ 15.111889, 44.318559 ] ], [ [ 14.441052, 44.544665 ], [ 14.518816, 44.475394 ], [ 14.54221, 44.495641 ], [ 14.441052, 44.544665 ] ], [ [ 14.279937, 44.604551 ], [ 14.252376, 44.646338 ], [ 14.264626, 44.642369 ], [ 14.262865, 44.663184 ], [ 14.28707, 44.665959 ], [ 14.278388, 44.687471 ], [ 14.238884, 44.658521 ], [ 14.246858, 44.635234 ], [ 14.231509, 44.628604 ], [ 14.279937, 44.604551 ] ], [ [ 14.724077, 44.849825 ], [ 14.722097, 44.835018 ], [ 14.68013, 44.844389 ], [ 14.724288, 44.801302 ], [ 14.658112, 44.788992 ], [ 14.70173, 44.757758 ], [ 14.742784, 44.766418 ], [ 14.788027, 44.744837 ], [ 14.837291, 44.703471 ], [ 14.865593, 44.707766 ], [ 14.788027, 44.783675 ], [ 14.743915, 44.814317 ], [ 14.759448, 44.840673 ], [ 14.724077, 44.849825 ] ], [ [ 14.397402, 44.622712 ], [ 14.398497, 44.685853 ], [ 14.490336, 44.608063 ], [ 14.538299, 44.631278 ], [ 14.51082, 44.645432 ], [ 14.474573, 44.703432 ], [ 14.465971, 44.72552 ], [ 14.478073, 44.745215 ], [ 14.451099, 44.784242 ], [ 14.468423, 44.791914 ], [ 14.447685, 44.866445 ], [ 14.464349, 44.940606 ], [ 14.484588, 44.956779 ], [ 14.476358, 44.973899 ], [ 14.426406, 44.983321 ], [ 14.360242, 45.090645 ], [ 14.367372, 45.153947 ], [ 14.311859, 45.171206 ], [ 14.274683, 45.121519 ], [ 14.277702, 45.105602 ], [ 14.30862, 45.068138 ], [ 14.353607, 45.047577 ], [ 14.352902, 45.002928 ], [ 14.415657, 44.948539 ], [ 14.385743, 44.945128 ], [ 14.396043, 44.905571 ], [ 14.361636, 44.906534 ], [ 14.315842, 44.947444 ], [ 14.30143, 44.909502 ], [ 14.339145, 44.814794 ], [ 14.364827, 44.805708 ], [ 14.374905, 44.753014 ], [ 14.395084, 44.741846 ], [ 14.391768, 44.697683 ], [ 14.339553, 44.703011 ], [ 14.353378, 44.648516 ], [ 14.389887, 44.604674 ], [ 14.371982, 44.564872 ], [ 14.393361, 44.55791 ], [ 14.410404, 44.569972 ], [ 14.438028, 44.561266 ], [ 14.397402, 44.622712 ] ], [ [ 14.836762, 44.885741 ], [ 14.812776, 44.917772 ], [ 14.769288, 44.933176 ], [ 14.767016, 44.921003 ], [ 14.836762, 44.885741 ] ], [ [ 14.802582, 44.963638 ], [ 14.818573, 44.976487 ], [ 14.746051, 45.033094 ], [ 14.735827, 45.066067 ], [ 14.675085, 45.078592 ], [ 14.659279, 45.123239 ], [ 14.678538, 45.134315 ], [ 14.672229, 45.150764 ], [ 14.599235, 45.153493 ], [ 14.608365, 45.169765 ], [ 14.629196, 45.166687 ], [ 14.584876, 45.227715 ], [ 14.594194, 45.232469 ], [ 14.555163, 45.242055 ], [ 14.548812, 45.214781 ], [ 14.530833, 45.223401 ], [ 14.543083, 45.168438 ], [ 14.522251, 45.151041 ], [ 14.526434, 45.125401 ], [ 14.475778, 45.128034 ], [ 14.471685, 45.10324 ], [ 14.43726, 45.093571 ], [ 14.431757, 45.078302 ], [ 14.489266, 45.026872 ], [ 14.524248, 45.016891 ], [ 14.578023, 45.026047 ], [ 14.61953, 45.014967 ], [ 14.608565, 45.028285 ], [ 14.626198, 45.039055 ], [ 14.616564, 44.98042 ], [ 14.709104, 44.94225 ], [ 14.753455, 44.938383 ], [ 14.754269, 44.967554 ], [ 14.802582, 44.963638 ] ], [ [ 13.718835, 54.310505 ], [ 13.766271, 54.340901 ], [ 13.676623, 54.398532 ], [ 13.61694, 54.401826 ], [ 13.570031, 54.461777 ], [ 13.577444, 54.47918 ], [ 13.667149, 54.520381 ], [ 13.678072, 54.563251 ], [ 13.634586, 54.5852 ], [ 13.423516, 54.578566 ], [ 13.377443, 54.634484 ], [ 13.427354, 54.659591 ], [ 13.438397, 54.677029 ], [ 13.427892, 54.684597 ], [ 13.249, 54.659606 ], [ 13.218842, 54.637059 ], [ 13.218842, 54.600348 ], [ 13.161363, 54.560903 ], [ 13.227508, 54.587727 ], [ 13.227663, 54.624938 ], [ 13.281242, 54.645336 ], [ 13.288153, 54.628541 ], [ 13.246147, 54.558206 ], [ 13.332629, 54.582592 ], [ 13.329077, 54.594022 ], [ 13.369058, 54.614306 ], [ 13.396108, 54.572718 ], [ 13.502391, 54.547422 ], [ 13.514202, 54.513777 ], [ 13.502707, 54.480673 ], [ 13.548617, 54.473742 ], [ 13.524646, 54.448472 ], [ 13.556456, 54.438063 ], [ 13.520929, 54.432485 ], [ 13.540557, 54.427041 ], [ 13.533845, 54.417046 ], [ 13.479251, 54.424166 ], [ 13.478475, 54.435274 ], [ 13.513147, 54.443346 ], [ 13.471567, 54.453653 ], [ 13.500012, 54.481904 ], [ 13.451965, 54.473028 ], [ 13.412388, 54.495603 ], [ 13.41362, 54.520015 ], [ 13.376549, 54.558861 ], [ 13.355496, 54.547102 ], [ 13.38764, 54.53153 ], [ 13.349594, 54.518459 ], [ 13.361476, 54.542427 ], [ 13.340612, 54.549319 ], [ 13.36727, 54.579135 ], [ 13.297569, 54.552248 ], [ 13.311769, 54.523345 ], [ 13.302574, 54.51413 ], [ 13.28741, 54.542277 ], [ 13.244229, 54.553837 ], [ 13.147032, 54.546572 ], [ 13.159411, 54.504656 ], [ 13.230618, 54.510611 ], [ 13.229087, 54.485387 ], [ 13.267956, 54.478807 ], [ 13.195972, 54.450779 ], [ 13.186389, 54.460454 ], [ 13.221121, 54.466782 ], [ 13.223777, 54.483077 ], [ 13.181983, 54.49257 ], [ 13.1269, 54.455785 ], [ 13.125755, 54.443861 ], [ 13.172866, 54.45513 ], [ 13.153787, 54.423215 ], [ 13.208759, 54.427838 ], [ 13.254838, 54.40571 ], [ 13.230202, 54.398192 ], [ 13.261484, 54.382916 ], [ 13.218842, 54.367813 ], [ 13.130615, 54.372274 ], [ 13.115346, 54.33205 ], [ 13.183937, 54.301022 ], [ 13.154363, 54.304307 ], [ 13.140616, 54.282078 ], [ 13.193768, 54.29654 ], [ 13.199538, 54.270657 ], [ 13.266957, 54.254075 ], [ 13.31972, 54.258697 ], [ 13.311129, 54.266351 ], [ 13.333933, 54.278453 ], [ 13.320795, 54.246178 ], [ 13.29348, 54.250768 ], [ 13.392582, 54.2223 ], [ 13.424876, 54.240076 ], [ 13.415467, 54.256908 ], [ 13.35346, 54.267551 ], [ 13.393441, 54.27176 ], [ 13.465546, 54.329514 ], [ 13.577444, 54.353057 ], [ 13.61529, 54.330422 ], [ 13.682454, 54.349581 ], [ 13.611383, 54.317175 ], [ 13.702583, 54.325344 ], [ 13.647344, 54.298299 ], [ 13.701626, 54.294611 ], [ 13.705518, 54.280298 ], [ 13.684366, 54.283494 ], [ 13.723576, 54.274251 ], [ 13.718835, 54.310505 ] ], [ [ 13.137849, 54.595923 ], [ 13.144756, 54.579422 ], [ 13.156195, 54.578707 ], [ 13.143748, 54.603626 ], [ 13.099647, 54.590921 ], [ 13.064235, 54.459762 ], [ 13.082502, 54.513523 ], [ 13.115798, 54.538315 ], [ 13.111453, 54.583433 ], [ 13.137849, 54.595923 ] ], [ [ 14.713279, 55.224288 ], [ 14.707869, 55.129946 ], [ 14.683709, 55.097916 ], [ 14.776058, 55.052899 ], [ 15.08266, 54.988145 ], [ 15.121287, 55.014632 ], [ 15.112162, 55.038634 ], [ 15.158043, 55.083232 ], [ 15.146512, 55.109114 ], [ 15.156508, 55.123235 ], [ 15.135811, 55.144093 ], [ 15.061958, 55.161229 ], [ 14.97038, 55.214474 ], [ 14.943645, 55.209972 ], [ 14.825604, 55.253797 ], [ 14.773637, 55.29853 ], [ 14.713279, 55.224288 ] ], [ [ 12.734994, 55.634772 ], [ 12.759149, 55.615912 ], [ 12.793805, 55.610702 ], [ 12.768298, 55.671681 ], [ 12.745338, 55.665814 ], [ 12.734994, 55.634772 ] ], [ [ 12.686922, 55.921746 ], [ 12.666179, 55.918453 ], [ 12.698189, 55.891501 ], [ 12.718361, 55.89293 ], [ 12.724605, 55.909864 ], [ 12.686922, 55.921746 ] ], [ [ 15.659043, 56.125022 ], [ 15.63758, 56.096744 ], [ 15.700791, 56.073781 ], [ 15.70686, 56.096554 ], [ 15.691308, 56.104263 ], [ 15.722224258824069, 56.113886349219513 ], [ 15.659043, 56.125022 ] ], [ [ 15.724161, 56.113545 ], [ 15.733991, 56.117549 ], [ 15.722224258824069, 56.113886349219513 ], [ 15.724161, 56.113545 ] ], [ [ 15.517444, 56.106506 ], [ 15.541154, 56.098885 ], [ 15.561216, 56.102498 ], [ 15.564276, 56.124692 ], [ 15.523408, 56.123533 ], [ 15.517444, 56.106506 ] ], [ [ 12.607412, 66.019146 ], [ 12.500004, 65.981813 ], [ 12.46272, 65.958715 ], [ 12.458241, 65.926697 ], [ 12.412833, 65.923973 ], [ 12.382084, 65.894439 ], [ 12.396579, 65.896711 ], [ 12.38819, 65.882559 ], [ 12.537061, 65.897958 ], [ 12.718509, 65.969211 ], [ 12.91871, 66.002816 ], [ 12.927328, 66.022136 ], [ 12.891654, 66.020431 ], [ 12.918723, 66.039322 ], [ 12.622332, 65.983712 ], [ 12.683027, 66.023279 ], [ 12.607412, 66.019146 ] ], [ [ 12.804853, 66.155159 ], [ 12.728139, 66.17517 ], [ 12.757269, 66.185432 ], [ 12.674599, 66.177434 ], [ 12.691849, 66.177379 ], [ 12.682441, 66.172489 ], [ 12.701648, 66.158187 ], [ 12.687689, 66.144583 ], [ 12.7017, 66.142082 ], [ 12.804853, 66.155159 ] ], [ [ 12.84773, 66.166511 ], [ 12.958819, 66.178561 ], [ 12.960151, 66.212579 ], [ 12.925367, 66.209784 ], [ 12.877899, 66.196201 ], [ 12.84773, 66.166511 ] ], [ [ 12.889881, 66.246429 ], [ 12.892834, 66.274513 ], [ 12.871343, 66.293519 ], [ 12.80477, 66.29658 ], [ 12.701371, 66.246831 ], [ 12.752681, 66.244758 ], [ 12.747973, 66.227225 ], [ 12.780018, 66.214214 ], [ 12.847367, 66.235488 ], [ 12.812479, 66.210857 ], [ 12.889881, 66.246429 ] ], [ [ 12.986933, 66.273676 ], [ 12.921225, 66.229605 ], [ 12.988041, 66.230412 ], [ 13.177213, 66.283563 ], [ 12.986933, 66.273676 ] ], [ [ 13.08873, 66.433107 ], [ 13.046446, 66.434279 ], [ 13.014417, 66.415572 ], [ 13.002507, 66.38154 ], [ 13.122315, 66.406521 ], [ 13.08873, 66.433107 ] ], [ [ 12.83439, 66.44427 ], [ 12.83161, 66.426236 ], [ 12.872901, 66.40287 ], [ 12.802256, 66.385799 ], [ 12.830677, 66.378244 ], [ 12.882798, 66.377021 ], [ 12.906729, 66.45491 ], [ 12.83439, 66.44427 ] ], [ [ 12.947715, 66.446539 ], [ 12.903735, 66.431143 ], [ 12.904806, 66.398157 ], [ 12.931363, 66.389496 ], [ 12.954387, 66.404923 ], [ 12.972264, 66.466172 ], [ 12.924663, 66.459672 ], [ 12.947715, 66.446539 ] ], [ [ 12.795172, 66.534159 ], [ 12.813488, 66.516335 ], [ 12.885355, 66.5376 ], [ 12.853093, 66.54802 ], [ 12.873892, 66.553644 ], [ 12.856834, 66.565967 ], [ 12.851657, 66.55345 ], [ 12.804298, 66.552206 ], [ 12.828314, 66.54701 ], [ 12.795172, 66.534159 ] ], [ [ 13.066222, 66.570531 ], [ 13.049462, 66.588623 ], [ 12.979454, 66.577614 ], [ 13.005202, 66.576105 ], [ 12.995457, 66.557415 ], [ 13.01405, 66.554625 ], [ 13.066222, 66.570531 ] ], [ [ 12.622549, 66.551134 ], [ 12.670049, 66.564042 ], [ 12.683894, 66.591281 ], [ 12.646512, 66.592296 ], [ 12.666663, 66.602575 ], [ 12.642817, 66.607191 ], [ 12.606839, 66.587403 ], [ 12.630761, 66.571133 ], [ 12.608629, 66.560213 ], [ 12.622549, 66.551134 ] ], [ [ 13.117886, 66.583146 ], [ 13.131635, 66.617517 ], [ 13.125913, 66.632405 ], [ 13.092505, 66.613833 ], [ 13.097146, 66.592905 ], [ 13.117886, 66.583146 ] ], [ [ 13.038886, 66.600848 ], [ 13.057682, 66.641958 ], [ 13.007221, 66.635836 ], [ 12.993131, 66.618885 ], [ 13.018186, 66.619313 ], [ 12.994969, 66.609692 ], [ 13.038886, 66.600848 ] ], [ [ 13.102866, 66.700611 ], [ 13.039453, 66.682727 ], [ 13.042807, 66.667172 ], [ 13.068378, 66.662572 ], [ 13.050951, 66.656026 ], [ 13.088267, 66.659169 ], [ 13.102866, 66.700611 ] ], [ [ 13.474264, 66.77715 ], [ 13.351405, 66.786667 ], [ 13.259686, 66.757279 ], [ 13.469405, 66.764279 ], [ 13.474264, 66.77715 ] ], [ [ 13.57215, 66.839197 ], [ 13.428265, 66.845719 ], [ 13.338556, 66.820008 ], [ 13.391066, 66.817145 ], [ 13.57215, 66.839197 ] ], [ [ 13.610903, 66.845228 ], [ 13.659115, 66.836075 ], [ 13.685858, 66.86655 ], [ 13.610903, 66.845228 ] ], [ [ 13.642487, 66.886765 ], [ 13.585382, 66.889023 ], [ 13.569908, 66.87855 ], [ 13.578558, 66.86413 ], [ 13.642487, 66.886765 ] ], [ [ 13.870427, 67.070102 ], [ 13.824401, 67.085574 ], [ 13.768566, 67.079191 ], [ 13.750018, 67.068228 ], [ 13.77458, 67.058352 ], [ 13.750435, 67.050249 ], [ 13.870427, 67.070102 ] ], [ [ 14.232983, 67.18568 ], [ 14.193278, 67.136041 ], [ 14.156261, 67.124192 ], [ 14.067965, 67.161904 ], [ 14.048072, 67.122433 ], [ 14.010939, 67.09497 ], [ 14.126058, 67.070042 ], [ 14.159707, 67.017072 ], [ 14.185546, 67.005146 ], [ 14.21992, 67.017803 ], [ 14.239804, 67.059817 ], [ 14.213529, 67.067421 ], [ 14.210418, 67.100781 ], [ 14.289253, 67.15276 ], [ 14.281098, 67.170504 ], [ 14.300899, 67.186234 ], [ 14.283115, 67.196563 ], [ 14.232983, 67.18568 ] ], [ [ 13.932431, 67.107326 ], [ 13.834451, 67.121238 ], [ 13.853865, 67.103963 ], [ 13.932431, 67.107326 ] ], [ [ 14.722868, 67.237151 ], [ 14.613348, 67.240016 ], [ 14.669439, 67.225437 ], [ 14.722868, 67.237151 ] ], [ [ 14.022137, 67.2843 ], [ 13.975577, 67.287908 ], [ 13.925508, 67.274109 ], [ 13.955734, 67.271226 ], [ 13.934293, 67.268161 ], [ 13.915367, 67.261822 ], [ 14.022137, 67.2843 ] ], [ [ 14.381976, 67.443621 ], [ 14.345714, 67.435925 ], [ 14.216168, 67.375587 ], [ 14.366363, 67.391658 ], [ 14.42027, 67.423265 ], [ 14.39049, 67.422596 ], [ 14.402187, 67.433292 ], [ 14.381976, 67.443621 ] ], [ [ 15.010661, 67.640593 ], [ 15.07063, 67.640807 ], [ 15.127356, 67.666217 ], [ 15.035766, 67.657714 ], [ 15.05238, 67.654724 ], [ 15.010661, 67.640593 ] ], [ [ 14.976864, 67.917656 ], [ 15.133446, 67.91061 ], [ 15.253336, 67.916977 ], [ 15.320573, 67.937552 ], [ 15.294037, 67.946434 ], [ 15.275047, 67.939582 ], [ 15.302415, 67.939255 ], [ 15.248118, 67.932473 ], [ 15.258855, 67.947359 ], [ 15.219334, 67.932677 ], [ 15.237763, 67.949821 ], [ 15.128679, 67.955984 ], [ 15.097621, 67.981005 ], [ 15.124734, 67.993524 ], [ 15.10659, 68.00116 ], [ 15.080482, 67.997553 ], [ 15.090287, 67.993473 ], [ 15.059304, 67.969478 ], [ 14.975549, 67.971978 ], [ 14.966892, 67.966188 ], [ 14.98347, 67.955011 ], [ 14.953236, 67.948501 ], [ 14.976864, 67.917656 ] ], [ [ 13.101814, 67.968328 ], [ 13.136505, 67.949474 ], [ 13.173421, 67.967829 ], [ 13.185467, 67.97694 ], [ 13.168952, 67.990787 ], [ 13.176174, 68.018165 ], [ 13.161386, 68.043329 ], [ 13.085606, 68.016966 ], [ 13.052275, 68.032984 ], [ 13.165727, 68.059002 ], [ 13.123268, 68.05996 ], [ 13.187139, 68.094359 ], [ 13.139803, 68.096124 ], [ 13.137729, 68.113153 ], [ 13.076321, 68.11165 ], [ 13.094845, 68.07813 ], [ 13.04848, 68.074386 ], [ 12.985706, 68.025525 ], [ 12.96119, 68.027909 ], [ 12.965226, 67.982107 ], [ 12.911421, 67.971296 ], [ 12.912084, 67.943699 ], [ 12.889881, 67.934972 ], [ 12.897443, 67.921686 ], [ 12.849338, 67.900496 ], [ 12.860472, 67.870353 ], [ 12.834925, 67.856476 ], [ 12.842328, 67.847229 ], [ 12.802484, 67.835152 ], [ 12.869867, 67.829031 ], [ 12.900828, 67.86356 ], [ 13.032661, 67.883507 ], [ 13.03214, 67.900268 ], [ 13.074178, 67.911868 ], [ 13.044146, 67.919418 ], [ 13.094309, 67.927476 ], [ 13.037161, 67.946938 ], [ 12.978387, 67.941249 ], [ 13.004006, 67.958997 ], [ 12.986545, 67.970135 ], [ 13.025071, 67.959107 ], [ 13.007149, 67.981614 ], [ 13.01437, 67.992461 ], [ 13.069884, 67.951293 ], [ 13.101814, 67.968328 ] ], [ [ 15.189475, 67.967255 ], [ 15.299439, 67.97154 ], [ 15.289291, 67.985944 ], [ 15.225037, 68.044373 ], [ 15.223285, 68.027251 ], [ 15.174464, 68.014762 ], [ 15.179848, 68.004656 ], [ 15.162047, 67.996097 ], [ 15.189475, 67.967255 ] ], [ [ 15.912341, 68.017746 ], [ 15.847129, 68.028362 ], [ 15.676813, 68.035753 ], [ 15.471678, 68.006438 ], [ 15.633269, 67.987465 ], [ 15.726496, 67.99945 ], [ 15.684882, 68.006622 ], [ 15.723372, 68.018549 ], [ 15.847129, 67.979827 ], [ 15.937735, 67.996796 ], [ 15.912341, 68.017746 ] ], [ [ 13.236938, 68.104464 ], [ 13.22432, 68.089833 ], [ 13.23571, 68.075763 ], [ 13.198242, 68.075297 ], [ 13.168624, 68.04501 ], [ 13.183086, 68.019194 ], [ 13.215828, 68.0047 ], [ 13.237946, 68.059845 ], [ 13.272452, 68.000333 ], [ 13.353675, 68.027273 ], [ 13.351326, 68.042961 ], [ 13.35866, 68.034988 ], [ 13.39046, 68.032102 ], [ 13.393116, 68.063309 ], [ 13.441322, 68.12304 ], [ 13.429616, 68.13145 ], [ 13.452072, 68.146267 ], [ 13.32153, 68.167335 ], [ 13.298293, 68.1306 ], [ 13.339897, 68.117332 ], [ 13.343633, 68.074642 ], [ 13.295138, 68.080962 ], [ 13.322251, 68.099624 ], [ 13.306796, 68.108418 ], [ 13.236938, 68.104464 ] ], [ [ 13.899636, 68.183032 ], [ 13.983982, 68.199213 ], [ 14.035442, 68.192782 ], [ 14.086466, 68.226154 ], [ 14.114142, 68.214974 ], [ 14.125318, 68.238655 ], [ 14.164989, 68.259621 ], [ 14.093226, 68.286709 ], [ 14.026638, 68.259296 ], [ 13.976535, 68.270828 ], [ 14.020566, 68.283224 ], [ 14.007902, 68.295593 ], [ 14.017125, 68.31513 ], [ 13.98797, 68.342318 ], [ 13.946963, 68.345923 ], [ 13.879687, 68.327357 ], [ 13.822529, 68.287969 ], [ 13.761718, 68.293267 ], [ 13.725019, 68.276827 ], [ 13.712849, 68.298567 ], [ 13.666017, 68.309323 ], [ 13.571333, 68.285264 ], [ 13.578116, 68.269345 ], [ 13.514238, 68.247917 ], [ 13.638852, 68.250293 ], [ 13.607766, 68.242768 ], [ 13.656998, 68.236855 ], [ 13.481348, 68.20479 ], [ 13.535338, 68.191783 ], [ 13.470208, 68.176509 ], [ 13.545711, 68.172137 ], [ 13.481036, 68.148658 ], [ 13.60032, 68.184034 ], [ 13.614437, 68.169326 ], [ 13.552166, 68.159454 ], [ 13.483665, 68.125324 ], [ 13.462483, 68.085656 ], [ 13.497416, 68.059137 ], [ 13.53222, 68.066414 ], [ 13.582377, 68.094798 ], [ 13.557799, 68.128794 ], [ 13.629477, 68.140757 ], [ 13.613913, 68.131339 ], [ 13.645714, 68.115261 ], [ 13.625842, 68.105541 ], [ 13.651434, 68.096685 ], [ 13.639077, 68.084273 ], [ 13.709994, 68.08174 ], [ 13.72751, 68.089157 ], [ 13.716598, 68.113221 ], [ 13.743008, 68.125254 ], [ 13.752828, 68.151282 ], [ 13.787232, 68.118106 ], [ 13.858733, 68.122591 ], [ 13.846938, 68.154477 ], [ 13.79044, 68.158822 ], [ 13.843629, 68.170127 ], [ 13.887151, 68.202565 ], [ 13.899636, 68.183032 ] ], [ [ 14.832998, 68.211459 ], [ 14.74184, 68.220701 ], [ 14.712407, 68.197458 ], [ 14.772849, 68.191606 ], [ 14.80017, 68.213049 ], [ 14.81804, 68.204073 ], [ 14.832998, 68.211459 ] ], [ [ 14.798032, 68.239008 ], [ 14.864979, 68.223932 ], [ 14.934733, 68.274395 ], [ 14.893247, 68.276654 ], [ 14.96328, 68.289316 ], [ 14.925144, 68.310486 ], [ 14.874998, 68.300614 ], [ 14.819842, 68.274952 ], [ 14.798032, 68.239008 ] ], [ [ 14.080964, 68.341545 ], [ 14.09983, 68.320459 ], [ 14.055814, 68.324192 ], [ 14.072036, 68.302024 ], [ 14.154644, 68.307387 ], [ 14.138624, 68.291407 ], [ 14.150442, 68.286095 ], [ 14.133864, 68.284171 ], [ 14.198729, 68.258036 ], [ 14.245812, 68.264874 ], [ 14.269294, 68.285679 ], [ 14.238834, 68.321132 ], [ 14.152547, 68.345168 ], [ 14.080964, 68.341545 ] ], [ [ 14.793857, 68.330035 ], [ 14.743517, 68.314221 ], [ 14.720135, 68.27927 ], [ 14.727406, 68.260103 ], [ 14.746561, 68.260328 ], [ 14.968029, 68.342731 ], [ 14.987263, 68.362197 ], [ 14.930547, 68.364191 ], [ 14.997444, 68.368137 ], [ 15.000895, 68.382753 ], [ 15.03379, 68.369242 ], [ 15.083346, 68.396373 ], [ 15.127576, 68.415504 ], [ 15.19196, 68.474561 ], [ 14.999974, 68.452605 ], [ 14.997076, 68.436844 ], [ 14.886157, 68.446086 ], [ 14.89101, 68.430537 ], [ 14.868836, 68.416154 ], [ 14.895726, 68.391705 ], [ 14.769955, 68.366521 ], [ 14.834485, 68.391932 ], [ 14.837919, 68.430535 ], [ 14.710002, 68.43467 ], [ 14.709044, 68.387261 ], [ 14.681127, 68.398379 ], [ 14.693865, 68.412674 ], [ 14.654678, 68.436917 ], [ 14.533818, 68.416414 ], [ 14.585653, 68.39278 ], [ 14.563909, 68.376801 ], [ 14.520041, 68.404036 ], [ 14.416268, 68.391747 ], [ 14.4093, 68.380564 ], [ 14.442418, 68.362194 ], [ 14.43227, 68.354715 ], [ 14.478965, 68.349522 ], [ 14.459943, 68.362929 ], [ 14.475658, 68.360835 ], [ 14.505499, 68.329709 ], [ 14.474611, 68.318105 ], [ 14.460854, 68.343905 ], [ 14.439023, 68.344864 ], [ 14.446141, 68.323586 ], [ 14.409972, 68.321623 ], [ 14.426056, 68.301588 ], [ 14.386665, 68.334698 ], [ 14.330819, 68.338587 ], [ 14.311145, 68.293646 ], [ 14.34971, 68.276925 ], [ 14.291726, 68.275643 ], [ 14.271481, 68.266434 ], [ 14.274059, 68.250544 ], [ 14.379238, 68.260176 ], [ 14.219016, 68.233675 ], [ 14.213484, 68.216045 ], [ 14.229245, 68.203922 ], [ 14.21811, 68.190953 ], [ 14.236851, 68.19112 ], [ 14.208346, 68.174616 ], [ 14.339517, 68.181271 ], [ 14.352066, 68.188542 ], [ 14.34259, 68.201561 ], [ 14.399739, 68.194592 ], [ 14.404925, 68.212669 ], [ 14.465172, 68.201204 ], [ 14.536942, 68.220708 ], [ 14.540344, 68.241006 ], [ 14.558351, 68.228246 ], [ 14.576648, 68.240988 ], [ 14.662221, 68.237482 ], [ 14.667392, 68.246369 ], [ 14.630251, 68.255766 ], [ 14.654134, 68.266879 ], [ 14.677621, 68.2554 ], [ 14.681775, 68.27072 ], [ 14.665192, 68.281812 ], [ 14.69178, 68.284921 ], [ 14.720872, 68.316025 ], [ 14.653336, 68.323477 ], [ 14.712527, 68.33207 ], [ 14.714074, 68.356207 ], [ 14.793857, 68.330035 ] ], [ [ 15.000364, 68.540805 ], [ 14.988936, 68.55882 ], [ 14.890404, 68.569589 ], [ 14.692645, 68.587161 ], [ 14.612968, 68.559394 ], [ 14.724384, 68.511536 ], [ 14.712056, 68.503015 ], [ 14.726211, 68.49359 ], [ 14.899581, 68.500102 ], [ 15.000364, 68.540805 ] ], [ [ 14.780299, 68.811878 ], [ 14.723368, 68.783032 ], [ 14.79855, 68.800934 ], [ 14.780299, 68.811878 ] ], [ [ 14.978491, 68.718168 ], [ 14.943278, 68.707558 ], [ 14.986482, 68.700553 ], [ 15.083233, 68.73774 ], [ 14.994409, 68.766561 ], [ 15.142182, 68.755168 ], [ 15.12882, 68.73354 ], [ 15.152575, 68.718252 ], [ 15.137306, 68.707927 ], [ 15.170701, 68.69669 ], [ 15.101911, 68.712381 ], [ 15.035766, 68.670124 ], [ 14.972666, 68.669347 ], [ 14.972952, 68.657888 ], [ 14.946974, 68.669357 ], [ 14.787622, 68.638791 ], [ 14.882023, 68.607363 ], [ 14.85352, 68.604909 ], [ 14.852462, 68.588488 ], [ 15.035766, 68.578522 ], [ 15.372864, 68.666038 ], [ 15.418059, 68.69142 ], [ 15.403937, 68.732289 ], [ 15.265063, 68.755537 ], [ 15.313202, 68.779594 ], [ 15.269473, 68.797405 ], [ 15.367573, 68.800059 ], [ 15.373436, 68.809784 ], [ 15.360569, 68.811754 ], [ 15.391132, 68.852097 ], [ 15.357938, 68.854548 ], [ 15.352057, 68.84281 ], [ 15.354267, 68.858819 ], [ 15.325759, 68.866833 ], [ 15.248979, 68.825357 ], [ 15.287726, 68.856058 ], [ 15.298881, 68.896743 ], [ 15.177829, 68.930461 ], [ 15.214815, 68.936176 ], [ 15.172921, 68.95204 ], [ 15.180922, 68.9631 ], [ 15.120047, 68.954099 ], [ 15.186438, 68.978775 ], [ 15.179862, 69.012978 ], [ 15.108572, 69.019176 ], [ 15.021056, 69.000238 ], [ 15.008534, 68.944782 ], [ 15.08797, 68.907598 ], [ 15.053761, 68.910592 ], [ 15.038621, 68.88867 ], [ 15.086766, 68.895377 ], [ 15.066079, 68.870389 ], [ 15.1434, 68.849543 ], [ 15.151795, 68.814444 ], [ 15.088885, 68.853163 ], [ 15.049844, 68.856437 ], [ 15.034851, 68.797806 ], [ 15.01897, 68.803192 ], [ 15.013, 68.843533 ], [ 14.986151, 68.862053 ], [ 14.908686, 68.852091 ], [ 14.908649, 68.838519 ], [ 14.974351, 68.81528 ], [ 14.925103, 68.799035 ], [ 14.986181, 68.777623 ], [ 14.925985, 68.780413 ], [ 14.896342, 68.738331 ], [ 14.88397, 68.768752 ], [ 14.858934, 68.764011 ], [ 14.892334, 68.784292 ], [ 14.866609, 68.792704 ], [ 14.768303, 68.779781 ], [ 14.703222, 68.749809 ], [ 14.707562, 68.762925 ], [ 14.686595, 68.765293 ], [ 14.701551, 68.832201 ], [ 14.649493, 68.833513 ], [ 14.625238, 68.803804 ], [ 14.652856, 68.782296 ], [ 14.621717, 68.779567 ], [ 14.601726, 68.75459 ], [ 14.636772, 68.734596 ], [ 14.606882, 68.726873 ], [ 14.618414, 68.735444 ], [ 14.585302, 68.746849 ], [ 14.58791, 68.797886 ], [ 14.547652, 68.815983 ], [ 14.508829, 68.785806 ], [ 14.455687, 68.780054 ], [ 14.439898, 68.759267 ], [ 14.57985, 68.736642 ], [ 14.47864, 68.731194 ], [ 14.428091, 68.71217 ], [ 14.462032, 68.696666 ], [ 14.373149, 68.685965 ], [ 14.416182, 68.678556 ], [ 14.394564, 68.672638 ], [ 14.401711, 68.664259 ], [ 14.464542, 68.684013 ], [ 14.461971, 68.665755 ], [ 14.426771, 68.645313 ], [ 14.441105, 68.631022 ], [ 14.427808, 68.621705 ], [ 14.438889, 68.608541 ], [ 14.528934, 68.603282 ], [ 14.644831, 68.634469 ], [ 14.617102, 68.65777 ], [ 14.672504, 68.658389 ], [ 14.658232, 68.672072 ], [ 14.678942, 68.685478 ], [ 14.678789, 68.709835 ], [ 14.713064, 68.697599 ], [ 14.70347, 68.687851 ], [ 14.714307, 68.673065 ], [ 14.730628, 68.679896 ], [ 14.720028, 68.665593 ], [ 14.741491, 68.656295 ], [ 14.775575, 68.663383 ], [ 14.811821, 68.719463 ], [ 14.824923, 68.707292 ], [ 14.795465, 68.682146 ], [ 14.814746, 68.666006 ], [ 14.849956, 68.679567 ], [ 14.857004, 68.697314 ], [ 14.876427, 68.680115 ], [ 14.933187, 68.692123 ], [ 14.924979, 68.70647 ], [ 14.963847619366501, 68.727673417869966 ], [ 14.978491, 68.718168 ] ], [ [ 14.846499, 68.834574 ], [ 14.792597, 68.832115 ], [ 14.788293, 68.818481 ], [ 14.819828, 68.812877 ], [ 14.813683, 68.802893 ], [ 14.848587, 68.804928 ], [ 14.846499, 68.834574 ] ], [ [ 14.738368, 68.843848 ], [ 14.768529, 68.839262 ], [ 14.736394, 68.816542 ], [ 14.776812, 68.821931 ], [ 14.767348, 68.828519 ], [ 14.788705, 68.8425 ], [ 14.779784, 68.850064 ], [ 14.738368, 68.843848 ] ], [ [ 14.848016, 68.92273 ], [ 14.864337, 68.910973 ], [ 14.837068, 68.888051 ], [ 14.891033, 68.873348 ], [ 14.998748, 68.88872 ], [ 14.975972, 68.924969 ], [ 14.89305, 68.936876 ], [ 14.848016, 68.92273 ] ], [ [ 15.221801, 68.950094 ], [ 15.271483, 68.93277 ], [ 15.297273, 68.947501 ], [ 15.270354, 68.948448 ], [ 15.295018, 68.960539 ], [ 15.221801, 68.950094 ] ], [ [ 17.841652, 42.754609 ], [ 17.831626, 42.754465 ], [ 17.863899, 42.720721 ], [ 17.914533, 42.706151 ], [ 17.90294, 42.728981 ], [ 17.841652, 42.754609 ] ], [ [ 17.751861, 42.692033 ], [ 17.742813, 42.708791 ], [ 17.651552, 42.739917 ], [ 17.602874, 42.738188 ], [ 17.415275, 42.786004 ], [ 17.367748, 42.800898 ], [ 17.330919, 42.777359 ], [ 17.751861, 42.692033 ] ], [ [ 16.871066, 42.736641 ], [ 16.904614, 42.727434 ], [ 16.941205, 42.765961 ], [ 16.856202, 42.777528 ], [ 16.798574, 42.763908 ], [ 16.810295, 42.754051 ], [ 16.822587, 42.764418 ], [ 16.82633, 42.748664 ], [ 16.813081, 42.744491 ], [ 16.843362, 42.72346 ], [ 16.871066, 42.736641 ] ], [ [ 16.664599, 42.916878 ], [ 16.674219, 42.927642 ], [ 16.867408, 42.893815 ], [ 16.973906, 42.926689 ], [ 17.13283, 42.90763 ], [ 17.199013, 42.917326 ], [ 17.160948, 42.928981 ], [ 17.13363, 42.961459 ], [ 17.042675, 42.979416 ], [ 16.850698, 42.957631 ], [ 16.784951, 42.968088 ], [ 16.693901, 42.99299 ], [ 16.630953, 42.983957 ], [ 16.713481, 42.962064 ], [ 16.639628, 42.935523 ], [ 16.664599, 42.916878 ] ], [ [ 16.252853, 43.069762 ], [ 16.18769, 43.059741 ], [ 16.197298, 43.073831 ], [ 16.14506, 43.079238 ], [ 16.050895, 43.053562 ], [ 16.091983, 43.037105 ], [ 16.070842, 43.006488 ], [ 16.111791, 43.00731 ], [ 16.212237, 43.018033 ], [ 16.250311, 43.049794 ], [ 16.252853, 43.069762 ] ], [ [ 16.657958, 43.122406 ], [ 16.937311, 43.112405 ], [ 17.193262, 43.126429 ], [ 16.875008, 43.159985 ], [ 16.721121, 43.15796 ], [ 16.696449, 43.163185 ], [ 16.682444, 43.177659 ], [ 16.696921, 43.180649 ], [ 16.660075, 43.199426 ], [ 16.667171, 43.210157 ], [ 16.64168, 43.2171 ], [ 16.581722, 43.207752 ], [ 16.570632, 43.231897 ], [ 16.522863, 43.223895 ], [ 16.555001, 43.217015 ], [ 16.589313, 43.185144 ], [ 16.567442, 43.177483 ], [ 16.490616, 43.208114 ], [ 16.372009, 43.194511 ], [ 16.448964, 43.162389 ], [ 16.657958, 43.122406 ] ], [ [ 16.5135, 43.275083 ], [ 16.633855, 43.257624 ], [ 16.852795, 43.271497 ], [ 16.898195, 43.312916 ], [ 16.843121, 43.340817 ], [ 16.796061, 43.339418 ], [ 16.818482, 43.346134 ], [ 16.798906, 43.353628 ], [ 16.742486, 43.361212 ], [ 16.734797, 43.348121 ], [ 16.734828, 43.36163 ], [ 16.608849, 43.380669 ], [ 16.433342, 43.391161 ], [ 16.446194, 43.357549 ], [ 16.463474, 43.35383 ], [ 16.409821, 43.318886 ], [ 16.5135, 43.275083 ] ], [ [ 16.395011, 43.331825 ], [ 16.323925, 43.385648 ], [ 16.278714, 43.409211 ], [ 16.201544, 43.411142 ], [ 16.211208, 43.383328 ], [ 16.395011, 43.331825 ] ], [ [ 16.146768, 43.43508 ], [ 16.175473, 43.442488 ], [ 16.136536, 43.459107 ], [ 16.142471, 43.450301 ], [ 16.109464, 43.430224 ], [ 16.146768, 43.43508 ] ], [ [ 16.8985, 56.943361 ], [ 16.881534, 56.975397 ], [ 16.938138, 57.005985 ], [ 16.933802, 57.021629 ], [ 16.909376, 57.022881 ], [ 16.910923, 57.039508 ], [ 16.950641, 57.040055 ], [ 17.037145, 57.162069 ], [ 17.070535, 57.179113 ], [ 17.079046, 57.231891 ], [ 17.055575, 57.259394 ], [ 17.070552, 57.289216 ], [ 17.14384, 57.31291 ], [ 17.122134, 57.355014 ], [ 17.100661, 57.336015 ], [ 17.082231, 57.366233 ], [ 17.060703, 57.362054 ], [ 16.960655, 57.289216 ], [ 16.95807, 57.231829 ], [ 16.903825, 57.197056 ], [ 16.919438, 57.163409 ], [ 16.895838, 57.113749 ], [ 16.733626, 56.930438 ], [ 16.71935, 56.883693 ], [ 16.632917, 56.875654 ], [ 16.516013, 56.744741 ], [ 16.459147, 56.635188 ], [ 16.430233, 56.604063 ], [ 16.397874, 56.603035 ], [ 16.413673, 56.590664 ], [ 16.370722, 56.522732 ], [ 16.378719, 56.424694 ], [ 16.406513, 56.411442 ], [ 16.392184, 56.270832 ], [ 16.409246, 56.252433 ], [ 16.400182, 56.196624 ], [ 16.478944, 56.237599 ], [ 16.567486, 56.369956 ], [ 16.567011, 56.403344 ], [ 16.638347, 56.521593 ], [ 16.638189, 56.549609 ], [ 16.698161, 56.592615 ], [ 16.701041, 56.629591 ], [ 16.773868, 56.782649 ], [ 16.862718, 56.843127 ], [ 16.859616, 56.887282 ], [ 16.8985, 56.943361 ] ], [ [ 19.014506, 57.744204 ], [ 19.034805, 57.767779 ], [ 18.989331, 57.794566 ], [ 19.018872, 57.827959 ], [ 19.068155, 57.834103 ], [ 19.095782, 57.819332 ], [ 19.085792, 57.844197 ], [ 19.030176, 57.870508 ], [ 19.01283, 57.919726 ], [ 18.855061, 57.924042 ], [ 18.833509, 57.900258 ], [ 18.843611, 57.891041 ], [ 18.791709, 57.828059 ], [ 18.764195, 57.907779 ], [ 18.725146, 57.928416 ], [ 18.626652, 57.887547 ], [ 18.604251, 57.843258 ], [ 18.460586, 57.818968 ], [ 18.330884, 57.670361 ], [ 18.272845, 57.626719 ], [ 18.171203, 57.584657 ], [ 18.107077, 57.533776 ], [ 18.127545, 57.487944 ], [ 18.118847, 57.441949 ], [ 18.141428, 57.437617 ], [ 18.187985, 57.385227 ], [ 18.171225, 57.367305 ], [ 18.180991, 57.344967 ], [ 18.16971, 57.322301 ], [ 18.103373, 57.288245 ], [ 18.093359, 57.261587 ], [ 18.147362, 57.241215 ], [ 18.151022, 57.193225 ], [ 18.166262, 57.183738 ], [ 18.149786, 57.166174 ], [ 18.167822, 57.146433 ], [ 18.218068, 57.138452 ], [ 18.21619, 57.09907 ], [ 18.194692, 57.068845 ], [ 18.235312, 57.064372 ], [ 18.298512, 57.093753 ], [ 18.28252, 57.043032 ], [ 18.203991, 57.021915 ], [ 18.198094, 56.984139 ], [ 18.129242, 56.91052 ], [ 18.194149, 56.907567 ], [ 18.308621, 56.940003 ], [ 18.359478, 56.993808 ], [ 18.395392, 56.995518 ], [ 18.341393, 57.014716 ], [ 18.351368, 57.055161 ], [ 18.34023, 57.068428 ], [ 18.378457, 57.097446 ], [ 18.449009, 57.116225 ], [ 18.392773, 57.121615 ], [ 18.400243, 57.138414 ], [ 18.569458, 57.197186 ], [ 18.546892, 57.206808 ], [ 18.574751, 57.21853 ], [ 18.669565, 57.230908 ], [ 18.684941, 57.219318 ], [ 18.700794, 57.232562 ], [ 18.669398, 57.242017 ], [ 18.709362, 57.244571 ], [ 18.715988, 57.266671 ], [ 18.668006, 57.283384 ], [ 18.666244, 57.305392 ], [ 18.754845, 57.362783 ], [ 18.863504, 57.398 ], [ 18.884981, 57.384127 ], [ 18.917925, 57.404748 ], [ 18.927827, 57.421048 ], [ 18.893007, 57.442459 ], [ 18.813133, 57.439392 ], [ 18.786274, 57.451635 ], [ 18.80104, 57.469192 ], [ 18.763025, 57.4705 ], [ 18.78236, 57.487474 ], [ 18.751592, 57.510535 ], [ 18.813544, 57.559105 ], [ 18.796983, 57.578662 ], [ 18.804355, 57.605135 ], [ 18.764936, 57.61832 ], [ 18.774752, 57.64748 ], [ 18.802931, 57.663437 ], [ 18.804283, 57.739894 ], [ 18.818495, 57.747867 ], [ 18.865839, 57.72287 ], [ 18.878794, 57.735488 ], [ 18.904705, 57.714595 ], [ 18.920321, 57.730543 ], [ 18.945005, 57.724534 ], [ 18.956093, 57.728512 ], [ 18.952269, 57.788655 ], [ 18.997594, 57.777959 ], [ 19.014506, 57.744204 ] ], [ [ 16.704176, 57.621962 ], [ 16.700217, 57.599061 ], [ 16.659959, 57.597122 ], [ 16.653385, 57.576653 ], [ 16.678469, 57.586412 ], [ 16.703054, 57.578949 ], [ 16.729482, 57.617983 ], [ 16.704176, 57.621962 ] ], [ [ 16.722636, 57.799831 ], [ 16.714179, 57.808688 ], [ 16.65441, 57.803133 ], [ 16.705722, 57.781669 ], [ 16.722636, 57.799831 ] ], [ [ 16.786499, 57.804118 ], [ 16.729966, 57.852886 ], [ 16.700861, 57.841981 ], [ 16.786499, 57.804118 ] ], [ [ 16.871789, 58.273009 ], [ 16.890242, 58.295178 ], [ 16.825274, 58.310396 ], [ 16.836343, 58.291218 ], [ 16.817383, 58.296198 ], [ 16.836343, 58.288799 ], [ 16.871789, 58.273009 ] ], [ [ 16.777565, 58.397592 ], [ 16.806525, 58.394299 ], [ 16.780795, 58.38168 ], [ 16.833, 58.322549 ], [ 16.876973, 58.316498 ], [ 16.923821, 58.336776 ], [ 16.887007, 58.326848 ], [ 16.82238, 58.361102 ], [ 16.859252, 58.370985 ], [ 16.821121, 58.381296 ], [ 16.849732, 58.380185 ], [ 16.859252, 58.400391 ], [ 16.81361, 58.396079 ], [ 16.81085, 58.417376 ], [ 16.777565, 58.397592 ] ], [ [ 16.963798, 58.48436 ], [ 16.996734, 58.494506 ], [ 16.96278, 58.505093 ], [ 16.892237, 58.528491 ], [ 16.963798, 58.48436 ] ], [ [ 17.488189, 58.715679 ], [ 17.46234, 58.735155 ], [ 17.472223, 58.731679 ], [ 17.504057, 58.754032 ], [ 17.427594, 58.754403 ], [ 17.450452, 58.740664 ], [ 17.434705, 58.731354 ], [ 17.461342, 58.720056 ], [ 17.463129, 58.701273 ], [ 17.488189, 58.715679 ] ], [ [ 17.872516, 58.831521 ], [ 17.831636, 58.855814 ], [ 17.837311, 58.879462 ], [ 17.864682, 58.891708 ], [ 17.842347, 58.898911 ], [ 17.818481, 58.878649 ], [ 17.829875, 58.849345 ], [ 17.809581, 58.845667 ], [ 17.8162, 58.815848 ], [ 17.792638, 58.799667 ], [ 17.852674, 58.795216 ], [ 17.872516, 58.831521 ] ], [ [ 18.190235, 58.914543 ], [ 18.210866, 58.905969 ], [ 18.321773, 58.930309 ], [ 18.288364, 58.934662 ], [ 18.287819, 58.946966 ], [ 18.358605, 58.966567 ], [ 18.362525, 58.980441 ], [ 18.256432, 58.959422 ], [ 18.190235, 58.914543 ] ], [ [ 18.014588, 58.930688 ], [ 18.03349, 58.944337 ], [ 18.022949, 58.955127 ], [ 18.036958, 58.97493 ], [ 17.994924, 58.947419 ], [ 18.044777, 58.998739 ], [ 17.962054, 58.950381 ], [ 17.985712, 58.959046 ], [ 17.990829, 58.93223 ], [ 18.014588, 58.930688 ] ], [ [ 17.707406, 59.010345 ], [ 17.690926, 59.046814 ], [ 17.647639, 59.069419 ], [ 17.630009, 59.023916 ], [ 17.651392, 59.01389 ], [ 17.621111, 58.973356 ], [ 17.643444, 58.95852 ], [ 17.637249, 58.925622 ], [ 17.68801, 58.904588 ], [ 17.679762, 58.920552 ], [ 17.696505, 58.930211 ], [ 17.700407, 58.966241 ], [ 17.707406, 59.010345 ] ], [ [ 18.22662, 59.023739 ], [ 18.097622, 59.021759 ], [ 18.083058, 58.994534 ], [ 18.058583, 58.987246 ], [ 18.053121, 58.959271 ], [ 18.102907, 58.980737 ], [ 18.124758, 58.965525 ], [ 18.152032, 58.972339 ], [ 18.142331, 59.008605 ], [ 18.192901, 58.993066 ], [ 18.199966, 59.014195 ], [ 18.169831, 59.010471 ], [ 18.22662, 59.023739 ] ], [ [ 18.36426, 59.011141 ], [ 18.410742, 59.012927 ], [ 18.435985, 59.052861 ], [ 18.487991, 59.088199 ], [ 18.479573, 59.119014 ], [ 18.368799, 59.078256 ], [ 18.38042, 59.066504 ], [ 18.346709, 59.052106 ], [ 18.371497, 59.042001 ], [ 18.342092, 59.029559 ], [ 18.36426, 59.011141 ] ], [ [ 18.751603, 59.207386 ], [ 18.699468, 59.212384 ], [ 18.627834, 59.167791 ], [ 18.691659, 59.181948 ], [ 18.751603, 59.207386 ] ], [ [ 18.776628, 59.253867 ], [ 18.815198, 59.290138 ], [ 18.752366, 59.292061 ], [ 18.712413, 59.255751 ], [ 18.720002, 59.246039 ], [ 18.743416, 59.260487 ], [ 18.776628, 59.253867 ] ], [ [ 18.715782, 59.368104 ], [ 18.627499, 59.371881 ], [ 18.694798, 59.329491 ], [ 18.669058, 59.297796 ], [ 18.738653, 59.319336 ], [ 18.743425, 59.343938 ], [ 18.715782, 59.368104 ] ], [ [ 18.095847, 59.382222 ], [ 18.169665, 59.338987 ], [ 18.232566, 59.351591 ], [ 18.18979, 59.367249 ], [ 18.256306, 59.363827 ], [ 18.213175, 59.379049 ], [ 18.095847, 59.382222 ] ], [ [ 18.92449, 59.407339 ], [ 18.889467, 59.394873 ], [ 18.921887, 59.384757 ], [ 18.941704, 59.356425 ], [ 18.956549, 59.373888 ], [ 18.966528, 59.382237 ], [ 18.92449, 59.407339 ] ], [ [ 18.62463, 59.391647 ], [ 18.706333, 59.398686 ], [ 18.645407, 59.403362 ], [ 18.663845, 59.410398 ], [ 18.639114, 59.413377 ], [ 18.640438, 59.424697 ], [ 18.628109, 59.413956 ], [ 18.641308, 59.397846 ], [ 18.62463, 59.391647 ] ], [ [ 18.867581, 59.440243 ], [ 18.84674, 59.40205 ], [ 18.851386, 59.384945 ], [ 18.866707, 59.388623 ], [ 18.928601, 59.439542 ], [ 18.867581, 59.440243 ] ], [ [ 18.356985, 59.427553 ], [ 18.317966, 59.444166 ], [ 18.295497, 59.413224 ], [ 18.356985, 59.427553 ] ], [ [ 18.738785, 59.456817 ], [ 18.662581, 59.455965 ], [ 18.641325, 59.44029 ], [ 18.675487, 59.445145 ], [ 18.738785, 59.456817 ] ], [ [ 18.543854, 59.431567 ], [ 18.567875, 59.435024 ], [ 18.597292, 59.41565 ], [ 18.604116, 59.430085 ], [ 18.573485, 59.453286 ], [ 18.606275, 59.461479 ], [ 18.592291, 59.486591 ], [ 18.604566, 59.494281 ], [ 18.626947, 59.49137 ], [ 18.675477, 59.522508 ], [ 18.828631, 59.550259 ], [ 18.720002, 59.537399 ], [ 18.681321, 59.532354 ], [ 18.656813, 59.552063 ], [ 18.700502, 59.558034 ], [ 18.642647, 59.559536 ], [ 18.540041, 59.501518 ], [ 18.573805, 59.494281 ], [ 18.510181, 59.483301 ], [ 18.543854, 59.431567 ] ], [ [ 18.944794, 59.664147 ], [ 18.747356, 59.569949 ], [ 18.764018, 59.571097 ], [ 18.829264, 59.585778 ], [ 18.944794, 59.664147 ] ], [ [ 18.986213, 59.626392 ], [ 18.947673, 59.653044 ], [ 18.852784, 59.585165 ], [ 18.903433, 59.584325 ], [ 18.927047506907041, 59.619112545528751 ], [ 18.986213, 59.626392 ] ], [ [ 18.817831, 59.666712 ], [ 18.874369, 59.658312 ], [ 18.903814, 59.666327 ], [ 18.889499, 59.67261 ], [ 18.828062270872998, 59.678591364528508 ], [ 18.817831, 59.666712 ] ], [ [ 18.829086, 59.67978 ], [ 18.813871, 59.679973 ], [ 18.828062270872998, 59.678591364528508 ], [ 18.829086, 59.67978 ] ], [ [ 18.778528, 60.175028 ], [ 18.791127, 60.178615 ], [ 18.785507, 60.194435 ], [ 18.727231, 60.221021 ], [ 18.707644, 60.212143 ], [ 18.735701, 60.202774 ], [ 18.715472, 60.180671 ], [ 18.727828, 60.154619 ], [ 18.811328, 60.159005 ], [ 18.805771, 60.175781 ], [ 18.79035, 60.172048 ], [ 18.778528, 60.175028 ] ], [ [ 18.59939, 60.282208 ], [ 18.660747, 60.259087 ], [ 18.67181, 60.276983 ], [ 18.59939, 60.282208 ] ], [ [ 18.403636, 60.369571 ], [ 18.497279, 60.337561 ], [ 18.477301, 60.338668 ], [ 18.532113, 60.30888 ], [ 18.594241, 60.304933 ], [ 18.555578, 60.327461 ], [ 18.590033, 60.33996 ], [ 18.546076, 60.366185 ], [ 18.517958, 60.348626 ], [ 18.504742, 60.374218 ], [ 18.482434, 60.367939 ], [ 18.489622, 60.379342 ], [ 18.453131, 60.429853 ], [ 18.481744, 60.432968 ], [ 18.435542, 60.490104 ], [ 18.409769, 60.50433 ], [ 18.368561, 60.499055 ], [ 18.395875, 60.464444 ], [ 18.38197, 60.417221 ], [ 18.403636, 60.369571 ] ], [ [ 17.361878, 61.55772 ], [ 17.370681, 61.536416 ], [ 17.388584, 61.551301 ], [ 17.392046, 61.537665 ], [ 17.42587, 61.537718 ], [ 17.467518, 61.541614 ], [ 17.361878, 61.55772 ] ], [ [ 17.695584, 62.22759 ], [ 17.68146, 62.193995 ], [ 17.707433, 62.187675 ], [ 17.736925, 62.209132 ], [ 17.74343, 62.218828 ], [ 17.720878, 62.227083 ], [ 17.695584, 62.22759 ] ], [ [ 17.414157, 62.360476 ], [ 17.531885, 62.36099 ], [ 17.517672, 62.410964 ], [ 17.474744, 62.436332 ], [ 17.497542, 62.450344 ], [ 17.443943, 62.470573 ], [ 17.368501, 62.47282 ], [ 17.402919, 62.434091 ], [ 17.414157, 62.360476 ] ], [ [ 17.928665, 62.555106 ], [ 18.031089, 62.589848 ], [ 18.053251, 62.597679 ], [ 18.040147, 62.605663 ], [ 18.056789, 62.617896 ], [ 17.954273, 62.64368 ], [ 17.930615, 62.615545 ], [ 17.936099, 62.570403 ], [ 17.951323, 62.568358 ], [ 17.928665, 62.555106 ] ], [ [ 18.103321, 62.658363 ], [ 18.064582, 62.664229 ], [ 18.076693, 62.671886 ], [ 18.00312, 62.658592 ], [ 18.074443, 62.645137 ], [ 18.089957, 62.640859 ], [ 18.103321, 62.658363 ] ], [ [ 18.103524, 62.74176 ], [ 18.049866, 62.759372 ], [ 18.026928, 62.751436 ], [ 17.996856, 62.690908 ], [ 18.025977, 62.674238 ], [ 18.084736, 62.677191 ], [ 18.127567, 62.688679 ], [ 18.110743, 62.708176 ], [ 18.144967, 62.705322 ], [ 18.13123, 62.709675 ], [ 18.157275, 62.724089 ], [ 18.148997, 62.750778 ], [ 18.103524, 62.74176 ] ], [ [ 17.983878, 62.758626 ], [ 18.012334, 62.759796 ], [ 18.028162, 62.766625 ], [ 18.002372, 62.786169 ], [ 17.944894, 62.790169 ], [ 17.983878, 62.758626 ] ], [ [ 18.676902, 63.020361 ], [ 18.673865, 63.043172 ], [ 18.706833, 63.062895 ], [ 18.684592, 63.077369 ], [ 18.641824, 63.064444 ], [ 18.612382, 63.024814 ], [ 18.633125, 63.014301 ], [ 18.659727680757491, 63.017983578646103 ], [ 18.62469, 62.996215 ], [ 18.617013, 62.974561 ], [ 18.653557, 62.98476 ], [ 18.661717246487637, 63.018258991952742 ], [ 18.676902, 63.020361 ] ], [ [ 18.488622, 63.0273 ], [ 18.508948, 63.020073 ], [ 18.543334, 63.037267 ], [ 18.540921, 63.052741 ], [ 18.564529, 63.054258 ], [ 18.530595, 63.068197 ], [ 18.505592, 63.059524 ], [ 18.488622, 63.0273 ] ], [ [ 16.174048, 68.061371 ], [ 16.266491, 68.04977 ], [ 16.308439, 68.041848 ], [ 16.329147, 68.076878 ], [ 16.264352, 68.095025 ], [ 16.174048, 68.061371 ] ], [ [ 15.835427, 68.136463 ], [ 15.81216, 68.136766 ], [ 15.832973, 68.142306 ], [ 15.816263, 68.151795 ], [ 15.844771, 68.160263 ], [ 15.747588, 68.139868 ], [ 15.826399, 68.124862 ], [ 15.817972, 68.130471 ], [ 15.835427, 68.136463 ] ], [ [ 16.097009, 68.357208 ], [ 16.042323, 68.337087 ], [ 16.17957, 68.345693 ], [ 16.097009, 68.357208 ] ], [ [ 16.131103, 68.471087 ], [ 16.121427, 68.453454 ], [ 16.245986, 68.447927 ], [ 16.14112, 68.443442 ], [ 16.077782, 68.413752 ], [ 16.14949, 68.387716 ], [ 16.264717, 68.421582 ], [ 16.413391, 68.421998 ], [ 16.463399, 68.443005 ], [ 16.426986, 68.463017 ], [ 16.514405, 68.470028 ], [ 16.466987, 68.498375 ], [ 16.435907, 68.50824 ], [ 16.457634, 68.525974 ], [ 16.386929, 68.55308 ], [ 16.231904, 68.543013 ], [ 16.22065, 68.524621 ], [ 16.149229, 68.494583 ], [ 16.15906, 68.475942 ], [ 16.131103, 68.471087 ] ], [ [ 15.610703, 68.487433 ], [ 15.526914, 68.462497 ], [ 15.493677, 68.431905 ], [ 15.376911, 68.38553 ], [ 15.333307, 68.351773 ], [ 15.468703, 68.342306 ], [ 15.50261, 68.354016 ], [ 15.512655, 68.335698 ], [ 15.587548, 68.330107 ], [ 15.573737, 68.32085 ], [ 15.584405, 68.3114 ], [ 15.628839, 68.307331 ], [ 15.66154, 68.313748 ], [ 15.637016, 68.322511 ], [ 15.64458, 68.332103 ], [ 15.71495, 68.349711 ], [ 15.720492, 68.368584 ], [ 15.662777, 68.375924 ], [ 15.752966, 68.384472 ], [ 15.738246, 68.405275 ], [ 15.772826, 68.434201 ], [ 15.783158, 68.409788 ], [ 15.834795, 68.407246 ], [ 15.83716, 68.427972 ], [ 15.782742, 68.458454 ], [ 15.855552, 68.435276 ], [ 15.880127, 68.463115 ], [ 15.87193, 68.507392 ], [ 15.89656, 68.459977 ], [ 15.865658, 68.385219 ], [ 15.905247, 68.384422 ], [ 15.994509, 68.408121 ], [ 16.01197, 68.447001 ], [ 16.076397, 68.472762 ], [ 16.101684, 68.510998 ], [ 16.125788, 68.516326 ], [ 16.103759, 68.522296 ], [ 16.114485, 68.545141 ], [ 16.090839, 68.556776 ], [ 16.15651, 68.530677 ], [ 16.240988, 68.56394 ], [ 16.508484, 68.565463 ], [ 16.52445, 68.57739 ], [ 16.503007, 68.581375 ], [ 16.49929, 68.607602 ], [ 16.56598, 68.628288 ], [ 16.593836, 68.65304 ], [ 16.581799, 68.660713 ], [ 16.604375, 68.670676 ], [ 16.540484, 68.683882 ], [ 16.596389, 68.712384 ], [ 16.593118, 68.731713 ], [ 16.541774, 68.718425 ], [ 16.578095, 68.735152 ], [ 16.560309, 68.768846 ], [ 16.593042, 68.778009 ], [ 16.602023, 68.795963 ], [ 16.541299, 68.790715 ], [ 16.544906, 68.809437 ], [ 16.591996, 68.836281 ], [ 16.495359, 68.821505 ], [ 16.486831, 68.854669 ], [ 16.408271, 68.858512 ], [ 16.25817, 68.918995 ], [ 16.250858, 68.890516 ], [ 16.307088, 68.87587 ], [ 16.343777, 68.83311 ], [ 16.201016, 68.865607 ], [ 16.087805, 68.821636 ], [ 16.127438, 68.783205 ], [ 16.271635, 68.741891 ], [ 16.063897, 68.743548 ], [ 16.04888, 68.701383 ], [ 16.025181, 68.686941 ], [ 16.081592, 68.668582 ], [ 16.087489, 68.639909 ], [ 16.050203, 68.638335 ], [ 16.062036, 68.647888 ], [ 16.050484, 68.669832 ], [ 15.99649, 68.674137 ], [ 15.887367, 68.640891 ], [ 15.904376, 68.634746 ], [ 15.807881, 68.618793 ], [ 15.827452, 68.566785 ], [ 15.744523, 68.532186 ], [ 15.723161, 68.536793 ], [ 15.751344, 68.561124 ], [ 15.802057, 68.566444 ], [ 15.789381, 68.601112 ], [ 15.765264, 68.616514 ], [ 15.774562, 68.628402 ], [ 15.891879, 68.652491 ], [ 15.883555, 68.659304 ], [ 15.925136, 68.677829 ], [ 15.991388, 68.714739 ], [ 16.008628, 68.775074 ], [ 15.998285, 68.788498 ], [ 15.957069, 68.796658 ], [ 15.927681, 68.774317 ], [ 15.775786, 68.736489 ], [ 15.8787, 68.784231 ], [ 15.908773, 68.842416 ], [ 15.95779, 68.889006 ], [ 15.917515, 68.91441 ], [ 15.904859, 68.964874 ], [ 15.756648, 68.956284 ], [ 15.724656, 68.971006 ], [ 15.622011, 68.951776 ], [ 15.63886, 68.947034 ], [ 15.605182, 68.895097 ], [ 15.626726, 68.88693 ], [ 15.576867, 68.887509 ], [ 15.552496, 68.863108 ], [ 15.682824, 68.817336 ], [ 15.55951, 68.824942 ], [ 15.534823, 68.817937 ], [ 15.536642, 68.802386 ], [ 15.473382, 68.816618 ], [ 15.461833, 68.812129 ], [ 15.483355, 68.782878 ], [ 15.463814, 68.753922 ], [ 15.519461497302999, 68.730901500073102 ], [ 15.453957, 68.72784 ], [ 15.438675, 68.708614 ], [ 15.475056, 68.675505 ], [ 15.465835, 68.66371 ], [ 15.628909, 68.617626 ], [ 15.577843, 68.612773 ], [ 15.562206, 68.634075 ], [ 15.457955, 68.630852 ], [ 15.43092, 68.624557 ], [ 15.471957, 68.604761 ], [ 15.417579, 68.620111 ], [ 15.37994, 68.597562 ], [ 15.310917, 68.588426 ], [ 15.336692, 68.566773 ], [ 15.207422, 68.573809 ], [ 15.210432, 68.557224 ], [ 15.180187, 68.533042 ], [ 15.258649845225351, 68.519671478504961 ], [ 15.218323, 68.502387 ], [ 15.227842, 68.495312 ], [ 15.306446, 68.470224 ], [ 15.399951, 68.467388 ], [ 15.214338, 68.466334 ], [ 15.195374, 68.442452 ], [ 15.11216, 68.40219 ], [ 15.12994, 68.396738 ], [ 15.090766, 68.385789 ], [ 15.062886, 68.358837 ], [ 15.076982, 68.355206 ], [ 14.981279, 68.312558 ], [ 15.025275, 68.299473 ], [ 14.984132, 68.277208 ], [ 15.01765, 68.26683 ], [ 15.095166, 68.291305 ], [ 15.047247, 68.302794 ], [ 15.11096, 68.300857 ], [ 15.155626, 68.326014 ], [ 15.183694, 68.31764 ], [ 15.250844, 68.358967 ], [ 15.18312, 68.36962 ], [ 15.254774, 68.368567 ], [ 15.36238, 68.407213 ], [ 15.370676, 68.429391 ], [ 15.393729, 68.416919 ], [ 15.453073, 68.43531 ], [ 15.570941346740293, 68.502828773204541 ], [ 15.610703, 68.487433 ] ], [ [ 16.071918, 68.790419 ], [ 16.067627, 68.772767 ], [ 16.174981, 68.748816 ], [ 16.071918, 68.790419 ] ], [ [ 17.053804, 68.842811 ], [ 17.04001, 68.864722 ], [ 17.009447, 68.858633 ], [ 16.950831, 68.823564 ], [ 16.920781, 68.777532 ], [ 16.861367, 68.770278 ], [ 16.824712, 68.728016 ], [ 17.116294, 68.748962 ], [ 17.182573, 68.774545 ], [ 17.175447, 68.792471 ], [ 17.111211, 68.802014 ], [ 17.053804, 68.842811 ] ], [ [ 15.98252, 68.853345 ], [ 15.971673, 68.831669 ], [ 16.036495, 68.862735 ], [ 15.98252, 68.853345 ] ], [ [ 17.288522, 68.858437 ], [ 17.216006, 68.87932 ], [ 17.166865, 68.919494 ], [ 17.12061, 68.927377 ], [ 17.099276, 68.907695 ], [ 17.170004, 68.850052 ], [ 17.185218, 68.80603 ], [ 17.216619, 68.795992 ], [ 17.328008, 68.814787 ], [ 17.485423, 68.876123 ], [ 17.426302, 68.890886 ], [ 17.366678, 68.922866 ], [ 17.233985, 68.930184 ], [ 17.190029, 68.912685 ], [ 17.307083, 68.859308 ], [ 17.288522, 68.858437 ] ], [ [ 16.341526, 68.941127 ], [ 16.371653, 68.914204 ], [ 16.470239, 68.882546 ], [ 16.566153, 68.875729 ], [ 16.64027, 68.896782 ], [ 16.614888, 68.906521 ], [ 16.644052, 68.933135 ], [ 16.610735, 68.94378 ], [ 16.611082, 68.963388 ], [ 16.573366, 68.967462 ], [ 16.566353, 68.944243 ], [ 16.48736, 68.960123 ], [ 16.302204, 68.992799 ], [ 16.252759, 68.958334 ], [ 16.341526, 68.941127 ] ], [ [ 16.700545, 68.972428 ], [ 16.649881, 68.95768 ], [ 16.676198, 68.929267 ], [ 16.762278, 68.95778 ], [ 16.700545, 68.972428 ] ], [ [ 16.477526, 69.016312 ], [ 16.440269, 68.99294 ], [ 16.562055, 68.979307 ], [ 16.58092, 68.991216 ], [ 16.53213, 69.003681 ], [ 16.544595, 69.019349 ], [ 16.477526, 69.016312 ] ], [ [ 17.471007, 69.034337 ], [ 17.525537, 69.04426 ], [ 17.552809, 69.066013 ], [ 17.547516, 69.080623 ], [ 17.584384, 69.091122 ], [ 17.411528, 69.078419 ], [ 17.352936, 69.031947 ], [ 17.361635, 69.011783 ], [ 17.343583, 68.998807 ], [ 17.374062, 68.986469 ], [ 17.413011, 68.99457 ], [ 17.471007, 69.034337 ] ], [ [ 15.626405, 68.994258 ], [ 15.637297, 68.983292 ], [ 15.619692, 68.974709 ], [ 15.63386, 68.966475 ], [ 15.645986, 68.983137 ], [ 15.871869, 69.027091 ], [ 15.856434, 69.036564 ], [ 15.894299, 69.053432 ], [ 15.899038, 69.073041 ], [ 16.096283, 69.161842 ], [ 16.085902, 69.1871 ], [ 16.109398, 69.223635 ], [ 16.122294, 69.244393 ], [ 16.172983, 69.261137 ], [ 16.176175, 69.278295 ], [ 16.119849, 69.323654 ], [ 15.853662, 69.253046 ], [ 15.845506, 69.238732 ], [ 15.866918, 69.2327 ], [ 15.846056, 69.223039 ], [ 15.858481, 69.20425 ], [ 15.81826, 69.19118 ], [ 15.809736, 69.162291 ], [ 15.613146, 69.124524 ], [ 15.567464, 69.104547 ], [ 15.552916, 69.087558 ], [ 15.561853, 69.079642 ], [ 15.508941, 69.045449 ], [ 15.505537, 69.027515 ], [ 15.459926, 69.017919 ], [ 15.463092, 69.001868 ], [ 15.426858, 68.976931 ], [ 15.442548, 68.926815 ], [ 15.416706, 68.899775 ], [ 15.48252, 68.871597 ], [ 15.570987, 68.92403 ], [ 15.599348, 68.983146 ], [ 15.54042, 69.005405 ], [ 15.626405, 68.994258 ] ], [ [ 17.841642, 69.459769 ], [ 17.854823, 69.469073 ], [ 17.848758, 69.487249 ], [ 17.917787, 69.519969 ], [ 17.91925, 69.548912 ], [ 17.889193, 69.573809 ], [ 17.81672, 69.570775 ], [ 17.786256, 69.53339 ], [ 17.690546, 69.595525 ], [ 17.630071, 69.596819 ], [ 17.69094, 69.522081 ], [ 17.711536, 69.515192 ], [ 17.660428, 69.513687 ], [ 17.681356, 69.486438 ], [ 17.659965, 69.4876 ], [ 17.583332, 69.565576 ], [ 17.482523, 69.600852 ], [ 17.487025, 69.583225 ], [ 17.46528, 69.573019 ], [ 17.501145, 69.540719 ], [ 17.678262, 69.468136 ], [ 17.584051, 69.461843 ], [ 17.525484, 69.498222 ], [ 17.485827, 69.489206 ], [ 17.477334, 69.515178 ], [ 17.313269, 69.540729 ], [ 17.402268, 69.485587 ], [ 17.333758, 69.489042 ], [ 17.329015, 69.475335 ], [ 17.348426, 69.460319 ], [ 17.334392, 69.456332 ], [ 17.233651, 69.501724 ], [ 17.199013, 69.497392 ], [ 17.228372, 69.464715 ], [ 17.278517, 69.447456 ], [ 17.449033, 69.441294 ], [ 17.494437, 69.425354 ], [ 17.298143, 69.422998 ], [ 17.336819, 69.404058 ], [ 17.297976, 69.403218 ], [ 17.406305, 69.385781 ], [ 17.396894, 69.363334 ], [ 17.26412, 69.412706 ], [ 17.212841, 69.416424 ], [ 17.144605, 69.41366 ], [ 17.107123, 69.38366 ], [ 17.060621, 69.401718 ], [ 16.990956, 69.393044 ], [ 16.942753, 69.40481 ], [ 16.919882, 69.375775 ], [ 16.86674, 69.375767 ], [ 16.887884, 69.363938 ], [ 17.034998, 69.371051 ], [ 17.186124, 69.351377 ], [ 17.02281, 69.35658 ], [ 17.061612, 69.338681 ], [ 17.151325, 69.340645 ], [ 17.096749, 69.321556 ], [ 17.149779, 69.309508 ], [ 17.138372, 69.306785 ], [ 17.037847, 69.330874 ], [ 16.898328, 69.312851 ], [ 16.929982, 69.297336 ], [ 17.018579, 69.305748 ], [ 16.950731, 69.284485 ], [ 17.07109, 69.278623 ], [ 17.012812, 69.27345 ], [ 17.052795, 69.261006 ], [ 17.183049, 69.28692 ], [ 17.10311, 69.260675 ], [ 17.112187, 69.243273 ], [ 17.151804, 69.249692 ], [ 17.127894, 69.228893 ], [ 17.002478, 69.244382 ], [ 16.908591, 69.235793 ], [ 16.879361, 69.22394 ], [ 16.941556, 69.21019 ], [ 16.888464, 69.200685 ], [ 17.076381, 69.181219 ], [ 17.209843, 69.196095 ], [ 17.064596, 69.169854 ], [ 17.059117, 69.153689 ], [ 17.082137, 69.142661 ], [ 16.993017, 69.149471 ], [ 16.905652, 69.132235 ], [ 16.913611, 69.107049 ], [ 16.815066, 69.121978 ], [ 16.784596, 69.098886 ], [ 16.783401, 69.080569 ], [ 16.814862, 69.065951 ], [ 16.786799, 69.057106 ], [ 17.156508, 69.083441 ], [ 17.039923, 69.050548 ], [ 17.104349, 69.041883 ], [ 17.033558, 69.036329 ], [ 17.053992, 69.027956 ], [ 17.040593, 69.014987 ], [ 17.054039, 69.007279 ], [ 17.158101, 69.014725 ], [ 17.22866, 69.030167 ], [ 17.216059, 69.050758 ], [ 17.171045, 69.049092 ], [ 17.202078, 69.075327 ], [ 17.180994, 69.083708 ], [ 17.3863, 69.150515 ], [ 17.468844, 69.201881 ], [ 17.540003, 69.19473 ], [ 17.493815, 69.179485 ], [ 17.530292, 69.172992 ], [ 17.486017, 69.14796 ], [ 17.601405, 69.160695 ], [ 17.620565, 69.147683 ], [ 17.726523, 69.16892 ], [ 17.841983, 69.159604 ], [ 18.008164, 69.192435 ], [ 17.935564, 69.195672 ], [ 17.921196, 69.215337 ], [ 17.852689, 69.22831 ], [ 17.963119, 69.250812 ], [ 17.941608, 69.273534 ], [ 17.891965, 69.272885 ], [ 17.920662, 69.290834 ], [ 17.877363, 69.31679 ], [ 18.091164, 69.361761 ], [ 18.060124, 69.364889 ], [ 18.062461, 69.390225 ], [ 18.039538, 69.396126 ], [ 18.078291, 69.426023 ], [ 18.0674, 69.436704 ], [ 18.021398, 69.442477 ], [ 17.99622, 69.404895 ], [ 17.939243, 69.423226 ], [ 17.992601, 69.443214 ], [ 18.016988, 69.463001 ], [ 18.010681, 69.472652 ], [ 18.064139, 69.489809 ], [ 17.948203, 69.517431 ], [ 17.887745, 69.483241 ], [ 17.884918, 69.4523 ], [ 17.849208, 69.447538 ], [ 17.818341, 69.458807 ], [ 17.841642, 69.459769 ] ], [ [ 18.169847, 69.669304 ], [ 18.080571, 69.678467 ], [ 18.143979, 69.666096 ], [ 18.064374, 69.649027 ], [ 18.119695, 69.646507 ], [ 18.16859, 69.656074 ], [ 18.169847, 69.669304 ] ], [ [ 18.913856, 69.670382 ], [ 18.897216, 69.645464 ], [ 18.915429, 69.627981 ], [ 18.961823, 69.651054 ], [ 19.021046, 69.696884 ], [ 19.013832, 69.713709 ], [ 18.896298, 69.679188 ], [ 18.913856, 69.670382 ] ], [ [ 18.805301, 69.633457 ], [ 18.728036, 69.631843 ], [ 18.756708, 69.664179 ], [ 18.747984, 69.675369 ], [ 18.924987, 69.702671 ], [ 18.952256, 69.714523 ], [ 18.947459, 69.729305 ], [ 19.001978, 69.736023 ], [ 19.05346, 69.773217 ], [ 18.975185, 69.827042 ], [ 18.921635, 69.823108 ], [ 18.86643, 69.842547 ], [ 18.799272, 69.841127 ], [ 18.824705, 69.862024 ], [ 18.788499, 69.881928 ], [ 18.738771, 69.878203 ], [ 18.751331, 69.864237 ], [ 18.73981, 69.859828 ], [ 18.692107, 69.882274 ], [ 18.645219, 69.861885 ], [ 18.679397, 69.836131 ], [ 18.665482, 69.826731 ], [ 18.775134, 69.799431 ], [ 18.773836, 69.786369 ], [ 18.73372, 69.785671 ], [ 18.758518, 69.779029 ], [ 18.723696, 69.772313 ], [ 18.702765, 69.717241 ], [ 18.680703, 69.702361 ], [ 18.742278, 69.688099 ], [ 18.729959, 69.683382 ], [ 18.64455, 69.695512 ], [ 18.652105, 69.717955 ], [ 18.617595, 69.757188 ], [ 18.644306, 69.762262 ], [ 18.640796, 69.802925 ], [ 18.535009, 69.792055 ], [ 18.487413, 69.740185 ], [ 18.471702, 69.778781 ], [ 18.403322, 69.774538 ], [ 18.376505, 69.792399 ], [ 18.303528, 69.770455 ], [ 18.325887, 69.714639 ], [ 18.617429, 69.696466 ], [ 18.341201, 69.68852 ], [ 18.190633, 69.707867 ], [ 18.183654, 69.698815 ], [ 18.218592, 69.662049 ], [ 18.278492, 69.623966 ], [ 18.39558, 69.632131 ], [ 18.288376, 69.595362 ], [ 18.224664, 69.627079 ], [ 18.06076, 69.62043 ], [ 18.019533, 69.603413 ], [ 18.030705, 69.59563 ], [ 18.009617, 69.56785 ], [ 18.104221, 69.555294 ], [ 18.205475, 69.520302 ], [ 18.569358, 69.551063 ], [ 18.629284, 69.574079 ], [ 18.685882, 69.559493 ], [ 18.768397, 69.566901 ], [ 18.808852, 69.600099 ], [ 18.836399, 69.603322 ], [ 18.805301, 69.633457 ] ], [ [ 18.222271, 69.763212 ], [ 18.159217, 69.748359 ], [ 18.245233, 69.725314 ], [ 18.222271, 69.763212 ] ], [ [ 18.590964, 69.851068 ], [ 18.501105, 69.862777 ], [ 18.433356, 69.833502 ], [ 18.475749, 69.820202 ], [ 18.592596, 69.834003 ], [ 18.575238, 69.841564 ], [ 18.590964, 69.851068 ] ], [ [ 18.528265, 70.052594 ], [ 18.5156, 70.036244 ], [ 18.547067, 70.021775 ], [ 18.576596, 70.038064 ], [ 18.528265, 70.052594 ] ], [ [ 18.715575, 70.077202 ], [ 18.673237, 70.070599 ], [ 18.65117, 70.03806 ], [ 18.714338, 70.029771 ], [ 18.660309, 70.007401 ], [ 18.710805, 69.985054 ], [ 18.765872, 70.02692 ], [ 18.925259, 70.047875 ], [ 18.982585, 70.07889 ], [ 18.912505, 70.090956 ], [ 18.907212, 70.112775 ], [ 18.797996, 70.056001 ], [ 18.784262, 70.105824 ], [ 18.710597, 70.118551 ], [ 18.698297, 70.109934 ], [ 18.715575, 70.077202 ] ], [ [ 18.846788, 70.131353 ], [ 18.79565, 70.13365 ], [ 18.821067, 70.08009 ], [ 18.854911, 70.107175 ], [ 18.846788, 70.131353 ] ], [ [ 18.898265, 70.189428 ], [ 18.833709, 70.192174 ], [ 18.779796, 70.165339 ], [ 18.777253, 70.147446 ], [ 18.88186, 70.142814 ], [ 18.889865, 70.171903 ], [ 18.898265, 70.189428 ] ], [ [ 20.620491, 37.820165 ], [ 20.676599, 37.788921 ], [ 20.694695, 37.742169 ], [ 20.834029, 37.645516 ], [ 20.856522, 37.655638 ], [ 20.837159, 37.684698 ], [ 20.870027, 37.725534 ], [ 20.919686, 37.735621 ], [ 20.99076, 37.702852 ], [ 20.988547, 37.728732 ], [ 20.899641, 37.777047 ], [ 20.902432, 37.804708 ], [ 20.750069, 37.853207 ], [ 20.701303, 37.932411 ], [ 20.64762, 37.901625 ], [ 20.62255, 37.858747 ], [ 20.620491, 37.820165 ] ], [ [ 20.784887, 38.059505 ], [ 20.810364, 38.117996 ], [ 20.711558, 38.225037 ], [ 20.698197, 38.260167 ], [ 20.673565, 38.262432 ], [ 20.677685, 38.28043 ], [ 20.650292, 38.254369 ], [ 20.626376, 38.259204 ], [ 20.598828, 38.301662 ], [ 20.628104, 38.326012 ], [ 20.595903, 38.411988 ], [ 20.581996, 38.464438 ], [ 20.541521, 38.473375 ], [ 20.548766, 38.385561 ], [ 20.533868, 38.341254 ], [ 20.47783, 38.309834 ], [ 20.446393, 38.32801 ], [ 20.440535, 38.356931 ], [ 20.410177, 38.33667 ], [ 20.400831, 38.356897 ], [ 20.388285, 38.277536 ], [ 20.358648, 38.260407 ], [ 20.33989, 38.178808 ], [ 20.385093, 38.148791 ], [ 20.439785, 38.162403 ], [ 20.439157, 38.225037 ], [ 20.421612, 38.267681 ], [ 20.437906, 38.281554 ], [ 20.509474, 38.169052 ], [ 20.469023, 38.191523 ], [ 20.489286, 38.120529 ], [ 20.513221, 38.104216 ], [ 20.564449, 38.090911 ], [ 20.618762, 38.117051 ], [ 20.703332, 38.069442 ], [ 20.784887, 38.059505 ] ], [ [ 20.648329, 38.471414 ], [ 20.616338, 38.473446 ], [ 20.695499, 38.316127 ], [ 20.721481, 38.301964 ], [ 20.766955, 38.319468 ], [ 20.740339, 38.342123 ], [ 20.749617, 38.369164 ], [ 20.736644, 38.384689 ], [ 20.704828, 38.384668 ], [ 20.716503, 38.367699 ], [ 20.676109, 38.368023 ], [ 20.69784, 38.414874 ], [ 20.707134, 38.437129 ], [ 20.692284, 38.458863 ], [ 20.667218, 38.460638 ], [ 20.676196, 38.489301 ], [ 20.661227, 38.500167 ], [ 20.648329, 38.471414 ] ], [ [ 20.871, 38.578864 ], [ 20.886345, 38.597412 ], [ 20.959231, 38.649743 ], [ 20.903152, 38.646288 ], [ 20.86846, 38.598719 ], [ 20.871, 38.578864 ] ], [ [ 20.758359, 38.637266 ], [ 20.805998, 38.664496 ], [ 20.741697, 38.66703 ], [ 20.735372, 38.641502 ], [ 20.804483, 38.59178 ], [ 20.758359, 38.637266 ] ], [ [ 20.54678, 38.567331 ], [ 20.594752, 38.630613 ], [ 20.642597, 38.580173 ], [ 20.653206, 38.608179 ], [ 20.697929, 38.619181 ], [ 20.696196, 38.637709 ], [ 20.720541, 38.626381 ], [ 20.711376, 38.671172 ], [ 20.723362, 38.694712 ], [ 20.707425, 38.698292 ], [ 20.732124, 38.732416 ], [ 20.71888, 38.762738 ], [ 20.726518, 38.805169 ], [ 20.709542, 38.835811 ], [ 20.648481, 38.833125 ], [ 20.599734, 38.78055 ], [ 20.556561, 38.680058 ], [ 20.54678, 38.567331 ] ], [ [ 20.189472, 39.196543 ], [ 20.197347, 39.205 ], [ 20.12662, 39.238153 ], [ 20.163497, 39.184598 ], [ 20.214661, 39.179857 ], [ 20.189472, 39.196543 ] ], [ [ 20.017417, 39.434789 ], [ 19.997442, 39.458195 ], [ 19.939232, 39.473222 ], [ 19.9024, 39.6 ], [ 19.923819, 39.594847 ], [ 19.929447, 39.624079 ], [ 19.845938, 39.65652 ], [ 19.857584, 39.666378 ], [ 19.842675, 39.67792 ], [ 19.844056, 39.703861 ], [ 19.937973, 39.744299 ], [ 19.954049, 39.76966 ], [ 19.945943, 39.785203 ], [ 19.850017, 39.820702 ], [ 19.796088, 39.791539 ], [ 19.672355, 39.79481 ], [ 19.635057, 39.75207 ], [ 19.656504, 39.717952 ], [ 19.680927, 39.713866 ], [ 19.674852, 39.682043 ], [ 19.725359, 39.672982 ], [ 19.743018, 39.62534 ], [ 19.830141, 39.57305 ], [ 19.871326, 39.455885 ], [ 20.114003, 39.362619 ], [ 20.12151, 39.380136 ], [ 20.071371, 39.45776 ], [ 20.017417, 39.434789 ] ], [ [ 19.432976, 39.863238 ], [ 19.373776, 39.858278 ], [ 19.38719, 39.836468 ], [ 19.415542, 39.849619 ], [ 19.432976, 39.863238 ] ], [ [ 21.100445, 55.549204 ], [ 21.045136, 55.40092 ], [ 20.958825, 55.280502 ], [ 20.981821, 55.279025 ], [ 21.055871, 55.330265 ], [ 21.0556, 55.364872 ], [ 21.10923, 55.421153 ], [ 21.091294, 55.439355 ], [ 21.11747, 55.48776 ], [ 21.134446, 55.67382 ], [ 21.102258, 55.71403 ], [ 21.100445, 55.549204 ] ], [ [ 19.047918, 57.924726 ], [ 19.03619, 57.90632 ], [ 19.077693, 57.890271 ], [ 19.079163, 57.868577 ], [ 19.122572, 57.842168 ], [ 19.168864, 57.887514 ], [ 19.137502, 57.911898 ], [ 19.146665, 57.923248 ], [ 19.350022, 57.960664 ], [ 19.308984, 57.985274 ], [ 19.242074, 57.974733 ], [ 19.220995, 57.985776 ], [ 19.237752, 57.997837 ], [ 19.205728, 57.982962 ], [ 19.18228, 57.980802 ], [ 19.185482, 57.998276 ], [ 19.111656, 57.981075 ], [ 19.075602, 57.957544 ], [ 19.096425, 57.950776 ], [ 19.085693, 57.934431 ], [ 19.047918, 57.924726 ] ], [ [ 19.285583, 58.338962 ], [ 19.318507, 58.361956 ], [ 19.286681, 58.383441 ], [ 19.17366, 58.394994 ], [ 19.215607, 58.338612 ], [ 19.285583, 58.338962 ] ], [ [ 21.002959, 59.951037 ], [ 20.969935, 59.964888 ], [ 20.92276, 59.96064 ], [ 20.91384, 59.947939 ], [ 20.929806, 59.933837 ], [ 20.915438, 59.928237 ], [ 20.882067, 59.948572 ], [ 20.856517, 59.927258 ], [ 20.921134, 59.903415 ], [ 20.911497, 59.918262 ], [ 20.992766, 59.921835 ], [ 20.987622, 59.937309 ], [ 20.961485, 59.944112 ], [ 21.002959, 59.951037 ] ], [ [ 20.378946, 59.9793 ], [ 20.417712, 59.994759 ], [ 20.447115, 59.988338 ], [ 20.454257, 60.00185 ], [ 20.351986, 60.020329 ], [ 20.282762, 59.971855 ], [ 20.361437, 59.998908 ], [ 20.378946, 59.9793 ] ], [ [ 20.590368, 60.016148 ], [ 20.624157, 60.0452 ], [ 20.550048, 60.060245 ], [ 20.495748, 60.018574 ], [ 20.516432, 60.005587 ], [ 20.590368, 60.016148 ] ], [ [ 19.980067, 60.074252 ], [ 20.044246, 60.041616 ], [ 20.087933, 60.046418 ], [ 20.115856, 60.022563 ], [ 20.116807, 60.000197 ], [ 20.146716, 59.995713 ], [ 20.177691, 60.013051 ], [ 20.180633, 59.971057 ], [ 20.23255, 60.008527 ], [ 20.20792, 60.026114 ], [ 20.212295, 60.046418 ], [ 20.213588, 60.08614 ], [ 20.087719, 60.107813 ], [ 20.059501, 60.076952 ], [ 20.014971, 60.09393 ], [ 19.980067, 60.074252 ] ], [ [ 20.478478, 60.061319 ], [ 20.459915, 60.053214 ], [ 20.470019, 60.066783 ], [ 20.447679, 60.068515 ], [ 20.375769, 60.023879 ], [ 20.440633, 60.022694 ], [ 20.458256, 60.045554 ], [ 20.47177, 60.031133 ], [ 20.45376, 60.023087 ], [ 20.470695, 60.01413 ], [ 20.534204, 60.062412 ], [ 20.478478, 60.061319 ] ], [ [ 20.236168, 60.136062 ], [ 20.211177, 60.140653 ], [ 20.220509, 60.117881 ], [ 20.203365, 60.095764 ], [ 20.248276, 60.078488 ], [ 20.244744, 60.068379 ], [ 20.277778, 60.072785 ], [ 20.273116, 60.106143 ], [ 20.300299, 60.114213 ], [ 20.289106, 60.120754 ], [ 20.295063, 60.147745 ], [ 20.269866, 60.160595 ], [ 20.255111, 60.163663 ], [ 20.257905, 60.122217 ], [ 20.235926, 60.167765 ], [ 20.223297, 60.148875 ], [ 20.236168, 60.136062 ] ], [ [ 20.67105, 60.143488 ], [ 20.657422, 60.153767 ], [ 20.633018, 60.141563 ], [ 20.682983, 60.110056 ], [ 20.689975, 60.125664 ], [ 20.67105, 60.143488 ] ], [ [ 21.605909, 60.112438 ], [ 21.663653, 60.118477 ], [ 21.64468, 60.146458 ], [ 21.687284, 60.155848 ], [ 21.689059, 60.174842 ], [ 21.567943, 60.181915 ], [ 21.50747, 60.148577 ], [ 21.526886, 60.143118 ], [ 21.500843, 60.1284 ], [ 21.514771, 60.114276 ], [ 21.463542, 60.109879 ], [ 21.605909, 60.112438 ] ], [ [ 21.426212, 60.182253 ], [ 21.46714, 60.207312 ], [ 21.367822, 60.212282 ], [ 21.394085, 60.224313 ], [ 21.252353, 60.223384 ], [ 21.261581, 60.205142 ], [ 21.339858, 60.20474 ], [ 21.322527, 60.192369 ], [ 21.368599, 60.178702 ], [ 21.426212, 60.182253 ] ], [ [ 20.319494, 60.224868 ], [ 20.300939, 60.225731 ], [ 20.250505, 60.181344 ], [ 20.277586, 60.183632 ], [ 20.285847, 60.200912 ], [ 20.314583, 60.20123 ], [ 20.319494, 60.224868 ] ], [ [ 20.716818, 60.20076 ], [ 20.676966, 60.235937 ], [ 20.658695, 60.207356 ], [ 20.6954, 60.194703 ], [ 20.716818, 60.20076 ] ], [ [ 19.533482, 60.23261 ], [ 19.539975, 60.216987 ], [ 19.519312, 60.206958 ], [ 19.518545, 60.176857 ], [ 19.543971, 60.150522 ], [ 19.617804, 60.15821 ], [ 19.594996, 60.165943 ], [ 19.591504, 60.208364 ], [ 19.635564, 60.174226 ], [ 19.649166, 60.182576 ], [ 19.653491, 60.167786 ], [ 19.676081, 60.196849 ], [ 19.68016, 60.223685 ], [ 19.647299, 60.237269 ], [ 19.648184, 60.258577 ], [ 19.604182, 60.301319 ], [ 19.583397, 60.274194 ], [ 19.530603, 60.250123 ], [ 19.485455, 60.266951 ], [ 19.4765, 60.248331 ], [ 19.533482, 60.23261 ] ], [ [ 21.439464, 60.213625 ], [ 21.464886, 60.216088 ], [ 21.464416, 60.235859 ], [ 21.430225, 60.241866 ], [ 21.402192, 60.214458 ], [ 21.439464, 60.213625 ] ], [ [ 20.151331, 60.349603 ], [ 20.155735, 60.332317 ], [ 20.101916, 60.349501 ], [ 20.120333, 60.36447 ], [ 20.107749, 60.370306 ], [ 20.022167, 60.37419 ], [ 20.020606, 60.359801 ], [ 19.953527, 60.374034 ], [ 19.933726, 60.353541 ], [ 19.931504, 60.375326 ], [ 19.95732, 60.389083 ], [ 19.954046, 60.400733 ], [ 19.937097, 60.387215 ], [ 19.929307, 60.41162 ], [ 19.880684, 60.425937 ], [ 19.763404, 60.404153 ], [ 19.809289, 60.379387 ], [ 19.779485, 60.365095 ], [ 19.793379, 60.332459 ], [ 19.824266, 60.335959 ], [ 19.8055, 60.363605 ], [ 19.847035, 60.324352 ], [ 19.872495, 60.328921 ], [ 19.897561, 60.357261 ], [ 19.892824, 60.339213 ], [ 19.9086, 60.326861 ], [ 19.891973, 60.305247 ], [ 19.872953, 60.323157 ], [ 19.847736, 60.315451 ], [ 19.89467, 60.282527 ], [ 19.864387, 60.26437 ], [ 19.857888, 60.242387 ], [ 19.828459, 60.24516 ], [ 19.827631, 60.268045 ], [ 19.811969, 60.261929 ], [ 19.805586, 60.234085 ], [ 19.828704, 60.228936 ], [ 19.815326, 60.200515 ], [ 19.768155, 60.264139 ], [ 19.806125, 60.31768 ], [ 19.750776, 60.335334 ], [ 19.746127, 60.310399 ], [ 19.766168, 60.299128 ], [ 19.747475, 60.284802 ], [ 19.679284, 60.286775 ], [ 19.654241, 60.302572 ], [ 19.633605, 60.286261 ], [ 19.655226, 60.286507 ], [ 19.661567, 60.245962 ], [ 19.690584, 60.22409 ], [ 19.703266, 60.165754 ], [ 19.751567, 60.094662 ], [ 19.805812, 60.110054 ], [ 19.816857, 60.092165 ], [ 19.868202, 60.090951 ], [ 19.86378, 60.108037 ], [ 19.907294, 60.118849 ], [ 19.880265, 60.098066 ], [ 19.909706, 60.080172 ], [ 19.92323, 60.085225 ], [ 19.921536, 60.118505 ], [ 19.950443, 60.069299 ], [ 19.93584, 60.058115 ], [ 19.962026, 60.066982 ], [ 19.945335, 60.108215 ], [ 19.957798, 60.115116 ], [ 19.985259, 60.094311 ], [ 19.992507, 60.107193 ], [ 20.042701, 60.106256 ], [ 20.047917, 60.120313 ], [ 20.019775, 60.137883 ], [ 20.042293, 60.188472 ], [ 20.011087, 60.185508 ], [ 20.007926, 60.167919 ], [ 19.927366, 60.210364 ], [ 19.966589, 60.233294 ], [ 19.934396, 60.210654 ], [ 20.002111, 60.18365 ], [ 20.019007, 60.232906 ], [ 19.967408, 60.285456 ], [ 19.979295, 60.300173 ], [ 19.973273, 60.284431 ], [ 20.01428, 60.256555 ], [ 20.038884, 60.316894 ], [ 20.054359, 60.302268 ], [ 20.016398, 60.243655 ], [ 20.034189, 60.239494 ], [ 20.047501, 60.201042 ], [ 20.079877, 60.225934 ], [ 20.067348, 60.200253 ], [ 20.081285, 60.187631 ], [ 20.119314, 60.196333 ], [ 20.168413, 60.176722 ], [ 20.195659, 60.20238 ], [ 20.265382, 60.204885 ], [ 20.279025, 60.220854 ], [ 20.243657, 60.214257 ], [ 20.213607, 60.245396 ], [ 20.249676, 60.244199 ], [ 20.271116, 60.285679 ], [ 20.204256, 60.307612 ], [ 20.159054, 60.284868 ], [ 20.207008, 60.321705 ], [ 20.187297, 60.343798 ], [ 20.151331, 60.349603 ] ], [ [ 21.305001, 60.240535 ], [ 21.40865, 60.247679 ], [ 21.407346394675127, 60.248060787560959 ], [ 21.305001, 60.240535 ] ], [ [ 21.424362, 60.249312 ], [ 21.411286, 60.265281 ], [ 21.359502, 60.262073 ], [ 21.407346394675127, 60.248060787560959 ], [ 21.424362, 60.249312 ] ], [ [ 21.614582, 60.262606 ], [ 21.583059, 60.272373 ], [ 21.555451, 60.225264 ], [ 21.605546, 60.223281 ], [ 21.602171, 60.235537 ], [ 21.636345, 60.253317 ], [ 21.592039, 60.254204 ], [ 21.614582, 60.262606 ] ], [ [ 20.395063, 60.263342 ], [ 20.400465, 60.305161 ], [ 20.369724, 60.304764 ], [ 20.382125, 60.275327 ], [ 20.330768, 60.28393 ], [ 20.34618, 60.269487 ], [ 20.323675, 60.253551 ], [ 20.328157, 60.233334 ], [ 20.380425, 60.237226 ], [ 20.361789, 60.229366 ], [ 20.376766, 60.198196 ], [ 20.411105, 60.223084 ], [ 20.428848, 60.245753 ], [ 20.395063, 60.263342 ] ], [ [ 20.830264, 60.270506 ], [ 20.777485, 60.290234 ], [ 20.749667, 60.282254 ], [ 20.754369, 60.260165 ], [ 20.743183, 60.27068 ], [ 20.734296, 60.260071 ], [ 20.804612, 60.226024 ], [ 20.7965, 60.236697 ], [ 20.837396, 60.251468 ], [ 20.862625, 60.236877 ], [ 20.855891, 60.261867 ], [ 20.837309, 60.253559 ], [ 20.830264, 60.270506 ] ], [ [ 21.445407, 60.270484 ], [ 21.451175, 60.285112 ], [ 21.379159, 60.278033 ], [ 21.411286, 60.2699 ], [ 21.445407, 60.270484 ] ], [ [ 19.84911, 60.308633 ], [ 19.827171, 60.318149 ], [ 19.804262, 60.298224 ], [ 19.821083, 60.273449 ], [ 19.842152, 60.281532 ], [ 19.833389, 60.287306 ], [ 19.84911, 60.308633 ] ], [ [ 20.782011, 60.329374 ], [ 20.793949, 60.354347 ], [ 20.756832, 60.369052 ], [ 20.733073, 60.334793 ], [ 20.735394, 60.315274 ], [ 20.782011, 60.329374 ] ], [ [ 20.379461, 60.336973 ], [ 20.384352, 60.351209 ], [ 20.335746, 60.34927 ], [ 20.324864, 60.364975 ], [ 20.292072, 60.344173 ], [ 20.379461, 60.336973 ] ], [ [ 21.313017, 60.358999 ], [ 21.336621, 60.366918 ], [ 21.337929, 60.352749 ], [ 21.362242, 60.360796 ], [ 21.325411, 60.391141 ], [ 21.299062, 60.390873 ], [ 21.313986, 60.387805 ], [ 21.291739, 60.375452 ], [ 21.313017, 60.358999 ] ], [ [ 21.355793, 60.39861 ], [ 21.4011, 60.366805 ], [ 21.411286, 60.393368 ], [ 21.355793, 60.39861 ] ], [ [ 21.642844, 60.427732 ], [ 21.632626, 60.458683 ], [ 21.600352, 60.4133 ], [ 21.642844, 60.427732 ] ], [ [ 21.041825, 60.504955 ], [ 21.038196, 60.494466 ], [ 21.074088, 60.482373 ], [ 21.054283, 60.466042 ], [ 21.062783, 60.456005 ], [ 21.087598, 60.447767 ], [ 21.104794, 60.47521 ], [ 21.041825, 60.504955 ] ], [ [ 21.283801, 60.549161 ], [ 21.274724, 60.527899 ], [ 21.249871, 60.532746 ], [ 21.240659, 60.511076 ], [ 21.271031, 60.514081 ], [ 21.276601, 60.49511 ], [ 21.311824, 60.487613 ], [ 21.346722, 60.494386 ], [ 21.315383, 60.518022 ], [ 21.313693, 60.550154 ], [ 21.258229, 60.582072 ], [ 21.230404, 60.584889 ], [ 21.231385, 60.599161 ], [ 21.200571, 60.615456 ], [ 21.161762, 60.612414 ], [ 21.207603, 60.599341 ], [ 21.253226, 60.563783 ], [ 21.242789, 60.56136 ], [ 21.251336, 60.546156 ], [ 21.283801, 60.549161 ] ], [ [ 21.487102, 60.529357 ], [ 21.483816, 60.513558 ], [ 21.480043, 60.536959 ], [ 21.53395, 60.525714 ], [ 21.51556, 60.546771 ], [ 21.430807, 60.555957 ], [ 21.39709, 60.593632 ], [ 21.37191, 60.58953 ], [ 21.327418, 60.619331 ], [ 21.350469, 60.623896 ], [ 21.346044, 60.633104 ], [ 21.328681, 60.630425 ], [ 21.305645, 60.643329 ], [ 21.318742, 60.665354 ], [ 21.261032, 60.669386 ], [ 21.284198, 60.660177 ], [ 21.234526, 60.648787 ], [ 21.2183, 60.618889 ], [ 21.263977, 60.600647 ], [ 21.288884, 60.607207 ], [ 21.287183, 60.584071 ], [ 21.31779, 60.582284 ], [ 21.310779, 60.616164 ], [ 21.342385, 60.603148 ], [ 21.368646, 60.577729 ], [ 21.328641, 60.56123 ], [ 21.289004, 60.575061 ], [ 21.431474, 60.50076 ], [ 21.436141, 60.485221 ], [ 21.470698, 60.47853 ], [ 21.497025, 60.49416 ], [ 21.489148, 60.507839 ], [ 21.508806, 60.519026 ], [ 21.487102, 60.529357 ] ], [ [ 21.367488, 61.215786 ], [ 21.333879, 61.193546 ], [ 21.36514, 61.172517 ], [ 21.408839, 61.18445 ], [ 21.39087, 61.19301 ], [ 21.372993, 61.196101 ], [ 21.40142, 61.208886 ], [ 21.367488, 61.215786 ] ], [ [ 21.50246, 61.619044 ], [ 21.528984, 61.633755 ], [ 21.481424, 61.644412 ], [ 21.477435, 61.625344 ], [ 21.445084, 61.624634 ], [ 21.50246, 61.619044 ] ], [ [ 21.255886, 62.350829 ], [ 21.252075, 62.382108 ], [ 21.227266, 62.394183 ], [ 21.21472, 62.344048 ], [ 21.234509, 62.35277 ], [ 21.238615, 62.340024 ], [ 21.255886, 62.350829 ] ], [ [ 21.187589, 62.361079 ], [ 21.210233, 62.368052 ], [ 21.216367, 62.393819 ], [ 21.200576, 62.395108 ], [ 21.211044, 62.412334 ], [ 21.198244, 62.426608 ], [ 21.180792, 62.415224 ], [ 21.195325, 62.395787 ], [ 21.168162, 62.372877 ], [ 21.191868, 62.382147 ], [ 21.187589, 62.361079 ] ], [ [ 21.069702, 62.566715 ], [ 21.052702, 62.538968 ], [ 21.104239, 62.530071 ], [ 21.099174, 62.543792 ], [ 21.083286, 62.538837 ], [ 21.093391, 62.570124 ], [ 21.058994, 62.574921 ], [ 21.054616, 62.562935 ], [ 21.069702, 62.566715 ] ], [ [ 21.05157, 62.743424 ], [ 21.058046, 62.708104 ], [ 21.092953, 62.722632 ], [ 21.079733, 62.741489 ], [ 21.05157, 62.743424 ] ], [ [ 21.235826, 62.859836 ], [ 21.161601, 62.870847 ], [ 21.130995, 62.862017 ], [ 21.138252, 62.846173 ], [ 21.093603, 62.835668 ], [ 21.206163, 62.837206 ], [ 21.235826, 62.859836 ] ], [ [ 21.203984, 62.87994 ], [ 21.236324, 62.868709 ], [ 21.239409, 62.881216 ], [ 21.187008, 62.932979 ], [ 21.172603, 62.910294 ], [ 21.203984, 62.87994 ] ], [ [ 21.392602, 62.969444 ], [ 21.348541, 62.940219 ], [ 21.383773, 62.929959 ], [ 21.390385, 62.912629 ], [ 21.41689, 62.931881 ], [ 21.407189, 62.947208 ], [ 21.392602, 62.969444 ] ], [ [ 21.163155, 62.942997 ], [ 21.186632, 62.956411 ], [ 21.218683, 62.945373 ], [ 21.209192, 62.989973 ], [ 21.144819, 63.011252 ], [ 21.121919, 62.998546 ], [ 21.158892, 62.976256 ], [ 21.135036, 62.968752 ], [ 21.163155, 62.942997 ] ], [ [ 21.407204, 63.012083 ], [ 21.320496, 63.005779 ], [ 21.412226, 62.989408 ], [ 21.436947, 62.987692 ], [ 21.407204, 63.012083 ] ], [ [ 21.429473, 63.012324 ], [ 21.454003, 63.007735 ], [ 21.43154895726375, 63.014315492152193 ], [ 21.429473, 63.012324 ] ], [ [ 21.44798, 63.030078 ], [ 21.428755, 63.031192 ], [ 21.450668, 63.041866 ], [ 21.440484, 63.056479 ], [ 21.452517, 63.068876 ], [ 21.407152, 63.087347 ], [ 21.378659, 63.074985 ], [ 21.419254, 63.065854 ], [ 21.398906, 63.041866 ], [ 21.339902, 63.041174 ], [ 21.43154895726375, 63.014315492152193 ], [ 21.44798, 63.030078 ] ], [ [ 21.31311, 63.251174 ], [ 21.315373, 63.237795 ], [ 21.270093, 63.250152 ], [ 21.234603, 63.236819 ], [ 21.206512, 63.253315 ], [ 21.272712, 63.298256 ], [ 21.263275, 63.31099 ], [ 21.239202, 63.298207 ], [ 21.239742, 63.320491 ], [ 21.189189, 63.308701 ], [ 21.173153, 63.282726 ], [ 21.117536, 63.292765 ], [ 21.154966, 63.295419 ], [ 21.177815, 63.314697 ], [ 21.144833, 63.323943 ], [ 21.107657, 63.298148 ], [ 21.087124, 63.303983 ], [ 21.088265, 63.283771 ], [ 21.120711, 63.266807 ], [ 21.085286, 63.270396 ], [ 21.143702, 63.231014 ], [ 21.143924, 63.207068 ], [ 21.165075, 63.188252 ], [ 21.202213, 63.186134 ], [ 21.206085, 63.198928 ], [ 21.271101, 63.158702 ], [ 21.320655, 63.160949 ], [ 21.328471, 63.17388 ], [ 21.312305, 63.178065 ], [ 21.363361, 63.211162 ], [ 21.373453, 63.189897 ], [ 21.459795, 63.207622 ], [ 21.444696, 63.251856 ], [ 21.387228, 63.279666 ], [ 21.275328, 63.257051 ], [ 21.31311, 63.251174 ] ], [ [ 21.768201, 63.314443 ], [ 21.661726, 63.321268 ], [ 21.634865, 63.298947 ], [ 21.634997, 63.269091 ], [ 21.669575, 63.260374 ], [ 21.678758, 63.294235 ], [ 21.704478, 63.288725 ], [ 21.688545, 63.298199 ], [ 21.694888, 63.313074 ], [ 21.740178, 63.276329 ], [ 21.777127, 63.27665 ], [ 21.757324, 63.307991 ], [ 21.768201, 63.314443 ] ], [ [ 21.416305, 63.348523 ], [ 21.403765, 63.363224 ], [ 21.413464, 63.366113 ], [ 21.327367, 63.371768 ], [ 21.249446, 63.359319 ], [ 21.240993, 63.333343 ], [ 21.281362, 63.330255 ], [ 21.282093, 63.309839 ], [ 21.347599, 63.319435 ], [ 21.338081, 63.288422 ], [ 21.393427, 63.317018 ], [ 21.416305, 63.348523 ] ], [ [ 21.175887, 63.352595 ], [ 21.158478, 63.333636 ], [ 21.19539, 63.329196 ], [ 21.239384, 63.361477 ], [ 21.175887, 63.352595 ] ], [ [ 21.184553, 63.365879 ], [ 21.23469, 63.365296 ], [ 21.262386, 63.392153 ], [ 21.205948, 63.384548 ], [ 21.184553, 63.365879 ] ], [ [ 20.85134, 63.680168 ], [ 20.883311, 63.695943 ], [ 20.878833, 63.682735 ], [ 20.902411, 63.685797 ], [ 20.940936, 63.723856 ], [ 20.922983, 63.737956 ], [ 20.945893, 63.762399 ], [ 20.92951, 63.766693 ], [ 20.947577, 63.775051 ], [ 20.931295, 63.776521 ], [ 20.942636, 63.793478 ], [ 20.927681, 63.797759 ], [ 20.926328, 63.787782 ], [ 20.892514, 63.815613 ], [ 20.860732, 63.809185 ], [ 20.826294, 63.777587 ], [ 20.828955, 63.761021 ], [ 20.857702, 63.765119 ], [ 20.860285, 63.744717 ], [ 20.879794, 63.74657 ], [ 20.85134, 63.680168 ] ], [ [ 21.468602, 65.018337 ], [ 21.499752, 65.01128 ], [ 21.487732, 65.019703 ], [ 21.540427, 65.027829 ], [ 21.526667, 65.033419 ], [ 21.477235, 65.041653 ], [ 21.468602, 65.018337 ] ], [ [ 20.69711, 69.887374 ], [ 20.73839, 69.905008 ], [ 20.721801, 69.91262 ], [ 20.578972, 69.905851 ], [ 20.550651, 69.891803 ], [ 20.560172, 69.882008 ], [ 20.51664, 69.83355 ], [ 20.536453, 69.800457 ], [ 20.569517, 69.787428 ], [ 20.694153, 69.812036 ], [ 20.73434, 69.836838 ], [ 20.687388, 69.861006 ], [ 20.69711, 69.887374 ] ], [ [ 19.441833, 69.836914 ], [ 19.719038, 69.855065 ], [ 19.752603, 69.874379 ], [ 19.784126, 69.924271 ], [ 19.88071, 69.975219 ], [ 19.838377, 69.998405 ], [ 19.774046, 70.006737 ], [ 19.680653, 69.957061 ], [ 19.522789, 69.919413 ], [ 19.407495, 69.841551 ], [ 19.441833, 69.836914 ] ], [ [ 21.735243, 69.917234 ], [ 21.716493, 69.943456 ], [ 21.624276, 69.927521 ], [ 21.648833, 69.923138 ], [ 21.735243, 69.917234 ] ], [ [ 19.668763, 69.976478 ], [ 19.668723, 69.999517 ], [ 19.595928, 70.024109 ], [ 19.534741, 69.98367 ], [ 19.536264, 70.042288 ], [ 19.488611, 70.052076 ], [ 19.395658, 70.031636 ], [ 19.379169, 70.009433 ], [ 19.402661, 69.98918 ], [ 19.364394, 69.989047 ], [ 19.27221, 70.036013 ], [ 19.304722, 70.074774 ], [ 19.207519, 70.062562 ], [ 19.220825, 70.085452 ], [ 19.181236, 70.089397 ], [ 19.098696, 70.079548 ], [ 19.058945, 70.059088 ], [ 19.047205, 70.077709 ], [ 19.02793, 70.068706 ], [ 19.031421, 70.051239 ], [ 19.090741, 70.018292 ], [ 19.064343, 70.018974 ], [ 19.063595, 70.007536 ], [ 18.991994, 70.040045 ], [ 18.942645, 70.016859 ], [ 18.928633, 70.029331 ], [ 18.841376, 70.024166 ], [ 18.813431, 70.010443 ], [ 18.807634, 69.985413 ], [ 18.905626, 69.965902 ], [ 18.831299, 69.949211 ], [ 18.846641, 69.938584 ], [ 18.73774, 69.960774 ], [ 18.717417, 69.951838 ], [ 18.706424, 69.922662 ], [ 18.927933, 69.867607 ], [ 18.928333, 69.854325 ], [ 19.003611, 69.837608 ], [ 19.068038, 69.791563 ], [ 19.128422, 69.787475 ], [ 19.35361, 69.827406 ], [ 19.431151, 69.888913 ], [ 19.482853, 69.908472 ], [ 19.490337, 69.930267 ], [ 19.472531, 69.948784 ], [ 19.668763, 69.976478 ] ], [ [ 20.6565, 69.937633 ], [ 20.677678, 69.94942 ], [ 20.683317, 69.962794 ], [ 20.643752, 69.989426 ], [ 20.62236, 69.980703 ], [ 20.618982, 69.94612 ], [ 20.6565, 69.937633 ] ], [ [ 20.983191, 69.999343 ], [ 20.940575, 69.978936 ], [ 20.843332, 70.032501 ], [ 20.789836, 70.03914 ], [ 20.712362, 70.013155 ], [ 20.751054, 69.975781 ], [ 20.749462, 69.958331 ], [ 20.830193, 69.922481 ], [ 20.964992, 69.959507 ], [ 20.937412, 69.971339 ], [ 21.070202, 69.995603 ], [ 20.983191, 69.999343 ] ], [ [ 19.854274, 70.018293 ], [ 19.861414, 70.008783 ], [ 19.922764, 69.994244 ], [ 19.976716, 70.00479 ], [ 19.882959, 70.022349 ], [ 19.854274, 70.018293 ] ], [ [ 21.626226, 70.044359 ], [ 21.556228, 70.017169 ], [ 21.685445, 69.991519 ], [ 21.733883, 70.011933 ], [ 21.626226, 70.044359 ] ], [ [ 20.971883, 70.05883 ], [ 20.914874, 70.018599 ], [ 20.92421, 70.006096 ], [ 20.963043, 70.008783 ], [ 21.00569, 70.027552 ], [ 20.966929, 70.028431 ], [ 21.015431, 70.04262 ], [ 20.994719, 70.061917 ], [ 20.971883, 70.05883 ] ], [ [ 21.252587, 70.053379 ], [ 21.194172, 70.041925 ], [ 21.225375, 70.02617 ], [ 21.276657, 70.036692 ], [ 21.252587, 70.053379 ] ], [ [ 19.039433, 70.101096 ], [ 18.997338, 70.127115 ], [ 18.953934, 70.125911 ], [ 18.983763, 70.086663 ], [ 19.001536, 70.085771 ], [ 18.99013, 70.089471 ], [ 19.039433, 70.101096 ] ], [ [ 21.293174, 70.110105 ], [ 21.367007, 70.099722 ], [ 21.332311, 70.119964 ], [ 21.293174, 70.110105 ] ], [ [ 20.928513, 70.097649 ], [ 20.833105, 70.154916 ], [ 20.770082, 70.113035 ], [ 20.780786, 70.092573 ], [ 20.853476, 70.065666 ], [ 20.928513, 70.097649 ] ], [ [ 19.578506, 70.114844 ], [ 19.406114, 70.166789 ], [ 19.352941, 70.151722 ], [ 19.33104, 70.126585 ], [ 19.463369, 70.098261 ], [ 19.550924, 70.095184 ], [ 19.578506, 70.114844 ] ], [ [ 20.522654, 70.064041 ], [ 20.545796, 70.078913 ], [ 20.542945, 70.111255 ], [ 20.571501, 70.075832 ], [ 20.539402, 70.033656 ], [ 20.614308, 70.037539 ], [ 20.641563, 70.061088 ], [ 20.678993, 70.045042 ], [ 20.797681, 70.053326 ], [ 20.748374, 70.098338 ], [ 20.808153, 70.185965 ], [ 20.803076, 70.210703 ], [ 20.710997, 70.236628 ], [ 20.539829, 70.223819 ], [ 20.513539, 70.192641 ], [ 20.411462, 70.177035 ], [ 20.375571, 70.143525 ], [ 20.384868, 70.134875 ], [ 20.367074, 70.084014 ], [ 20.395826, 70.05923 ], [ 20.493898, 70.047882 ], [ 20.493886, 70.068713 ], [ 20.522654, 70.064041 ] ], [ [ 19.986687, 70.182795 ], [ 19.940881, 70.164543 ], [ 20.041303, 70.144033 ], [ 20.054194, 70.162628 ], [ 19.986687, 70.182795 ] ], [ [ 19.97951, 70.151818 ], [ 19.966334, 70.14661 ], [ 19.979291, 70.132815 ], [ 19.951786, 70.132924 ], [ 19.887803, 70.164797 ], [ 19.922218, 70.182306 ], [ 19.836716, 70.209822 ], [ 19.800374, 70.160199 ], [ 19.762852, 70.159512 ], [ 19.729239, 70.227717 ], [ 19.683097, 70.226911 ], [ 19.6708, 70.224784 ], [ 19.663623, 70.262095 ], [ 19.630504, 70.28565 ], [ 19.584113, 70.284485 ], [ 19.545889, 70.25484 ], [ 19.576624, 70.240085 ], [ 19.5209, 70.254527 ], [ 19.50388, 70.232488 ], [ 19.521118, 70.21604 ], [ 19.595213, 70.204579 ], [ 19.669376, 70.160964 ], [ 19.654269, 70.149709 ], [ 19.700727, 70.129272 ], [ 19.71523, 70.104531 ], [ 19.685976, 70.097043 ], [ 19.725286, 70.061234 ], [ 19.965157, 70.052434 ], [ 20.003364, 70.067974 ], [ 19.990381, 70.073544 ], [ 19.996954, 70.084404 ], [ 20.122637, 70.100033 ], [ 19.963911, 70.126876 ], [ 20.006022, 70.132719 ], [ 19.97951, 70.151818 ] ], [ [ 19.097976, 70.207544 ], [ 19.164262, 70.199127 ], [ 19.092471, 70.189736 ], [ 19.1042, 70.1504 ], [ 19.060741, 70.171169 ], [ 18.979911, 70.153262 ], [ 19.116756, 70.110288 ], [ 19.189749, 70.117115 ], [ 19.226811, 70.132934 ], [ 19.225583, 70.157131 ], [ 19.257064, 70.181657 ], [ 19.241506, 70.206419 ], [ 19.209607, 70.217044 ], [ 19.244053, 70.230729 ], [ 19.216505, 70.250091 ], [ 19.165439, 70.256982 ], [ 19.154553, 70.239545 ], [ 19.085035, 70.239379 ], [ 19.119839, 70.220172 ], [ 19.097976, 70.207544 ] ], [ [ 19.777488, 70.242814 ], [ 19.759509, 70.262779 ], [ 19.732678, 70.260531 ], [ 19.712753, 70.238721 ], [ 19.761051, 70.226911 ], [ 19.777488, 70.242814 ] ], [ [ 20.293385, 70.261999 ], [ 20.241808, 70.275255 ], [ 20.197392, 70.309009 ], [ 20.167703, 70.307801 ], [ 20.186475, 70.28445 ], [ 20.217981, 70.215604 ], [ 20.293385, 70.261999 ] ], [ [ 21.776147, 70.29649 ], [ 21.807962, 70.344668 ], [ 21.703053, 70.391756 ], [ 21.704338, 70.371214 ], [ 21.686975, 70.369251 ], [ 21.679844, 70.281044 ], [ 21.701296, 70.260087 ], [ 21.776147, 70.29649 ] ], [ [ 21.463399, 70.340929 ], [ 21.439987, 70.346101 ], [ 21.448311, 70.364669 ], [ 21.424268, 70.389217 ], [ 21.418865, 70.370024 ], [ 21.382251, 70.355255 ], [ 21.415612, 70.343461 ], [ 21.396484, 70.33295 ], [ 21.412207, 70.323376 ], [ 21.463399, 70.340929 ] ], [ [ 23.311499, 35.88708 ], [ 23.290409, 35.88173 ], [ 23.268205, 35.90345 ], [ 23.28974, 35.852869 ], [ 23.324912, 35.824977 ], [ 23.311499, 35.88708 ] ], [ [ 22.950767, 36.382561 ], [ 22.923465, 36.375434 ], [ 22.892126, 36.321254 ], [ 22.922496, 36.288685 ], [ 22.924376, 36.247366 ], [ 22.901587, 36.231917 ], [ 22.909474, 36.200521 ], [ 22.94338, 36.15739 ], [ 22.98809, 36.139301 ], [ 23.046537, 36.131556 ], [ 23.048383, 36.156541 ], [ 23.054923, 36.217588 ], [ 23.091152, 36.220848 ], [ 23.098762, 36.249359 ], [ 22.982502, 36.32601 ], [ 22.950767, 36.382561 ] ], [ [ 22.922671, 36.470483 ], [ 22.932534, 36.4613 ], [ 22.969862, 36.476592 ], [ 22.986157, 36.456551 ], [ 22.982837, 36.481846 ], [ 22.970597, 36.511461 ], [ 22.922671, 36.470483 ] ], [ [ 21.750634, 36.712957 ], [ 21.768522, 36.716246 ], [ 21.762848, 36.705065 ], [ 21.778032, 36.698685 ], [ 21.779892, 36.728533 ], [ 21.787068, 36.743976 ], [ 21.75793, 36.756244 ], [ 21.750634, 36.712957 ] ], [ [ 23.158943, 37.238144 ], [ 23.16657, 37.255297 ], [ 23.14332, 37.275677 ], [ 23.090911, 37.277131 ], [ 23.127705, 37.236518 ], [ 23.158943, 37.238144 ] ], [ [ 23.504843, 37.342138 ], [ 23.576737, 37.364821 ], [ 23.505755, 37.365407 ], [ 23.366192, 37.299767 ], [ 23.431433, 37.305133 ], [ 23.499393, 37.319061 ], [ 23.504843, 37.342138 ] ], [ [ 23.345475, 37.350824 ], [ 23.335242, 37.335151 ], [ 23.32366, 37.347603 ], [ 23.284323, 37.340611 ], [ 23.293616, 37.329007 ], [ 23.33357, 37.322388 ], [ 23.362469, 37.339954 ], [ 23.345475, 37.350824 ] ], [ [ 23.42462, 37.52088 ], [ 23.459273, 37.496067 ], [ 23.466921, 37.508047 ], [ 23.496782, 37.502722 ], [ 23.523174, 37.522079 ], [ 23.485338, 37.534275 ], [ 23.480606, 37.558538 ], [ 23.473846, 37.536555 ], [ 23.42462, 37.52088 ] ], [ [ 23.399253, 37.636478 ], [ 23.324571, 37.631309 ], [ 23.305139, 37.612739 ], [ 23.365733, 37.560057 ], [ 23.386287, 37.561849 ], [ 23.405656, 37.592339 ], [ 23.413854, 37.615829 ], [ 23.399253, 37.636478 ] ], [ [ 23.340418, 37.673705 ], [ 23.365733, 37.69088 ], [ 23.365733, 37.710939 ], [ 23.345237, 37.712824 ], [ 23.32202, 37.685341 ], [ 23.340418, 37.673705 ] ], [ [ 23.524307, 37.693338 ], [ 23.536522, 37.743456 ], [ 23.554304, 37.74587 ], [ 23.562486, 37.769759 ], [ 23.418371, 37.76095 ], [ 23.434439, 37.729089 ], [ 23.46186, 37.715528 ], [ 23.466922, 37.697999 ], [ 23.450148, 37.687424 ], [ 23.479811, 37.673907 ], [ 23.524307, 37.693338 ] ], [ [ 23.497727, 37.961571 ], [ 23.469404, 37.925462 ], [ 23.406396, 37.929306 ], [ 23.402697, 37.893703 ], [ 23.447895, 37.873701 ], [ 23.489963, 37.900152 ], [ 23.51365, 37.896856 ], [ 23.514005, 37.912314 ], [ 23.543562, 37.92566 ], [ 23.540847, 37.940233 ], [ 23.559433, 37.943904 ], [ 23.52805, 37.958866 ], [ 23.537007, 37.98297 ], [ 23.519267, 37.995709 ], [ 23.483175, 38.001734 ], [ 23.459158, 37.977982 ], [ 23.41988, 37.983707 ], [ 23.450107, 37.970333 ], [ 23.424441, 37.952119 ], [ 23.497727, 37.961571 ] ], [ [ 23.66183, 39.11026 ], [ 23.657129, 39.087709 ], [ 23.731767, 39.073852 ], [ 23.791898, 39.121654 ], [ 23.731472, 39.120435 ], [ 23.721113, 39.145728 ], [ 23.661695, 39.165443 ], [ 23.609584, 39.209847 ], [ 23.591527, 39.205631 ], [ 23.66183, 39.11026 ] ], [ [ 23.460052, 39.127538 ], [ 23.480483, 39.162071 ], [ 23.50598, 39.158039 ], [ 23.510532, 39.186304 ], [ 23.459255, 39.208605 ], [ 23.441479, 39.19787 ], [ 23.44395, 39.181611 ], [ 23.386831, 39.157087 ], [ 23.392997, 39.14067 ], [ 23.405262, 39.149088 ], [ 23.460052, 39.127538 ] ], [ [ 23.963478, 39.218787 ], [ 23.977233, 39.194908 ], [ 23.939777, 39.18129 ], [ 23.965957, 39.16971 ], [ 23.982578, 39.165666 ], [ 23.989734, 39.207434 ], [ 23.972578, 39.238554 ], [ 23.963478, 39.218787 ] ], [ [ 23.946966, 39.287685 ], [ 23.911101, 39.232707 ], [ 23.869926, 39.203346 ], [ 23.867567, 39.170233 ], [ 23.831427, 39.142516 ], [ 23.855726, 39.134048 ], [ 23.903702, 39.164078 ], [ 23.981445, 39.264962 ], [ 23.946966, 39.287685 ] ], [ [ 24.070975, 39.368444 ], [ 24.040235, 39.32352 ], [ 24.066159, 39.316065 ], [ 24.048778, 39.304835 ], [ 24.067492, 39.29412 ], [ 24.095827, 39.312417 ], [ 24.098231, 39.348279 ], [ 24.070975, 39.368444 ] ], [ [ 23.274557, 57.788031 ], [ 23.269995, 57.806424 ], [ 23.233099, 57.824966 ], [ 23.212455, 57.808339 ], [ 23.217499, 57.788006 ], [ 23.274557, 57.788031 ] ], [ [ 24.019844, 58.152118 ], [ 23.972011, 58.152509 ], [ 23.954059, 58.117882 ], [ 23.966532, 58.099187 ], [ 23.990938, 58.099689 ], [ 24.010883, 58.136727 ], [ 24.019844, 58.152118 ] ], [ [ 22.536603, 58.147178 ], [ 22.515232, 58.172203 ], [ 22.498249, 58.174271 ], [ 22.480961, 58.141655 ], [ 22.505495, 58.127235 ], [ 22.536603, 58.147178 ] ], [ [ 23.300658, 58.429183 ], [ 23.323998, 58.453182 ], [ 23.269764, 58.490451 ], [ 23.139494, 58.520266 ], [ 23.131958, 58.553596 ], [ 23.072524, 58.562149 ], [ 22.94449, 58.616699 ], [ 22.797467, 58.625179 ], [ 22.750493, 58.574009 ], [ 22.69268, 58.599875 ], [ 22.683643, 58.585739 ], [ 22.624981, 58.584102 ], [ 22.569319, 58.636813 ], [ 22.542035, 58.641549 ], [ 22.486128, 58.58518 ], [ 22.288278, 58.569498 ], [ 22.283255, 58.530798 ], [ 22.300535, 58.539428 ], [ 22.313627, 58.519644 ], [ 22.293622, 58.48797 ], [ 22.244054, 58.490526 ], [ 22.23531, 58.536313 ], [ 22.204081, 58.545473 ], [ 22.200204, 58.513727 ], [ 22.118764, 58.481803 ], [ 22.116942, 58.425573 ], [ 22.104849, 58.41721 ], [ 22.077181, 58.420053 ], [ 21.99923, 58.508118 ], [ 21.918315, 58.516031 ], [ 21.92213, 58.488736 ], [ 21.895937, 58.479245 ], [ 21.842408, 58.495738 ], [ 21.842391, 58.478671 ], [ 21.905931, 58.465314 ], [ 21.954204, 58.40563 ], [ 22.020446, 58.366334 ], [ 21.980422, 58.367764 ], [ 21.998417, 58.35178 ], [ 21.986873, 58.336928 ], [ 21.937133, 58.355857 ], [ 21.958053, 58.320468 ], [ 21.944073, 58.310273 ], [ 21.86678, 58.351805 ], [ 21.907728, 58.308005 ], [ 21.891472, 58.296914 ], [ 21.834847, 58.30958 ], [ 21.833386, 58.28166 ], [ 21.996196, 58.225869 ], [ 22.001349, 58.248769 ], [ 22.04326, 58.21807 ], [ 22.062688, 58.178568 ], [ 22.211365, 58.158133 ], [ 22.22408, 58.138848 ], [ 22.182978, 58.112639 ], [ 22.164786, 58.065268 ], [ 22.109264, 58.088244 ], [ 22.079263, 58.073885 ], [ 22.041227, 58.006287 ], [ 21.983875, 57.975502 ], [ 22.006938, 57.928402 ], [ 22.057636, 57.911788 ], [ 22.197685, 57.980171 ], [ 22.188629, 58.016611 ], [ 22.227266, 58.051241 ], [ 22.219957, 58.066972 ], [ 22.247938, 58.08852 ], [ 22.265373, 58.130111 ], [ 22.255551, 58.172903 ], [ 22.305816, 58.206086 ], [ 22.426651, 58.216906 ], [ 22.473127, 58.246059 ], [ 22.506871, 58.218803 ], [ 22.535693, 58.252155 ], [ 22.547366, 58.223629 ], [ 22.583613, 58.23421 ], [ 22.593523, 58.223542 ], [ 22.619318, 58.253678 ], [ 22.648932, 58.250694 ], [ 22.636735, 58.235729 ], [ 22.646683, 58.225139 ], [ 22.658286, 58.23472 ], [ 22.720661, 58.212672 ], [ 22.746652, 58.223818 ], [ 22.704782, 58.274445 ], [ 22.822055, 58.26293 ], [ 22.831545, 58.291627 ], [ 22.861821, 58.300014 ], [ 22.858981, 58.316395 ], [ 22.923176, 58.30277 ], [ 22.933736, 58.332927 ], [ 22.967056, 58.349988 ], [ 22.945888, 58.367133 ], [ 22.955468, 58.383941 ], [ 23.011122, 58.359534 ], [ 23.039144, 58.359482 ], [ 23.045588, 58.390727 ], [ 23.085582, 58.379208 ], [ 23.074149, 58.422702 ], [ 23.123838, 58.419274 ], [ 23.154057, 58.442594 ], [ 23.142141, 58.459444 ], [ 23.156317, 58.473687 ], [ 23.173854, 58.452355 ], [ 23.248574, 58.426896 ], [ 23.256757, 58.435274 ], [ 23.223951, 58.456517 ], [ 23.297159, 58.451619 ], [ 23.300658, 58.429183 ] ], [ [ 21.830576, 58.370287 ], [ 21.880492, 58.379772 ], [ 21.915945, 58.381514 ], [ 21.906912, 58.39483 ], [ 21.809223, 58.384371 ], [ 21.830576, 58.370287 ] ], [ [ 23.249349, 58.537229 ], [ 23.257966, 58.520821 ], [ 23.27296, 58.531198 ], [ 23.25714, 58.54741 ], [ 23.306366, 58.533293 ], [ 23.323136, 58.551895 ], [ 23.361586, 58.531154 ], [ 23.355399, 58.510596 ], [ 23.387953, 58.511578 ], [ 23.367449, 58.527651 ], [ 23.404928, 58.550745 ], [ 23.346028, 58.610217 ], [ 23.362, 58.631207 ], [ 23.345522, 58.647544 ], [ 23.193801, 58.683422 ], [ 23.140866, 58.671888 ], [ 23.143757, 58.626487 ], [ 23.069698, 58.618942 ], [ 23.086824, 58.586509 ], [ 23.153117, 58.577098 ], [ 23.220567, 58.526128 ], [ 23.249349, 58.537229 ] ], [ [ 23.028877, 58.825575 ], [ 23.067408, 58.838274 ], [ 23.004243, 58.913169 ], [ 22.974253, 58.916631 ], [ 22.940734, 58.944079 ], [ 22.953074, 58.956223 ], [ 22.935548, 58.980056 ], [ 22.886265, 58.978416 ], [ 22.839999, 59.001915 ], [ 22.721654, 59.006083 ], [ 22.691545, 59.028873 ], [ 22.694412, 59.073149 ], [ 22.584812, 59.090942 ], [ 22.571863, 59.03302 ], [ 22.480688, 59.024953 ], [ 22.491925, 58.999495 ], [ 22.438851, 58.992883 ], [ 22.467237, 58.96416 ], [ 22.414693, 58.967466 ], [ 22.420008, 58.956109 ], [ 22.390929, 58.936325 ], [ 22.078559, 58.945277 ], [ 22.042936, 58.928333 ], [ 22.175886, 58.882346 ], [ 22.393882, 58.890507 ], [ 22.454968, 58.838629 ], [ 22.45962, 58.79987 ], [ 22.44622, 58.788912 ], [ 22.474376, 58.777314 ], [ 22.466388, 58.753204 ], [ 22.501266, 58.731907 ], [ 22.465395, 58.720987 ], [ 22.487821, 58.702743 ], [ 22.565574, 58.686966 ], [ 22.666973, 58.699052 ], [ 22.737106, 58.80298 ], [ 22.815792, 58.768105 ], [ 22.853152, 58.789543 ], [ 22.882602, 58.782321 ], [ 22.869421, 58.809422 ], [ 22.9144, 58.822657 ], [ 22.916353, 58.838857 ], [ 22.955691, 58.827509 ], [ 22.945567, 58.842476 ], [ 23.017487, 58.844367 ], [ 23.028877, 58.825575 ] ], [ [ 23.117369, 59.024416 ], [ 23.168048, 58.981009 ], [ 23.152777, 58.975242 ], [ 23.166527, 58.960598 ], [ 23.217445, 58.963951 ], [ 23.220317, 58.981766 ], [ 23.289037, 58.958587 ], [ 23.291046, 58.972015 ], [ 23.371525, 58.976495 ], [ 23.383867, 58.991366 ], [ 23.358714, 59.01773 ], [ 23.333516, 59.032018 ], [ 23.270673, 59.021834 ], [ 23.164557, 59.048654 ], [ 23.117369, 59.024416 ] ], [ [ 23.944298, 59.32301 ], [ 23.904939, 59.350028 ], [ 23.862899, 59.34777 ], [ 23.922337, 59.305676 ], [ 23.945285, 59.30485 ], [ 23.944298, 59.32301 ] ], [ [ 23.993856, 59.349897 ], [ 23.944659, 59.354823 ], [ 23.932004, 59.346617 ], [ 23.972503, 59.316874 ], [ 24.006797, 59.315669 ], [ 23.993856, 59.349897 ] ], [ [ 22.493635, 59.880319 ], [ 22.529612, 59.898182 ], [ 22.410913, 59.859896 ], [ 22.418401, 59.848026 ], [ 22.463788, 59.859182 ], [ 22.504915, 59.86638 ], [ 22.513328, 59.875838 ], [ 22.493635, 59.880319 ] ], [ [ 23.41304, 59.872329 ], [ 23.438303, 59.881285 ], [ 23.378773, 59.888417 ], [ 23.35809, 59.866784 ], [ 23.434005, 59.866602 ], [ 23.41304, 59.872329 ] ], [ [ 22.627281, 59.948843 ], [ 22.658176, 59.942165 ], [ 22.630265329297611, 59.9491400096665 ], [ 22.627281, 59.948843 ] ], [ [ 22.65433, 59.951535 ], [ 22.637778, 59.954099 ], [ 22.618308, 59.954949 ], [ 22.646559, 59.963504 ], [ 22.623201, 59.989175 ], [ 22.587297, 59.959878 ], [ 22.630265329297611, 59.9491400096665 ], [ 22.65433, 59.951535 ] ], [ [ 22.432906, 59.958813 ], [ 22.466394, 59.973683 ], [ 22.445025, 59.985826 ], [ 22.422501, 59.977132 ], [ 22.397006, 59.935006 ], [ 22.406763, 59.922073 ], [ 22.424412, 59.928509 ], [ 22.432906, 59.958813 ] ], [ [ 23.925816, 59.967764 ], [ 23.970392, 59.970991 ], [ 23.995441, 59.981198 ], [ 23.884264, 59.978475 ], [ 23.88651, 59.990646 ], [ 23.856091, 59.991778 ], [ 23.822717, 59.951835 ], [ 23.868375, 59.972392 ], [ 23.851181, 59.95359 ], [ 23.923303, 59.942808 ], [ 23.925816, 59.967764 ] ], [ [ 22.551227, 59.969077 ], [ 22.559351, 59.988143 ], [ 22.504807, 59.983068 ], [ 22.503319, 59.964099 ], [ 22.535995, 59.948604 ], [ 22.570579, 59.96227 ], [ 22.551227, 59.969077 ] ], [ [ 22.926262, 60.005976 ], [ 22.965584, 60.033753 ], [ 22.965028, 60.050643 ], [ 22.947036, 60.051207 ], [ 22.908087, 60.010111 ], [ 22.926262, 60.005976 ] ], [ [ 22.859382, 60.006279 ], [ 22.883783, 60.008111 ], [ 22.887574, 60.031497 ], [ 22.93123, 60.067246 ], [ 22.849611, 60.055675 ], [ 22.888328, 60.048113 ], [ 22.881041, 60.03569 ], [ 22.853093, 60.044337 ], [ 22.859382, 60.006279 ] ], [ [ 22.867536, 60.102581 ], [ 22.867699, 60.085566 ], [ 22.838826, 60.082504 ], [ 22.955841, 60.084782 ], [ 22.968382, 60.098008 ], [ 22.962778, 60.119193 ], [ 22.909851, 60.123665 ], [ 22.867536, 60.102581 ] ], [ [ 22.01904, 60.119616 ], [ 21.970344, 60.140189 ], [ 21.906931, 60.117317 ], [ 21.94179, 60.118036 ], [ 22.01904, 60.119616 ] ], [ [ 21.864703, 60.159038 ], [ 21.834001, 60.141336 ], [ 21.865176, 60.133823 ], [ 21.915707, 60.152421 ], [ 21.864703, 60.159038 ] ], [ [ 22.785466, 60.030497 ], [ 22.762077, 60.04353 ], [ 22.777139, 60.052266 ], [ 22.765277, 60.066263 ], [ 22.838682, 60.096484 ], [ 22.873486, 60.135212 ], [ 22.834032, 60.175009 ], [ 22.864213, 60.186329 ], [ 22.858616, 60.211533 ], [ 22.842893, 60.213929 ], [ 22.891549, 60.222952 ], [ 22.906451, 60.250517 ], [ 22.938089, 60.260144 ], [ 22.982028, 60.299228 ], [ 22.978982, 60.311816 ], [ 22.91297, 60.30488 ], [ 22.843415, 60.238296 ], [ 22.613334, 60.228549 ], [ 22.543397, 60.204795 ], [ 22.477051, 60.2069 ], [ 22.506334, 60.229156 ], [ 22.468557, 60.237134 ], [ 22.459121, 60.203218 ], [ 22.416406, 60.181238 ], [ 22.416651, 60.160356 ], [ 22.616229, 60.151508 ], [ 22.440383, 60.136979 ], [ 22.431069, 60.124826 ], [ 22.489031, 60.10657 ], [ 22.47597, 60.099415 ], [ 22.484888, 60.084855 ], [ 22.469484, 60.077415 ], [ 22.423251, 60.108165 ], [ 22.411495, 60.092366 ], [ 22.369982, 60.08988 ], [ 22.378335, 60.017802 ], [ 22.390077, 60.003888 ], [ 22.433972, 60.023937 ], [ 22.454129, 60.002385 ], [ 22.609145, 60.050503 ], [ 22.579294, 60.025247 ], [ 22.612483, 60.025591 ], [ 22.618435, 60.002926 ], [ 22.677153, 59.994954 ], [ 22.680623, 60.022029 ], [ 22.699713, 60.009344 ], [ 22.753029, 60.010142 ], [ 22.758176, 60.029025 ], [ 22.77624, 60.017453 ], [ 22.785466, 60.030497 ] ], [ [ 21.716723, 60.174773 ], [ 21.744711, 60.168865 ], [ 21.710676, 60.16298 ], [ 21.700247, 60.13494 ], [ 21.894473, 60.118378 ], [ 21.814086, 60.130016 ], [ 21.813753, 60.15125 ], [ 21.831595, 60.155209 ], [ 21.812314, 60.157381 ], [ 21.906325, 60.176824 ], [ 21.872537, 60.186686 ], [ 21.942448, 60.192541 ], [ 21.866955, 60.221034 ], [ 21.744087, 60.206888 ], [ 21.716723, 60.174773 ] ], [ [ 22.332325, 60.165727 ], [ 22.364297, 60.169761 ], [ 22.390612, 60.208669 ], [ 22.311693, 60.192887 ], [ 22.288684, 60.165892 ], [ 22.302336, 60.153136 ], [ 22.287445, 60.147601 ], [ 22.333872, 60.147707 ], [ 22.339324, 60.163236 ], [ 22.305526, 60.161547 ], [ 22.332325, 60.165727 ] ], [ [ 22.105977, 60.201195 ], [ 22.08462, 60.208242 ], [ 22.091739, 60.221473 ], [ 22.049581, 60.216613 ], [ 22.020987, 60.198158 ], [ 21.956635, 60.193465 ], [ 21.940146, 60.166675 ], [ 21.981706, 60.147686 ], [ 21.980072, 60.165844 ], [ 22.0028, 60.148009 ], [ 22.0677, 60.166156 ], [ 22.040383, 60.187566 ], [ 22.105977, 60.201195 ] ], [ [ 22.244473, 60.255148 ], [ 22.230807, 60.264846 ], [ 22.30631, 60.294264 ], [ 22.350089, 60.288925 ], [ 22.358376, 60.319696 ], [ 22.374604, 60.320784 ], [ 22.372912, 60.301469 ], [ 22.394292, 60.300575 ], [ 22.313721, 60.257805 ], [ 22.334935, 60.240065 ], [ 22.408861, 60.248623 ], [ 22.463788, 60.299613 ], [ 22.439911, 60.305037 ], [ 22.516221, 60.344053 ], [ 22.421559, 60.352717 ], [ 22.413221, 60.372576 ], [ 22.342492, 60.360019 ], [ 22.311222, 60.334175 ], [ 22.321421, 60.323754 ], [ 22.29736, 60.317119 ], [ 22.254409, 60.331891 ], [ 22.106193, 60.325849 ], [ 22.089249, 60.287826 ], [ 22.169765, 60.267372 ], [ 22.195643, 60.274263 ], [ 22.196135, 60.29571 ], [ 22.227553, 60.294051 ], [ 22.204032, 60.260269 ], [ 22.107249, 60.253445 ], [ 22.234946, 60.250755 ], [ 22.1157, 60.236941 ], [ 22.202573, 60.242345 ], [ 22.176354, 60.224541 ], [ 22.198234, 60.219255 ], [ 22.219494, 60.239551 ], [ 22.19332, 60.20786 ], [ 22.2214, 60.190627 ], [ 22.276667, 60.202124 ], [ 22.322138, 60.234978 ], [ 22.301736, 60.269258 ], [ 22.244473, 60.255148 ] ], [ [ 22.001624, 60.288061 ], [ 22.008101, 60.29783 ], [ 21.974694, 60.287102 ], [ 21.985068, 60.306586 ], [ 21.959978, 60.312755 ], [ 21.871013, 60.307267 ], [ 21.900767, 60.290454 ], [ 21.884968, 60.280814 ], [ 21.908291, 60.274609 ], [ 21.895331, 60.282057 ], [ 22.001624, 60.288061 ] ], [ [ 22.037633, 60.324278 ], [ 22.001071, 60.33709 ], [ 21.920511, 60.322132 ], [ 22.014755, 60.310998 ], [ 22.037633, 60.324278 ] ], [ [ 22.305485, 60.360401 ], [ 22.294639, 60.376177 ], [ 22.262902, 60.375633 ], [ 22.191791, 60.36683 ], [ 22.226532, 60.381306 ], [ 22.142688, 60.381421 ], [ 22.102815, 60.351076 ], [ 22.145824, 60.359572 ], [ 22.194265, 60.341703 ], [ 22.305485, 60.360401 ] ], [ [ 22.456407, 60.366669 ], [ 22.43605, 60.356771 ], [ 22.493773, 60.354698 ], [ 22.534828, 60.378107 ], [ 22.444298, 60.367317 ], [ 22.456407, 60.366669 ] ], [ [ 22.449908, 60.382368 ], [ 22.479769, 60.404712 ], [ 22.308759, 60.375326 ], [ 22.359251, 60.367317 ], [ 22.449908, 60.382368 ] ], [ [ 22.149178, 60.407101 ], [ 22.17219, 60.403886 ], [ 22.157791, 60.392829 ], [ 22.174055, 60.386586 ], [ 22.233705, 60.38935 ], [ 22.277932, 60.392686 ], [ 22.219463, 60.431627 ], [ 22.149178, 60.407101 ] ], [ [ 21.8371, 60.369792 ], [ 21.926609, 60.36039 ], [ 21.829549, 60.358844 ], [ 21.9807, 60.342381 ], [ 22.045251, 60.355638 ], [ 22.008608, 60.380981 ], [ 21.95901, 60.38254 ], [ 21.995471, 60.395605 ], [ 21.946244, 60.399467 ], [ 21.973398, 60.404706 ], [ 21.961538, 60.41969 ], [ 21.898946, 60.474715 ], [ 21.842339, 60.489339 ], [ 21.821477, 60.483967 ], [ 21.812692, 60.447039 ], [ 21.790094, 60.444988 ], [ 21.801819, 60.433572 ], [ 21.78682, 60.42766 ], [ 21.842341, 60.43498 ], [ 21.854861, 60.424449 ], [ 21.800107, 60.413099 ], [ 21.810786, 60.407253 ], [ 21.796379, 60.398753 ], [ 21.8371, 60.369792 ] ], [ [ 21.923674, 60.483945 ], [ 21.942516, 60.44735 ], [ 21.987771, 60.425437 ], [ 22.057636, 60.425472 ], [ 22.072692, 60.440708 ], [ 22.052961, 60.441287 ], [ 21.923674, 60.483945 ] ], [ [ 21.969645, 63.286086 ], [ 22.008095, 63.281544 ], [ 21.992616, 63.27639 ], [ 22.010275, 63.268339 ], [ 22.014568, 63.281368 ], [ 22.050442, 63.286658 ], [ 22.081016, 63.275361 ], [ 22.06113, 63.268656 ], [ 22.143743, 63.255073 ], [ 22.163707, 63.276154 ], [ 22.133512, 63.28704 ], [ 22.156625, 63.289219 ], [ 22.221094, 63.280176 ], [ 22.237677, 63.302358 ], [ 22.230225, 63.347973 ], [ 22.197762, 63.312553 ], [ 22.116534, 63.334405 ], [ 22.062731, 63.326734 ], [ 22.090077, 63.298909 ], [ 22.071931, 63.28944 ], [ 22.036392, 63.32667 ], [ 21.997862, 63.330858 ], [ 22.023885, 63.310812 ], [ 21.991578, 63.321714 ], [ 21.969645, 63.286086 ] ], [ [ 22.081409, 63.378066 ], [ 22.099246, 63.378577 ], [ 22.078157, 63.384695 ], [ 22.009181, 63.396094 ], [ 21.942907, 63.335075 ], [ 21.996638, 63.350227 ], [ 22.034271, 63.339803 ], [ 22.091726, 63.365015 ], [ 22.081409, 63.378066 ] ], [ [ 22.637621, 63.808258 ], [ 22.590721, 63.811343 ], [ 22.581324, 63.760115 ], [ 22.607367, 63.752119 ], [ 22.645375, 63.771016 ], [ 22.630117, 63.791703 ], [ 22.60455, 63.785165 ], [ 22.614883, 63.801198 ], [ 22.634399, 63.799736 ], [ 22.661541, 63.765723 ], [ 22.678739, 63.773971 ], [ 22.662205, 63.783918 ], [ 22.652275, 63.801446 ], [ 22.672566, 63.800333 ], [ 22.639225, 63.831691 ], [ 22.637621, 63.808258 ] ], [ [ 23.64327, 64.219064 ], [ 23.644684, 64.204986 ], [ 23.593676, 64.188059 ], [ 23.653287, 64.190271 ], [ 23.685793, 64.171303 ], [ 23.66604, 64.188783 ], [ 23.64327, 64.219064 ] ], [ [ 21.758643, 65.235428 ], [ 21.844675, 65.192558 ], [ 21.848297, 65.202425 ], [ 21.826602, 65.226308 ], [ 21.758643, 65.235428 ] ], [ [ 21.867572, 65.248337 ], [ 21.79728, 65.282265 ], [ 21.744123, 65.285664 ], [ 21.757643, 65.281697 ], [ 21.754334, 65.264857 ], [ 21.788362, 65.252522 ], [ 21.867572, 65.248337 ] ], [ [ 21.969939, 65.391201 ], [ 22.024969, 65.371505 ], [ 22.001456, 65.391201 ], [ 21.969939, 65.391201 ] ], [ [ 22.371476, 65.464615 ], [ 22.331341, 65.438623 ], [ 22.287988, 65.458624 ], [ 22.27697, 65.434601 ], [ 22.353277, 65.432533 ], [ 22.42238, 65.452525 ], [ 22.371476, 65.464615 ] ], [ [ 22.143686, 65.434366 ], [ 22.206296, 65.42563 ], [ 22.233972, 65.4184 ], [ 22.238774, 65.435944 ], [ 22.196913, 65.455966 ], [ 22.222978, 65.46164 ], [ 22.170687, 65.479223 ], [ 22.141951, 65.471735 ], [ 22.160436, 65.458273 ], [ 22.138643, 65.454379 ], [ 22.143686, 65.434366 ] ], [ [ 22.520106, 65.476985 ], [ 22.578482, 65.477507 ], [ 22.555021, 65.502907 ], [ 22.501372, 65.502277 ], [ 22.520106, 65.476985 ] ], [ [ 22.215946, 65.549153 ], [ 22.179832, 65.537437 ], [ 22.272381, 65.474593 ], [ 22.286009, 65.477977 ], [ 22.26436, 65.500536 ], [ 22.28267, 65.499878 ], [ 22.262632, 65.50793 ], [ 22.27339, 65.517099 ], [ 22.338612, 65.490321 ], [ 22.369562, 65.500928 ], [ 22.324604, 65.522244 ], [ 22.215946, 65.549153 ] ], [ [ 22.542538, 65.541681 ], [ 22.559531, 65.517366 ], [ 22.619668, 65.517292 ], [ 22.59463, 65.528393 ], [ 22.542538, 65.541681 ] ], [ [ 22.631535, 65.599299 ], [ 22.574687, 65.576807 ], [ 22.523959, 65.580142 ], [ 22.541819, 65.562139 ], [ 22.597652, 65.552845 ], [ 22.613949, 65.576388 ], [ 22.65328, 65.585931 ], [ 22.631535, 65.599299 ] ], [ [ 22.578536, 65.620797 ], [ 22.550644, 65.60655 ], [ 22.592692, 65.591022 ], [ 22.61335, 65.605971 ], [ 22.578536, 65.620797 ] ], [ [ 22.966923, 65.726301 ], [ 22.952349, 65.740421 ], [ 22.891512, 65.742949 ], [ 22.87589, 65.726566 ], [ 22.878739, 65.710971 ], [ 22.949982, 65.668103 ], [ 22.972273, 65.667411 ], [ 22.957606, 65.69142 ], [ 22.963507, 65.701914 ], [ 22.990467, 65.693269 ], [ 22.980224, 65.710002 ], [ 22.930866, 65.727252 ], [ 22.966923, 65.726301 ] ], [ [ 23.246629, 65.736038 ], [ 23.275713, 65.728021 ], [ 23.314623, 65.718028 ], [ 23.259496, 65.748697 ], [ 23.225026, 65.7469 ], [ 23.242438, 65.728503 ], [ 23.205548, 65.741069 ], [ 23.256843, 65.708393 ], [ 23.268492, 65.715451 ], [ 23.246629, 65.736038 ] ], [ [ 23.67961, 65.71895 ], [ 23.762261, 65.704517 ], [ 23.80554, 65.745196 ], [ 23.774865, 65.752142 ], [ 23.745446, 65.73662 ], [ 23.718126, 65.757118 ], [ 23.698535, 65.734195 ], [ 23.68952, 65.752025 ], [ 23.67961, 65.71895 ] ], [ [ 22.796439, 65.748766 ], [ 22.736847, 65.773416 ], [ 22.738979, 65.732569 ], [ 22.724241, 65.725484 ], [ 22.733975, 65.715357 ], [ 22.814643, 65.704495 ], [ 22.796439, 65.748766 ] ], [ [ 23.168693, 70.147207 ], [ 23.214757, 70.128923 ], [ 23.284883, 70.140798 ], [ 23.168693, 70.147207 ] ], [ [ 22.956093, 70.300862 ], [ 22.910259, 70.291044 ], [ 22.955111, 70.329469 ], [ 22.874718, 70.31375 ], [ 22.893452, 70.327566 ], [ 22.836563, 70.341928 ], [ 22.808653, 70.323782 ], [ 22.789789, 70.347717 ], [ 22.801252, 70.378944 ], [ 22.779127, 70.390311 ], [ 22.72887, 70.383168 ], [ 22.727639, 70.340866 ], [ 22.703291, 70.325066 ], [ 22.712771, 70.353968 ], [ 22.685, 70.392692 ], [ 22.65372, 70.388982 ], [ 22.657217, 70.354207 ], [ 22.618832, 70.387244 ], [ 22.597008, 70.382365 ], [ 22.589302, 70.350324 ], [ 22.578306, 70.382976 ], [ 22.540969, 70.380243 ], [ 22.549573, 70.362271 ], [ 22.531809, 70.35582 ], [ 22.503949, 70.373847 ], [ 22.444807, 70.360405 ], [ 22.48693, 70.322359 ], [ 22.415897, 70.355192 ], [ 22.342746, 70.337514 ], [ 22.398595, 70.296563 ], [ 22.567373, 70.261877 ], [ 22.989646, 70.237658 ], [ 23.009424, 70.249411 ], [ 22.956093, 70.300862 ] ], [ [ 23.469592, 70.377789 ], [ 23.423196, 70.395888 ], [ 23.501065, 70.388242 ], [ 23.637818, 70.439427 ], [ 23.617782, 70.476041 ], [ 23.642082, 70.489219 ], [ 23.530986, 70.523413 ], [ 23.554134, 70.549826 ], [ 23.537202, 70.554674 ], [ 23.584571, 70.583279 ], [ 23.551894, 70.596303 ], [ 23.557772, 70.621074 ], [ 23.358886, 70.619504 ], [ 23.391784, 70.605367 ], [ 23.453922, 70.611706 ], [ 23.422744, 70.591823 ], [ 23.486269, 70.576569 ], [ 23.461787, 70.56363 ], [ 23.510927, 70.533931 ], [ 23.434427, 70.561943 ], [ 23.366606, 70.551368 ], [ 23.40018, 70.529921 ], [ 23.247568, 70.547569 ], [ 23.275453, 70.520279 ], [ 23.320584, 70.523936 ], [ 23.280204, 70.508965 ], [ 23.269263, 70.473072 ], [ 23.211643, 70.457563 ], [ 23.247019, 70.468251 ], [ 23.233014, 70.472214 ], [ 23.249488, 70.506053 ], [ 23.211016, 70.543123 ], [ 23.139978, 70.548476 ], [ 23.120544, 70.540968 ], [ 23.221381, 70.516461 ], [ 23.168909, 70.513876 ], [ 23.15355, 70.482198 ], [ 23.128933, 70.483112 ], [ 23.144864, 70.497725 ], [ 23.113374, 70.511953 ], [ 23.045399, 70.508922 ], [ 22.981402, 70.489304 ], [ 22.992654, 70.473892 ], [ 22.95327, 70.47654 ], [ 22.936795, 70.457145 ], [ 22.89944, 70.459808 ], [ 22.865811, 70.442469 ], [ 22.878553, 70.419895 ], [ 22.948455, 70.403244 ], [ 22.815429, 70.411477 ], [ 22.891111, 70.388044 ], [ 22.893681, 70.362861 ], [ 22.947941, 70.344099 ], [ 22.968959, 70.360177 ], [ 23.00395, 70.336133 ], [ 23.066729, 70.3609 ], [ 23.119403, 70.404951 ], [ 23.093835, 70.354135 ], [ 23.043301, 70.326531 ], [ 23.062008, 70.313054 ], [ 23.059082, 70.294603 ], [ 23.098121, 70.281071 ], [ 23.185198, 70.275731 ], [ 23.3213, 70.302329 ], [ 23.348794, 70.321659 ], [ 23.282343, 70.343524 ], [ 23.416225, 70.349459 ], [ 23.4153, 70.3622 ], [ 23.469592, 70.377789 ] ], [ [ 24.097191, 70.629813 ], [ 24.112963, 70.641508 ], [ 24.104502, 70.647403 ], [ 24.043445, 70.646037 ], [ 24.087294, 70.656306 ], [ 24.043178, 70.684904 ], [ 23.936237, 70.710178 ], [ 23.854492, 70.713538 ], [ 23.785704, 70.697698 ], [ 23.848556, 70.724776 ], [ 23.805905, 70.720364 ], [ 23.793948, 70.747264 ], [ 23.670466, 70.745822 ], [ 23.625008, 70.699412 ], [ 23.649582, 70.673963 ], [ 23.691634, 70.667183 ], [ 23.625263, 70.641876 ], [ 23.671356, 70.635684 ], [ 23.59928, 70.602982 ], [ 23.647841, 70.608752 ], [ 23.679038, 70.593486 ], [ 23.696245, 70.56724 ], [ 23.68185, 70.560755 ], [ 23.716906, 70.552978 ], [ 23.734412, 70.524438 ], [ 23.773691, 70.510268 ], [ 23.892957, 70.506057 ], [ 23.99536, 70.525561 ], [ 24.001009, 70.549226 ], [ 24.109588, 70.587369 ], [ 24.130324, 70.60876 ], [ 24.111588, 70.617017 ], [ 24.12082, 70.627395 ], [ 24.097191, 70.629813 ] ], [ [ 23.24698, 70.700403 ], [ 23.330092, 70.711722 ], [ 23.318341, 70.749975 ], [ 23.361138, 70.729129 ], [ 23.396831, 70.73909 ], [ 23.397486, 70.765058 ], [ 23.454963, 70.767895 ], [ 23.3748, 70.785603 ], [ 23.50021, 70.781447 ], [ 23.496824, 70.798718 ], [ 23.429869, 70.811897 ], [ 23.467241, 70.81421 ], [ 23.429261, 70.821738 ], [ 23.441071, 70.831791 ], [ 23.374423, 70.83051 ], [ 23.380746, 70.84573 ], [ 23.315971, 70.870079 ], [ 23.303074, 70.846143 ], [ 23.313021, 70.835615 ], [ 23.294648, 70.830487 ], [ 23.317848, 70.812198 ], [ 23.298142, 70.802462 ], [ 23.329851, 70.791239 ], [ 23.283583, 70.788479 ], [ 23.296123, 70.769336 ], [ 23.183459, 70.827201 ], [ 23.171184, 70.820958 ], [ 23.194184, 70.784582 ], [ 23.059484, 70.817004 ], [ 23.103681, 70.793037 ], [ 23.057611, 70.803334 ], [ 23.016318, 70.7897 ], [ 23.127507, 70.765031 ], [ 23.106153, 70.759424 ], [ 23.177155, 70.736723 ], [ 23.119958, 70.742963 ], [ 23.098286, 70.720059 ], [ 23.043506, 70.724433 ], [ 23.028603, 70.698677 ], [ 23.050055, 70.690479 ], [ 22.986599, 70.687567 ], [ 23.009893, 70.658274 ], [ 22.947042, 70.668818 ], [ 22.931862, 70.689491 ], [ 22.884467, 70.689707 ], [ 22.931181, 70.708603 ], [ 22.936372, 70.726374 ], [ 22.840985, 70.719717 ], [ 22.86546, 70.73857 ], [ 22.826678, 70.749688 ], [ 22.800847, 70.735112 ], [ 22.78722, 70.747574 ], [ 22.807777, 70.761245 ], [ 22.796478, 70.768904 ], [ 22.714118, 70.754821 ], [ 22.684436, 70.744846 ], [ 22.691757, 70.728039 ], [ 22.741692, 70.728033 ], [ 22.733426, 70.703399 ], [ 22.776376, 70.703118 ], [ 22.74741, 70.685663 ], [ 22.830601, 70.653525 ], [ 22.74506, 70.651668 ], [ 22.704726, 70.634133 ], [ 22.723164, 70.627567 ], [ 22.712677, 70.612483 ], [ 22.677036, 70.655816 ], [ 22.568247, 70.635357 ], [ 22.555183, 70.656527 ], [ 22.65071, 70.6836 ], [ 22.52968, 70.71972 ], [ 22.471002, 70.697733 ], [ 22.507728, 70.678437 ], [ 22.478292, 70.670539 ], [ 22.375036, 70.71964 ], [ 22.384743, 70.713221 ], [ 22.344815, 70.684021 ], [ 22.381268, 70.668822 ], [ 22.370428, 70.66005 ], [ 22.397917, 70.630941 ], [ 22.388013, 70.62672 ], [ 22.209575, 70.678175 ], [ 22.198012, 70.675168 ], [ 22.229027, 70.662939 ], [ 22.225084, 70.639179 ], [ 22.14263, 70.633398 ], [ 22.116493, 70.648449 ], [ 21.998125, 70.65144 ], [ 21.976803, 70.668484 ], [ 21.937829, 70.642294 ], [ 22.042008, 70.62861 ], [ 21.987831, 70.606751 ], [ 21.9889, 70.591121 ], [ 22.014556, 70.582599 ], [ 22.05306, 70.59576 ], [ 22.096435, 70.581794 ], [ 22.170376, 70.610453 ], [ 22.306481, 70.601869 ], [ 22.214851, 70.576275 ], [ 22.259019, 70.561756 ], [ 22.137284, 70.523905 ], [ 22.118721, 70.509708 ], [ 22.135817, 70.502696 ], [ 22.129425, 70.489479 ], [ 22.089618, 70.47722 ], [ 22.238409, 70.482204 ], [ 22.243704, 70.514147 ], [ 22.294195, 70.537069 ], [ 22.288581, 70.497905 ], [ 22.314759, 70.486686 ], [ 22.404183, 70.516616 ], [ 22.397802, 70.489293 ], [ 22.451178, 70.489626 ], [ 22.46812, 70.526879 ], [ 22.514446, 70.498389 ], [ 22.557021, 70.495822 ], [ 22.584574, 70.521464 ], [ 22.615797, 70.510878 ], [ 22.609139, 70.550383 ], [ 22.647335, 70.55515 ], [ 22.703764, 70.552316 ], [ 22.679552, 70.535012 ], [ 22.699329, 70.503822 ], [ 22.723256, 70.552055 ], [ 22.762852, 70.543685 ], [ 22.749014, 70.510346 ], [ 22.820954, 70.515229 ], [ 22.847763, 70.531613 ], [ 22.930606, 70.530282 ], [ 22.935563, 70.549663 ], [ 22.885543, 70.573008 ], [ 23.013935, 70.564136 ], [ 23.01062, 70.589188 ], [ 22.985864, 70.598874 ], [ 23.062752, 70.570944 ], [ 23.117633, 70.619005 ], [ 23.053426, 70.627885 ], [ 23.150278, 70.631095 ], [ 23.181655, 70.658577 ], [ 23.131025, 70.661424 ], [ 23.163718, 70.673329 ], [ 23.140563, 70.681658 ], [ 23.158771, 70.69721 ], [ 23.20352, 70.678605 ], [ 23.26644, 70.68125 ], [ 23.24698, 70.700403 ] ], [ [ 23.075429, 70.834989 ], [ 22.982131, 70.846431 ], [ 23.05097, 70.830552 ], [ 23.075429, 70.834989 ] ], [ [ 24.140084, 70.929091 ], [ 24.153688, 70.934325 ], [ 24.138677, 70.939647 ], [ 24.212022, 70.946049 ], [ 24.183866, 70.9523 ], [ 24.223618, 70.960218 ], [ 24.04073, 70.96639 ], [ 24.067072, 70.979739 ], [ 24.060466, 70.988736 ], [ 24.154663, 71.002889 ], [ 24.090424, 71.00673 ], [ 24.038615, 71.008914 ], [ 24.061902, 71.019904 ], [ 24.046828, 71.033032 ], [ 24.007191, 71.023079 ], [ 23.98635, 71.03608 ], [ 23.905867, 71.028502 ], [ 23.889987, 71.023449 ], [ 23.938114, 71.011887 ], [ 23.883055, 71.003534 ], [ 23.942119, 71.000377 ], [ 23.841728, 70.996849 ], [ 23.8819, 70.982766 ], [ 24.029414, 70.988864 ], [ 23.938114, 70.978928 ], [ 23.890338, 70.954268 ], [ 23.963061, 70.946095 ], [ 23.924848, 70.935925 ], [ 24.013796, 70.915183 ], [ 24.078477, 70.917798 ], [ 24.093934, 70.935282 ], [ 24.140084, 70.929091 ] ], [ [ 24.075676, 71.059916 ], [ 24.142116, 71.081762 ], [ 24.010038, 71.083336 ], [ 24.046828, 71.059798 ], [ 24.020583, 71.052739 ], [ 23.989972, 71.071626 ], [ 23.939688, 71.071143 ], [ 23.964446, 71.044799 ], [ 24.055972, 71.042572 ], [ 24.109533, 71.050656 ], [ 24.075676, 71.059916 ] ], [ [ 24.03935, 34.857106 ], [ 24.071698, 34.82565 ], [ 24.132058, 34.806523 ], [ 24.111684, 34.830054 ], [ 24.120333, 34.86002 ], [ 24.083536, 34.868495 ], [ 24.03935, 34.857106 ] ], [ [ 34.063356, 35.011349 ], [ 33.91519, 35.159803 ], [ 33.900369, 35.199915 ], [ 33.906556, 35.256274 ], [ 33.9647, 35.320193 ], [ 34.063171, 35.327567 ], [ 34.080343, 35.366974 ], [ 34.135687, 35.416934 ], [ 34.30296, 35.491791 ], [ 34.408735, 35.55882 ], [ 34.425678, 35.592479 ], [ 34.562072, 35.642728 ], [ 34.584512, 35.694359 ], [ 34.355701, 35.625048 ], [ 34.288277, 35.57584 ], [ 34.229306, 35.557129 ], [ 34.177116, 35.561743 ], [ 34.116056, 35.500449 ], [ 33.98077, 35.447908 ], [ 33.850422, 35.413054 ], [ 33.771937, 35.413345 ], [ 33.652597, 35.359191 ], [ 33.482374, 35.332409 ], [ 33.371111, 35.334142 ], [ 33.113614, 35.36748 ], [ 33.095079, 35.353806 ], [ 33.048022, 35.358418 ], [ 32.921474, 35.402849 ], [ 32.934907, 35.268397 ], [ 32.911152, 35.197027 ], [ 32.881525, 35.162502 ], [ 32.824977, 35.141178 ], [ 32.737294, 35.179563 ], [ 32.649527, 35.195329 ], [ 32.551023, 35.175 ], [ 32.488921, 35.085234 ], [ 32.404625, 35.040223 ], [ 32.35907, 35.048004 ], [ 32.284852, 35.104893 ], [ 32.269781, 35.066214 ], [ 32.313017, 34.995735 ], [ 32.301968, 34.952588 ], [ 32.32558, 34.922507 ], [ 32.317844, 34.897892 ], [ 32.348124, 34.857916 ], [ 32.389239, 34.837633 ], [ 32.401015, 34.755162 ], [ 32.49484, 34.703625 ], [ 32.557111, 34.696222 ], [ 32.704559, 34.640971 ], [ 32.874535, 34.66654 ], [ 32.916768, 34.629005 ], [ 32.936656, 34.56839 ], [ 33.03126, 34.565256 ], [ 33.009167, 34.594597 ], [ 33.009892, 34.647057 ], [ 33.070753, 34.688424 ], [ 33.148269, 34.712252 ], [ 33.2581, 34.705461 ], [ 33.292871, 34.724118 ], [ 33.328546, 34.720372 ], [ 33.494409, 34.777596 ], [ 33.543284, 34.815432 ], [ 33.601974, 34.816188 ], [ 33.63834, 34.866137 ], [ 33.641892, 34.934257 ], [ 33.677889, 34.97154 ], [ 33.777213, 34.979174 ], [ 33.859311, 34.943103 ], [ 33.900157, 34.971433 ], [ 33.970752, 34.987499 ], [ 34.084759, 34.95677 ], [ 34.063356, 35.011349 ] ], [ [ 25.183151, 35.345313 ], [ 25.04674, 35.345244 ], [ 25.044875, 35.402784 ], [ 24.970415, 35.427442 ], [ 24.95387, 35.403516 ], [ 24.885672, 35.422056 ], [ 24.787978, 35.40739 ], [ 24.783231, 35.419855 ], [ 24.700443, 35.426229 ], [ 24.650503, 35.419617 ], [ 24.583198, 35.382846 ], [ 24.457903, 35.364832 ], [ 24.279527, 35.357319 ], [ 24.262288, 35.364041 ], [ 24.258311, 35.453202 ], [ 24.241672, 35.472779 ], [ 24.185161, 35.45025 ], [ 24.066442, 35.489911 ], [ 24.081088, 35.507532 ], [ 24.156669, 35.495176 ], [ 24.181678, 35.504963 ], [ 24.20046, 35.538658 ], [ 24.169011, 35.588886 ], [ 24.122984, 35.601133 ], [ 24.07997, 35.591824 ], [ 24.085527, 35.554784 ], [ 24.053578, 35.550545 ], [ 24.046735, 35.523999 ], [ 23.994282, 35.512469 ], [ 23.779834, 35.545841 ], [ 23.762595, 35.648122 ], [ 23.77276, 35.668908 ], [ 23.73725, 35.693408 ], [ 23.705701, 35.641162 ], [ 23.728419, 35.546364 ], [ 23.716612, 35.507671 ], [ 23.645877, 35.50456 ], [ 23.618524, 35.521544 ], [ 23.606276, 35.603722 ], [ 23.598957, 35.611765 ], [ 23.589166, 35.586022 ], [ 23.57764, 35.590417 ], [ 23.587852, 35.582055 ], [ 23.569877, 35.529339 ], [ 23.576066, 35.490694 ], [ 23.557065, 35.462339 ], [ 23.566555, 35.428435 ], [ 23.53385, 35.376321 ], [ 23.544783, 35.323805 ], [ 23.518811, 35.302124 ], [ 23.542118, 35.271217 ], [ 23.576703, 35.262844 ], [ 23.588442, 35.232018 ], [ 23.663016, 35.238498 ], [ 23.680117, 35.224659 ], [ 23.730691, 35.240379 ], [ 23.766518, 35.229701 ], [ 23.826209, 35.24889 ], [ 23.923521, 35.221803 ], [ 23.98762, 35.229596 ], [ 24.050556, 35.194404 ], [ 24.199612, 35.200527 ], [ 24.287524, 35.176006 ], [ 24.385963, 35.193994 ], [ 24.394056, 35.17377 ], [ 24.45492, 35.150614 ], [ 24.520121, 35.143491 ], [ 24.560314, 35.101865 ], [ 24.722517, 35.092544 ], [ 24.743472, 35.076091 ], [ 24.760145, 35.021174 ], [ 24.737465, 34.922425 ], [ 24.840114, 34.940771 ], [ 24.919477, 34.926063 ], [ 25.045068, 34.941971 ], [ 25.095853, 34.933554 ], [ 25.138732, 34.952906 ], [ 25.247304, 34.957863 ], [ 25.279807, 34.982812 ], [ 25.372747, 34.997301 ], [ 25.499966, 34.982263 ], [ 25.690457, 35.013945 ], [ 25.813119, 34.999984 ], [ 25.976346, 35.038945 ], [ 26.02497, 35.0155 ], [ 26.084205, 35.017775 ], [ 26.109242, 34.996298 ], [ 26.231424, 35.036108 ], [ 26.280081, 35.112154 ], [ 26.281911, 35.166243 ], [ 26.316906, 35.184557 ], [ 26.271046, 35.207718 ], [ 26.26516, 35.264586 ], [ 26.311227, 35.314155 ], [ 26.286427, 35.308111 ], [ 26.283985, 35.285574 ], [ 26.234631, 35.27765 ], [ 26.220302, 35.246069 ], [ 26.162044, 35.199744 ], [ 26.115363, 35.203004 ], [ 26.11081, 35.226686 ], [ 26.02787, 35.228307 ], [ 25.947117, 35.182672 ], [ 25.896633, 35.184787 ], [ 25.877646, 35.158916 ], [ 25.84815, 35.155597 ], [ 25.813694, 35.110319 ], [ 25.727645, 35.130578 ], [ 25.710176, 35.175435 ], [ 25.721862, 35.189589 ], [ 25.714284, 35.219576 ], [ 25.738273, 35.23177 ], [ 25.73208, 35.25305 ], [ 25.759297, 35.254674 ], [ 25.758409, 35.285648 ], [ 25.743196, 35.294571 ], [ 25.736327, 35.259754 ], [ 25.72213, 35.263419 ], [ 25.727603, 35.302843 ], [ 25.770837, 35.340909 ], [ 25.659677, 35.348087 ], [ 25.431141, 35.294305 ], [ 25.373436, 35.339792 ], [ 25.23498, 35.331395 ], [ 25.183151, 35.345313 ] ], [ [ 26.988641, 35.400078 ], [ 27.013508, 35.431966 ], [ 26.906236, 35.422478 ], [ 26.845326, 35.361481 ], [ 26.848336, 35.348058 ], [ 26.873715, 35.345209 ], [ 26.988641, 35.400078 ] ], [ [ 25.24783, 35.45097 ], [ 25.215682, 35.465762 ], [ 25.192651, 35.443599 ], [ 25.23712, 35.428339 ], [ 25.24783, 35.45097 ] ], [ [ 27.13412, 35.424545 ], [ 27.137694, 35.398543 ], [ 27.169268, 35.422297 ], [ 27.153409, 35.425449 ], [ 27.172105, 35.459146 ], [ 27.203028, 35.480728 ], [ 27.228973, 35.47557 ], [ 27.240677, 35.49521 ], [ 27.201171, 35.515552 ], [ 27.21692, 35.548078 ], [ 27.151419, 35.613073 ], [ 27.191804, 35.699867 ], [ 27.216576, 35.728847 ], [ 27.210759, 35.776094 ], [ 27.230012, 35.798301 ], [ 27.22976, 35.828418 ], [ 27.164906, 35.800083 ], [ 27.162552, 35.727424 ], [ 27.123514, 35.682397 ], [ 27.119758, 35.644502 ], [ 27.063321, 35.598372 ], [ 27.111474, 35.547712 ], [ 27.11895, 35.484391 ], [ 27.081038, 35.446039 ], [ 27.13412, 35.424545 ] ], [ [ 27.18639, 35.860433 ], [ 27.201944, 35.841633 ], [ 27.238361, 35.831125 ], [ 27.239164, 35.902114 ], [ 27.219634, 35.900312 ], [ 27.200029, 35.864044 ], [ 27.18639, 35.860433 ] ], [ [ 28.098908, 36.10358 ], [ 28.067635, 36.109411 ], [ 28.07748, 36.14532 ], [ 28.105523, 36.180795 ], [ 28.138188, 36.187494 ], [ 28.147611, 36.226558 ], [ 28.175082, 36.24982 ], [ 28.174679, 36.280942 ], [ 28.212714, 36.321216 ], [ 28.207507, 36.34929 ], [ 28.240811, 36.382997 ], [ 28.228757, 36.404062 ], [ 28.238322, 36.44354 ], [ 28.220305, 36.457112 ], [ 28.187201, 36.421377 ], [ 28.113135, 36.417693 ], [ 27.914849, 36.342498 ], [ 27.843291, 36.282383 ], [ 27.805751, 36.269836 ], [ 27.764569, 36.187632 ], [ 27.68388, 36.151993 ], [ 27.70545, 36.145581 ], [ 27.712081, 36.113056 ], [ 27.758278, 36.095316 ], [ 27.754986, 36.013793 ], [ 27.719668, 35.940405 ], [ 27.734898, 35.915316 ], [ 27.771256, 35.88764 ], [ 27.796046, 35.889584 ], [ 27.862485, 35.928109 ], [ 27.955425, 36.045795 ], [ 28.02296, 36.076234 ], [ 28.086081, 36.054585 ], [ 28.075838, 36.073807 ], [ 28.098908, 36.10358 ] ], [ [ 27.614456, 36.215477 ], [ 27.618822, 36.241952 ], [ 27.51852, 36.237556 ], [ 27.520041, 36.206655 ], [ 27.556677, 36.219085 ], [ 27.582037, 36.207504 ], [ 27.614456, 36.215477 ] ], [ [ 25.733874, 36.375912 ], [ 25.733874, 36.355871 ], [ 25.77978, 36.343323 ], [ 25.856475, 36.351456 ], [ 25.766143, 36.403723 ], [ 25.733874, 36.375912 ] ], [ [ 25.475565, 36.356018 ], [ 25.483056, 36.411816 ], [ 25.421567, 36.473059 ], [ 25.371193, 36.472595 ], [ 25.373191, 36.458797 ], [ 25.418274, 36.454037 ], [ 25.433234, 36.39327 ], [ 25.414628, 36.362871 ], [ 25.356874, 36.357767 ], [ 25.440664, 36.332565 ], [ 25.475565, 36.356018 ] ], [ [ 27.392629, 36.434219 ], [ 27.35913, 36.480217 ], [ 27.330792, 36.458729 ], [ 27.296241, 36.465802 ], [ 27.295054, 36.424057 ], [ 27.313662, 36.414109 ], [ 27.352993, 36.431609 ], [ 27.363668, 36.395753 ], [ 27.394439, 36.376558 ], [ 27.450211, 36.406317 ], [ 27.436867, 36.416682 ], [ 27.427757, 36.40188 ], [ 27.387925, 36.41511 ], [ 27.392629, 36.434219 ] ], [ [ 26.372281, 36.635151 ], [ 26.400603, 36.584883 ], [ 26.38047, 36.591605 ], [ 26.344606, 36.570776 ], [ 26.271477, 36.598382 ], [ 26.26154, 36.581613 ], [ 26.290058, 36.520311 ], [ 26.325518, 36.507526 ], [ 26.3631, 36.512679 ], [ 26.341692, 36.539516 ], [ 26.365932, 36.57622 ], [ 26.415192, 36.572713 ], [ 26.443988, 36.589385 ], [ 26.471667, 36.582179 ], [ 26.389128, 36.643893 ], [ 26.372281, 36.635151 ] ], [ [ 27.213275, 36.586628 ], [ 27.189379, 36.618735 ], [ 27.136953, 36.613731 ], [ 27.123245, 36.572964 ], [ 27.144833, 36.565378 ], [ 27.190675, 36.557662 ], [ 27.213275, 36.586628 ] ], [ [ 27.828405, 36.540846 ], [ 27.844494, 36.536467 ], [ 27.877105, 36.553119 ], [ 27.864418, 36.566197 ], [ 27.877421, 36.577208 ], [ 27.859231, 36.580894 ], [ 27.880452, 36.606644 ], [ 27.855183, 36.616099 ], [ 27.872509, 36.631129 ], [ 27.84025, 36.616499 ], [ 27.815092, 36.623883 ], [ 27.842856, 36.646588 ], [ 27.866132, 36.65262 ], [ 27.860842, 36.667196 ], [ 27.796576, 36.629286 ], [ 27.785337, 36.604085 ], [ 27.766991, 36.604469 ], [ 27.769647, 36.587247 ], [ 27.812989, 36.58984 ], [ 27.795912, 36.565735 ], [ 27.847066, 36.56259 ], [ 27.828405, 36.540846 ] ], [ [ 24.839294, 36.658114 ], [ 24.86247, 36.631439 ], [ 24.893593, 36.630347 ], [ 24.914822, 36.59762 ], [ 24.957834, 36.601642 ], [ 24.9277, 36.635538 ], [ 24.858549, 36.667109 ], [ 24.839294, 36.658114 ] ], [ [ 25.165372, 36.717993 ], [ 25.099185, 36.69612 ], [ 25.060135, 36.637441 ], [ 25.116406, 36.652127 ], [ 25.17273, 36.694545 ], [ 25.183626, 36.713839 ], [ 25.165372, 36.717993 ] ], [ [ 24.469391, 36.706539 ], [ 24.447978, 36.689998 ], [ 24.397739, 36.704419 ], [ 24.395883, 36.734954 ], [ 24.341398, 36.74256 ], [ 24.325455, 36.645989 ], [ 24.534072, 36.677701 ], [ 24.547182, 36.702859 ], [ 24.531587, 36.741417 ], [ 24.542703, 36.754796 ], [ 24.524521, 36.768378 ], [ 24.507135, 36.758024 ], [ 24.46873, 36.742402 ], [ 24.426529, 36.759662 ], [ 24.42668, 36.772394 ], [ 24.412709, 36.76771 ], [ 24.406198, 36.750769 ], [ 24.429428, 36.724065 ], [ 24.451863, 36.725708 ], [ 24.469391, 36.706539 ] ], [ [ 25.259179, 36.719967 ], [ 25.29301, 36.712624 ], [ 25.353085, 36.64714 ], [ 25.38204, 36.654447 ], [ 25.395781, 36.722352 ], [ 25.330585, 36.75485 ], [ 25.30698, 36.790768 ], [ 25.274039, 36.785863 ], [ 25.259179, 36.719967 ] ], [ [ 24.638395, 36.748183 ], [ 24.665902, 36.754796 ], [ 24.659779, 36.777021 ], [ 24.61134, 36.786844 ], [ 24.616374, 36.754899 ], [ 24.638395, 36.748183 ] ], [ [ 27.280338, 36.9158 ], [ 27.166341, 36.88854 ], [ 27.075265, 36.849491 ], [ 26.994605, 36.771555 ], [ 26.92368, 36.762244 ], [ 26.917431, 36.720208 ], [ 26.971905, 36.67255 ], [ 26.975991, 36.747261 ], [ 27.029049, 36.766422 ], [ 27.112351, 36.758085 ], [ 27.170948, 36.807361 ], [ 27.265319, 36.830984 ], [ 27.354647, 36.860279 ], [ 27.351007, 36.875068 ], [ 27.340171, 36.890347 ], [ 27.287586, 36.89556 ], [ 27.280338, 36.9158 ] ], [ [ 24.588365, 36.791353 ], [ 24.602401, 36.827438 ], [ 24.559558, 36.844186 ], [ 24.522342, 36.821358 ], [ 24.529967, 36.782616 ], [ 24.548779, 36.77381 ], [ 24.588365, 36.791353 ] ], [ [ 25.478855, 36.847563 ], [ 25.464744, 36.869335 ], [ 25.414742, 36.830051 ], [ 25.45532, 36.81958 ], [ 25.479483, 36.830519 ], [ 25.478855, 36.847563 ] ], [ [ 26.000849, 36.936187 ], [ 25.959883, 36.917826 ], [ 25.972811, 36.899295 ], [ 25.846002, 36.850694 ], [ 25.840836, 36.836986 ], [ 25.862499, 36.830296 ], [ 25.847417, 36.813793 ], [ 25.785104, 36.813981 ], [ 25.74213, 36.790555 ], [ 25.799049, 36.768168 ], [ 25.863702, 36.787846 ], [ 25.983671, 36.883039 ], [ 26.087816, 36.896293 ], [ 26.000849, 36.936187 ] ], [ [ 25.688294, 36.87832 ], [ 25.647092, 36.908656 ], [ 25.606502, 36.888464 ], [ 25.668271, 36.878355 ], [ 25.688294, 36.87832 ] ], [ [ 27.133262, 36.922098 ], [ 27.176085, 36.919417 ], [ 27.151061, 36.935555 ], [ 27.17337, 36.95151 ], [ 27.15989, 36.958239 ], [ 27.108253, 36.953684 ], [ 27.133262, 36.922098 ] ], [ [ 24.656773, 36.980626 ], [ 24.699936, 36.902429 ], [ 24.764769, 36.949574 ], [ 24.721648, 36.998679 ], [ 24.698104, 37.025769 ], [ 24.637938, 37.039692 ], [ 24.656295, 36.998457 ], [ 24.677928, 36.992682 ], [ 24.656773, 36.980626 ] ], [ [ 26.938981, 37.017158 ], [ 26.932163, 36.970076 ], [ 26.911061, 36.951207 ], [ 26.941755, 36.927453 ], [ 26.98659, 36.929154 ], [ 26.987244, 36.950716 ], [ 27.053676, 36.948804 ], [ 27.032061, 36.958776 ], [ 27.049776, 36.998894 ], [ 27.032347, 37.014169 ], [ 27.006306, 37.006379 ], [ 26.979773, 37.038966 ], [ 26.992429, 37.037927 ], [ 26.953527, 37.063548 ], [ 26.88245, 37.074373 ], [ 26.916921, 37.053245 ], [ 26.912633, 37.038866 ], [ 26.939011, 37.04305 ], [ 26.963782, 37.01765 ], [ 26.938981, 37.017158 ] ], [ [ 25.020587, 37.007622 ], [ 25.017802, 36.976111 ], [ 25.069831, 36.942865 ], [ 25.060329, 36.969926 ], [ 25.086721, 37.059578 ], [ 25.020587, 37.007622 ] ], [ [ 25.365296, 37.083446 ], [ 25.341419, 37.08803 ], [ 25.374488, 37.043231 ], [ 25.367426, 37.024059 ], [ 25.387212, 36.980527 ], [ 25.424786, 36.964707 ], [ 25.434978, 36.920621 ], [ 25.54875, 36.957463 ], [ 25.587562, 37.077905 ], [ 25.604554, 37.083298 ], [ 25.591727, 37.089685 ], [ 25.59248, 37.127476 ], [ 25.577013, 37.163189 ], [ 25.53157, 37.202387 ], [ 25.375751, 37.10859 ], [ 25.365296, 37.083446 ] ], [ [ 25.155056, 37.088867 ], [ 25.10808, 37.062348 ], [ 25.099929, 37.016322 ], [ 25.117885, 36.994381 ], [ 25.179765, 36.975421 ], [ 25.248252, 37.013337 ], [ 25.274549, 37.049374 ], [ 25.256391, 37.080437 ], [ 25.293165, 37.142075 ], [ 25.263499, 37.150885 ], [ 25.264998, 37.125371 ], [ 25.221106, 37.120519 ], [ 25.212098, 37.127079 ], [ 25.236381, 37.144502 ], [ 25.225691, 37.154465 ], [ 25.131137, 37.09496 ], [ 25.155056, 37.088867 ] ], [ [ 25.819766, 37.123844 ], [ 25.829957, 37.134912 ], [ 25.795242, 37.114131 ], [ 25.780404, 37.12038 ], [ 25.812046, 37.090477 ], [ 25.835293, 37.096041 ], [ 25.819766, 37.123844 ] ], [ [ 26.808876, 37.202038 ], [ 26.766635, 37.181259 ], [ 26.799175, 37.152533 ], [ 26.82891, 37.152105 ], [ 26.808876, 37.133317 ], [ 26.814857, 37.118484 ], [ 26.85787, 37.129926 ], [ 26.833563, 37.110457 ], [ 26.85222, 37.096564 ], [ 26.890505, 37.110865 ], [ 26.861016, 37.143994 ], [ 26.867946, 37.157108 ], [ 26.837265, 37.162257 ], [ 26.855863, 37.18603 ], [ 26.808876, 37.202038 ] ], [ [ 24.413623, 37.121826 ], [ 24.460325, 37.138365 ], [ 24.459318, 37.121956 ], [ 24.492535, 37.124461 ], [ 24.483344, 37.112634 ], [ 24.505322, 37.110617 ], [ 24.513993, 37.144111 ], [ 24.528606, 37.132909 ], [ 24.539111, 37.143261 ], [ 24.522999, 37.160017 ], [ 24.534641, 37.185405 ], [ 24.524036, 37.199489 ], [ 24.493029, 37.210119 ], [ 24.445413, 37.192188 ], [ 24.413623, 37.121826 ] ], [ [ 26.710776, 37.318547 ], [ 26.71823, 37.30261 ], [ 26.761924, 37.297338 ], [ 26.775773, 37.28145 ], [ 26.789339, 37.287144 ], [ 26.786325, 37.306394 ], [ 26.730928, 37.32658 ], [ 26.710776, 37.318547 ] ], [ [ 26.543328, 37.335754 ], [ 26.527924, 37.290135 ], [ 26.553032, 37.291193 ], [ 26.543787, 37.276091 ], [ 26.571333, 37.270934 ], [ 26.560939, 37.298553 ], [ 26.57199, 37.305432 ], [ 26.544601, 37.326568 ], [ 26.558716, 37.326136 ], [ 26.567718, 37.349293 ], [ 26.611864, 37.341216 ], [ 26.572813, 37.376993 ], [ 26.549617, 37.366888 ], [ 26.534961, 37.377509 ], [ 26.543328, 37.335754 ] ], [ [ 24.457491, 37.394077 ], [ 24.48396, 37.400872 ], [ 24.46869, 37.425336 ], [ 24.428047, 37.443593 ], [ 24.436352, 37.481542 ], [ 24.366059, 37.420977 ], [ 24.392828, 37.41252 ], [ 24.397554, 37.366717 ], [ 24.36546, 37.302519 ], [ 24.395702, 37.308345 ], [ 24.432944, 37.344821 ], [ 24.457491, 37.394077 ] ], [ [ 24.971669, 37.401426 ], [ 24.936993, 37.432889 ], [ 24.944129, 37.486743 ], [ 24.883647, 37.513381 ], [ 24.899457, 37.489795 ], [ 24.898528, 37.447717 ], [ 24.866904, 37.429129 ], [ 24.875384, 37.422358 ], [ 24.8565, 37.396629 ], [ 24.883248, 37.394131 ], [ 24.879436, 37.365692 ], [ 24.947515, 37.384089 ], [ 24.971669, 37.401426 ] ], [ [ 25.313983, 37.490361 ], [ 25.328673, 37.448849 ], [ 25.322743, 37.430893 ], [ 25.302117, 37.431249 ], [ 25.310895, 37.406851 ], [ 25.32349, 37.419891 ], [ 25.36102, 37.407429 ], [ 25.40018, 37.415618 ], [ 25.424434, 37.441529 ], [ 25.456984, 37.445332 ], [ 25.459511, 37.473423 ], [ 25.414628, 37.481827 ], [ 25.386335, 37.494143 ], [ 25.376842, 37.463766 ], [ 25.35564, 37.496744 ], [ 25.313983, 37.490361 ] ], [ [ 27.004044, 37.463364 ], [ 26.986178, 37.474591 ], [ 27.002568, 37.478568 ], [ 26.928837, 37.474129 ], [ 26.960527, 37.444765 ], [ 27.004044, 37.463364 ] ], [ [ 26.44834, 37.56396 ], [ 26.453762, 37.594058 ], [ 26.426745, 37.605696 ], [ 26.425808, 37.587538 ], [ 26.39595, 37.577585 ], [ 26.437731, 37.576672 ], [ 26.44834, 37.56396 ] ], [ [ 26.473375, 37.571688 ], [ 26.508824, 37.528457 ], [ 26.496879, 37.576041 ], [ 26.544991, 37.618902 ], [ 26.513474, 37.655229 ], [ 26.497194, 37.630495 ], [ 26.516844, 37.598248 ], [ 26.494843, 37.583864 ], [ 26.479488, 37.605405 ], [ 26.473375, 37.571688 ] ], [ [ 26.291177, 37.609717 ], [ 26.364101, 37.6892 ], [ 26.296474, 37.679592 ], [ 26.200071, 37.627557 ], [ 26.082131, 37.635707 ], [ 26.008946, 37.575379 ], [ 25.974569, 37.520403 ], [ 25.987641, 37.509477 ], [ 26.062941, 37.516982 ], [ 26.109262, 37.553943 ], [ 26.154339, 37.559024 ], [ 26.214383, 37.568078 ], [ 26.291177, 37.609717 ] ], [ [ 24.967088, 37.671968 ], [ 24.996286, 37.639074 ], [ 25.101873, 37.578383 ], [ 25.115311, 37.549758 ], [ 25.18788, 37.525075 ], [ 25.232403, 37.537891 ], [ 25.254127, 37.600594 ], [ 25.236532, 37.6207 ], [ 25.186671, 37.63986 ], [ 25.142091, 37.631266 ], [ 25.117312, 37.653031 ], [ 25.05987, 37.648208 ], [ 25.051939, 37.675882 ], [ 24.967088, 37.671968 ] ], [ [ 24.355519, 37.573638 ], [ 24.401801, 37.636163 ], [ 24.399616, 37.665357 ], [ 24.361795, 37.683244 ], [ 24.295006, 37.657632 ], [ 24.26898, 37.610857 ], [ 24.265073, 37.583848 ], [ 24.280348, 37.577543 ], [ 24.272147, 37.529989 ], [ 24.294998, 37.525747 ], [ 24.355519, 37.573638 ] ], [ [ 24.742335, 37.631847 ], [ 24.664652, 37.607655 ], [ 24.742247, 37.593548 ], [ 24.742335, 37.631847 ] ], [ [ 24.142594, 37.756091 ], [ 24.105359, 37.649854 ], [ 24.148439, 37.732866 ], [ 24.142594, 37.756091 ] ], [ [ 26.599399, 37.762842 ], [ 26.568932, 37.731972 ], [ 26.590902, 37.67845 ], [ 26.644864, 37.702533 ], [ 26.722229, 37.708859 ], [ 26.799409, 37.641599 ], [ 26.857316, 37.637418 ], [ 26.911717, 37.682472 ], [ 27.063698, 37.713214 ], [ 27.028097, 37.754685 ], [ 27.056495, 37.777183 ], [ 26.98958, 37.785887 ], [ 26.953901, 37.786126 ], [ 26.967113, 37.749141 ], [ 26.850322, 37.804561 ], [ 26.735257, 37.811885 ], [ 26.599399, 37.762842 ] ], [ [ 24.690753, 37.961165 ], [ 24.685433, 37.923711 ], [ 24.711724, 37.875506 ], [ 24.76773, 37.871834 ], [ 24.827396, 37.799661 ], [ 24.88788, 37.764294 ], [ 24.951476, 37.684363 ], [ 24.99798, 37.768963 ], [ 24.952755, 37.771734 ], [ 24.978222, 37.813713 ], [ 24.969616, 37.82459 ], [ 24.937792, 37.842814 ], [ 24.952871, 37.898185 ], [ 24.84251, 37.912592 ], [ 24.828265, 37.959586 ], [ 24.79384, 37.97274 ], [ 24.788207, 37.996232 ], [ 24.690753, 37.961165 ] ], [ [ 24.229039, 37.985867 ], [ 24.278162, 37.979852 ], [ 24.278822, 38.010247 ], [ 24.251928, 38.018164 ], [ 24.229039, 37.985867 ] ], [ [ 26.037524, 38.197088 ], [ 26.099368, 38.212106 ], [ 26.113576, 38.231991 ], [ 26.104773, 38.272398 ], [ 26.156999, 38.309661 ], [ 26.134428, 38.415582 ], [ 26.152819, 38.45978 ], [ 26.125741, 38.480838 ], [ 26.151912, 38.498303 ], [ 26.16418, 38.552884 ], [ 26.136105, 38.564862 ], [ 26.127892, 38.550148 ], [ 26.089732, 38.557613 ], [ 26.063082, 38.591924 ], [ 26.003285, 38.604094 ], [ 25.859299, 38.580398 ], [ 25.832212, 38.543423 ], [ 25.864845, 38.49188 ], [ 25.942731, 38.458125 ], [ 25.962098, 38.404083 ], [ 25.989853, 38.388763 ], [ 25.994585, 38.352256 ], [ 25.963705, 38.297861 ], [ 25.919243, 38.298783 ], [ 25.876077, 38.271415 ], [ 25.865941, 38.244342 ], [ 26.01187, 38.14998 ], [ 26.037524, 38.197088 ] ], [ [ 26.184455, 38.542181 ], [ 26.20277, 38.517219 ], [ 26.249109, 38.511342 ], [ 26.271737, 38.520216 ], [ 26.184455, 38.542181 ] ], [ [ 25.565346, 38.563302 ], [ 25.56289, 38.533353 ], [ 25.569535, 38.543869 ], [ 25.610018, 38.535285 ], [ 25.620993, 38.574414 ], [ 25.590735, 38.608822 ], [ 25.529873, 38.594565 ], [ 25.565346, 38.563302 ] ], [ [ 24.466548, 38.915851 ], [ 24.434073, 38.878119 ], [ 24.477527, 38.871802 ], [ 24.507548, 38.844557 ], [ 24.563705, 38.839834 ], [ 24.566343, 38.808204 ], [ 24.53208, 38.789126 ], [ 24.565189, 38.763062 ], [ 24.586861, 38.789251 ], [ 24.617479, 38.765545 ], [ 24.681257, 38.773396 ], [ 24.674198, 38.809848 ], [ 24.573146, 38.871141 ], [ 24.57688, 38.926704 ], [ 24.560966, 38.937237 ], [ 24.490307, 38.976327 ], [ 24.450397, 38.947602 ], [ 24.466548, 38.915851 ] ], [ [ 26.531489, 39.064516 ], [ 26.512912, 39.050449 ], [ 26.540026, 39.013498 ], [ 26.603986, 39.009408 ], [ 26.610318, 39.046791 ], [ 26.530978, 39.141568 ], [ 26.539524, 39.166654 ], [ 26.504597, 39.177936 ], [ 26.476646, 39.22129 ], [ 26.382817, 39.270617 ], [ 26.395686, 39.298242 ], [ 26.422399, 39.333563 ], [ 26.356301, 39.349259 ], [ 26.364782, 39.376325 ], [ 26.340552, 39.387524 ], [ 26.316294, 39.374395 ], [ 26.182696, 39.377336 ], [ 26.169049, 39.370345 ], [ 26.177342, 39.333358 ], [ 26.120562, 39.3073 ], [ 26.100918, 39.313437 ], [ 25.992895, 39.279883 ], [ 25.906882, 39.291317 ], [ 25.859978, 39.255977 ], [ 25.851965, 39.190558 ], [ 25.836174, 39.185828 ], [ 25.958148, 39.106986 ], [ 26.072527, 39.088615 ], [ 26.112959, 39.10787 ], [ 26.169144, 39.195562 ], [ 26.247348, 39.205618 ], [ 26.291443, 39.187092 ], [ 26.280597, 39.156267 ], [ 26.187771, 39.124692 ], [ 26.159384, 39.096586 ], [ 26.086731, 39.078213 ], [ 26.168996, 39.007721 ], [ 26.230892, 39.016147 ], [ 26.399879, 38.963578 ], [ 26.518651, 38.972209 ], [ 26.541373, 38.987591 ], [ 26.530261, 39.021241 ], [ 26.4428, 39.100315 ], [ 26.480899, 39.118876 ], [ 26.528252, 39.081541 ], [ 26.531489, 39.064516 ] ], [ [ 24.157402, 39.360496 ], [ 24.175583, 39.378243 ], [ 24.186358, 39.40093 ], [ 24.175666, 39.42761 ], [ 24.137404, 39.370584 ], [ 24.157402, 39.360496 ] ], [ [ 24.980725, 39.466968 ], [ 25.041034, 39.512621 ], [ 25.057101, 39.531095 ], [ 24.998058, 39.561512 ], [ 24.971575, 39.515618 ], [ 24.980725, 39.466968 ] ], [ [ 25.199629, 39.887765 ], [ 25.256188, 39.910888 ], [ 25.275635, 39.89192 ], [ 25.240547, 39.853351 ], [ 25.290027, 39.824135 ], [ 25.302408, 39.795781 ], [ 25.349963, 39.783626 ], [ 25.369782, 39.811065 ], [ 25.344321, 39.839632 ], [ 25.342407, 39.876635 ], [ 25.370092, 39.912596 ], [ 25.383981, 39.911858 ], [ 25.388359, 39.942395 ], [ 25.442448, 39.980808 ], [ 25.433368, 40.017087 ], [ 25.445307, 40.034484 ], [ 25.399758, 40.006893 ], [ 25.370954, 40.016509 ], [ 25.342921, 39.966529 ], [ 25.288606, 39.942338 ], [ 25.26753, 39.986198 ], [ 25.231054, 40.003116 ], [ 25.075409, 39.991286 ], [ 25.047028, 39.97707 ], [ 25.04995, 39.93832 ], [ 25.070132, 39.914763 ], [ 25.049017, 39.835833 ], [ 25.117195, 39.850194 ], [ 25.135116, 39.835397 ], [ 25.167537, 39.853834 ], [ 25.146148, 39.8092 ], [ 25.224036, 39.798686 ], [ 25.205348, 39.83813 ], [ 25.182193, 39.848754 ], [ 25.221878, 39.880049 ], [ 25.199629, 39.887765 ] ], [ [ 25.559228, 40.396049 ], [ 25.601806, 40.393932 ], [ 25.696802, 40.422599 ], [ 25.699574, 40.46408 ], [ 25.650204, 40.494101 ], [ 25.565154, 40.510352 ], [ 25.449678, 40.472732 ], [ 25.559228, 40.396049 ] ], [ [ 24.528745, 40.621644 ], [ 24.589403, 40.621391 ], [ 24.642791, 40.56865 ], [ 24.692692, 40.597438 ], [ 24.759531, 40.61598 ], [ 24.773101, 40.607369 ], [ 24.782155, 40.625133 ], [ 24.763061, 40.673887 ], [ 24.782045, 40.685998 ], [ 24.757651, 40.716735 ], [ 24.783542, 40.734935 ], [ 24.766685, 40.745098 ], [ 24.716243, 40.785304 ], [ 24.692111, 40.777247 ], [ 24.65041, 40.800772 ], [ 24.630123, 40.793598 ], [ 24.583432, 40.760176 ], [ 24.563005, 40.762193 ], [ 24.514586, 40.672043 ], [ 24.512777, 40.638353 ], [ 24.528745, 40.621644 ] ], [ [ 24.50994, 59.606208 ], [ 24.475031, 59.570507 ], [ 24.516814, 59.542184 ], [ 24.564234, 59.540686 ], [ 24.50994, 59.606208 ] ], [ [ 24.999089, 59.627999 ], [ 24.988379, 59.620112 ], [ 24.982636, 59.611132 ], [ 25.041167, 59.614454 ], [ 24.969784, 59.645201 ], [ 24.999089, 59.627999 ] ], [ [ 25.837608, 60.232147 ], [ 25.800792, 60.198269 ], [ 25.90651, 60.212707 ], [ 25.837608, 60.232147 ] ], [ [ 25.569615, 60.27179 ], [ 25.586173, 60.247674 ], [ 25.615009, 60.235597 ], [ 25.643958, 60.244374 ], [ 25.592354, 60.22633 ], [ 25.624605, 60.202577 ], [ 25.642912, 60.212066 ], [ 25.637627, 60.227965 ], [ 25.679002, 60.239667 ], [ 25.671572, 60.259557 ], [ 25.638786, 60.274563 ], [ 25.612756, 60.287621 ], [ 25.617885, 60.303003 ], [ 25.601666, 60.31604 ], [ 25.57457, 60.302696 ], [ 25.569615, 60.27179 ] ], [ [ 26.123511, 60.279734 ], [ 26.136857, 60.283024 ], [ 26.120125, 60.291669 ], [ 26.144585, 60.290693 ], [ 26.124195, 60.31075 ], [ 26.099422, 60.30804 ], [ 26.102522, 60.288721 ], [ 26.038785, 60.293719 ], [ 26.077035, 60.278337 ], [ 26.098098, 60.285687 ], [ 26.106999, 60.271125 ], [ 26.123511, 60.279734 ] ], [ [ 25.934589, 60.302534 ], [ 25.936868, 60.271922 ], [ 26.037103, 60.285857 ], [ 25.994041, 60.293061 ], [ 26.009823, 60.320375 ], [ 25.995909, 60.335885 ], [ 25.930094, 60.351368 ], [ 25.960734, 60.30201 ], [ 25.934589, 60.302534 ] ], [ [ 26.166944, 60.349203 ], [ 26.196615, 60.31751 ], [ 26.236423, 60.319501 ], [ 26.249627, 60.320686 ], [ 26.166944, 60.349203 ] ], [ [ 27.012359, 60.407407 ], [ 27.053444, 60.371744 ], [ 27.067127, 60.376165 ], [ 27.062026, 60.404416 ], [ 27.012359, 60.407407 ] ], [ [ 27.031408, 60.413536 ], [ 27.019521, 60.422473 ], [ 27.041589, 60.438615 ], [ 27.033622, 60.456758 ], [ 26.990298, 60.4321 ], [ 27.031408, 60.413536 ] ], [ [ 26.920341, 60.427979 ], [ 26.911213, 60.457546 ], [ 26.880046, 60.466967 ], [ 26.843826, 60.445839 ], [ 26.858342, 60.428605 ], [ 26.920341, 60.427979 ] ], [ [ 25.010554, 65.030515 ], [ 25.060348, 65.043097 ], [ 25.027865, 65.057681 ], [ 24.925983, 65.060877 ], [ 24.886185, 65.059775 ], [ 24.898674, 65.070503 ], [ 24.877339, 65.08728 ], [ 24.822051, 65.094568 ], [ 24.64784, 65.081716 ], [ 24.558687, 65.038348 ], [ 24.577622, 65.003488 ], [ 24.626935, 64.970183 ], [ 24.695605, 64.960145 ], [ 24.719603, 64.969711 ], [ 24.703518, 64.976202 ], [ 24.748696, 64.979503 ], [ 24.738868, 64.960232 ], [ 24.769951, 64.935381 ], [ 24.877109, 64.968189 ], [ 24.873017, 65.009702 ], [ 24.820635, 65.033405 ], [ 24.827080034350278, 65.04760101571722 ], [ 25.010554, 65.030515 ] ], [ [ 24.602064, 65.66778 ], [ 24.588834, 65.685572 ], [ 24.603287, 65.705374 ], [ 24.573451, 65.682441 ], [ 24.512134, 65.670635 ], [ 24.541598, 65.656985 ], [ 24.602064, 65.66778 ] ], [ [ 29.912624, 69.82728 ], [ 29.998185, 69.830617 ], [ 29.98462, 69.83871 ], [ 30.007295, 69.832216 ], [ 30.016664, 69.844391 ], [ 29.984449, 69.855865 ], [ 29.998811, 69.861349 ], [ 29.993816, 69.874787 ], [ 29.961025, 69.869497 ], [ 29.986204, 69.881338 ], [ 29.958955, 69.8932 ], [ 29.803271, 69.906989 ], [ 29.801044, 69.807215 ], [ 29.766122, 69.814275 ], [ 29.700143, 69.757256 ], [ 29.849452, 69.759253 ], [ 29.842851, 69.773511 ], [ 29.878084, 69.768402 ], [ 30.094402, 69.820479 ], [ 30.074079, 69.836641 ], [ 30.01545, 69.81505 ], [ 29.946463, 69.827067 ], [ 29.909615, 69.813044 ], [ 29.912624, 69.82728 ] ], [ [ 30.017407, 69.884154 ], [ 30.042917, 69.855543 ], [ 30.09563, 69.861846 ], [ 30.067553, 69.864228 ], [ 30.080276, 69.88074 ], [ 30.05072, 69.880682 ], [ 30.017407, 69.884154 ] ], [ [ 25.229895, 70.243142 ], [ 25.31702, 70.261782 ], [ 25.34201, 70.28022 ], [ 25.308872, 70.29829 ], [ 25.251873, 70.275245 ], [ 25.229895, 70.243142 ] ], [ [ 25.816244, 70.666085 ], [ 25.8831, 70.691419 ], [ 25.861631, 70.712691 ], [ 25.77796, 70.69105 ], [ 25.783493, 70.66934 ], [ 25.816244, 70.666085 ] ], [ [ 27.191348, 70.804672 ], [ 27.164461, 70.792163 ], [ 27.156783, 70.784353 ], [ 27.19707, 70.777269 ], [ 27.211314, 70.795265 ], [ 27.191348, 70.804672 ] ], [ [ 24.708836, 70.999531 ], [ 24.567821, 71.021245 ], [ 24.541791, 71.01021 ], [ 24.690619, 70.996321 ], [ 24.708836, 70.999531 ] ], [ [ 25.052839, 71.037474 ], [ 24.994593, 71.032977 ], [ 24.971954, 71.050164 ], [ 24.939469, 71.044475 ], [ 24.927386, 71.025775 ], [ 24.993068, 71.007787 ], [ 24.953936, 71.000913 ], [ 24.975925, 70.996626 ], [ 25.018947, 71.003231 ], [ 25.006698, 71.007021 ], [ 25.043569, 71.032752 ], [ 25.052839, 71.037474 ] ], [ [ 25.894859, 71.056772 ], [ 25.840141, 71.069389 ], [ 25.980343, 71.08241 ], [ 26.044162, 71.112616 ], [ 25.984795, 71.140925 ], [ 25.938038, 71.111803 ], [ 25.918898, 71.130295 ], [ 25.851183, 71.107056 ], [ 25.829348, 71.111979 ], [ 25.869249, 71.127374 ], [ 25.755794, 71.113558 ], [ 25.81473, 71.166088 ], [ 25.683673, 71.151638 ], [ 25.673503, 71.184162 ], [ 25.531176, 71.15565 ], [ 25.736101, 71.079041 ], [ 25.723763, 71.069003 ], [ 25.611562, 71.101391 ], [ 25.55626, 71.093037 ], [ 25.564412, 71.11183 ], [ 25.485754, 71.104595 ], [ 25.451744, 71.116565 ], [ 25.451565, 71.087237 ], [ 25.365556, 71.104168 ], [ 25.355799, 71.101474 ], [ 25.36974, 71.094706 ], [ 25.272247, 71.099405 ], [ 25.275084, 71.085876 ], [ 25.325111, 71.075624 ], [ 25.248009, 71.050911 ], [ 25.292623, 71.046225 ], [ 25.251233, 71.037712 ], [ 25.3087, 71.014186 ], [ 25.469647, 71.037886 ], [ 25.541699, 71.032181 ], [ 25.550892, 71.022219 ], [ 25.393956, 70.994183 ], [ 25.556213, 70.932898 ], [ 25.614588, 70.939112 ], [ 25.61516, 70.950069 ], [ 25.731083, 70.945531 ], [ 25.676596, 70.959772 ], [ 25.740014, 70.989984 ], [ 25.780922, 70.973478 ], [ 25.907069, 70.967732 ], [ 25.96205, 70.995175 ], [ 25.967208, 70.977443 ], [ 25.991188, 70.973266 ], [ 26.076865, 70.985832 ], [ 26.179767, 71.011962 ], [ 26.224045, 71.043398 ], [ 26.221425, 71.060795 ], [ 26.158458, 71.057071 ], [ 26.053073, 71.010897 ], [ 25.895677, 71.011041 ], [ 25.883904, 71.019242 ], [ 25.963871, 71.029216 ], [ 25.908093, 71.049351 ], [ 25.87839, 71.038552 ], [ 25.894859, 71.056772 ] ], [ [ 24.69911, 71.111967 ], [ 24.751304, 71.085622 ], [ 24.728536, 71.06992 ], [ 24.655632, 71.09073 ], [ 24.605863, 71.066001 ], [ 24.770894, 71.029488 ], [ 24.794295, 71.051941 ], [ 24.76646, 71.066169 ], [ 24.834233, 71.077802 ], [ 24.802362, 71.085447 ], [ 24.846283, 71.103091 ], [ 24.789106, 71.095193 ], [ 24.761311, 71.111592 ], [ 24.69911, 71.111967 ] ] ], [ [ [ -9.080465864661152, 38.805451333394302 ], [ -9.083681, 38.802918 ], [ -9.078268759307454, 38.815100920275754 ], [ -9.080465864661152, 38.805451333394302 ] ] ], [ [ [ 13.783951357653951, 54.050367265460125 ], [ 13.784257, 54.050045 ], [ 13.783566333707313, 54.049717836090061 ], [ 13.783951357653951, 54.050367265460125 ] ] ], [ [ [ 14.385988, 53.868513 ], [ 14.360893, 53.875952 ], [ 14.378678, 53.890813 ], [ 14.42287, 53.887422 ], [ 14.435727, 53.899495 ], [ 14.427813, 53.864654 ], [ 14.559854, 53.85384 ], [ 14.582676, 53.835151 ], [ 14.571361, 53.820724 ], [ 14.584103, 53.804318 ], [ 14.617858, 53.833984 ], [ 14.613419, 53.766663 ], [ 14.557393, 53.755478 ], [ 14.539322, 53.703044 ], [ 14.545752, 53.676756 ], [ 14.571587, 53.658477 ], [ 14.62024, 53.64839 ], [ 14.616735, 53.631548 ], [ 14.593537, 53.624578 ], [ 14.594305, 53.592226 ], [ 14.570772, 53.601185 ], [ 14.523326, 53.661495 ], [ 14.396238, 53.682973 ], [ 14.330829, 53.73331 ], [ 14.285234, 53.742138 ], [ 14.302045, 53.726578 ], [ 14.276744, 53.7254 ], [ 14.307246, 53.713065 ], [ 14.305041, 53.700287 ], [ 14.242756, 53.694264 ], [ 14.215386, 53.703159 ], [ 14.271236, 53.73886 ], [ 14.254237, 53.756488 ], [ 14.229263, 53.760647 ], [ 14.180566, 53.735338 ], [ 14.085273, 53.744598 ], [ 13.972862, 53.772589 ], [ 13.859683, 53.838365 ], [ 13.819153, 53.841945 ], [ 13.807718, 53.859648 ], [ 13.826154, 53.877628 ], [ 13.913553, 53.922825 ], [ 13.743165, 54.03058 ], [ 13.783566333707313, 54.049717836090061 ], [ 13.767233, 54.022168 ], [ 13.87605, 54.043292 ], [ 13.859427, 54.0016 ], [ 13.921449, 54.033152 ], [ 13.924591, 54.019111 ], [ 13.91483, 54.063178 ], [ 13.974226, 54.063047 ], [ 14.004879, 54.01088 ], [ 14.032604, 54.016725 ], [ 14.047076, 53.996978 ], [ 14.037629, 53.941337 ], [ 14.012344, 53.950223 ], [ 14.021962, 53.961492 ], [ 13.982742, 53.961586 ], [ 13.964684, 53.957088 ], [ 13.959602, 53.933992 ], [ 13.964241, 53.989125 ], [ 13.908336, 53.989933 ], [ 13.897282, 53.964394 ], [ 13.921493, 53.950764 ], [ 13.937869, 53.912933 ], [ 13.920127, 53.888144 ], [ 13.835226, 53.871131 ], [ 13.826496, 53.850287 ], [ 13.898697, 53.840419 ], [ 13.990941, 53.848973 ], [ 14.038359, 53.874098 ], [ 14.187891, 53.872711 ], [ 14.320568, 53.814599 ], [ 14.414412, 53.850559 ], [ 14.374227428152071, 53.859299861691063 ], [ 14.385988, 53.868513 ] ] ], [ [ [ 14.374227428152071, 53.859299861691063 ], [ 14.371224, 53.856947 ], [ 14.362657173664148, 53.861816598576851 ], [ 14.374227428152071, 53.859299861691063 ] ] ], [ [ [ -8.725707, 42.687656 ], [ -8.750473, 42.650746 ], [ -8.75231013520375, 42.650211920262045 ], [ -8.725707, 42.687656 ] ] ], [ [ [ -8.875773, 42.828354 ], [ -8.88665, 42.816956 ], [ -8.88670718054977, 42.816998425577189 ], [ -8.875773, 42.828354 ] ] ], [ [ [ -2.949213, 47.64684 ], [ -2.948934173451599, 47.646825376433689 ], [ -2.9493981550153, 47.646395289265079 ], [ -2.949213, 47.64684 ] ] ], [ [ [ -2.925888, 47.668188 ], [ -2.925284, 47.645585 ], [ -2.948934173451599, 47.646825376433689 ], [ -2.925888, 47.668188 ] ] ], [ [ [ -3.208902, 47.668953 ], [ -3.205540845956844, 47.669809390984526 ], [ -3.206340655035198, 47.667925947059828 ], [ -3.208902, 47.668953 ] ] ], [ [ [ -3.200821, 47.680924 ], [ -3.210699, 47.685768 ], [ -3.167507, 47.704379 ], [ -3.169765, 47.726341 ], [ -3.199031, 47.745612 ], [ -3.159475, 47.729749 ], [ -3.149773, 47.753751 ], [ -3.127844, 47.751366 ], [ -3.15058, 47.734294 ], [ -3.135613, 47.734051 ], [ -3.149799, 47.721889 ], [ -3.124647, 47.725394 ], [ -3.130195, 47.707807 ], [ -3.146106, 47.71255 ], [ -3.163763, 47.680454 ], [ -3.205540845956844, 47.669809390984526 ], [ -3.200821, 47.680924 ] ] ], [ [ [ -3.287248, 47.773098 ], [ -3.295208919010516, 47.768555245371381 ], [ -3.287681472711583, 47.775433467761239 ], [ -3.287248, 47.773098 ] ] ], [ [ [ -3.291103, 47.793868 ], [ -3.28294, 47.779766 ], [ -3.287681472711583, 47.775433467761239 ], [ -3.291103, 47.793868 ] ] ], [ [ [ -4.111921, 47.936785 ], [ -4.130410909913726, 47.929059808284002 ], [ -4.112118537886976, 47.937584087252091 ], [ -4.111921, 47.936785 ] ] ], [ [ [ -4.118973, 47.965312 ], [ -4.107915, 47.973456 ], [ -4.0968, 47.960536 ], [ -4.107046, 47.945915 ], [ -4.069561, 47.932963 ], [ -4.101181, 47.942681 ], [ -4.112118537886976, 47.937584087252091 ], [ -4.118973, 47.965312 ] ] ], [ [ [ -4.598504, 48.571831 ], [ -4.598326067343173, 48.570723495618083 ], [ -4.601383145849997, 48.572475743826423 ], [ -4.598504, 48.571831 ] ] ], [ [ [ -4.584586, 48.562848 ], [ -4.508483, 48.547893 ], [ -4.595548, 48.553432 ], [ -4.598326067343173, 48.570723495618083 ], [ -4.584586, 48.562848 ] ] ], [ [ [ -3.640038, 48.674083 ], [ -3.659154, 48.659424 ], [ -3.640084508118806, 48.674109918100449 ], [ -3.640038, 48.674083 ] ] ], [ [ [ -3.147414, 48.735917 ], [ -3.142004267818594, 48.739627250912477 ], [ -3.137935283027441, 48.732936095652647 ], [ -3.147414, 48.735917 ] ] ], [ [ [ -3.086015, 48.716608 ], [ -3.129627, 48.726337 ], [ -3.131919269259837, 48.723043190117131 ], [ -3.137935283027441, 48.732936095652647 ], [ -3.086015, 48.716608 ] ] ], [ [ [ -3.131398, 48.722186 ], [ -3.140098, 48.711291 ], [ -3.131919269259837, 48.723043190117131 ], [ -3.131398, 48.722186 ] ] ], [ [ [ -0.228516, 49.276616 ], [ -0.249374, 49.260098 ], [ -0.229253292718016, 49.276863614518774 ], [ -0.228516, 49.276616 ] ] ], [ [ [ 0.522811, 49.476693 ], [ 0.529697569069601, 49.471350140032484 ], [ 0.51958709071604, 49.477148897425927 ], [ 0.522811, 49.476693 ] ] ], [ [ [ 0.59868, 49.431786 ], [ 0.65949, 49.457526 ], [ 0.682071, 49.517225 ], [ 0.746238, 49.522143 ], [ 0.682766, 49.514143 ], [ 0.665524, 49.456466 ], [ 0.614845, 49.428158 ], [ 0.58014, 49.432215 ], [ 0.529697569069601, 49.471350140032484 ], [ 0.59868, 49.431786 ] ] ], [ [ [ 1.62513, 50.365838 ], [ 1.644737, 50.350413 ], [ 1.617355651423722, 50.365345281921648 ], [ 1.62513, 50.365838 ] ] ], [ [ [ 1.66236, 50.50672 ], [ 1.634725, 50.51393 ], [ 1.630369622193505, 50.518224120842504 ], [ 1.66236, 50.50672 ] ] ], [ [ [ 10.305357, 56.606674 ], [ 10.306314056617484, 56.606376964508307 ], [ 10.302740719180491, 56.60420021538912 ], [ 10.305357, 56.606674 ] ] ], [ [ [ 10.210983, 56.475158 ], [ 10.227135, 56.502673 ], [ 10.222015, 56.555025 ], [ 10.302740719180491, 56.60420021538912 ], [ 10.228574, 56.534073 ], [ 10.239333, 56.49734 ], [ 10.226118, 56.480351 ], [ 10.294521, 56.469658 ], [ 10.169478830867336, 56.466511068067923 ], [ 10.210983, 56.475158 ] ] ], [ [ [ 10.128286, 56.457929 ], [ 10.073517, 56.464096 ], [ 10.169478830867336, 56.466511068067923 ], [ 10.128286, 56.457929 ] ] ], [ [ [ 12.149474, 54.094675 ], [ 12.118508, 54.097934 ], [ 12.111618549024495, 54.105579618619778 ], [ 12.149474, 54.094675 ] ] ], [ [ [ 15.934626, 43.818592 ], [ 15.89569, 43.808751 ], [ 15.894792553928754, 43.809282200212927 ], [ 15.934626, 43.818592 ] ] ], [ [ [ 15.529028, 44.227397 ], [ 15.528300584728145, 44.229799344120302 ], [ 15.529723239897917, 44.22709663393853 ], [ 15.529028, 44.227397 ] ] ], [ [ [ 15.588056, 44.201895 ], [ 15.629911, 44.145166 ], [ 15.611629, 44.132575 ], [ 15.605039, 44.16561 ], [ 15.568428, 44.189757 ], [ 15.525696, 44.176527 ], [ 15.472349, 44.202801 ], [ 15.533593, 44.219745 ], [ 15.529723239897917, 44.22709663393853 ], [ 15.588056, 44.201895 ] ] ], [ [ [ -8.977079, 38.696807 ], [ -8.960283, 38.69749 ], [ -8.977033997890725, 38.696257331379563 ], [ -8.977079, 38.696807 ] ] ], [ [ [ -7.942966, 37.013112 ], [ -7.95445, 37.025437 ], [ -7.934582, 37.011669 ], [ -7.953363, 37.005903 ], [ -7.942966, 37.013112 ] ] ], [ [ [ 9.686936, 55.221347 ], [ 9.65793, 55.211323 ], [ 9.664042, 55.225721 ], [ 9.686936, 55.221347 ] ] ], [ [ [ 8.164159, 56.413174 ], [ 8.188519, 56.379621 ], [ 8.242392, 56.35451 ], [ 8.266256, 56.333178 ], [ 8.254978, 56.328598 ], [ 8.30146, 56.318987 ], [ 8.247783, 56.288463 ], [ 8.237191, 56.320712 ], [ 8.170729, 56.323089 ], [ 8.166956, 56.336168 ], [ 8.130117, 56.328657 ], [ 8.136849, 56.363397 ], [ 8.126158, 56.432028 ], [ 8.169168, 56.435261 ], [ 8.164159, 56.413174 ] ] ], [ [ [ 14.779366, 53.975605 ], [ 14.760392, 53.962491 ], [ 14.712754, 53.978142 ], [ 14.704621, 53.95028 ], [ 14.760527, 53.956966 ], [ 14.75638, 53.925827 ], [ 14.722174, 53.941293 ], [ 14.650434, 53.895539 ], [ 14.622029, 53.850583 ], [ 14.639205, 53.898623 ], [ 14.68872, 53.935497 ], [ 14.703804, 53.998126 ], [ 14.803236, 54.029449 ], [ 14.801048, 54.009211 ], [ 14.766685, 53.996188 ], [ 14.779366, 53.975605 ] ] ], [ [ [ -8.948496, 52.780332 ], [ -8.949072359650366, 52.78014304747375 ], [ -8.94863562346992, 52.780524242722407 ], [ -8.948496, 52.780332 ] ] ], [ [ [ -8.961429, 52.798139 ], [ -8.939413, 52.788574 ], [ -8.94863562346992, 52.780524242722407 ], [ -8.961429, 52.798139 ] ] ], [ [ [ -9.099561, 53.140645 ], [ -9.077232, 53.132779 ], [ -9.100224352970285, 53.140376748693178 ], [ -9.099561, 53.140645 ] ] ], [ [ [ -6.994312, 58.040351 ], [ -6.907952, 58.049675 ], [ -6.99605003621993, 58.039518613966486 ], [ -6.994312, 58.040351 ] ] ], [ [ [ 0.737687121620947, 51.400071020560041 ], [ 0.76219, 51.384006 ], [ 0.762944409914735, 51.378041860806746 ], [ 0.737687121620947, 51.400071020560041 ] ] ], [ [ [ -0.845745, 50.805107 ], [ -0.847516341661125, 50.805877592774863 ], [ -0.844914622591835, 50.805753418592261 ], [ -0.845745, 50.805107 ] ] ], [ [ [ -0.813019, 50.830583 ], [ -0.825127, 50.804809 ], [ -0.844914622591835, 50.805753418592261 ], [ -0.813019, 50.830583 ] ] ], [ [ [ -3.579051, 50.359864 ], [ -3.571175722501785, 50.347109678460001 ], [ -3.572838, 50.347789 ], [ -3.579101799836196, 50.359860032942734 ], [ -3.579051, 50.359864 ] ] ], [ [ [ -3.597478, 50.358425 ], [ -3.583654339796169, 50.368633279417246 ], [ -3.579101799836196, 50.359860032942734 ], [ -3.597478, 50.358425 ] ] ], [ [ [ -3.580704, 50.370812 ], [ -3.583654339796169, 50.368633279417246 ], [ -3.590632, 50.38208 ], [ -3.590079916655449, 50.382466002073961 ], [ -3.580704, 50.370812 ] ] ], [ [ [ -3.595751, 50.389515 ], [ -3.655204, 50.410709 ], [ -3.575507, 50.392655 ], [ -3.590079916655449, 50.382466002073961 ], [ -3.595751, 50.389515 ] ] ], [ [ [ -4.056816, 50.312381 ], [ -4.062763365397373, 50.313249864323929 ], [ -4.054272622480391, 50.319275338261725 ], [ -4.056816, 50.312381 ] ] ], [ [ [ -4.049322, 50.332695 ], [ -4.028514, 50.337555 ], [ -4.054272622480391, 50.319275338261725 ], [ -4.049322, 50.332695 ] ] ], [ [ [ -4.085776, 50.386184 ], [ -4.115495, 50.362519 ], [ -4.120929420317918, 50.362903228901359 ], [ -4.085776, 50.386184 ] ] ], [ [ [ -4.235939, 50.459667 ], [ -4.230751905554335, 50.464322530379661 ], [ -4.225181265705886, 50.463920082178198 ], [ -4.235939, 50.459667 ] ] ], [ [ [ -4.239548, 50.464958 ], [ -4.218628, 50.475204 ], [ -4.230751905554335, 50.464322530379661 ], [ -4.239548, 50.464958 ] ] ], [ [ [ -4.633728, 50.336268 ], [ -4.634260948394873, 50.335986621269157 ], [ -4.634463951295696, 50.340974574466635 ], [ -4.633728, 50.336268 ] ] ], [ [ [ -4.639006, 50.370022 ], [ -4.6611, 50.388059 ], [ -4.621884, 50.359377 ], [ -4.635053, 50.355448 ], [ -4.634463951295696, 50.340974574466635 ], [ -4.639006, 50.370022 ] ] ], [ [ [ -4.192352, 51.000488 ], [ -4.204005, 51.007662 ], [ -4.203555135055335, 51.008760408590192 ], [ -4.192352, 51.000488 ] ] ], [ [ [ -2.446366, 51.793284 ], [ -2.446118174507431, 51.793618728775527 ], [ -2.446218273484323, 51.793240734021808 ], [ -2.446366, 51.793284 ] ] ], [ [ [ -2.433248, 51.811002 ], [ -2.446118174507431, 51.793618728775527 ], [ -2.441335, 51.811681 ], [ -2.424656, 51.81901 ], [ -2.367795841083199, 51.797032405819522 ], [ -2.433248, 51.811002 ] ] ], [ [ [ -2.361614, 51.794643 ], [ -2.367795841083199, 51.797032405819522 ], [ -2.360290936481965, 51.795430617988877 ], [ -2.361614, 51.794643 ] ] ], [ [ [ -2.354169, 51.794124 ], [ -2.360290936481965, 51.795430617988877 ], [ -2.353894416187311, 51.799238458188235 ], [ -2.354169, 51.794124 ] ] ], [ [ [ -2.348256, 51.802595 ], [ -2.353894416187311, 51.799238458188235 ], [ -2.353346842670364, 51.809437682352218 ], [ -2.348256, 51.802595 ] ] ], [ [ [ -2.3514, 51.8457 ], [ -2.353346842670364, 51.809437682352218 ], [ -2.363033, 51.822457 ], [ -2.351845, 51.846519 ], [ -2.333688709131265, 51.845930196667688 ], [ -2.3514, 51.8457 ] ] ], [ [ [ -2.307929, 51.846265 ], [ -2.307112755330641, 51.845068346068878 ], [ -2.333688709131265, 51.845930196667688 ], [ -2.307929, 51.846265 ] ] ], [ [ [ -2.304111, 51.844971 ], [ -2.298445, 51.832361 ], [ -2.307112755330641, 51.845068346068878 ], [ -2.304111, 51.844971 ] ] ], [ [ [ -4.364552, 51.787526 ], [ -4.359285564060279, 51.789221026775522 ], [ -4.365461783107053, 51.784894730775832 ], [ -4.364552, 51.787526 ] ] ], [ [ [ -4.319033, 51.817417 ], [ -4.327585, 51.799424 ], [ -4.359285564060279, 51.789221026775522 ], [ -4.319033, 51.817417 ] ] ], [ [ [ -2.9688, 53.874046 ], [ -2.972636480525025, 53.868311864271433 ], [ -2.97630019817167, 53.878490385811432 ], [ -2.9688, 53.874046 ] ] ], [ [ [ -2.971367, 53.864785 ], [ -2.94254, 53.850834 ], [ -2.976814, 53.862068 ], [ -2.972636480525025, 53.868311864271433 ], [ -2.971367, 53.864785 ] ] ], [ [ [ -2.842793, 54.043857 ], [ -2.809458, 54.054978 ], [ -2.842735446696474, 54.043793000213327 ], [ -2.842793, 54.043857 ] ] ], [ [ [ -3.047474, 54.22938 ], [ -3.047395749554193, 54.229463562927066 ], [ -3.047062555105781, 54.229059588809953 ], [ -3.047474, 54.22938 ] ] ], [ [ [ -3.051591, 54.23455 ], [ -3.03217, 54.245723 ], [ -3.047395749554193, 54.229463562927066 ], [ -3.051591, 54.23455 ] ] ], [ [ [ -3.601988, 55.030327 ], [ -3.578706, 55.009255 ], [ -3.579521028414932, 55.002727024141308 ], [ -3.601988, 55.030327 ] ] ], [ [ [ -4.399837, 54.913521 ], [ -4.399659841996116, 54.910220994848672 ], [ -4.403654973567571, 54.915150602462262 ], [ -4.399837, 54.913521 ] ] ], [ [ [ -4.454609, 54.936899 ], [ -4.417269, 54.931949 ], [ -4.403654973567571, 54.915150602462262 ], [ -4.454609, 54.936899 ] ] ], [ [ [ -4.263383, 55.855686 ], [ -4.339981, 55.870274 ], [ -4.347915818604263, 55.873537200816038 ], [ -4.263383, 55.855686 ] ] ], [ [ [ -5.267334, 56.456077 ], [ -5.267127926506847, 56.455948794582589 ], [ -5.267772175303305, 56.456074900004779 ], [ -5.267334, 56.456077 ] ] ], [ [ [ -5.227832, 56.448257 ], [ -5.187048, 56.460414 ], [ -5.155599, 56.50027 ], [ -5.066561, 56.561564 ], [ -5.136276, 56.477305 ], [ -5.237715, 56.43765 ], [ -5.267127926506847, 56.455948794582589 ], [ -5.227832, 56.448257 ] ] ], [ [ [ -0.863257, 53.700313 ], [ -0.859332186691403, 53.70186515916842 ], [ -0.862837838350489, 53.699837867838269 ], [ -0.863257, 53.700313 ] ] ], [ [ [ -0.846146, 53.728659 ], [ -0.843463, 53.708141 ], [ -0.859332186691403, 53.70186515916842 ], [ -0.844864, 53.710232 ], [ -0.85252949204175, 53.728634912454794 ], [ -0.846146, 53.728659 ] ] ], [ [ [ -0.911604, 53.728412 ], [ -0.853156, 53.730139 ], [ -0.85252949204175, 53.728634912454794 ], [ -0.911604, 53.728412 ] ] ], [ [ [ 1.347233, 52.0416 ], [ 1.344903617538614, 52.036001451212378 ], [ 1.34438304985084, 52.044810722440289 ], [ 1.347233, 52.0416 ] ] ], [ [ [ 1.317025, 52.075632 ], [ 1.295088, 52.077297 ], [ 1.332015, 52.100965 ], [ 1.319622, 52.080332 ], [ 1.343267, 52.063697 ], [ 1.34438304985084, 52.044810722440289 ], [ 1.317025, 52.075632 ] ] ], [ [ [ 0.860761, 51.596884 ], [ 0.84709131965624, 51.598303668314962 ], [ 0.863408787809326, 51.60607809239773 ], [ 0.860761, 51.596884 ] ] ], [ [ [ 0.795334, 51.573644 ], [ 0.804938, 51.584909 ], [ 0.725436, 51.579255 ], [ 0.816873, 51.601442 ], [ 0.84709131965624, 51.598303668314962 ], [ 0.795334, 51.573644 ] ] ], [ [ [ 8.562754, 63.557661 ], [ 8.554535228724754, 63.558852304541048 ], [ 8.572838240564879, 63.56076187235729 ], [ 8.562754, 63.557661 ] ] ], [ [ [ 12.269155, 54.962645 ], [ 12.300538, 54.990417 ], [ 12.312793, 54.984211 ], [ 12.327923, 54.983723 ], [ 12.269155, 54.962645 ] ] ], [ [ [ 10.377093, 55.407835 ], [ 10.386659, 55.426234 ], [ 10.410777542696065, 55.432870221410234 ], [ 10.377093, 55.407835 ] ] ], [ [ [ 10.587696, 55.457139 ], [ 10.575521, 55.422936 ], [ 10.545047, 55.444612 ], [ 10.583898, 55.461906 ], [ 10.657355, 55.447034 ], [ 10.641611, 55.439379 ], [ 10.587696, 55.457139 ] ] ], [ [ [ 12.595316, 55.680119 ], [ 12.544484, 55.639079 ], [ 12.541144186381802, 55.638932682272333 ], [ 12.596500654536856, 55.686246378705555 ], [ 12.595316, 55.680119 ] ] ], [ [ [ 11.159527, 55.537755 ], [ 11.143868, 55.536691 ], [ 11.144141309995467, 55.537070090222812 ], [ 11.159527, 55.537755 ] ] ], [ [ [ 11.715039, 55.209689 ], [ 11.72873, 55.213517 ], [ 11.751345, 55.219722 ], [ 11.715039, 55.209689 ] ] ], [ [ [ 14.951048, 68.735982 ], [ 14.967031, 68.72941 ], [ 14.963847619366501, 68.727673417869966 ], [ 14.951048, 68.735982 ] ] ], [ [ [ 18.926084, 59.618994 ], [ 18.935622, 59.631744 ], [ 18.927047506907041, 59.619112545528751 ], [ 18.926084, 59.618994 ] ] ], [ [ [ 23.619998, 59.936423 ], [ 23.628060787778836, 59.935183189973664 ], [ 23.598900816473957, 59.933310720408379 ], [ 23.619998, 59.936423 ] ] ], [ [ [ 18.874398, 59.787179 ], [ 18.936815961837315, 59.844129465238389 ], [ 18.936379, 59.840977 ], [ 18.874420062732298, 59.787179441970146 ], [ 18.874398, 59.787179 ] ] ], [ [ [ 18.390055, 59.193144 ], [ 18.388029769692075, 59.191069464392086 ], [ 18.379043106853612, 59.195889542654719 ], [ 18.390055, 59.193144 ] ] ], [ [ [ 18.317439, 59.211249 ], [ 18.309132, 59.233387 ], [ 18.379043106853612, 59.195889542654719 ], [ 18.317439, 59.211249 ] ] ], [ [ [ 5.607123, 58.956992 ], [ 5.608329021155667, 58.955821475563162 ], [ 5.606732766863677, 58.956999488535942 ], [ 5.607123, 58.956992 ] ] ], [ [ [ 5.635818, 58.935535 ], [ 5.670285, 58.941452 ], [ 5.684053, 58.928132 ], [ 5.635323, 58.896873 ], [ 5.616477, 58.906555 ], [ 5.634908, 58.927563 ], [ 5.617247, 58.934405 ], [ 5.626591, 58.938097 ], [ 5.608329021155667, 58.955821475563162 ], [ 5.635818, 58.935535 ] ] ], [ [ [ 5.695233, 60.36718 ], [ 5.696019686551987, 60.367309733194901 ], [ 5.693151139991967, 60.365452194457276 ], [ 5.695233, 60.36718 ] ] ], [ [ [ 5.716701, 60.380702 ], [ 5.71998, 60.400975 ], [ 5.757931, 60.396858 ], [ 5.759213, 60.377731 ], [ 5.696019686551987, 60.367309733194901 ], [ 5.716701, 60.380702 ] ] ], [ [ [ 10.684085, 63.838417 ], [ 10.697235429701205, 63.839954652387085 ], [ 10.678431360812342, 63.833768154137218 ], [ 10.684085, 63.838417 ] ] ], [ [ [ 10.647838, 63.808612 ], [ 10.59302, 63.805668 ], [ 10.678431360812342, 63.833768154137218 ], [ 10.647838, 63.808612 ] ] ], [ [ [ 11.975517, 65.065728 ], [ 12.073385, 65.064461 ], [ 12.086926394626216, 65.059950033321016 ], [ 11.975517, 65.065728 ] ] ], [ [ [ 13.204776, 65.829485 ], [ 13.186571, 65.838522 ], [ 13.187184544244065, 65.843952109708283 ], [ 13.204776, 65.829485 ] ] ], [ [ [ 15.056509, 67.866521 ], [ 15.056969991525836, 67.866371297498034 ], [ 15.054832146914164, 67.866316535975614 ], [ 15.056509, 67.866521 ] ] ], [ [ [ 15.13531, 67.868378 ], [ 15.097317, 67.853269 ], [ 15.056969991525836, 67.866371297498034 ], [ 15.13531, 67.868378 ] ] ], [ [ [ 17.421641, 68.409978 ], [ 17.42208349246992, 68.411909313477892 ], [ 17.447133824427812, 68.405505936807728 ], [ 17.421641, 68.409978 ] ] ], [ [ [ 17.595773, 68.379431 ], [ 17.571349, 68.373754 ], [ 17.447133824427812, 68.405505936807728 ], [ 17.595773, 68.379431 ] ] ], [ [ [ 24.60713, 60.155503 ], [ 24.609644587611761, 60.152947859065797 ], [ 24.60417119971882, 60.1559006368064 ], [ 24.60713, 60.155503 ] ] ], [ [ [ 24.55514, 60.16249 ], [ 24.568386, 60.175206 ], [ 24.60417119971882, 60.1559006368064 ], [ 24.55514, 60.16249 ] ] ], [ [ [ 24.138367, 60.044212 ], [ 24.151808, 60.051384 ], [ 24.139135233664778, 60.043380039534391 ], [ 24.138367, 60.044212 ] ] ], [ [ [ 23.299694, 59.994287 ], [ 23.289000818184263, 59.982912016977252 ], [ 23.300897114601263, 60.001272893172754 ], [ 23.299694, 59.994287 ] ] ], [ [ [ 23.306702, 60.034979 ], [ 23.326784, 60.041227 ], [ 23.300897114601263, 60.001272893172754 ], [ 23.306702, 60.034979 ] ] ], [ [ [ 22.930794, 63.82849 ], [ 22.938862621640332, 63.826632383020119 ], [ 22.93007109007673, 63.825394828742169 ], [ 22.930794, 63.82849 ] ] ], [ [ [ 22.912284, 63.822891 ], [ 22.93007109007673, 63.825394828742169 ], [ 22.924350309015161, 63.800901048059124 ], [ 22.912284, 63.822891 ] ] ], [ [ [ 22.922845, 63.794456 ], [ 22.924350309015161, 63.800901048059124 ], [ 22.929630245562635, 63.791278755874835 ], [ 22.922845, 63.794456 ] ] ], [ [ [ 22.960177, 63.776975 ], [ 22.941331, 63.769955 ], [ 22.929630245562635, 63.791278755874835 ], [ 22.960177, 63.776975 ] ] ], [ [ [ 12.188716, 65.035405 ], [ 12.214363, 65.015381 ], [ 12.21155, 64.995809 ], [ 12.182329, 64.981381 ], [ 12.176859, 64.992344 ], [ 12.196882, 65.018933 ], [ 12.188716, 65.035405 ] ] ], [ [ [ 7.299349, 62.981363 ], [ 7.288171, 62.979617 ], [ 7.256187, 62.989338 ], [ 7.299349, 62.981363 ] ] ], [ [ [ 5.845654, 60.614649 ], [ 5.818904, 60.62905 ], [ 5.799843, 60.65676 ], [ 5.769462, 60.663069 ], [ 5.799977, 60.658327 ], [ 5.845179, 60.621723 ], [ 5.86291558253174, 60.624859873286475 ], [ 5.845654, 60.614649 ] ] ], [ [ [ 5.876685, 60.633005 ], [ 5.95469, 60.641091 ], [ 5.86291558253174, 60.624859873286475 ], [ 5.876685, 60.633005 ] ] ], [ [ [ 18.661993, 63.019391 ], [ 18.661717246487637, 63.018258991952742 ], [ 18.659727680757491, 63.017983578646103 ], [ 18.661993, 63.019391 ] ] ], [ [ [ 15.534647, 68.516882 ], [ 15.573178, 68.50411 ], [ 15.570941346740293, 68.502828773204541 ], [ 15.534647, 68.516882 ] ] ], [ [ [ 15.259344, 68.519969 ], [ 15.259995057050105, 68.51944224664922 ], [ 15.258649845225351, 68.519671478504961 ], [ 15.259344, 68.519969 ] ] ], [ [ [ 15.365169, 68.50152 ], [ 15.284118, 68.499925 ], [ 15.259995057050105, 68.51944224664922 ], [ 15.365169, 68.50152 ] ] ], [ [ [ 15.522801, 68.72952 ], [ 15.519461497302999, 68.730901500073102 ], [ 15.5524837743862, 68.732444870495996 ], [ 15.522801, 68.72952 ] ] ], [ [ [ 15.655258, 68.742572 ], [ 15.654756, 68.724716 ], [ 15.713938, 68.693795 ], [ 15.622174, 68.735702 ], [ 15.5524837743862, 68.732444870495996 ], [ 15.655258, 68.742572 ] ] ], [ [ [ 24.795499, 65.050542 ], [ 24.828092, 65.04983 ], [ 24.827080034350278, 65.04760101571722 ], [ 24.795499, 65.050542 ] ] ] ] } }
]
}
